gameId,homeTeam,expectedMinutesTotal_x,homeFinishing,homeShooting,homePlaymaking,homeDefense,homeRebounding,homePhysical,isHome_x,awayTeam,expectedMinutesTotal_y,awayFinishing,awayShooting,awayPlaymaking,awayDefense,awayRebounding,awayPhysical,isHome_y,finishingDiff,shootingDiff,playmakingDiff,defenseDiff,reboundingDiff,physicalDiff,homeScore,awayScore,homePointDiff,homeWin,gameDate
0022500001,OKC,234.0,61.89230769230769,62.15128205128205,58.65384615384615,71.13333333333334,54.04102564102564,59.86408756935073,True,HOU,270.0,61.10444444444445,44.4911111111111,51.64888888888889,60.49111111111111,67.38222222222223,57.06666666666667,False,0.7878632478632426,17.66017094017095,7.0049572649572625,10.64222222222223,-13.341196581196584,2.7974209026840597,125,124,1,1,2025-10-21
0022500002,LAL,234.0,61.833333333333336,53.20769230769231,51.04358974358975,49.51794871794872,51.01282051282051,58.746153846153845,True,GSW,246.0,58.99268292682927,57.165853658536584,68.5609756097561,58.707317073170735,60.326829268292684,43.974953644273285,False,2.840650406504068,-3.9581613508442715,-17.51738586616635,-9.189368355222015,-9.314008755472173,14.77120020188056,109,119,-10,0,2025-10-21
0022500003,NYK,246.0,60.08048780487805,57.165853658536584,53.08048780487805,48.078048780487805,43.35121951219512,55.05937173768624,True,CLE,246.0,58.31707317073171,55.229268292682924,57.98292682926829,59.390243902439025,62.953658536585365,38.52176579660534,False,1.7634146341463364,1.9365853658536594,-4.90243902439024,-11.31219512195122,-19.602439024390243,16.537605941080905,119,111,8,1,2025-10-22
0022500004,DAL,258.0,58.45348837209303,50.830232558139535,53.9046511627907,50.051162790697674,55.18372093023256,46.56985812418114,True,SAS,258.0,56.06976744186046,53.265116279069765,52.7093023255814,47.01162790697674,52.19302325581395,50.529143561404034,False,2.3837209302325633,-2.4348837209302303,1.195348837209302,3.0395348837209326,2.9906976744186125,-3.9592854372228956,92,125,-33,0,2025-10-22
0022500005,IND,258.0,64.96744186046512,54.03488372093023,47.43488372093024,53.09069767441861,57.77674418604651,42.770855433156534,True,OKC,230.18333333333334,68.16147997972631,62.97250742162044,58.14775179204982,72.13820867424516,59.73148939251321,63.61256842054453,False,-3.1940381192611937,-8.93762370069021,-10.71286807111958,-19.047510999826557,-1.9547452064667041,-20.841712987387993,135,141,-6,0,2025-10-23
0022500006,GSW,240.0,58.7296875,62.11767361111111,69.15259722222223,57.61269444444444,56.990090277777774,43.041193611923326,True,DEN,270.0,62.653333333333336,59.08,59.88666666666666,47.35111111111111,51.00888888888889,61.04964980544747,False,-3.923645833333339,3.03767361111111,9.265930555555563,10.261583333333334,5.981201388888884,-18.008456193524147,137,131,6,1,2025-10-23
0022500007,DET,232.85555555555555,63.30928568020232,49.267211432934104,55.34903134990696,52.16553180321611,57.706064799351054,55.132025461771214,True,CLE,234.77777777777777,64.36968291528632,62.319621391386654,56.358568386180785,57.67179839091339,58.63643634642688,40.96024260841408,False,-1.0603972350839967,-13.05240995845255,-1.0095370362738265,-5.506266587697276,-0.9303715470758291,14.171782853357136,95,116,-21,0,2025-10-27
0022500008,MIN,214.48055555555555,58.37066426638001,57.43698211441079,53.78493517930918,57.876273425459445,52.358350277802955,50.03433013966469,True,DEN,252.5,66.99555775577558,61.635171617161724,64.62288118811881,44.14482508250825,52.769587458745875,61.33689652116963,False,-8.624893489395568,-4.198189502750935,-10.83794600880963,13.731448342951197,-0.41123718094291917,-11.302566381504938,114,127,-13,0,2025-10-27
0022500009,NYK,252.985,61.574294259870484,55.794070794711146,61.733488810272014,46.48605977956532,48.04972099795112,57.006841467226316,True,CLE,297.60333333333335,60.43599422049484,59.96478198048857,57.854382791411375,56.21872514868785,54.31926333710419,40.78662163373922,False,1.1383000393756433,-4.170711185777421,3.8791060188606394,-9.732665369122529,-6.26954233915307,16.220219833487093,126,124,2,1,2025-12-25
0022500010,OKC,254.005,65.03892377446637,65.4308045117222,60.244030629318324,72.09310381029245,51.49617330367513,54.31932665597709,True,SAS,267.09166666666664,62.10826308071512,54.45392717855918,58.571413060434935,46.63401329131696,51.40522604598921,53.08153896345728,False,2.93066069375125,10.976877333163024,1.672617568883389,25.459090518975486,0.09094725768591871,1.2377876925198166,102,117,-15,0,2025-12-25
0022500011,GSW,292.21166666666664,55.238042058553454,61.62969993212683,66.08767103754698,59.86677237390705,57.17890684264261,46.064748506525,True,DAL,275.0416666666667,59.727680048477495,52.63884865929404,54.60581851234661,50.075890319648536,54.052325405241625,42.88809257446342,False,-4.4896379899240415,8.990851272832792,11.481852525200374,9.79088205425851,3.1265814374009864,3.1766559320615784,126,116,10,1,2025-12-25
0022500012,LAL,244.11,67.3474881542474,59.52707112913577,62.427187197028665,48.18399355481819,55.11371717668265,71.35662423860141,True,HOU,262.805,60.19556134776735,46.78997545708795,54.29292124071713,64.08502057926346,64.7416671423045,55.789421814653444,False,7.1519268064800485,12.737095672047822,8.134265956311538,-15.90102702444527,-9.627949965621845,15.567202423947968,96,119,-23,0,2025-12-25
0022500013,DEN,220.59708333333333,55.42570712441423,54.19065150831172,57.24495148583484,48.928383383733156,46.1583565814749,53.39631415485027,True,MIN,265.4116666666667,58.61653971503387,59.4740101854352,57.03234911803676,58.948638906855386,50.313543740227445,50.93129101333149,False,-3.1908325906196424,-5.283358677123481,0.21260236779807684,-10.02025552312223,-4.155187158752547,2.4650231415187847,142,138,4,1,2025-12-25
0022500014,ATL,270.58500000000004,57.2739163910293,57.60832270820629,60.44966954315033,52.791639102931306,50.423935793435206,55.319056136884754,True,MIL,247.01833333333335,56.96658547611176,58.4196739783147,54.875177955752264,53.37293790609334,51.81598734236999,54.057213702086884,False,0.30733091491754294,-0.8113512701084105,5.5744915873980645,-0.581298803162035,-1.3920515489347878,1.2618424347978703,110,112,-2,0,2026-01-19
0022500015,CLE,221.10666666666665,64.56785940420913,55.610935898209014,56.03920355183019,58.41211406259422,64.33731532292107,38.570973669399336,True,OKC,228.10333333333332,61.26246438017857,71.20888997676492,59.227811225906386,70.96071663427395,46.72135801025851,55.15306932727131,False,3.3053950240305596,-15.597954078555908,-3.188607674076195,-12.54860257167973,17.61595731266256,-16.582095657871974,104,136,-32,0,2026-01-19
0022500016,NYK,291.68333333333334,58.368378949774296,58.70603279812582,59.44067081881035,47.957489857722415,41.869204045483116,55.02900252948303,True,DAL,227.26,52.797426589222326,55.950855114553086,53.39826263604095,46.713777904896006,45.01282305142421,41.6104680012895,False,5.570952360551971,2.7551776835727324,6.0424081827694,1.2437119528264091,-3.1436190059410976,13.418534528193533,97,114,-17,0,2026-01-19
0022500017,DET,281.3833333333333,62.37780370787183,48.417732038144884,56.23190309779068,50.838122963928214,55.491329147663336,54.113418063362126,True,BOS,244.78666666666666,61.07873114004031,61.75884239337655,54.660639196034644,53.398602865079795,48.059508279318045,51.510493789555866,False,1.2990725678315158,-13.341110355231663,1.5712639017560335,-2.560479901151581,7.431820868345291,2.6029242738062592,104,103,1,1,2026-01-19
0022500018,NYK,244.31666666666666,60.40212838529231,62.17467767241967,60.57638993110035,47.62423766969098,38.21856197557814,53.70283102530868,True,BOS,246.26666666666665,62.99719815917705,63.676157282079046,57.58002842447212,53.448971304818635,47.611958581483485,47.688196109521236,False,-2.5950697738847452,-1.501479609659377,2.996361506628233,-5.824733635127657,-9.393396605905345,6.014634915787447,105,95,10,1,2025-10-24
0022500019,LAL,240.0,64.61039583333334,55.55310416666667,55.93841666666667,50.737652777777775,51.626180555555564,64.35256944444444,True,MIN,240.0,60.92297916666667,57.56633333333333,55.09065972222222,57.77999305555556,52.42402083333333,54.51944444444444,False,3.687416666666671,-2.0132291666666617,0.8477569444444484,-7.042340277777782,-0.797840277777766,9.833125000000003,128,110,18,1,2025-10-24
0022500020,IND,225.31666666666666,57.09005103927805,59.15267586359938,52.422240920186404,55.323130409053924,53.06546527109994,47.13797503535202,True,ATL,239.55777777777777,58.90946837227855,57.97255034739938,57.41812923813322,56.04510255006911,55.75393270934407,58.42654752016948,False,-1.8194173330005015,1.1801255162000004,-4.9958883179468145,-0.7219721410151863,-2.688467438244132,-11.288572484817458,108,128,-20,0,2025-10-31
0022500021,PHI,252.40416666666664,62.0034072337686,49.48517424104858,51.11145484259703,48.55230037803127,53.14282648529971,62.65056902591811,True,BOS,242.32416666666666,63.757820275182354,63.32086083036153,55.549631175869784,54.537423698970734,47.94652961425639,47.95088899390666,False,-1.7544130414137555,-13.83568658931295,-4.438176333272757,-5.985123320939465,5.196296871043316,14.69968003201145,108,109,-1,0,2025-10-31
0022500022,CLE,174.79500000000002,56.47413064828323,62.140336775460774,54.38056103816852,59.051723447467026,60.40276037644097,39.35344816347659,True,TOR,231.26333333333332,54.50390175701582,52.717199729024635,66.65560328053158,42.89052739301518,48.68899811182058,49.36862277313642,False,1.9702288912674106,9.423137046436139,-12.275042242363057,16.16119605445185,11.713762264620392,-10.01517460965983,101,112,-11,0,2025-10-31
0022500023,CHI,240.00416666666666,57.28413048384577,58.1748667557855,61.385186021076024,46.57239978472596,51.55574035173001,44.12149789066162,True,NYK,292.20416666666665,60.775965720315426,58.763841397044494,57.375568357360486,48.42567221358734,44.55614510402259,54.43264054482217,False,-3.4918352364696545,-0.5889746412589929,4.009617663715538,-1.8532724288613807,6.999595247707418,-10.311142654160548,135,125,10,1,2025-10-31
0022500024,MEM,236.36666666666667,56.56703990974474,54.63780425891976,55.62846284022,56.76163446622479,48.67016922859964,47.92399030646706,True,LAL,254.84583333333333,64.424440266174,57.235509376583884,55.59823030263395,47.256462894233444,55.06992593561468,61.81330412177297,False,-7.85740035642926,-2.597705117664127,0.030232537586051933,9.505171571991347,-6.399756707015037,-13.889313815305911,112,117,-5,0,2025-10-31
0022500025,PHX,233.21916666666667,56.56777316043921,57.60532867867492,57.7570429102811,41.37430742899204,52.29353898157313,53.17695347849037,True,UTA,246.25,57.01936040609137,55.57748561759729,48.50661082910322,35.13022842639594,58.96421319796954,56.1268217182426,False,-0.45158724565216346,2.0278430610776326,9.250432081177884,6.244079002596102,-6.670674216396414,-2.9498682397522344,118,96,22,1,2025-10-31
0022500026,POR,235.91333333333336,53.508931245937774,51.109391867069824,54.26737926357137,51.47707350156837,51.151357843275775,60.256663060284446,True,DEN,245.15416666666667,65.93593487091456,61.007723031425805,63.69845675340347,44.44556826486734,51.94225062460696,61.242471574009556,False,-12.427003624976791,-9.89833116435598,-9.431077489832099,7.03150523670103,-0.7908927813311877,-0.9858085137251109,109,107,2,1,2025-10-31
0022500027,LAC,245.34166666666667,62.269764953636084,63.22821575354098,57.90676607452192,57.69274141503345,55.51033422777759,51.52417486375268,True,NOP,263.1458333333333,60.641316338109945,54.00058480458132,54.485898187000245,45.074886126725254,48.62299738738026,44.57137703269073,False,1.628448615526139,9.227630948959657,3.4208678875216734,12.6178552883082,6.887336840397332,6.95279783106195,126,124,2,1,2025-10-31
0022500028,ORL,244.61666666666667,59.0099696804524,49.14118433603598,64.63057760441507,58.365311371533686,54.52431781017919,70.5936643303193,True,BOS,239.42916666666667,62.982249060748266,62.70725046261652,54.73604599674766,55.21240740418472,48.03788911512142,48.91310403122129,False,-3.9722793802958662,-13.566066126580544,9.894531607667403,3.152903967348969,6.486428695057768,21.680560299098012,123,110,13,1,2025-11-07
0022500029,WAS,214.24444444444444,51.49313349237631,54.884797998132974,58.0577650140027,37.51590310911731,47.46889294419666,43.862603396290964,True,CLE,252.54871031746032,63.82269213349146,61.7306732985268,61.097145553014876,54.25216631555047,54.04577678909183,41.13606430562296,False,-12.329558641115149,-6.845875300393828,-3.0393805390121784,-16.736263206433158,-6.576883844895171,2.7265390906680054,115,148,-33,0,2025-11-07
0022500030,ATL,214.5764880952381,59.96957614459268,53.8320634361429,56.09022742750462,59.82202552924712,58.33812299144078,56.88972164711062,True,TOR,250.62771825396825,57.14056649189651,52.25723327863206,65.6642639746535,44.11878025785573,51.94548138139182,50.88378811972111,False,2.829009652696172,1.5748301575108457,-9.574036547148872,15.703245271391388,6.392641610048955,6.005933527389509,97,109,-12,0,2025-11-07
0022500031,BKN,210.0718253968254,55.867952193221896,52.82680805506809,46.194299663191536,41.8854585355349,63.96411917881451,44.87324411277826,True,DET,221.355,64.23740597682456,48.07404696829377,56.511986025464374,51.166981394893575,56.68400589550723,56.074649438402666,False,-8.369453783602665,4.752761086774321,-10.317686362272838,-9.281522859358674,7.28011328330728,-11.201405325624407,107,125,-18,0,2025-11-07
0022500032,SAS,252.5404761904762,58.74900110307635,57.10395976128296,57.325268933787136,44.038902769004494,51.35898630111156,48.8842212985714,True,HOU,250.7670634920635,61.76606950420377,43.28056898437018,53.264385148425546,66.20416721392934,70.30271690195005,58.19369790784783,False,-3.0170684011274176,13.823390776912781,4.06088378536159,-22.165264444924844,-18.943730600838492,-9.30947660927643,121,110,11,1,2025-11-07
0022500033,MIA,208.08125,54.36903353057199,59.366176073048386,53.63591245406942,53.86113196968331,42.976089067772,48.83108961843831,True,CHA,196.40833333333333,50.060593364164795,47.966204548347406,55.20654037082609,44.80313865671008,53.41861025075311,57.3160179832272,False,4.308440166407195,11.39997152470098,-1.5706279167566706,9.057993312973231,-10.44252118298111,-8.484928364788885,126,108,18,1,2025-11-07
0022500034,MEM,242.92824074074076,56.956467292391245,55.438886083186425,56.34654704845395,56.332766306160366,48.853094668635954,49.40576811412494,True,DAL,232.6874007936508,55.95998463433425,55.44182641658093,54.01286917141798,48.07453942440148,47.38060711433735,46.429750665144205,False,0.9964826580569976,-0.002940333394505501,2.333677877035967,8.258226881758887,1.4724875542986027,2.976017448980734,118,104,14,1,2025-11-07
0022500035,MIL,227.9648214285714,58.23174784956639,62.22971041114583,52.17073449354785,49.79532229936271,50.740492802643686,56.79372985435203,True,CHI,240.00238095238095,56.86880487296753,57.75751034215931,60.776973442723786,47.145680102379934,52.76863622384699,43.986215414529624,False,1.362942976598859,4.472200068986524,-8.606238949175939,2.649642196982775,-2.0281434212033034,12.807514439822405,126,110,16,1,2025-11-07
0022500036,MIN,241.94255952380954,58.615328559636964,58.845580722500294,56.72954963975855,58.35193590568402,50.94606637496356,50.505894913848785,True,UTA,223.87708333333333,52.80798615311602,57.07204567238347,53.07728943523697,37.32896585738082,54.79658759922204,54.219374796756455,False,5.807342406520945,1.773535050116827,3.652260204521582,21.0229700483032,-3.850521224258486,-3.71347988290767,137,97,40,1,2025-11-07
0022500037,DEN,242.9452380952381,66.63258327861462,61.38531513078589,64.46184619304762,43.900688965767316,52.49228417142801,61.1829924439174,True,GSW,212.3925925925926,57.96476334443553,55.62299408415583,64.17805295922993,61.29795136103652,59.218594256792095,53.257298645056586,False,8.667819934179086,5.762321046630063,0.28379323381768984,-17.397262395269202,-6.726310085364084,7.925693798860813,129,104,25,1,2025-11-07
0022500038,SAC,238.2902777777778,59.170327098718296,56.34288915829782,66.95872360391446,41.49980998898402,38.242583450390214,46.285122887492555,True,OKC,264.8036838624339,62.077864731427134,65.8056007024471,60.11763852611487,71.94738282830419,50.417261996801706,56.695028742369736,False,-2.907537632708838,-9.462711544149272,6.8410850777995975,-30.447572839320166,-12.174678546411492,-10.40990585487718,101,132,-31,0,2025-11-07
0022500039,NYK,220.38796296296297,59.568657628172545,59.591943164201176,54.47979623475436,49.35576008637966,47.03593822341914,59.76654011026782,True,MIA,223.90666666666667,54.422209402727326,58.76003170964092,53.587180670517476,53.85548145060442,42.680126391949024,49.7409880605014,False,5.146448225445219,0.831911454560256,0.892615564236884,-4.4997213642247615,4.355811831470113,10.025552049766418,140,132,8,1,2025-11-14
0022500040,ORL,213.28907407407408,58.925593156913635,50.799990362583905,62.15236746165219,60.97049309709219,53.21672994657745,68.21374626778609,True,BKN,226.22296296296295,55.42379873101267,52.56497230280844,45.984159146499195,42.18091003713151,62.874365526799195,43.47815821165552,False,3.501794425900968,-1.764981940224537,16.168208315152995,18.789583059960677,-9.657635580221744,24.735588056130574,105,98,7,1,2025-11-14
0022500041,DET,163.59671296296295,61.44887382562529,54.02846371030388,48.65570626051132,51.35595373560039,49.4257543886856,51.39217716133271,True,PHI,254.93625,61.0215730403189,45.68658406431673,47.579304630079086,46.75024736576301,54.751357120325835,62.68338752811244,False,0.42730078530639304,8.341879645987149,1.0764016304322368,4.605706369837378,-5.325602731640238,-11.29121036677973,114,105,9,1,2025-11-14
0022500042,HOU,247.38925925925926,61.514042422273484,43.446948803130766,53.45790522059253,66.26956932469598,69.9200965340272,58.12132589067162,True,POR,241.9561111111111,55.27948617862284,51.96926141334172,52.283904105657356,52.77144224962746,55.96766286815102,61.54683911885544,False,6.234556243650644,-8.522312610210953,1.174001114935173,13.498127075068517,13.952433665876178,-3.425513228183817,140,116,24,1,2025-11-14
0022500043,MIL,238.0625925925926,58.45923675535067,61.75069255051193,52.076967075263425,49.52538042438263,51.35441620551084,57.207504149695026,True,CHA,205.94777777777776,55.572443661553905,52.353554299094164,63.07583961414167,40.62207733352037,51.988855589065196,53.177695116435494,False,2.8867930937967685,9.397138251417765,-10.998872538878246,8.90330309086226,-0.6344393835543585,4.029809033259532,147,134,13,1,2025-11-14
0022500044,MIN,245.15261904761905,58.692139201916014,59.17419654034755,56.323536164546674,58.5487224187848,51.01000300104599,51.68257468999518,True,SAC,273.92777777777775,61.81401302046363,55.530777577220285,66.93990305636117,41.80536293021275,47.33387673149858,46.151951620894174,False,-3.12187381854762,3.6434189631272673,-10.6163668918145,16.743359488572047,3.67612626954741,5.530623069101004,124,110,14,1,2025-11-14
0022500045,NOP,226.33214285714286,56.716291726059296,55.856304104271544,51.025021486542634,47.04194779760746,52.113349954502176,42.15109764624489,True,LAL,257.22712962962964,65.31517901206348,56.441154686393666,55.01745755030591,49.657893495912425,54.01836840405852,62.15656018801657,False,-8.598887286004185,-0.5848505821221224,-3.9924360637632788,-2.6159456983049623,-1.9050184495563443,-20.005462541771678,104,118,-14,0,2025-11-14
0022500046,DAL,229.29793650793653,58.2769029272929,54.286314713580516,55.35450765172088,48.597734769416924,46.64657024166936,44.84324602652866,True,LAC,226.45833333333334,58.7746502299908,57.55979981600736,53.01552456301748,58.012345170193186,56.28522539098436,56.02984129504995,False,-0.4977473026978956,-3.2734851024268465,2.338983088703401,-9.414610400776262,-9.638655149315,-11.186595268521287,127,133,-6,0,2025-11-14
0022500047,SAS,283.3952777777778,61.63724793501028,54.39970153584069,59.71562442720855,46.85017216824165,51.21497447126755,49.53467660467349,True,GSW,263.60083333333336,58.048640779461365,61.18234072350555,65.4323396170346,58.77914523537798,57.648063201621135,46.75895512610432,False,3.588607155548914,-6.782639187664856,-5.716715189826047,-11.928973067136333,-6.433088730353582,2.7757214785691744,108,109,-1,0,2025-11-14
0022500048,CLE,247.67055555555555,58.454108840821256,62.23165069189133,60.179151067614455,57.86631434679133,53.085318086077606,40.479514917929826,True,IND,255.09708333333333,60.6350386209172,55.274541391921055,51.889036363606664,48.95074930622819,55.140472499848926,47.98852076851871,False,-2.180929780095944,6.957109299970277,8.290114704007792,8.915565040563138,-2.0551544137713194,-7.509005850588885,120,109,11,1,2025-11-21
0022500049,BOS,237.98,62.63751995966048,61.00222147519399,53.17420091324202,56.79456116760513,49.144351766254864,50.55141804305799,True,BKN,235.61666666666667,55.23001414727311,52.504348871754964,45.9124326236118,42.47308127608403,63.01019098818703,42.858743455334945,False,7.40750581238737,8.497872603439028,7.2617682896302185,14.3214798915211,-13.865839221932163,7.692674587723047,105,113,-8,0,2025-11-21
0022500050,TOR,236.16666666666666,57.901487649964714,52.132962597036,67.81264008468597,43.969426252646436,52.46895836273818,49.2106570218772,True,WAS,225.8438888888889,48.61378557951781,56.124450517687976,58.44326070860157,41.25809765349221,42.774827744828656,43.874912951201345,False,9.287702070446905,-3.991487920651977,9.369379376084396,2.7113285991542284,9.694130617909522,5.335744070675858,140,110,30,1,2025-11-21
0022500051,CHI,251.27166666666665,56.58959957018633,57.45186285759769,60.473614878982254,47.65595537366596,51.031980658384356,42.27081910017711,True,MIA,210.61222222222224,56.0953872572553,56.66407167464165,55.00795959926352,56.443529973463605,46.08294443184156,54.59126219985722,False,0.4942123129310332,0.7877911829560418,5.465655279718732,-8.787574599797644,4.949036226542795,-12.320443099680112,107,143,-36,0,2025-11-21
0022500052,DAL,246.0888888888889,58.50242437240382,52.01169044608994,51.172201327433626,49.195405905725124,51.82421550478598,46.76737556473641,True,NOP,252.44738095238097,58.109842126459164,54.43647530508479,54.438459971384894,47.759532349504234,50.55551651970849,43.530672004134146,False,0.3925822459446593,-2.4247848589948475,-3.266258643951268,1.4358735562208906,1.2686989850774921,3.2367035606022654,118,115,3,1,2025-11-21
0022500053,PHX,230.59925925925927,50.738184649335544,51.322218840444705,55.13787033140706,42.91859848253664,53.77941410302946,56.82547739820378,True,MIN,245.38,58.905529518841526,59.46291534219035,55.79821093813677,58.67564050316516,51.132538647539874,52.675181916948425,False,-8.167344869505982,-8.140696501745644,-0.6603406067297115,-15.757042020628525,2.6468754554895852,4.150295481255355,114,113,1,1,2025-11-21
0022500054,HOU,226.88333333333335,62.066626753838236,44.14170278410342,55.867812385220006,63.837370895467565,67.39161096011166,58.282008374348045,True,DEN,225.07333333333332,64.12973919611386,58.990989603388535,63.76934628713605,44.659185154468176,52.178155267912686,55.40881934776814,False,-2.0631124422756244,-14.849286819285112,-7.901533901916046,19.17818574099939,15.213455692198977,2.873189026579908,109,112,-3,0,2025-11-21
0022500055,UTA,252.53875,51.943535068050615,53.14584659449952,56.215509006043625,37.4746309559754,53.42452626907092,55.33836739363887,True,OKC,242.46833333333333,62.72313085557564,65.51361827317658,59.86735449990033,72.15912662134573,51.15321519648614,54.437587768439535,False,-10.779595787525025,-12.367771678677059,-3.6518454938567046,-34.684495665370335,2.27131107258478,0.9007796251993341,112,144,-32,0,2025-11-21
0022500056,GSW,259.4666666666667,56.11636305241521,62.955068088386426,65.70392535971223,59.426214671120235,57.06150757965056,47.71897073130968,True,POR,256.7492857142857,55.857099059950094,50.0023038038776,50.72107308686351,52.809129528806594,57.42796418963469,61.89986815210895,False,0.2592639924651152,12.952764284508824,14.982852272848717,6.617085142313641,-0.36645660998413376,-14.180897420799269,123,127,-4,0,2025-11-21
0022500057,WAS,210.32458333333332,50.64335144687081,54.602528235128645,58.60026387785546,38.68900132533247,46.60965115426751,43.804262888204164,True,ATL,254.29,57.27138044489887,58.3131523064218,59.54992331589917,57.38481851429471,52.30511096254932,58.986303488684115,False,-6.628028998028057,-3.7106240712931537,-0.9496594380437102,-18.695817188962238,-5.695459808281811,-15.18204060047995,132,113,19,1,2025-11-25
0022500058,PHI,186.5205357142857,61.729970145633786,49.212898107415086,51.828729410300475,44.27700910629974,51.82238104128073,61.55943938744118,True,ORL,231.1829365079365,56.87697446363682,52.18995095960906,63.151872889778424,58.47963047198587,50.12691385403918,66.6356573313787,False,4.8529956819969655,-2.977052852193971,-11.323143479477949,-14.202621365686134,1.6954671872415474,-5.076217943937515,103,144,-41,0,2025-11-25
0022500059,LAL,284.13119047619045,64.52040162533908,58.32797693218509,59.834218934747625,48.51208110606184,48.82396227094962,64.24655725301646,True,LAC,239.77034391534391,59.184359449336384,59.71988091779623,58.52681288168275,59.43426535025414,61.32641970342211,57.30177458443798,False,5.336042176002692,-1.391903985611144,1.3074060530648737,-10.922184244192294,-12.50245743247249,6.944782668578483,135,118,17,1,2025-11-25
0022500060,BOS,218.39166666666665,60.40408669439463,64.89452665318426,56.96661807913917,55.010061433968026,44.249208989964515,49.009954073951235,True,DET,304.02166666666665,62.475026450965665,47.313370757566624,55.62740868249522,50.874433839693445,55.63152187618208,55.08983631802943,False,-2.070939756571036,17.581155895617634,1.3392093966439447,4.135627594274581,-11.382312886217562,-6.079882244078192,117,114,3,1,2025-11-26
0022500061,CHA,272.65222222222224,54.364601425503395,51.836355430401774,59.40134196188062,42.43812162013472,51.92338326806228,52.561287218659764,True,NYK,213.94703703703703,60.60106300105426,58.17750750012551,64.79295542164294,42.36239039776199,47.45421945895228,51.84981800558083,False,-6.236461575550862,-6.341152069723734,-5.3916134597623255,0.07573122237273111,4.46916380911,0.7114692130789351,101,129,-28,0,2025-11-26
0022500062,MIA,296.76166666666666,57.382455618144746,58.89713237895731,56.43593231380963,53.743004768136046,47.451810375329245,50.743552907215104,True,MIL,225.90285714285713,52.65823794888659,64.88041562323461,46.57708928827394,49.12229203028693,46.566941437111616,52.90574585447625,False,4.7242176692581594,-5.9832832442773025,9.858843025535691,4.620712737849118,0.8848689382176289,-2.162192947261147,106,103,3,1,2025-11-26
0022500063,TOR,232.03666666666666,55.500479090948275,52.60695723377053,65.997899038945,47.61402795535188,51.79263191162317,50.239838780008554,True,IND,250.40523809523808,61.160146505378904,55.11984868337229,52.11054224485643,48.42238523840404,55.231895536948684,47.94758779200134,False,-5.659667414430629,-2.51289144960176,13.88735679408856,-0.8083572830521604,-3.439263625325516,2.2922509880072113,97,95,2,1,2025-11-26
0022500064,OKC,243.44166666666666,61.656615890185876,65.48888303152707,60.85932427343991,71.86178756033273,51.216001780029444,54.735975285776604,True,MIN,258.31851851851854,59.13414783643506,58.95272983396896,55.83310835029965,58.4256262724744,50.97196290826714,53.36273163288111,False,2.5224680537508135,6.536153197558107,5.026215923140256,13.436161287858326,0.24403887176230654,1.3732436528954963,113,105,8,1,2025-11-26
0022500065,NOP,229.06611111111113,57.11709428864544,51.20946718438878,53.26343437969145,44.27996066152664,52.574613102961536,46.131221857363506,True,MEM,234.98083333333332,57.910789887118455,57.86488756175149,51.6194547782266,56.132277455253444,54.90361270600085,59.34404182668708,False,-0.7936955984730147,-6.655420377362709,1.6439796014648493,-11.852316793726807,-2.328999603039314,-13.212819969323576,128,133,-5,0,2025-11-26
0022500066,GSW,236.175,56.55934370699693,61.24581913129388,65.87648071698246,59.3237451042659,55.563838255530854,50.172267206953904,True,HOU,221.64833333333334,57.4322974080563,39.52126341276346,52.213486829737796,69.91146485799577,70.35491506816352,49.847406176450676,False,-0.8729537010593731,21.724555718530418,13.66299388724466,-10.587719753729864,-14.791076812632667,0.3248610305032287,100,104,-4,0,2025-11-26
0022500067,POR,243.20666666666668,56.153939036758864,48.13596803815685,49.46401140319619,53.64664345823853,58.406656204599656,61.81190817002577,True,SAS,234.23166666666665,60.83783844895565,57.1455926429279,56.9753450011108,43.64535206123093,48.394381314478935,47.72075315928115,False,-4.683899412196787,-9.009624604771055,-7.511333597914614,10.001291397007599,10.012274890120722,14.091155010744615,102,115,-13,0,2025-11-26
0022500068,SAC,232.59666666666666,59.03364479284599,54.63373722753264,56.62662835523582,45.39401539145015,48.88261797962137,55.85549911228866,True,PHX,215.20833333333334,50.77329719264279,53.11472913843175,58.69190009680541,42.46884801548887,52.73174753146176,59.68924188225469,False,8.260347600203204,1.5190080891008932,-2.065271741569589,2.92516737596128,-3.8491295518403845,-3.8337427699660296,100,112,-12,0,2025-11-26
0022500069,ATL,232.235,54.68482499766759,56.49758577877293,59.97082122275568,56.743333979230805,50.530003373020136,57.926062136230634,True,CLE,262.62833333333333,61.14047925775971,58.09766844146037,58.16724966206998,58.05940714698212,57.79801684255951,41.38041878866833,False,-6.455654260092118,-1.6000826626874414,1.803571560685704,-1.3160731677513127,-7.268013469539376,16.545643347562304,130,123,7,1,2025-11-28
0022500070,BKN,219.86958333333334,52.794915925539186,48.85749089896093,47.11284151400357,44.51200806538724,60.88552342581871,40.898067286651305,True,PHI,212.6938888888889,62.188876162664656,50.28332710807655,48.850338906461815,45.84674127397486,51.966863763520344,60.09721745142787,False,-9.39396023712547,-1.4258362091156158,-1.7374973924582449,-1.3347332085876147,8.918659662298367,-19.19915016477657,103,115,-12,0,2025-11-28
0022500071,CHA,270.95,54.246295749523284,51.830525312173215,59.25641508273359,42.48714953558466,51.95235467798487,52.363837663671504,True,CHI,281.78,57.23082546667614,59.66251981451251,62.06467042846666,44.521208034636956,46.81653121820806,45.226857832351484,False,-2.984529717152853,-7.831994502339292,-2.8082553457330732,-2.0340584990522927,5.135823459776809,7.136979831320019,123,116,7,1,2025-11-28
0022500072,DET,303.1455555555556,62.38489779387239,47.27854422701232,55.92407809229889,50.78604392462733,55.38848902800635,55.02545593580293,True,ORL,235.98166666666665,57.379905218625744,51.74977858449456,61.52458948082125,59.95898975202876,50.76839867503832,68.57252419014527,False,5.004992575246646,-4.471234357482238,-5.6005113885223565,-9.172945827401428,4.6200903529680275,-13.547068254342342,109,112,-3,0,2025-11-28
0022500073,IND,213.1940277777778,63.05650916581596,56.60317192802331,48.646174552784146,48.59484396386442,61.093623961480056,53.41666777701799,True,WAS,236.59962962962962,48.01366959968316,51.21239639083997,57.591593315164396,42.48314835657675,51.2415960545945,47.27655988511044,False,15.042839566132798,5.3907755371833375,-8.94541876238025,6.111695607287672,9.852027906885553,6.1401078919075545,119,86,33,1,2025-11-28
0022500074,NYK,218.465,60.095180768849325,58.23161375964113,64.94457235712814,42.791116044522774,47.07078174230807,51.53661316550036,True,MIL,259.81166666666667,57.80661119913784,60.892177667156346,50.77045103183716,50.40833295913065,51.71755309936044,57.97387028585746,False,2.288569569711484,-2.6605639075152183,14.174121325290976,-7.617216914607873,-4.646771357052366,-6.437257120357096,118,109,9,1,2025-11-28
0022500075,OKC,254.93833333333333,61.646215097768746,69.132752364951,61.35342010813073,71.44318299196537,46.050843014323725,50.43929532054784,True,PHX,209.6533333333333,51.91241493894683,53.39551004833377,60.77461046807428,44.03640056601374,54.34655383490207,59.715143165742326,False,9.733800158821914,15.737242316617234,0.5788096400564484,27.406782425951633,-8.295710820578343,-9.275847845194484,123,119,4,1,2025-11-28
0022500076,DEN,214.72666666666666,60.199272718805304,58.32097550374119,60.93029432767239,46.33324769474371,49.03872132012792,53.277063864137354,True,SAS,231.9848148148148,61.34191933060753,57.45541207199066,57.05796963083472,43.5799185451155,48.24599878025222,47.536427140006786,False,-1.1426466118022276,0.8655634317505303,3.8723246968376728,2.7533291496282146,0.7927225398756974,5.740636724130567,136,139,-3,0,2025-11-28
0022500077,UTA,247.555,55.36112783017915,54.83274019914766,58.79877199006281,36.33047538257491,54.003826759036706,56.05981594790782,True,SAC,230.59416666666667,59.087903712510794,54.693269199495504,56.62509170151023,45.52135895313917,48.678824630573914,55.79037181670644,False,-3.726775882331644,0.13947099965215415,2.173680288552582,-9.19088357056426,5.325002128462792,0.2694441312013822,128,119,9,1,2025-11-28
0022500078,LAL,268.28472222222223,66.241178888515,57.65331483446794,57.10569243910646,47.60207201097507,55.107121269381096,65.09421211935437,True,DAL,284.795,59.16090111600742,53.412164305319024,55.599168992901326,49.91870585274788,51.06517143910532,45.311898225353296,False,7.080277772507571,4.241150529148918,1.5065234462051365,-2.3166338417728056,4.041949830275776,19.78231389400107,129,119,10,1,2025-11-28
0022500079,LAC,240.07,59.46952694353036,59.80926743588676,58.60802751975119,59.0894322489274,61.4794469668569,57.17101212383671,True,MEM,248.69555555555556,57.52097633876314,56.787807716708514,51.19036684746187,56.01257449983469,55.94130150205964,59.48576557393188,False,1.9485506047672203,3.021459719178246,7.417660672289323,3.07685774909271,5.53814546479726,-2.314753450095168,107,112,-5,0,2025-11-28
0022500080,CHA,246.0,52.15121951219513,51.490243902439026,58.38292682926829,41.07073170731707,53.2390243902439,54.21082012967156,True,BKN,258.0,56.51627906976744,52.39767441860465,49.93953488372093,40.53488372093023,55.83953488372093,51.03095352435624,False,-4.365059557572316,-0.9074305161656255,8.443391945547361,0.5358479863868411,-2.6005104934770316,3.1798666053153184,136,117,19,1,2025-10-22
0022500081,ORL,246.0,59.88048780487805,50.395121951219515,61.98292682926829,58.826829268292684,53.8,70.07060690343745,True,MIA,258.0,56.49302325581396,59.651162790697676,56.013953488372096,54.330232558139535,46.72325581395349,44.123149811911006,False,3.3874645490640916,-9.25604083947816,5.968973340896191,4.496596710153149,7.076744186046504,25.947457091526445,125,121,4,1,2025-10-22
0022500082,ATL,246.0,60.64390243902439,56.75365853658536,58.0219512195122,52.831707317073175,51.56341463414634,51.923687956723924,True,TOR,234.0,56.4,50.76666666666667,66.65128205128205,45.110256410256405,54.95384615384616,50.99487179487179,False,4.243902439024389,5.98699186991869,-8.629330831769856,7.72145090681677,-3.390431519699817,0.9288161618521329,118,138,-20,0,2025-10-22
0022500083,BOS,258.0,61.37441860465116,59.604651162790695,50.08372093023256,57.479069767441864,53.097674418604655,52.333618931048555,True,PHI,246.0,60.541463414634144,48.55365853658537,50.856097560975606,50.2390243902439,55.94146341463415,61.04468811378673,False,0.8329551900170173,11.050992626205328,-0.7723766307430466,7.240045377197966,-2.8437889960294953,-8.711069182738171,116,117,-1,0,2025-10-22
0022500084,CHI,246.0,56.109756097560975,56.06341463414634,58.853658536585364,49.40731707317074,50.43414634146341,40.55413305494923,True,DET,270.0,64.11555555555556,46.82,54.79555555555555,52.053333333333335,59.51111111111111,58.42384665367121,False,-8.005799457994584,9.24341463414634,4.058102981029812,-2.6460162601625967,-9.076964769647702,-17.86971359872198,115,111,4,1,2025-10-22
0022500085,MEM,246.0,57.51951219512195,53.48780487804878,52.65121951219513,57.25853658536585,48.97317073170731,47.07980316645272,True,NOP,246.0,59.2390243902439,52.59512195121951,55.90487804878049,48.14878048780488,47.37560975609756,45.581314566905064,False,-1.7195121951219505,0.8926829268292664,-3.2536585365853625,9.109756097560975,1.5975609756097526,1.498488599547656,128,122,6,1,2025-10-22
0022500086,MIL,270.0,55.095555555555556,58.15333333333333,51.02444444444445,50.21333333333333,48.21555555555556,54.611111111111114,True,WAS,270.0,49.08444444444444,52.766666666666666,58.06888888888889,40.78888888888889,48.74444444444445,43.183170687924594,False,6.011111111111113,5.386666666666663,-7.044444444444444,9.42444444444444,-0.5288888888888863,11.42794042318652,133,120,13,1,2025-10-22
0022500087,UTA,270.0,55.69777777777777,52.19777777777777,49.08888888888889,38.760000000000005,60.57333333333333,55.546485438267815,True,LAC,270.0,60.22666666666667,59.948888888888895,56.58,56.897777777777776,53.477777777777774,54.74092174881649,False,-4.528888888888893,-7.751111111111122,-7.49111111111111,-18.13777777777777,7.095555555555556,0.8055636894513256,129,108,21,1,2025-10-22
0022500088,PHX,270.0,53.37333333333333,52.855555555555554,50.48222222222223,43.42666666666667,49.684444444444445,62.18218166471085,True,SAC,270.0,55.962222222222216,58.58,56.85111111111111,41.717777777777776,42.18666666666667,42.356563631300475,False,-2.5888888888888886,-5.724444444444444,-6.368888888888883,1.7088888888888931,7.497777777777777,19.82561803341038,120,116,4,1,2025-10-22
0022500089,POR,270.0,54.27333333333334,51.51777777777777,54.571111111111115,50.81777777777778,53.71111111111111,59.684761904761906,True,MIN,270.0,57.544444444444444,58.266666666666666,55.00222222222222,56.35333333333333,49.53333333333333,57.448543017725896,False,-3.2711111111111038,-6.748888888888892,-0.43111111111110745,-5.535555555555554,4.177777777777777,2.23621888703601,114,118,-4,0,2025-10-22
0022500090,ORL,240.0,59.798763888888885,50.30461805555556,67.24970833333333,57.08791666666666,54.421715277777786,69.83255555555554,True,ATL,217.83333333333334,55.049961744452936,61.66933435348125,65.87085692425401,48.80794185156848,44.79118592195868,52.303312930374894,False,4.748802144435949,-11.364716297925689,1.3788514090793171,8.279974815098178,9.630529355819107,17.52924262518065,107,111,-4,0,2025-10-24
0022500091,BKN,256.8,53.76132528556594,52.839881879543086,47.34154335410176,39.33752596053998,55.356944444444444,47.31533480367151,True,CLE,240.01666666666665,59.43823345601,60.365946809249365,60.07825151031179,63.587570307617526,59.35103117839039,38.69875203598191,False,-5.676908170444065,-7.52606492970628,-12.736708156210028,-24.250044347077548,-3.9940867339459487,8.6165827676896,124,131,-7,0,2025-10-24
0022500092,TOR,252.0,54.8175,51.68517195767196,64.28064814814815,44.10917989417989,51.57574074074074,51.498194444444444,True,MIL,242.6,55.983800494641386,64.05169689475132,50.229067051387744,47.661905743336085,47.171619950535856,52.55308355389711,False,-1.1663004946413835,-12.366524937079355,14.051581096760401,-3.5527258491561966,4.404120790204885,-1.0548891094526667,116,122,-6,0,2025-10-24
0022500093,HOU,290.0,62.00279885057472,42.98754597701149,54.32690229885058,65.11859770114943,71.54647126436782,60.52941954022988,True,DET,218.54999999999998,64.46986959505834,48.94036452375505,55.177846411957596,52.65464043315793,58.62961183558301,53.96309006329597,False,-2.467070744483621,-5.952818546743558,-0.850944113107019,12.463957267991496,12.91685942878481,6.566329476933909,111,115,-4,0,2025-10-24
0022500094,MEM,240.0,56.201972222222224,53.73038888888889,55.067256944444445,56.17146527777778,47.30520138888889,47.610076693469786,True,MIA,252.0,57.88986772486772,61.228928571428575,57.16357142857142,51.00302248677249,44.9868783068783,45.18785714285714,False,-1.687895502645496,-7.498539682539686,-2.096314484126978,5.16844279100529,2.3183230820105862,2.4222195506126454,114,146,-32,0,2025-10-24
0022500095,NOP,252.85,59.38001450135126,55.618871531210864,54.362125107112256,44.732937841935275,43.2872388108892,49.24556595468854,True,SAS,240.0,60.08105555555555,55.35035416666666,54.892826388888885,45.558027777777774,51.49831944444444,53.80288984110912,False,-0.7010410542042891,0.26851736454420205,-0.5307012817766292,-0.8250899358424988,-8.211080633555241,-4.557323886420583,116,120,-4,0,2025-10-24
0022500096,DAL,240.0,57.52825,52.958819444444444,55.08326388888889,49.70970138888889,52.45509722222222,45.75604172907274,True,WAS,240.0,48.79185416666667,54.387006944444444,58.31472222222223,40.41759722222222,47.93494444444445,44.10824581361261,False,8.736395833333333,-1.4281875,-3.231458333333343,9.292104166666668,4.520152777777774,1.6477959154601294,107,117,-10,0,2025-10-24
0022500097,POR,240.0,53.737812500000004,51.279333333333334,53.747486111111115,52.43957638888889,51.71371527777777,60.78359424603175,True,GSW,239.875,59.167420531526844,60.25999652596839,68.43058884835851,57.764109779399,54.39695674830641,47.036852903203524,False,-5.42960803152684,-8.980663192635056,-14.683102737247395,-5.324533390510112,-2.6832414705286354,13.746741342828223,139,119,20,1,2025-10-24
0022500098,SAC,276.31666666666666,66.75158936003378,58.62986911152663,63.51989263526148,37.873840400506666,47.00069364859159,48.40122185553153,True,UTA,240.0,57.47557638888888,56.24284722222222,48.21722222222222,35.27178472222222,59.72595833333333,56.180923913953805,False,9.276012971144894,2.387021889304414,15.302670413039259,2.6020556782844437,-12.725264684741738,-7.779702058422274,105,104,1,1,2025-10-24
0022500099,LAC,240.0,61.733784722222225,62.041444444444444,57.275215277777775,57.60545138888889,57.19346527777778,50.91694727704678,True,PHX,240.0,55.751159722222226,59.98455555555556,55.89736805555556,41.37703472222222,48.118291666666664,56.99564015888457,False,5.982624999999999,2.056888888888885,1.377847222222215,16.228416666666668,9.075173611111119,-6.078692881837789,129,102,27,1,2025-10-24
0022500100,ORL,234.18333333333334,59.01365739093303,48.966511280335915,65.5418973738524,54.53711123763433,55.53005480037008,67.29064479396484,True,CHI,240.0,57.77467361111111,58.09899305555555,61.961736111111115,46.54915972222222,51.491916666666675,43.429972222222226,False,1.2389837798219148,-9.132481775219638,3.580161262741278,7.987951515412107,4.038138133703406,23.86067257174262,98,110,-12,0,2025-10-25
0022500101,ATL,186.52499999999998,55.3520216235536,60.0421972032346,65.7673144797391,51.2448688736988,42.40543716213198,52.40227482954598,True,OKC,296.2916666666667,63.42945858529039,63.82962171283926,58.44213753339896,71.63701307832935,52.64120658135283,59.71132999611013,False,-8.077436961736794,-3.787424509604662,7.325176946340136,-20.392144204630547,-10.235769419220851,-7.30905516656415,100,117,-17,0,2025-10-25
0022500102,PHI,240.0,61.99364583333333,46.950402777777775,51.023708333333325,47.50944444444444,56.06549305555556,61.304145955165694,True,CHA,240.0,51.19359722222222,51.89279166666667,58.694048611111114,41.73072222222222,52.52570138888889,52.58214849261464,False,10.800048611111109,-4.9423888888888925,-7.67034027777779,5.778722222222221,3.539791666666666,8.721997462551052,125,121,4,1,2025-10-25
0022500103,MEM,240.0,56.07551041666667,53.30709375,53.687125,55.72650694444444,48.99305902777778,47.13570671905458,True,IND,272.15,65.3867352562925,62.633161859268796,47.210613019780766,45.616014452814014,57.55655582093209,52.778496640175575,False,-9.31122483962583,-9.326068109268796,6.476511980219236,10.110492491630424,-8.563496793154307,-5.642789921120993,128,103,25,1,2025-10-25
0022500104,DEN,265.0,68.51787421383648,62.455817610062894,65.9072075471698,44.51345911949686,53.97414465408806,62.45762264150944,True,PHX,221.20833333333331,51.571022791486165,61.855803352797146,56.403458278395185,42.256417404407614,44.768935769448106,56.78686060494252,False,16.946851422350313,0.6000142572657481,9.50374926877462,2.257041715089244,9.205208884639951,5.67076203656692,133,111,22,1,2025-10-25
0022500105,SAS,227.34166666666667,59.028624317290415,58.05333382207397,55.32293171071442,43.60037755214251,47.77260364356145,52.1991833263721,True,BKN,236.40833333333333,55.884186964644506,52.93451302478057,48.58203673023371,40.337907575170085,57.60737777151115,50.432966395862046,False,3.144437352645909,5.118820797293395,6.740894980480711,3.262469976972426,-9.8347741279497,1.7662169305100548,118,107,11,1,2025-10-26
0022500106,DET,229.28333333333333,62.85029076106709,50.40307479828451,55.3706149596569,52.68196191030021,57.28821327324271,55.30759683427512,True,BOS,242.53333333333333,62.77780717427157,63.44915475536009,56.70659015942825,52.81998694337548,48.316561297416165,48.60824671112911,False,0.0724835867955207,-13.046079957075584,-1.3359751997713545,-0.13802503307527303,8.971651975826546,6.699350123146004,119,113,6,1,2025-10-26
0022500107,CLE,270.01666666666665,60.6582309733967,62.112076415036114,57.22475773100426,59.23215850873403,56.8836275538547,42.50501983308373,True,MIL,207.46666666666667,55.456394601542414,67.7222606041131,48.69387451799486,48.77299164524422,47.198092062982,58.91745260282776,False,5.201836371854284,-5.610184189076989,8.530883213009403,10.459166863489813,9.685535490872702,-16.41243276974403,118,113,5,1,2025-10-26
0022500108,MIA,243.43333333333334,57.68113104203752,60.76780432698891,55.39929823360263,53.64445775708613,47.72626317951527,46.313809393399964,True,NYK,224.25000000000003,62.57828688219992,60.04875510962467,60.59141583054626,45.60826458565589,42.48239316239316,56.27262727610553,False,-4.897155840162398,0.7190492173642369,-5.192117596943632,8.036193171430241,5.243870017122113,-9.958817882705567,115,107,8,1,2025-10-26
0022500109,WAS,240.0,49.06087152777778,54.79881597222222,58.88131944444444,40.37496180555556,47.53556597222222,44.42537199827823,True,CHA,220.13333333333333,53.035860841914,50.92683979406421,60.452922471229556,41.686788310115084,53.59288310115082,56.118926608032176,False,-3.9749893141362236,3.8719761781580146,-1.5716030267851124,-1.3118265045595265,-6.057317128928595,-11.693554609753946,113,139,-26,0,2025-10-26
0022500110,MIN,239.50833333333333,60.05640374378066,58.43471347552278,55.15111861104346,58.090898020249824,51.85304965032532,54.97957157151682,True,IND,222.3,64.6582808517019,62.38249362723047,49.57775153696206,52.92769530664267,57.55495576548208,53.353523766681654,False,-4.60187710792124,-3.94778015170769,5.573367074081396,5.163202713607156,-5.70190611515676,1.6260478048351672,114,110,4,1,2025-10-26
0022500111,DAL,242.75,57.134380363886024,51.50574665293512,53.23550978372811,49.41003432887058,55.11350154479918,48.012649944498094,True,TOR,252.0,57.00287037037037,52.16740740740741,65.61458333333333,43.77090608465608,52.749487433862434,52.19566463107076,False,0.13150999351565673,-0.6616607544722868,-12.379073549605216,5.639128244214497,2.3640141109367434,-4.183014686572669,139,129,10,1,2025-10-26
0022500112,LAC,227.53333333333333,61.1632837679461,60.93415983006153,55.83403896864929,58.794264576618815,58.59463814825667,49.27811770260327,True,POR,240.0,52.90327777777778,50.68160416666667,53.61111458333333,52.34503819444444,50.53948611111112,59.34457142857143,False,8.260005990168317,10.252555663394858,2.222924385315956,6.449226382174373,8.055152037145554,-10.06645372596816,114,107,7,1,2025-10-26
0022500113,SAC,253.475,66.4173587138771,59.92496630173916,68.20021369628826,37.0124173981655,46.392254331459384,44.982567549161885,True,LAL,218.99166666666667,56.92612352068191,54.93432398493094,52.06544008523917,47.00984436241866,45.65687431028578,56.791956755544255,False,9.491235193195195,4.99064231680822,16.13477361104909,-9.997426964253158,0.7353800211736043,-11.80938920638237,120,127,-7,0,2025-10-26
0022500114,PHI,206.71666666666667,58.905913891800374,48.48176247682013,49.36266629041361,45.730617592517945,48.843469321938244,56.300387073868656,True,ORL,245.9388888888889,59.030267229889986,49.91853893243579,66.23925094309787,57.02635252659875,53.77215658813165,69.98886710553066,False,-0.12435333808961246,-1.4367764556156573,-16.876584652684265,-11.295734934080805,-4.928687266193407,-13.688480031662003,136,124,12,1,2025-10-27
0022500115,CHI,240.00833333333333,57.23759938891011,57.93988403180445,62.05581750633659,46.39718759765286,51.32135342522829,43.71504114440471,True,ATL,278.63055555555553,59.81873946982764,58.73656973092606,60.51098826602331,53.04346256991038,50.32306518986711,53.19157020243572,False,-2.5811400809175282,-0.7966856991216034,1.5448292403132768,-6.6462749722575225,0.9982882353611799,-9.476529058031012,128,123,5,1,2025-10-27
0022500116,HOU,265.0083333333333,61.81675419011981,43.57552907141285,53.72907770195906,65.42189868243138,71.63475676865507,60.53133549259457,True,BKN,197.23888888888888,58.17657099400051,53.68515336732108,49.3458130298848,37.99548488860097,58.22514435399826,47.44919311653591,False,3.6401831961193025,-10.109624295908226,4.383264672074262,27.426413793830406,13.409612414656806,13.082142376058663,137,109,28,1,2025-10-27
0022500117,NOP,238.49166666666667,58.04717844788427,58.19632412033963,50.39615639959467,42.79540515042454,45.87499213809008,42.84554652979398,True,BOS,254.96388888888887,62.21783259067188,62.422733066774164,56.558330700426,50.827536579254144,50.42227984355083,48.70160607666733,False,-4.170654142787612,-4.226408946434532,-6.162174300831325,-8.0321314288296,-4.547287705460754,-5.856059546873354,90,122,-32,0,2025-10-27
0022500118,SAS,231.5611111111111,59.14348983949521,57.412713226650034,55.38239245699479,43.87154098989948,48.805208608238765,52.43239373661468,True,TOR,248.95000000000002,57.1415344446676,52.27079958046016,65.58355537702796,44.05456249581576,52.64462743522796,52.13473704127156,False,2.001955394827611,5.141913646189877,-10.20116292003317,-0.18302150591627964,-3.8394188269891956,0.29765669534311456,121,103,18,1,2025-10-27
0022500119,DAL,218.41666666666666,55.40726949001654,53.79336639959303,54.9778659544703,48.79220144982831,52.07644919242019,47.516379686628056,True,OKC,273.43055555555554,63.17739929902983,63.52973942195358,58.520253974704126,71.14947224056483,53.122501142886165,60.071204752030106,False,-7.770129809013291,-9.736373022360546,-3.5423880202338225,-22.35727079073652,-1.0460519504659729,-12.55482506540205,94,101,-7,0,2025-10-27
0022500120,UTA,240.0,57.97223611111111,56.32735763888889,48.61233333333333,34.98452430555555,59.98026041666667,56.37624263858391,True,PHX,216.54722222222222,56.909633515912624,57.07270546583373,57.97562117577639,42.74491065587439,52.668967507728624,55.137485869246355,False,1.0626025951984843,-0.7453478269448368,-9.363287842443057,-7.760386350318839,7.311292908938043,1.2387567693375559,138,134,4,1,2025-10-27
0022500121,GSW,246.10555555555555,59.22695320436128,59.35029233165534,66.17655703289013,58.09086435359715,55.07089324815458,48.805893919430275,True,MEM,252.0,56.91451940035273,52.588639770723105,53.371869488536156,56.217700617283946,51.33236772486772,46.709667030229895,False,2.312433804008549,6.761652560932234,12.804687544353975,1.8731637363132023,3.73852552328686,2.0962268892003806,131,118,13,1,2025-10-27
0022500122,LAL,182.39722222222224,64.62431506327765,54.10833955195468,48.29900248237211,46.3189254222317,60.69632822137277,62.27806762386678,True,POR,264.0,53.63009890572391,49.76129419191919,53.913842592592594,52.98462121212121,50.15143939393939,60.8545022277917,False,10.994216157553737,4.347045360035487,-5.614840110220484,-6.6656957898895115,10.544888827433375,1.4235653960750838,108,122,-14,0,2025-10-27
0022500123,WAS,250.64999999999998,49.31733936210298,54.52848150364608,57.94421614912339,40.94267792628056,47.75217323846887,43.47481047074196,True,PHI,242.95833333333331,61.81619847939176,49.02519522094552,50.275019722174584,48.473307037100554,53.59765849196822,61.62388051628337,False,-12.49885911728878,5.503286282700557,7.669196426948808,-7.530629110819994,-5.845485253499348,-18.149070045541414,134,139,-5,0,2025-10-28
0022500124,MIA,241.15,57.290420899854865,60.22420346948649,55.1448798580874,54.4535121063423,48.50739972815445,46.67795286474532,True,CHA,226.75555555555556,53.46850989807919,50.89332859662878,60.066936985495886,41.65479223833791,53.47359858878871,55.868784332997315,False,3.8219110017756748,9.330874872857713,-4.922057127408486,12.79871986800439,-4.966198860634265,-9.190831468251993,144,117,27,1,2025-10-28
0022500125,MIL,247.6888888888889,56.576521846402294,64.0560290687242,51.41716535079849,48.749966355643274,49.08304100125605,54.63055692625157,True,NYK,228.12777777777777,61.80862942308161,59.13454935099725,60.99183328056888,46.178406351216424,42.05129191729782,56.2292903587171,False,-5.232107576679319,4.921479717726953,-9.574667929770392,2.57156000442685,7.031749083958232,-1.5987334324655293,121,111,10,1,2025-10-28
0022500126,OKC,262.56666666666666,59.89325568109687,65.25055858829504,61.446381871270795,73.2991732258474,48.00360067284499,60.417487895954395,True,SAC,245.8388888888889,65.10190504169397,59.55494113127387,70.19562495762807,37.24639669160019,44.03746356014553,44.510381766998,False,-5.2086493605971,5.695617457021164,-8.749243086357275,36.05277653424721,3.9661371126994567,15.907106128956393,107,101,6,1,2025-10-28
0022500127,GSW,269.4166666666667,58.88028920507268,61.70873801422827,65.79157129600989,58.44186668728734,56.95034333436436,46.049433681895216,True,LAC,223.69444444444446,62.39039612566745,62.39842294796969,56.59082826275922,59.16707314044455,58.315286228734635,49.661365152294614,False,-3.5101069205947724,-0.6896849337414253,9.200743033250674,-0.7252064531572131,-1.364942894370273,-3.611931470399398,98,79,19,1,2025-10-28
0022500128,BOS,242.68472222222223,63.57284313781598,63.42862424384632,55.642936365769486,53.84785873303841,48.11350002575358,48.055747771964064,True,CLE,232.77638888888887,62.102554907845516,58.98149630964386,57.88302555504508,60.45404686185479,61.27845989534544,39.46725711108899,False,1.470288229970464,4.447127934202463,-2.2400891892755936,-6.606188128816385,-13.164959869591861,8.588490660875074,125,105,20,1,2025-10-29
0022500129,DET,252.875,62.59487724501565,49.07905585763718,57.0325885648377,52.143816114681165,55.36662217828308,56.875040879785004,True,ORL,244.68472222222223,59.33582671578505,49.77767932657105,66.31550521362524,57.31779557593956,53.98097722125411,70.6120060340409,False,3.259050529230599,-0.6986234689338673,-9.282916648787541,-5.173979461258398,1.3856449570289726,-13.736965154255898,135,116,19,1,2025-10-29
0022500130,BKN,237.92638888888888,56.51180045182041,52.89324837864186,49.379542575609875,39.86110900313473,56.86713502658969,48.929363646818956,True,ATL,269.00138888888887,59.92377724195972,58.53797791213387,61.00051682921919,52.940381865025486,50.27043540667387,52.97411103021762,False,-3.411976790139306,-5.644729533492011,-11.620974253609312,-13.079272861890757,6.5966996199158245,-4.044747383398665,112,117,-5,0,2025-10-29
0022500131,TOR,227.16944444444445,54.79630904488818,53.052929164475856,66.62932465976205,42.68600469546716,48.75561683031511,49.64386807806005,True,HOU,256.68333333333334,60.82748522823193,43.64097352985736,53.08220245438608,65.88233231608338,70.14748609397658,58.76525983161266,False,-6.031176183343746,9.411955634618494,13.54712220537597,-23.196327620616216,-21.39186926366147,-9.121391753552608,121,139,-18,0,2025-10-29
0022500132,CHI,240.00555555555556,57.105055438531515,58.00934006157265,61.69461123585102,46.52402490683086,51.217541260618965,44.132489988657674,True,SAC,243.87916666666666,64.77005746242732,59.51813341078517,70.78180109685465,37.95770845079246,43.84102270591652,43.945514403844605,False,-7.665002023895802,-1.5087933492125174,-9.08718986100363,8.5663164560384,7.376518554702443,0.18697558481306942,126,113,13,1,2025-10-29
0022500133,DAL,231.425,55.77302401786036,54.26552158726729,56.066537035036546,48.94664938244931,50.07222642324727,46.95912340423444,True,IND,232.15,60.2026395769019,60.91109675257855,51.50705003948596,52.795637399191136,55.097580587263984,50.73734415009453,False,-4.429615559041544,-6.645575165311264,4.559486995550586,-3.8489880167418278,-5.025354164016711,-3.7782207458600894,107,105,2,1,2025-10-29
0022500134,DEN,246.87222222222223,66.89430429596958,61.63023606454081,64.57927852915363,44.05902063595652,52.36865449962869,61.518745639894675,True,NOP,270.15555555555557,60.70447273175948,54.60552253845521,54.93540347125113,44.9809513037756,47.8377560253352,44.65388449703129,False,6.189831564210095,7.024713526085598,9.643875057902498,-0.9219306678190762,4.530898474293487,16.864861142863383,122,88,34,1,2025-10-29
0022500135,UTA,248.33333333333334,57.841854586129756,56.21489485458613,48.85478299776286,34.790172259507834,59.422196868008946,56.45537753384453,True,POR,248.05416666666665,53.224181546369245,50.747582013337144,53.81947491307343,51.782839769539585,50.74534795827525,60.06524027216514,False,4.617673039760511,5.467312841248983,-4.964691915310567,-16.99266751003175,8.6768489097337,-3.609862738320608,134,136,-2,0,2025-10-29
0022500136,MIN,210.50694444444443,58.04040972520041,56.34296902319137,56.19458450169894,57.51412925147626,52.61986210536734,47.06497705842327,True,LAL,215.63333333333333,61.01064821971454,54.837204359251814,51.69032436749627,46.79607744628227,51.62370278765394,57.7611800295426,False,-2.9702384945141276,1.5057646639395585,4.504260134202674,10.718051805193994,0.9961593177133992,-10.696202971119334,115,116,-1,0,2025-10-29
0022500137,PHX,231.2527777777778,56.4824993093176,57.425729420667615,57.85097956781299,41.54035567140334,52.13138340680592,53.81080502714558,True,MEM,252.00416666666666,56.32120004629554,54.732190274631705,55.37862634546387,56.3114366495263,49.51260726509152,48.60039077082929,False,0.161299263022066,2.69353914603591,2.4723532223491205,-14.77108097812296,2.618776141714399,5.210414256316284,113,114,-1,0,2025-10-29
0022500138,CHA,230.0625,53.22017205469528,51.033320655618944,59.98222946663044,41.838016843249115,53.15449787195509,55.67944874129553,True,ORL,236.63333333333335,58.447385547260176,48.08440625440203,65.96756162839836,55.824458374418924,57.56934216086773,68.47523481912863,False,-5.227213492564893,2.9489144012169106,-5.985332161767914,-13.98644153116981,-4.41484428891264,-12.7957860778331,107,123,-16,0,2025-10-30
0022500139,MIL,217.09722222222223,51.04233382381165,68.61738724329857,46.84284626703345,47.31654340733159,42.53956944533298,47.95071663709206,True,GSW,263.0077777777778,58.78407144697875,61.89787036293814,65.86901908266339,58.64350314946326,57.23971787906568,46.08985121809114,False,-7.741737623167097,6.719516880360423,-19.026172815629934,-11.32695974213167,-14.7001484337327,1.8608654190009162,120,110,10,1,2025-10-30
0022500140,OKC,259.8855555555555,60.28013099783239,66.86831126521503,60.889851515838174,73.25744836402349,47.32997815277665,58.456559815015304,True,WAS,275.1791666666667,48.48920703178232,52.749844798086094,58.23160365216601,40.481022969883256,46.82120890934694,47.608096805930764,False,11.790923966050066,14.118466467128933,2.658247863672166,32.77642539414023,0.508769243429704,10.84846300908454,127,108,19,1,2025-10-30
0022500141,SAS,233.67083333333332,59.051573616732945,56.892446639681886,55.124386155739025,43.82527594015799,49.157265383998144,52.34211464106011,True,MIA,241.4875,56.7077160653588,58.901772003381815,55.61352209396622,54.83773659782252,49.24085442655762,47.06415092794208,False,2.3438575513741426,-2.0093253636999293,-0.4891359382271929,-11.012460657664533,-0.08358904255947408,5.277963713118027,107,101,6,1,2025-10-30
0022500142,MIL,252.2108333333333,56.58111930164248,63.92044189219998,51.585484366584836,48.37883615890144,48.445109415733526,54.57301530135172,True,SAC,241.275,63.93023797188547,58.820156115083066,67.5468790798881,39.31006009739924,46.60559596587573,43.76193575760629,False,-7.349118670242987,5.100285777116916,-15.961394713303264,9.068776061502206,1.8395134498577974,10.811079543745429,133,135,-2,0,2025-11-01
0022500143,CHA,232.05333333333334,53.34060273500344,51.12269449551827,59.97128964605837,41.96653642840725,52.953536543323374,55.88797566518354,True,MIN,228.32166666666666,57.34126488214727,57.02510566233311,55.16377625134131,57.78670662004628,50.84408035447067,47.84438936227848,False,-4.000662147143828,-5.902411166814844,4.807513394717063,-15.82017019163903,2.109456188852704,8.043586302905062,105,122,-17,0,2025-11-01
0022500144,IND,244.14111111111112,56.14283133160695,58.1700073272743,52.168723916496376,53.98318413303782,53.93369635957347,48.34420441373329,True,GSW,257.9375,58.88566243975985,61.989689578117,66.4509689578117,58.47377756239399,57.17353202487683,45.56287686297922,False,-2.742831108152899,-3.8196822508427033,-14.28224504131532,-4.490593429356174,-3.23983566530336,2.781327550754064,114,109,5,1,2025-11-01
0022500145,WAS,263.66333333333336,48.564606379347396,52.8586315882628,58.049138421471824,40.45721816963552,47.05142037193896,47.26166444909708,True,ORL,246.09027777777777,59.146060332420916,49.47442560036121,65.41869063408302,57.93149081468522,54.22050512176539,70.86191264721992,False,-10.58145395307352,3.384205987901595,-7.369552212611197,-17.4742726450497,-7.169084749826432,-23.60024819812284,94,125,-31,0,2025-11-01
0022500146,BOS,244.06277777777777,63.373162870208716,63.079012002831696,55.74233473628142,54.37257854877958,47.91662186186159,48.064952380906746,True,HOU,252.5125,61.29900169958583,43.76227084467766,53.15471181294655,65.90252957774368,70.45828754352095,59.193883141098624,False,2.0741611706228866,19.316741158154038,2.5876229233348695,-11.5299510289641,-22.54166568165936,-11.128930760191878,101,128,-27,0,2025-11-01
0022500147,DET,248.54,63.039332367694,48.76886081381937,56.76958638448539,52.00899385746091,56.093122502078806,56.729260911010755,True,DAL,235.00666666666666,56.97349011375564,54.88267141357692,53.27895520694448,48.01340813026581,48.637512410995434,46.83239628570976,False,6.065842253938364,-6.113810599757549,3.4906311775409122,3.995585727195099,7.455610091083372,9.896864625300992,122,110,12,1,2025-11-01
0022500148,OKC,238.36166666666668,62.47265499905606,65.25933513731468,63.434942932192214,72.80183707764344,48.12538043262922,55.91415898757439,True,NOP,270.25944444444445,60.77357713883983,53.15212635183887,55.42040169220112,46.33732688959374,50.655295734345806,44.92623955518922,False,1.699077860216228,12.107208785475812,8.014541239991097,26.4645101880497,-2.529915301716585,10.98791943238517,137,106,31,1,2025-11-02
0022500149,BKN,251.48222222222222,55.77144441400762,53.038274850442264,48.83336750112665,39.9312900403828,57.36798625040869,48.828557337789405,True,PHI,226.55333333333334,60.0535164641144,48.552508607244796,49.265129623635346,46.24839184298031,49.477481387752704,60.142455154305736,False,-4.282072050106784,4.485766243197467,-0.43176212250869384,-6.317101802597513,7.8905048626559875,-11.31389781651633,105,129,-24,0,2025-11-02
0022500150,CHA,212.04166666666669,51.74288989323377,48.9569529049584,56.8759677736294,42.76286107290233,52.97345254470426,53.76511501649693,True,UTA,214.20333333333335,52.51206641664462,57.971544171425904,52.473268389847654,35.69696705622383,52.99018845022642,53.93187850690607,False,-0.7691765234108487,-9.014591266467505,4.402699383781744,7.065894016678499,-0.016735905522160976,-0.16676349040913863,126,103,23,1,2025-11-02
0022500151,CLE,219.4311111111111,57.64584607672365,62.61161918698858,58.163475502309,59.65313335493803,57.11517763104594,41.13529085992581,True,ATL,228.21416666666667,60.328704761974315,57.98428109073957,56.80065958998066,55.3012729271116,57.60744001431404,59.9536585395541,False,-2.6828586852506646,4.627338096249005,1.3628159123283368,4.351860427826431,-0.49226238326809835,-18.818367679628288,117,109,8,1,2025-11-02
0022500152,TOR,244.7811111111111,54.28780611249052,52.704991988307015,65.78625801736699,43.25555689209861,48.806022614308475,47.70072179864608,True,MEM,246.28944444444446,56.656291039675544,55.075926924282854,55.92395194452778,56.42803408816636,49.051438348284876,48.71092689282175,False,-2.3684849271850226,-2.370934935975839,9.86230607283921,-13.172477196067753,-0.24541573397640093,-1.0102050941756744,117,104,13,1,2025-11-02
0022500153,NYK,272.44055555555553,60.44712506092053,60.33541373959253,59.0499898040959,47.772923655109274,42.07578442188205,54.101696175530655,True,CHI,240.00333333333333,57.25452840932765,58.187701559700564,61.339499451396506,46.476780878043364,51.96373105929085,44.53887723781614,False,3.192596651592879,2.1477121798919683,-2.289509647300605,1.29614277706591,-9.887946637408803,9.562818937714518,128,116,12,1,2025-11-02
0022500154,PHX,226.75166666666667,57.51670770519878,58.007334014450464,59.03150901745179,42.340424301671185,53.73701675597141,53.40011230284387,True,SAS,234.93666666666667,59.19149558036918,57.039402108369636,55.395022772094606,43.97958315006881,49.13850683162838,52.44938869367099,False,-1.674787875170395,0.9679319060808282,3.636486245357183,-1.6391588483976278,4.598509924343027,0.9507236091728828,130,118,12,1,2025-11-02
0022500155,LAL,246.82083333333333,66.52049338532787,56.811067407194834,55.174312226029905,49.153647213734665,56.35287798729398,63.19202525448622,True,MIA,240.8477777777778,56.127773651407296,58.06872575116602,55.8755825486822,55.11844872049196,49.668918127171146,47.20379994891585,False,10.392719733920572,-1.2576583439711868,-0.7012703226522987,-5.964801506757297,6.683959860122833,15.988225305570367,130,120,10,1,2025-11-02
0022500156,BKN,215.2936111111111,54.31659090879768,49.85624412140011,50.19125819133303,40.0250600923545,55.34566360925713,45.923955198707255,True,MIN,230.79833333333335,57.095912015540264,57.16821973006737,55.2694110057602,57.827824916894734,50.37884035365169,47.67828388556651,False,-2.779321106742586,-7.311975608667261,-5.07815281442717,-17.802764824540233,4.966823255605441,-1.7543286868592531,109,125,-16,0,2025-11-03
0022500157,IND,244.1861111111111,56.80431592478414,58.14878962994984,51.080111936478325,57.32505374998578,54.761577007519314,49.196069764917034,True,MIL,252.27,56.52051659817743,64.0073849447021,51.53213378082565,48.3782869324313,48.210225596032465,54.49173826670079,False,0.2837993266067116,-5.858595314752257,-0.4520218443473283,8.946766817554476,6.5513514114868485,-5.295668501783759,115,117,-2,0,2025-11-03
0022500158,BOS,239.4547619047619,63.058085332750004,62.72667667617902,54.95077905161528,55.00997106521761,48.20679022779927,48.654537398472264,True,UTA,230.50277777777777,51.834391005169856,55.83824489943481,54.17743700365144,36.04089249346236,52.08413010207156,54.80236000801354,False,11.223694327580148,6.888431776744206,0.7733420479638369,18.969078571755254,-3.8773398742722947,-6.147822609541272,103,105,-2,0,2025-11-03
0022500159,NYK,250.37194444444447,59.824304506961305,62.71495364119382,62.1569260844144,46.18216198344906,38.64092899563871,54.352713938268145,True,WAS,247.55555555555554,46.231199506283666,51.35459829443447,55.217430430879716,39.13092908438061,45.60434582585279,45.69659506211048,False,13.593105000677639,11.360355346759356,6.939495653534685,7.051232899068452,-6.963416830214079,8.656118876157663,119,102,17,1,2025-11-03
0022500160,HOU,247.06,61.63611943117731,43.83656736555222,52.740422029736365,65.5862786367684,70.28630562076688,58.994422407512346,True,DAL,225.5638888888889,55.176114182973535,55.80729652845338,54.29116042510744,47.95081093063064,46.42182554831718,46.08523260719476,False,6.460005248203778,-11.970729162901158,-1.5507383953710772,17.63546770613776,23.8644800724497,12.909189800317584,110,102,8,1,2025-11-03
0022500161,MEM,247.7043650793651,56.48008538724638,55.46738847993079,55.85421609541584,56.30296452344144,49.32357905529345,49.5581821125228,True,DET,216.36666666666665,64.03228316130027,47.96559210188467,56.43209443845325,50.99729497252607,55.99033405227752,56.22043204295767,False,-7.552197774053887,7.501796378046123,-0.5778783430374048,5.305669550915368,-6.666754996984068,-6.662249930434868,106,114,-8,0,2025-11-03
0022500162,DEN,244.12333333333333,66.34214809454237,61.235184401327196,64.07560932315633,44.30059532749839,52.24255362726491,61.317700069636935,True,SAC,238.43777777777777,64.08927136825821,58.74918660353971,68.38358924294249,38.98026296168579,46.29026067830415,43.83835846407916,False,2.252876726284157,2.4859977977874834,-4.307979919786163,5.320332365812604,5.9522929489607606,17.479341605557778,130,124,6,1,2025-11-03
0022500163,POR,223.89027777777778,54.45233714431051,52.5901080018114,52.38163659034373,50.84055061693166,55.774610579338834,62.59369584499956,True,LAL,180.21285714285713,59.39374337754032,50.906276968769745,43.96211605147705,50.30333661868989,55.602283631085285,54.588099248497926,False,-4.941406233229806,1.6838310330416562,8.419520538866685,0.5372139982417679,0.17232694825354855,8.005596596501633,115,123,-8,0,2025-11-03
0022500164,LAC,246.56833333333333,62.68289115255406,63.19434233917575,57.8260630927194,57.96094929735502,55.64272378853732,51.46917726371613,True,MIA,239.8672222222222,55.784636176032585,57.69471536336076,56.596114285449595,55.22170297919451,49.70171553243578,47.54063335965963,False,6.8982549765214785,5.499626975814991,1.2299488072698068,2.739246318160511,5.94100825610154,3.9285439040565038,119,120,-1,0,2025-11-03
0022500165,TOR,257.4865476190476,56.760544818106546,51.720972246816416,65.6436448136218,44.522221687956886,52.34917427493901,51.61484815513342,True,MIL,250.14186507936506,56.543684813776316,64.08930646498217,51.46676481203127,48.53019342198673,48.25890260685405,54.467748548564515,False,0.21686000433022912,-12.368334218165757,14.176880001590533,-4.007971734029844,4.090271668084959,-2.852900393431092,128,100,28,1,2025-11-04
0022500166,ATL,239.56273809523807,58.79325932945623,58.033049002473255,58.28859623709268,56.174277772283865,54.78100323655152,58.75269431856751,True,ORL,245.22333333333333,59.08642481392084,49.30458979084178,64.89023067407942,58.2452574815183,54.423142363909285,70.56642598534206,False,-0.2931654844646161,8.728459211631474,-6.6016344369867355,-2.070979709234436,0.35786087264223454,-11.813731666774558,127,112,15,1,2025-11-04
0022500167,CHI,240.00277777777777,56.854690339232185,57.952387125149016,61.12125901320587,46.83037812062361,52.34095554449602,44.19448038795847,True,PHI,263.4458333333333,61.99300298922928,50.58208202192102,51.689246682588134,47.99273306235205,52.055851666745745,61.723488510072194,False,-5.138312649997097,7.370305103227999,9.432012330617738,-1.1623549417284451,0.2851038777502737,-17.529008122113723,113,111,2,1,2025-11-04
0022500168,NOP,211.68083333333334,56.7077532868535,59.851476082309446,55.60245849687225,46.618960673235776,44.81451740106633,44.066378679864286,True,CHA,220.10714285714286,53.258508302233764,50.57544161393261,58.26238628373628,42.08080804802855,51.150437557466596,53.19691862021503,False,3.449244984619739,9.276034468376835,-2.6599277868640243,4.538152625207225,-6.335920156400263,-9.130539940350744,116,112,4,1,2025-11-04
0022500169,GSW,233.7547619047619,59.363454780651274,60.05000458355827,67.03243122116179,58.33341515833647,55.81095572282714,48.00025401371088,True,PHX,235.54468253968255,56.030836834449566,57.10101015444446,57.990142166265755,41.95341429169742,53.01951319855397,53.158457839971476,False,3.332617946201708,2.94899442911381,9.042289054896031,16.38000086663905,2.7914425242731653,-5.158203826260596,118,107,11,1,2025-11-04
0022500170,LAC,192.34666666666666,61.20592304404086,60.60973242756135,54.7339222584223,57.56255487776699,57.7483406696243,52.483882544852044,True,OKC,300.2267857142857,62.69810381437841,67.40560826042218,58.26299860621236,71.62681346045946,50.772928203084575,56.026124015991755,False,-1.492180770337555,-6.795875832860837,-3.529076347790067,-14.064258582692467,6.975412466539723,-3.542241471139711,107,126,-19,0,2025-11-04
0022500171,CLE,272.74261904761903,59.19083946519729,61.29487271708283,63.33119546685826,61.139391460697446,54.36030544524651,36.17336987766147,True,PHI,226.93095238095236,60.36164556032357,48.42149909244473,49.166621900934835,46.44216722099233,50.3905299493238,60.98828774872207,False,-1.1708060951262809,12.873373624638099,14.164573565923426,14.697224239705115,3.969775495922711,-24.8149178710606,132,121,11,1,2025-11-05
0022500172,DET,218.64107142857142,64.0279905367843,48.30135659389573,56.77502702025771,51.006264616121776,56.05198289216127,56.062347701740556,True,UTA,221.57380952380953,52.570793350597995,57.23164376054415,52.93682100987524,36.992772482565194,54.221304305777934,54.11308074015192,False,11.457197186186306,-8.93028716664842,3.8382060103824713,14.013492133556582,1.8306785863833355,1.9492669615886342,114,103,11,1,2025-11-05
0022500173,IND,222.74392857142857,57.38709648972315,57.541640010496785,50.76822787644792,55.41435793504072,56.97155045111058,47.838806969523766,True,BKN,233.72146825396825,56.268806887726385,53.401741507876096,48.49864505997761,38.36653870491959,57.84893653940614,47.196490417269466,False,1.1182896019967643,4.139898502620689,2.2695828164703045,17.047819230121128,-0.8773860882955589,0.6423165522543002,103,112,-9,0,2025-11-05
0022500174,BOS,239.4625,63.15428476970994,62.86396269422839,55.07593655930817,54.8946155452315,48.170872266012424,48.59689117552397,True,WAS,240.2968253968254,46.57934532027189,50.95424375937168,54.98567016982964,40.03658801614406,47.04940615772821,47.22750965077547,False,16.574939449438048,11.909718934856713,0.09026638947852916,14.858027529087444,1.121466108284217,1.3693815247485048,136,107,29,1,2025-11-05
0022500175,NYK,262.5885714285714,60.718387083904574,60.65094060477251,59.32421420315927,47.04659981696274,41.99826788602848,54.836521455374495,True,MIN,258.24285714285713,57.93929548290338,58.255060604943054,56.611152600296265,58.12006662855808,49.6023390680607,50.24167756004415,False,2.7790916010011912,2.3958799998294538,2.7130616028630072,-11.073466811595338,-7.6040711820322215,4.594843895330342,137,114,23,1,2025-11-05
0022500176,MEM,248.0572023809524,56.98790915881778,55.033945247363974,55.827705615136296,56.354745005292315,49.65108393537301,49.23643231649772,True,HOU,226.32222222222222,61.89545019392213,46.53822229859099,54.55767465265845,65.63947911041288,67.3139783494526,56.9631044724827,False,-4.907541035104352,8.495722948772986,1.270030962477847,-9.284734105120563,-17.662894414079588,-7.7266721559849785,109,124,-15,0,2025-11-05
0022500177,DAL,226.03214285714284,55.75354432313146,55.656251481300075,54.12274012861635,47.96722705894126,47.08965907714347,47.115655120838476,True,NOP,187.8395238095238,57.05066558840754,59.11999173560004,52.70226687927638,48.03163896233614,49.780644572494765,42.956313338529995,False,-1.2971212652760826,-3.463740254299964,1.4204732493399703,-0.0644119033948769,-2.690985495351292,4.159341782308481,99,101,-2,0,2025-11-05
0022500178,DEN,243.4361111111111,66.51210219427867,61.374089710966835,64.27695379805334,44.043160993644236,52.32484110592558,61.29996576788343,True,MIA,250.2404761904762,55.266425628680985,57.18885167600689,56.108407151216454,55.19703808717329,49.23514238684694,48.86193255710422,False,11.245676565597684,4.185238034959944,8.168546646836887,-11.153877093529054,3.0896987190786405,12.43803321077921,122,112,10,1,2025-11-05
0022500179,LAL,236.4082738095238,61.429822147369656,54.17622806993249,51.56905263014776,50.52843388619215,55.719261749309304,62.07499811062648,True,SAS,245.24722222222223,59.46044920658292,58.21770322463727,57.29948804494331,44.15387987178471,50.78263883382981,48.17172468229986,False,1.9693729407867337,-4.041475154704777,-5.730435414795551,6.374554014407437,4.9366229154794965,13.90327342832662,118,116,2,1,2025-11-05
0022500180,POR,230.25611111111112,54.509543617235046,52.35662800601263,52.42546119279877,52.39472757560852,54.690455900210495,61.59790621101249,True,OKC,244.4829365079365,60.23972771333086,66.41479734522323,58.195142201633836,70.40035367807343,47.698005671184895,58.19100298671357,False,-5.730184096095812,-14.058169339210608,-5.7696810088350645,-18.00562610246491,6.9924502290256,3.4069032242989223,121,119,2,1,2025-11-05
0022500181,SAC,201.25206349206348,56.366730815340155,51.71727739358682,67.19772061885593,46.018315892255465,40.488263868732886,42.72322836078561,True,GSW,176.44375,57.65384034099631,58.45886673042637,56.30757323509617,59.30374529181869,59.96554378756215,51.16026871529045,False,-1.287109525656156,-6.741589336839553,10.890147383759754,-13.285429399563228,-19.47727991882926,-8.437040354504838,121,116,5,1,2025-11-05
0022500182,PHX,258.8145833333333,56.42235915351242,56.978560906698014,59.44589434199194,42.271934541298066,52.32842929703536,51.92288544495386,True,LAC,186.68194444444444,60.7419333239095,59.384563550814825,51.128609797029796,54.940259566340764,56.00609548325659,48.710555444081855,False,-4.3195741703970825,-2.4060026441168105,8.317284544962142,-12.668325025042698,-3.6776661862212237,3.212330000872008,115,102,13,1,2025-11-06
0022500183,WAS,228.77962962962962,46.567909438971675,52.58999239118997,55.08157575217944,39.65567180126436,47.3882528877053,42.37425384881815,True,DAL,212.44689153439154,57.03405476065135,53.287901582623974,54.67040745010347,49.767642271006416,49.11597750698354,42.08717818247809,False,-10.466145321679676,-0.6979091914340003,0.4111683020759713,-10.111970469742054,-1.7277246192782414,0.28707566634005843,105,111,-6,0,2025-11-08
0022500184,PHI,264.4004166666667,62.32662974875544,50.70390978960258,51.63381424323271,47.988475182055,52.25812837536502,61.8804338858164,True,TOR,230.7736111111111,54.65969073426539,52.86847620022027,66.79693663222133,42.760099383916014,48.77888192091415,48.76417204082458,False,7.6669390144900476,-2.164566410617695,-15.163122388988619,5.228375798138984,3.479246454450866,13.116261844991818,130,120,10,1,2025-11-08
0022500185,ATL,193.26352513227513,56.06309759835627,51.269026257941725,56.8833445950397,59.09074034497609,55.763917304568615,55.26085226992555,True,LAL,226.3174537037037,62.21108173806173,54.36923679598696,51.808947138125596,50.834415563029395,56.14820204003022,60.5591075875271,False,-6.147984139705457,-3.100210538045232,5.074397456914106,8.256324781946695,-0.38428473546160546,-5.298255317601551,122,102,20,1,2025-11-08
0022500186,CLE,253.13022486772488,59.247373782081446,60.150195005446356,57.781061453039435,58.07532583428286,56.164358081053386,42.87347669555434,True,CHI,240.00208333333333,56.88825183809168,57.746334667233796,60.70631678544457,47.107821112663956,52.93836425031032,43.99904167498546,False,2.359121943989763,2.40386033821256,-2.9252553324051362,10.967504721618901,3.2259938307430644,-1.1255649794311253,128,122,6,1,2025-11-08
0022500187,MIA,211.6277777777778,54.42735848231083,59.20685252758599,53.505571452322826,53.814841746952624,42.95648894372544,49.000876801512085,True,POR,231.35972222222222,54.752023064131734,52.51935418029884,52.39511192887459,52.246645435499076,54.99690477191003,61.413561176035735,False,-0.32466458182090463,6.687498347287146,1.1104595234482346,1.5681963114535478,-12.040415828184592,-12.41268437452365,136,131,5,1,2025-11-08
0022500188,SAS,274.0729166666667,59.81241305917677,56.54699327277564,59.846398084451366,44.660471285774,48.8305796054882,46.9266238491549,True,NOP,194.19176587301587,56.72882434469691,59.18510201777514,52.6915305757022,48.01281078013112,49.44972844814154,42.87921128627668,False,3.083588714479859,-2.6381087449994993,7.154867508749163,-3.3523394943571176,-0.6191488426533454,4.047412562878222,126,119,7,1,2025-11-08
0022500189,DEN,179.92708333333331,65.19325536965206,59.96786198112661,59.25568922595959,43.84234122619117,54.77936316794999,58.352821165981595,True,IND,246.49513888888887,58.16002456663277,58.28323383659246,52.06561009485763,56.12979662096109,54.27644054283243,46.107067618852696,False,7.033230803019293,1.6846281445341518,7.19007913110196,-12.287455394769921,0.5029226251175558,12.2457535471289,117,100,17,1,2025-11-08
0022500190,LAC,225.07220238095238,60.25043114471467,61.07812873805311,56.295991127714835,55.88862291016137,54.21477742724358,55.35126974175618,True,PHX,281.0215277777778,54.56628199203798,58.335761066809006,56.83992963831524,41.91210028228692,49.360345976525785,55.07177200736088,False,5.684149152676689,2.7423676712441036,-0.5439385106004053,13.976522627874445,4.854431450717797,0.27949773439529935,103,114,-11,0,2025-11-08
0022500191,MIL,229.35,58.376549265638,62.12979596121083,52.29709727167761,49.77482660336378,50.97877818956955,56.8501553533002,True,HOU,249.3279761904762,61.72888586223443,43.330376058500114,53.396052961412934,66.30954004932306,70.21259898632276,58.23332075985208,False,-3.3523365965964302,18.799419902710717,-1.0989556897353268,-16.534713445959284,-19.233820796753207,-1.3831654065518748,115,122,-7,0,2025-11-09
0022500192,NYK,259.60555555555555,60.764346551392066,60.607985558065806,59.44075891233037,46.960495814773935,42.24060750742121,54.96909773142768,True,BKN,216.92146164021165,55.68466934107555,52.66871709932078,46.135420403813896,42.166379296020175,63.536985565661865,44.02437025609985,False,5.079677210316518,7.939268458745026,13.30533850851647,4.794116518753761,-21.296378058240656,10.94472747532783,134,98,36,1,2025-11-09
0022500193,ORL,244.14867724867725,59.15481426661264,49.12836635669566,64.7745115843629,58.48398787710671,54.601610931841776,70.9081581795521,True,BOS,239.49074074074073,63.19810059926542,62.563590257104195,54.53672947999227,55.55199907210517,48.1881483858496,49.00747234934427,False,-4.043286332652784,-13.435223900408538,10.23778210437063,2.931988805001545,6.413462545992175,21.900685830207834,107,111,-4,0,2025-11-09
0022500194,MEM,232.8672222222222,57.36969279107551,55.72193286112019,56.80159556829,56.63866270955552,48.77766419108648,50.719223068287164,True,OKC,261.4901388888889,62.036534201151625,65.63902462861091,60.38932060854217,71.98801803127269,50.33897262962434,56.41393754454212,False,-4.666841410076117,-9.917091767490724,-3.587725040252174,-15.34935532171717,-1.561308438537857,-5.694714476254958,100,114,-14,0,2025-11-09
0022500195,PHI,235.23703703703706,60.56721864470825,49.1038617470164,49.627930456277355,46.24797603677929,49.83126476052524,60.83727399880709,True,DET,206.27120370370372,64.4625024408265,46.61452151495985,57.17606347091589,51.10840649827694,54.82307049017183,59.597732980419444,False,-3.8952837961182496,2.4893402320565556,-7.5481330146385375,-4.86043046149765,-4.991805729646593,1.2395410183876479,108,111,-3,0,2025-11-09
0022500196,GSW,236.96305555555557,57.49812242180274,57.86194261412058,64.03483091011609,61.2043712861944,60.67315638748187,50.00191009862679,True,IND,257.92559523809524,57.48514834601976,57.4109335394959,53.106817416634286,55.768020031616715,53.055435960752185,44.57068551685689,False,0.012974075782977934,0.4510090746246789,10.9280134934818,5.436351254577687,7.617720426729683,5.4312245817698965,114,83,31,1,2025-11-09
0022500197,SAC,275.33618386243387,62.55531076235302,56.44581985404039,68.25457271078736,40.73717646904526,46.751217445070935,45.300133870673115,True,MIN,241.7738425925926,58.52869493701549,58.89492083491708,56.43840882826869,58.36824521309037,50.922972187621774,51.05802417388049,False,4.0266158253375295,-2.4491009808766933,11.816163882518666,-17.63106874404511,-4.171754742550839,-5.757890303207375,117,144,-27,0,2025-11-09
0022500198,CHA,228.5,52.77879082583678,51.20161520382527,57.58882081205932,41.69864008428559,49.31243293621849,54.24820994897261,True,LAL,254.22306878306878,65.61396452018143,56.4813787354188,55.355415972224534,49.642369811872086,54.437427957699114,62.60640785203846,False,-12.835173694344647,-5.279763531593531,2.233404839834783,-7.9437297275864935,-5.124995021480622,-8.35819790306585,111,121,-10,0,2025-11-10
0022500199,DET,171.4911111111111,64.59030302833966,50.239175337885996,54.2849386427544,46.66577017273328,53.85540844358632,59.39742628127964,True,WAS,245.46375661375663,48.57852353767245,54.20053497698449,57.740540247215876,39.538282098565176,47.30562411287132,43.28088545282431,False,16.01177949066721,-3.9613596390984966,-3.455601604461478,7.127488074168106,6.549784330714999,16.116540828455335,137,135,2,1,2025-11-10
0022500200,ORL,223.21166666666667,59.21259716114002,47.65402719391907,65.19709020585842,56.611879606054046,56.76779663548052,70.86395266250265,True,POR,233.64689153439153,55.05954738827443,52.25905389044937,52.43381866941279,52.46221599602122,55.27528027104166,61.7476785306367,False,4.153049772865586,-4.605026696530302,12.763271536445629,4.149663610032825,1.4925163644388633,9.116274131865957,115,112,3,1,2025-11-10
0022500201,MIA,214.465,54.45918836795437,59.351296637368954,53.53323930089603,53.915380909083844,42.84261145952331,49.226779816442466,True,CLE,275.40804894179894,59.79848222083744,61.8854234975102,60.454339821933765,56.941242918126036,51.34871754626138,41.64046686438507,False,-5.339293852883074,-2.5341268601412494,-6.9211005210377365,-3.025862009042193,-8.506106086738072,7.586312952057398,140,138,2,1,2025-11-10
0022500202,CHI,205.94444444444446,57.61273626472439,58.88660911788508,57.304611995324166,46.10787788867908,48.151061055660456,36.07358510925276,True,SAS,294.6351851851852,61.29178645280101,54.63280076428477,59.36374361262829,46.73296418043657,51.55433712752116,49.668293244053515,False,-3.679050188076623,4.253808353600313,-2.059131617304125,-0.6250862917574906,-3.4032760718607022,-13.594708134800754,117,121,-4,0,2025-11-10
0022500203,DAL,235.38634259259263,55.575724877049055,55.426875811928575,54.1973753157978,48.1048779734656,46.70905040865637,45.54251028459803,True,MIL,230.4030687830688,58.49972780620482,62.09613630862684,52.27326182227694,49.61695589601659,51.10667740545784,57.105119716706795,False,-2.924002929155762,-6.669260496698264,1.9241134935208564,-1.5120779225509935,-4.3976269968014705,-11.562609432108765,114,116,-2,0,2025-11-10
0022500204,PHX,262.4779629629629,53.92614039556055,58.245393228779,55.73732905972354,41.57685456486295,49.76092158706798,55.86731596424585,True,NOP,222.62847883597883,57.325496418363265,54.761574563121606,50.2934210808538,46.601911089565846,53.64677850546201,42.60439396561923,False,-3.3993560228027135,3.4838186656573953,5.4439079788697455,-5.025056524702897,-3.885856918394026,13.262921998626616,121,98,23,1,2025-11-10
0022500205,UTA,209.63518518518518,53.516955381041136,55.47017835216381,55.97523122178741,35.23089229084035,52.28033797690875,53.45297308920674,True,MIN,241.87537037037038,58.58611283588808,58.840356182821424,56.3017750953774,58.39223092394538,50.9513234930447,51.35064582731256,False,-5.069157454846945,-3.3701778306576102,-0.3265438735899906,-23.161338633105025,1.32901448386405,2.1023272618941817,113,120,-7,0,2025-11-10
0022500206,LAC,220.88740079365078,58.955046181415604,58.10367579965073,53.698738239439734,57.89659840694888,56.179052148807536,54.631205023240575,True,ATL,222.37050264550265,59.55602374843928,56.16969494759746,56.318935412739464,55.316251346571725,58.23574838456006,56.97329510445685,False,-0.6009775670236763,1.933980852053267,-2.6201971732997293,2.580347060377157,-2.0566962357525256,-2.342090081216277,102,105,-3,0,2025-11-10
0022500207,BKN,217.219417989418,53.42335975838928,54.322371132790174,46.1534671133253,39.74993800918633,59.478025194333284,44.82488948219821,True,TOR,224.2136111111111,56.15268524930963,50.88238324316221,69.43345742960892,43.01146649586394,50.67323373419941,51.45936161575968,False,-2.7293254909203455,3.4399878896279645,-23.279990316283623,-3.261528486677612,8.804791460133877,-6.634472133561474,109,119,-10,0,2025-11-11
0022500208,NYK,242.65803571428572,60.06141999043606,62.47227131612123,61.869736258443915,45.596192030530474,39.2681562048624,55.087246247065266,True,MEM,233.1992857142857,57.5069024347661,55.84784901938563,57.053133892225844,56.677127778509494,48.818133785021395,50.648521981183286,False,2.5545175556699604,6.624422296735602,4.816602366218071,-11.08093574797902,-9.549977580158995,4.43872426588198,133,120,13,1,2025-11-11
0022500209,PHI,234.63619047619048,60.77151141787895,48.889813612157425,49.325654914599305,46.346750389661,50.282035004546046,61.25097385132848,True,BOS,244.375,62.350743052003416,61.82380971867008,54.49947212276215,54.63163444160273,49.1665841432225,49.545411956147824,False,-1.5792316341244685,-12.933996106512652,-5.173817208162845,-8.28488405194173,1.115450861323545,11.705561895180658,102,100,2,1,2025-11-11
0022500210,OKC,260.08391534391535,61.9364486248435,65.47968617576825,60.500867210949,71.9423241603341,50.246966139947496,56.12323587728303,True,GSW,247.58916666666667,58.46034694571316,59.18365067130697,65.99616939351816,58.51378123033116,56.158628709522155,49.22976130225161,False,3.4761016791303376,6.29603550446128,-5.495302182569155,13.428542930002934,-5.911662569574659,6.893474575031419,126,102,24,1,2025-11-11
0022500211,UTA,223.67185185185184,52.22553153263545,55.83061379600407,53.439151766642276,35.833786184787904,52.718945909516925,54.092644397834206,True,IND,277.0383333333333,56.21423509381975,56.08808468142195,54.849105117823655,55.469458498523075,52.53044905538544,42.87470136028424,False,-3.988703561184302,-0.2574708854178738,-1.4099533511813789,-19.63567231373517,0.1884968541314862,11.217943037549965,152,128,24,1,2025-11-11
0022500212,SAC,270.94935846560844,62.68006186263111,56.134167201582,67.55570418513993,40.820952545286886,47.26966770743366,46.04481775962832,True,DEN,249.25185185185185,65.59315785758864,60.7943681461559,63.516069385420074,44.29978936966923,51.642456313709175,61.00202030520967,False,-2.913095994957523,-4.660200944573894,4.039634799719856,-3.4788368243823413,-4.372788606275513,-14.957202545581346,108,122,-14,0,2025-11-11
0022500213,CHA,219.72935185185185,52.88918315756294,49.703850528238235,58.49600640855733,42.615230394968215,51.26472453274799,52.89062213469252,True,MIL,198.92999999999998,52.75964074465055,66.96174701318722,47.439220663885116,48.2307914006602,44.82654283751403,51.33282115115087,False,0.129542412912393,-17.257896484948986,11.056785744672212,-5.615561005691987,6.438181695233958,1.5578009835416537,111,100,11,1,2025-11-12
0022500214,DET,155.06458333333333,66.13608953258723,49.858412220714484,51.35514906423399,49.164297134258575,53.351781381413666,52.34765387401856,True,CHI,243.4074074074074,56.94547831710286,57.855075699939135,60.929825243457095,47.027026552038954,52.39189478088862,43.86127799756544,False,9.190611215484374,-7.996663479224651,-9.574676179223104,2.137270582219621,0.9598866005250457,8.486375876453124,124,113,11,1,2025-11-12
0022500215,NYK,257.0387962962963,60.97612790114188,60.51073101444911,59.19928754089939,46.67945532793543,42.55912812556398,55.28795446772549,True,ORL,245.60958333333335,59.260271297774416,48.958963157992955,64.32844046191194,58.87037150762644,54.663567687878626,71.60512356657496,False,1.7158566033674632,11.551767856456152,-5.1291529210125475,-12.190916179691008,-12.104439562314646,-16.31716909884947,107,124,-17,0,2025-11-12
0022500216,BOS,241.9988888888889,62.759773231282054,61.676251497940754,54.02245946951088,55.40386847506187,48.9226405998191,49.59089368412514,True,MEM,206.98000000000002,56.02898347666441,57.988518214320216,53.8833655425645,56.44207733436402,50.92959223113344,55.74833670400112,False,6.730789754617646,3.6877332836205383,0.13909392694638,-1.0382088593021521,-2.006951631314344,-6.157443019875977,131,95,36,1,2025-11-12
0022500217,MIA,220.385,54.52490112000968,59.02774160370866,53.41826046842269,54.08548827430784,43.09771233674403,49.539455952083856,True,CLE,187.55560185185186,56.75237436997078,60.56896026635064,50.20216232174112,55.69487033598185,55.238822413402836,40.4284085009281,False,-2.2274732499611005,-1.541218662641981,3.216098146681567,-1.6093820616740047,-12.141110076658805,9.111047451155756,116,130,-14,0,2025-11-12
0022500218,HOU,248.26018518518518,61.67533240589137,43.35159610772748,53.578270258577284,66.26801294937734,70.16995237224985,58.26037870961245,True,WAS,247.25958333333332,48.59880489970897,54.239441848394826,57.86042839593343,39.58209017850673,47.466430522578335,43.412901517349646,False,13.076527506182394,-10.887845740667345,-4.282158137356149,26.685922770870604,22.703521849671517,14.847477192262808,135,112,23,1,2025-11-12
0022500219,NOP,223.1575,57.04793960916991,55.3244451788535,50.58168657662065,46.79097205884733,52.940038736965796,42.62521149770365,True,POR,234.4235185185185,55.28159630361952,52.24881802246173,52.38922178677876,52.58309627952575,55.59941811551901,61.80671177036904,False,1.7663433055503859,3.075627156391775,-1.8075352101581146,-5.792124220678417,-2.6593793785532114,-19.18150027266539,117,125,-8,0,2025-11-12
0022500220,SAS,288.81166666666667,61.24163160921862,54.597128847903576,59.45087436834077,46.67240243064973,51.207672435516415,49.46442478297308,True,GSW,268.5338888888889,58.19708085675096,60.66507393025089,65.39159468802819,58.821029416936824,58.08351377128068,46.84449948364117,False,3.0445507524676643,-6.067945082347315,-5.940720319687422,-12.148626986287091,-6.875841335764264,2.6199252993319107,120,125,-5,0,2025-11-12
0022500221,DAL,234.41944444444445,55.83102724224147,55.451809079167205,54.40212392316717,48.22358308350417,46.542575156118545,46.01062296484766,True,PHX,261.715,53.57006476510709,57.77688197721441,55.60919639047565,41.848904979335025,50.12887746849308,56.00684098853145,False,2.2609624771343775,-2.3250728980472033,-1.2070724673084854,6.374678104169142,-3.586302312374535,-9.996218023683788,114,123,-9,0,2025-11-12
0022500222,OKC,239.49702380952382,63.77114896049508,64.1858705869195,61.98778297771868,72.30390883672378,52.10696111642704,54.54317652133008,True,LAL,256.54047619047617,65.49631210149704,56.460850882159136,55.231023230345166,49.74360808189555,54.33481294142761,62.33888405245622,False,-1.725163141001957,7.725019704760371,6.756759747373515,22.560300754828226,-2.2278518250005703,-7.795707531126141,121,92,29,1,2025-11-12
0022500223,SAC,211.34464285714284,61.09058077671598,51.64534176010184,66.15822992798381,45.28329145296979,53.91195074621402,42.53224312163983,True,ATL,252.7047685185185,57.706315303889056,58.08959686708047,58.11747004583559,56.68467467618395,53.3001848885658,58.990426473150954,False,3.3842654728269252,-6.4442551069786305,8.040759882148222,-11.401383223214161,0.6117658576482157,-16.458183351511124,100,133,-33,0,2025-11-12
0022500224,LAC,208.7312037037037,59.58482294036678,59.48527270364109,54.1072246469742,58.27138864133696,57.60039923754501,54.34166247720173,True,DEN,248.37814814814814,65.68987550345128,60.80356647048034,63.68270595463011,44.13629322672568,51.748843981921226,60.932037991652514,False,-6.105052563084499,-1.318293766839254,-9.575481307655906,14.135095414611285,5.851555255623786,-6.590375514450784,116,130,-14,0,2025-11-12
0022500225,CLE,226.0948148148148,66.33847083164062,62.24920616719305,56.05189817120316,57.279654389505545,58.56787589932771,39.45870869696717,True,TOR,231.97,58.070776393499166,52.43873489387995,67.55669698667931,43.747754019916364,52.436291330775525,49.60991148280669,False,8.267694438141454,9.810471273313098,-11.50479881547615,13.53190036958918,6.131584568552185,-10.151202785839516,113,126,-13,0,2025-11-13
0022500226,PHX,234.34222222222223,49.98028737648643,60.867687095795326,56.31041307110208,41.65207057105467,45.3342213192482,55.04960672746773,True,IND,257.6019444444444,58.50338582244138,57.380370338819475,53.84468586870139,55.23263982867624,53.1051239692592,44.56649656046579,False,-8.52309844595495,3.4873167569758508,2.465727202400693,-13.580569257621569,-7.770902650011003,10.483110167001946,133,98,35,1,2025-11-13
0022500227,UTA,219.04666666666665,53.31451973704234,54.35871503789147,56.61713637885382,35.43189350823265,52.11213668320297,53.85348300647892,True,ATL,250.41907407407405,57.36805244246127,58.31978779275926,58.2600230872249,56.65164084205514,52.60520372146543,59.00586007186898,False,-4.053532705418931,-3.9610727548677858,-1.6428867083710799,-21.21974733382249,-0.4930670382624598,-5.152377065390063,122,132,-10,0,2025-11-13
0022500228,CLE,246.92333333333335,63.15370357870864,62.49551615211199,57.61218731860091,59.611595366983,56.29947892058264,41.43162497581345,True,MEM,263.6181481481481,60.25907120147127,55.30173483250886,53.211626384402805,56.78150235539902,53.7772373480722,55.80071375722061,False,2.8946323772373646,7.193781319603126,4.400560934198104,2.8300930115839833,2.5222415725104383,-14.369088781407164,108,100,8,1,2025-11-15
0022500229,CHA,224.27,53.481593614839255,49.736268040011296,58.21287213329171,42.45463132236441,51.72016170984378,54.984261530001035,True,OKC,238.42708333333334,63.85466693851001,64.65983215615458,58.75444985218518,71.4601567371032,48.08992272853044,53.26229546151922,False,-10.373073323670752,-14.923564116143282,-0.5415777188934712,-29.00552541473879,3.63023898131334,1.7219660684818123,96,109,-13,0,2025-11-15
0022500230,IND,230.515,57.58027894063294,53.8182294716902,56.158241329197665,55.365002277509056,54.964895993753125,46.10225847167621,True,TOR,242.0738888888889,57.830217357877416,52.100236153791435,67.74205258724953,44.3078481547186,52.8609894132416,48.90870417995327,False,-0.24993841724447918,1.7179933178987667,-11.583811258051867,11.057154122790458,2.103906580511527,-2.80644570827706,111,129,-18,0,2025-11-15
0022500231,MIL,240.435,58.73425804618019,61.277833926009116,52.23607835797617,49.609782269636284,51.535950811376594,57.526968397638285,True,LAL,234.92967592592592,62.47698972564879,54.6071651268376,58.87850223500689,49.2719948897237,51.822777817081196,59.571800840322396,False,-3.742731679468605,6.670668799171516,-6.642423877030723,0.3377873799125837,-0.28682700570460185,-2.044832442684111,95,119,-24,0,2025-11-15
0022500232,MIN,247.0975,58.79975009864527,59.13581042570915,56.33734187247275,58.5747822215927,51.02532232553277,51.64149009428781,True,DEN,195.00166666666667,63.11699387184725,56.811190502645275,63.972389979572824,45.00050085042009,52.01372808779412,58.091029991196656,False,-4.31724377320198,2.324619923063878,-7.635048107100076,13.57428137117261,-0.9884057622613511,-6.4495398969088455,112,123,-11,0,2025-11-15
0022500233,BOS,237.83333333333331,63.01637981779958,61.79624176594253,53.354773651016124,56.482800981079194,48.46919131044149,49.62847292196856,True,LAC,238.46972222222223,58.85956078747477,57.77640720753042,53.02237670517222,58.05602970794102,55.955133367734774,56.97263301950325,False,4.156819030324812,4.019834558412114,0.3323969458439038,-1.573228726861828,-7.485942057293286,-7.34416009753469,121,118,3,1,2025-11-16
0022500234,SAS,241.15670634920636,60.434346352212195,54.21154131649561,60.003710637998175,42.43814469581049,45.64515497316258,47.825876181368535,True,SAC,265.3435185185185,62.63065146159241,56.17931933098604,67.06257492907517,41.32123138768403,47.263802897013306,46.60133435297769,False,-2.196305109380212,-1.9677780144904276,-7.058864291076993,1.1169133081264633,-1.6186479238507232,1.2245418283908478,123,110,13,1,2025-11-16
0022500235,WAS,265.45796296296294,48.38947395590988,52.62656841112459,57.27612204764234,40.07224161180574,47.35410482094884,46.13662180482022,True,BKN,231.93068783068784,55.24234110263739,52.71551993959151,45.98451729101697,42.14134460213209,62.859164353061146,43.18748293402001,False,-6.852867146727512,-0.08895152846692156,11.291604756625368,-2.06910299032635,-15.505059532112305,2.949138870800212,106,129,-23,0,2025-11-16
0022500236,HOU,220.3,61.99699954607353,43.462175064306244,55.206793009532454,64.0144091390528,68.04342487517022,58.86551218036011,True,ORL,194.69166666666666,58.739483799169626,49.14344818730471,62.05226126781664,58.86870264948851,56.1850892436759,67.58845648064504,False,3.2575157469039056,-5.681273122998469,-6.8454682582841855,5.14570648956429,11.85833563149432,-8.722944300284922,117,113,4,1,2025-11-16
0022500237,NOP,258.5547023809524,60.10828241882129,53.267212174636526,54.42070032614909,48.68097772899213,53.88017836789166,43.35797364414932,True,GSW,262.4011111111111,57.831841624993125,61.509908918068604,65.65043085014037,58.92768323304865,57.4742427835248,46.63719659506743,False,2.276440793828165,-8.242696743432077,-11.229730523991279,-10.246705504056514,-3.5940644156331416,-3.2792229509181112,106,124,-18,0,2025-11-16
0022500238,DAL,265.36333333333334,57.64489630569408,53.534016882513285,54.08131869512241,48.96400909444912,48.9142446205831,46.27715873261363,True,POR,241.40738095238095,55.50666350399591,51.98589866368941,52.27684836243023,52.67019817321244,56.317857977672595,61.73601617374389,False,2.138232801698173,1.5481182188238733,1.8044703326921834,-3.706189078763323,-7.4036133570894975,-15.458857441130263,138,133,5,1,2025-11-16
0022500239,PHX,227.72555555555556,51.79271662283548,52.457625650758956,55.21098886086079,42.43215883641615,53.63116738959664,57.74505230645119,True,ATL,246.38833333333332,57.23338293885668,58.11860071837817,58.62545710362369,56.66728673570854,52.441529969627894,58.65602770146491,False,-5.4406663160212005,-5.660975067619212,-3.4144682427629007,-14.235127899292387,1.1896374199687472,-0.9109753950137147,122,124,-2,0,2025-11-16
0022500240,UTA,223.05444444444444,53.08996632610873,53.79477830524685,56.92243373565995,35.60428520191881,52.03216404564905,53.898873025081116,True,CHI,225.18,55.95850282736774,58.8566176688279,57.1700291618557,46.08046155668058,52.338458122390975,47.0480889362584,False,-2.8685365012590083,-5.061839363581051,-0.24759542619575114,-10.476176354761769,-0.30629407674192777,6.850784088822714,150,147,3,1,2025-11-16
0022500241,CLE,245.18333333333334,63.10007953232275,62.305737883216636,57.389362381891104,59.508161239888516,56.31206036299368,41.74680325936633,True,MIL,243.19916666666666,58.3430857424813,61.15795010262508,51.97295940569972,49.827225285174364,51.367775383002275,57.57335976864116,False,4.756993789841452,1.1477877805915568,5.416402976191385,9.680935954714151,4.9442849799914015,-15.82655650927483,118,106,12,1,2025-11-17
0022500242,DET,200.70111111111112,64.3209299621881,48.925158472244526,48.910870227148166,50.22282443212959,56.65046918856675,50.971047525210594,True,IND,264.2898611111111,58.85591477581169,53.97394359202622,53.833639990183336,51.03632869424195,55.354587266611205,44.24760532977412,False,5.465015186376412,-5.048785119781691,-4.92276976303517,-0.8135042621123603,1.295881921955548,6.723442195436476,127,112,15,1,2025-11-17
0022500243,PHI,242.44555555555556,59.68639159918302,52.96780621231495,54.353994558533955,47.02589424429769,50.48354498833644,59.70362167281485,True,LAC,205.85902116402116,57.64057925551609,59.806750214708764,58.139215001893604,56.90316683053885,58.49158074353808,62.96084050580912,False,2.045812343666931,-6.838944002393816,-3.7852204433596484,-9.877272586241162,-8.00803575520164,-3.257218832994269,110,108,2,1,2025-11-17
0022500244,MIA,229.335,54.699544334706864,58.53783184715227,53.666976984178895,53.554652945836146,42.639228639326745,49.733234496842314,True,NYK,192.52444444444444,58.55437375917633,58.3663116371947,56.34950424765687,45.31780495406067,48.55903954476199,55.77184431849846,False,-3.8548294244694645,0.17152020995757056,-2.682527263477972,8.236847991775477,-5.9198109054352415,-6.038609821656145,115,113,2,1,2025-11-17
0022500245,TOR,259.3131481481482,57.56944577948441,50.997345194677386,66.22466451616128,45.1696133160893,53.007966129897284,49.20480361104041,True,CHA,254.59976190476192,55.13261898460609,53.466107868652855,59.64098038097144,42.90596024198579,52.905753661910055,56.42180466155459,False,2.4368267948783213,-2.468762673975469,6.583684135189841,2.263653074103509,0.10221246798722916,-7.2170010505141775,110,108,2,1,2025-11-17
0022500246,MIN,245.62759259259258,58.86242422094876,59.26874076911072,56.40148606479698,58.536151083882636,51.08242265278135,51.734002040348436,True,DAL,228.2761111111111,52.699622533140904,56.97798888772613,56.087719063414916,48.015446450083594,42.108828246494866,44.38752337808326,False,6.162801687807857,2.290751881384594,0.31376700138206104,10.520704633799042,8.97359440628648,7.346478662265177,120,96,24,1,2025-11-17
0022500247,NOP,201.92393518518517,56.627921634407166,56.585058340404586,53.61698166503384,51.18434641574098,49.34000665358724,36.80100686357123,True,OKC,255.99685185185186,62.28025742504067,65.13829503111656,59.76898334253242,71.58694370518157,51.20648105481621,55.410507176452015,False,-5.652335790633508,-8.55323669071197,-6.152001677498582,-20.402597289440585,-1.8664744012289702,-18.609500312880783,109,126,-17,0,2025-11-17
0022500248,DEN,215.63,64.14935615019556,59.360739847578415,64.24820603193743,44.24239592511865,52.18436519346411,55.630227704864815,True,CHI,218.37833333333333,55.88119929480184,58.19252902073619,56.04730399078053,47.48056889038138,54.23291840613003,46.06955131385135,False,8.26815685539372,1.1682108268422269,8.200902041156901,-3.238172965262727,-2.0485532126659223,9.560676391013466,127,130,-3,0,2025-11-17
0022500249,ORL,219.1925,58.76436199535416,50.94665913903684,61.84716554322494,61.02120016271846,53.236301044363586,68.67702130634058,True,GSW,261.49,57.621951126238095,61.52476576542124,65.49020995066732,58.99702219332798,57.23212678623784,46.950840197393305,False,1.1424108691160626,-10.578106626384404,-3.643044407442382,2.024177969390479,-3.995825741874256,21.726181108947273,121,113,8,1,2025-11-18
0022500250,BKN,235.31619047619049,55.077645376838454,52.6302284261905,46.354345622101164,42.67847657862571,63.15076320816571,43.01925356183015,True,BOS,241.84583333333336,62.35067760108885,60.77653291525248,53.39329255896491,56.04657478076598,49.73144255121203,50.47052968292412,False,-7.273032224250393,-8.146304489061983,-7.038946936863745,-13.368098202140267,13.419320656953687,-7.451276121093976,99,113,-14,0,2025-11-18
0022500251,ATL,229.8088888888889,54.296152600228204,56.47290187982285,59.33051593594677,55.74703328369466,50.28114955421896,57.681376949504234,True,DET,250.95583333333335,63.72230239716816,46.00518185470882,51.81799818693196,50.95399422873215,58.799393319541615,54.59033988122255,False,-9.426149796939953,10.467720025114026,7.512517749014812,4.793039054962513,-8.518243765322651,3.091037068281686,112,120,-8,0,2025-11-18
0022500252,SAS,205.3334523809524,61.46785895880163,57.298753247476085,57.29373261031272,43.18774507899752,48.019110726396846,42.63292713472861,True,MEM,244.65,57.994811635670004,56.37480277948089,50.4139866475918,56.22109339873288,55.35804210096055,59.95576037136236,False,3.473047323131624,0.9239504679951978,6.879745962720925,-13.03334831973536,-7.338931374563707,-17.32283323663375,111,101,10,1,2025-11-18
0022500253,LAL,310.4801851851852,64.67240779366252,57.009808343467974,56.94437200918768,49.26298529219673,51.40326012335731,62.97229446284869,True,UTA,231.740582010582,49.828309181699936,53.53880301294756,55.92008783539887,37.72397113448102,50.81638373002835,54.764454400715394,False,14.844098611962579,3.4710053305204127,1.0242841737888142,11.539014157715712,0.5868763933289642,8.207840062133293,140,126,14,1,2025-11-18
0022500254,POR,245.30624999999998,55.85491180242384,51.34774932694676,51.73691813804173,52.37180004586105,57.03370905415849,62.124678593730124,True,PHX,241.66208333333333,50.706244083939524,50.40446180875844,55.48604008007048,43.4579560991674,53.42573135007733,55.72016798240805,False,5.148667718484319,0.9432875181883205,-3.7491219420287507,8.913843946693653,3.607977704081165,6.404510611322074,110,127,-17,0,2025-11-18
0022500255,CLE,225.375,64.27249177297098,58.76310889258642,56.95632760214457,60.05967831392124,60.719692364577554,39.15108838961272,True,HOU,224.51500000000001,61.85035817948318,43.975139003333105,55.44843848592151,63.97740462775315,67.3414656778686,58.44577719380294,False,2.4221335934878,14.787969889253318,1.5078891162230619,-3.9177263138319134,-6.621773313291044,-19.294688804190223,104,114,-10,0,2025-11-19
0022500256,IND,256.59919312169313,59.50689128285064,53.57271111623396,53.70721528061979,50.87745824647058,55.88194915082551,44.73957588520874,True,CHA,251.81819444444446,54.415734510843635,52.17560552669446,57.92905281643337,42.88558307332615,53.04125446544051,56.56220908434953,False,5.091156772007004,1.3971055895394997,-4.221837535813577,7.991875173144429,2.840694685385003,-11.822633199140796,127,118,9,1,2025-11-19
0022500257,MIA,263.0610119047619,55.97185427968571,57.323880504816806,55.402031101331055,54.978269639149886,47.504450850506565,49.02144288001267,True,GSW,151.22500000000002,54.234597454124646,56.08592053782994,55.89767124042541,59.262468727613374,57.02175896842452,58.95302261550165,False,1.7372568255610616,1.237959966986864,-0.49564013909435545,-4.284199088463488,-9.517308117917956,-9.931579735488981,110,96,14,1,2025-11-19
0022500258,PHI,211.5725,59.814667942824954,49.34681728485507,52.52966319661896,45.32522894043413,51.248417996982916,58.94817007551732,True,TOR,235.69666666666666,57.75647300909361,52.12155524756396,67.55610742621165,43.92414685542152,52.25204146572572,49.24793944193808,False,2.058194933731343,-2.7747379627088904,-15.026444229592691,1.401082085012611,-1.003623468742802,9.700230633579238,112,121,-9,0,2025-11-19
0022500259,MIN,212.66666666666669,59.749137147335425,60.78177429467084,58.71610031347962,57.22724999999999,52.34594043887147,53.4796754174646,True,WAS,237.9154761904762,50.1347353251705,55.05223864017333,57.43535809536199,40.0650701279466,44.25074231044439,47.04641891116973,False,9.614401822164922,5.729535654497511,1.2807422181176307,17.162179872053393,8.095198128427086,6.4332565062948674,120,109,11,1,2025-11-19
0022500260,NOP,249.07314814814814,58.38225376302514,54.238456499838286,54.40974301019707,47.807905679946764,50.94908969921822,43.43316623811694,True,DEN,189.2866666666667,60.999731447892074,59.847634099954206,63.839808227379976,44.9678996583665,49.65562110379318,53.535227873067306,False,-2.617477684866934,-5.60917760011592,-9.430065217182907,2.8400060215802654,1.2934685954250398,-10.102061634950367,118,125,-7,0,2025-11-19
0022500261,OKC,252.145,62.20107610039197,65.07658820652138,59.5145273552916,71.4159002425853,51.22058075049409,55.32650017431336,True,SAC,234.84214285714287,58.49787760167164,54.522098735016534,65.2650037461841,43.008880636131465,40.542703761493286,47.86823450737247,False,3.703198498720333,10.554489471504844,-5.7504763908925085,28.40701960645383,10.677876989000808,7.458265666940889,113,99,14,1,2025-11-19
0022500262,DAL,224.03462962962962,59.960822690275236,54.292573320758116,54.86554335597919,48.857257599891554,48.677917104415904,46.70010857671578,True,NYK,229.7654761904762,60.15943969782853,60.110939208198836,61.087113360932214,42.52013243317461,42.44600260099584,51.333701847057036,False,-0.19861700755329537,-5.81836588744072,-6.221570004953023,6.337125166716945,6.2319145034200645,-4.633593270341258,111,113,-2,0,2025-11-19
0022500263,POR,260.04277777777776,55.68840190823305,50.64823437169525,51.24096056845348,52.4022694983945,57.16050585694234,62.08527629395651,True,CHI,251.85,56.46052213619218,59.60664218119251,58.429769704189006,44.727669247567995,49.99908212560387,47.93438488518298,False,-0.7721202279591353,-8.95840780949726,-7.188809135735525,7.674600250826508,7.161423731338473,14.150891408773532,121,122,-1,0,2025-11-19
0022500264,ORL,224.23333333333335,58.63214731678311,51.23413928943065,61.943297903969075,60.92889326594321,53.00532927010555,68.65763943547735,True,LAC,210.1836111111111,57.57187247657803,59.66391633769944,58.036269610829684,56.91199070653833,58.407525959445515,63.295808334070784,False,1.0602748402050821,-8.42977704826879,3.9070282931393905,4.016902559404876,-5.402196689339966,5.361831101406565,129,101,28,1,2025-11-20
0022500265,MEM,204.35999999999999,57.07012461668951,57.60972548443923,51.484734455535985,54.097736836954404,55.567133979252304,63.487360304141646,True,SAC,247.58333333333334,58.044551329518676,54.543112083473574,63.67307101985863,43.2816479299899,41.87880780881857,48.73475740849937,False,-0.9744267128291639,3.0666134009656574,-12.188336564322647,10.816088906964502,13.688326170433733,14.752602895642276,137,96,41,1,2025-11-20
0022500266,MIL,208.27166666666668,52.947677312484494,65.81630562646544,46.94836391571906,48.84048878468026,45.57713403167338,51.93522630300908,True,PHI,233.73277777777776,59.88542091039388,51.667658223184596,53.13865359063889,46.66433129951346,51.47703716732546,59.613619795519845,False,-6.937743597909389,14.14864740328084,-6.190289674919832,2.1761574851668044,-5.899903135652082,-7.678393492510764,114,123,-9,0,2025-11-20
0022500267,SAS,204.98242063492063,62.1092891047374,57.973471205525364,57.9332416813908,43.03357097792164,47.86484504962389,42.976923125018295,True,ATL,251.76357142857142,57.00639006550931,57.943660955526106,59.48750282530757,56.97651207151078,52.58452677162152,58.518732987230834,False,5.102899039228092,0.029810249999258076,-1.5542611439167757,-13.942941093589141,-4.719681721997631,-15.541809862212538,135,126,9,1,2025-11-20
0022500268,CHA,271.0362962962963,55.29044797881382,54.03627947876326,56.3273678665424,43.138731179915766,53.00648573786755,54.78658786985672,True,LAC,217.84944444444443,56.91363785896988,59.246762927506,58.1423235720898,56.57436149838446,57.932376590356746,62.91857241227667,False,-1.6231898801560547,-5.210483448742735,-1.8149557055473977,-13.435630318468696,-4.9258908524891964,-8.13198454241995,116,131,-15,0,2025-11-22
0022500269,ORL,230.87166666666667,58.4160911906326,51.11238783451124,61.40006424925824,60.816468023360734,52.961496646766236,68.80931784640825,True,NYK,226.76916666666668,60.41202360697184,60.11542317260944,61.14668513870566,42.262100594216584,42.87580579370358,51.54223244292525,False,-1.9959324163392438,-9.0030353380982,0.25337911055258644,18.55436742914415,10.085690853062658,17.267085403483,133,121,12,1,2025-11-22
0022500270,NOP,229.01666666666665,54.69439997089004,57.16348009606288,51.723493195546176,46.43428716978386,47.85791208791209,42.02159894929632,True,ATL,237.62958333333333,59.80234117876036,59.10772280387368,57.99573075041513,55.03948161617083,55.002792511454274,61.47404917654083,False,-5.107941207870319,-1.944242707810801,-6.272237554868951,-8.605194446386975,-7.144880423542183,-19.452450227244512,98,115,-17,0,2025-11-22
0022500271,CHI,249.885,58.79040692051677,57.21277987874422,63.110222035469654,42.39093583048202,52.48902761937158,42.49963192592402,True,WAS,210.73246031746032,45.03480517123005,52.213519850830195,55.81216441218441,40.50199602369513,46.437653701432154,42.40774332440968,False,13.755601749286726,4.999260027914026,7.298057623285246,1.8889398067868939,6.051373917939429,0.09188860151434142,121,120,1,1,2025-11-22
0022500272,MIL,216.17999999999998,52.76305702038425,65.33107441329756,46.91989006075185,48.983442810004014,45.87619267894039,52.05353088863389,True,DET,306.69388888888886,62.594644678280375,47.57071980929229,55.43967618816446,51.12153432032302,55.924487137917104,55.257737215228765,False,-9.831587657896122,17.760354604005265,-8.519786127412615,-2.1380915103190077,-10.048294458976713,-3.2042063265948784,116,129,-13,0,2025-11-22
0022500273,DAL,233.0533333333333,56.930537359116656,53.89140540076664,51.72118399221924,48.562612277590254,48.98417601121346,45.98745677451364,True,MEM,210.65555555555557,56.69185874782425,57.26763225908539,51.44621367160715,53.96322828208239,55.7704765546706,63.275696375743415,False,0.23867861129240708,-3.376226858318752,0.27497032061209126,-5.400616004492136,-6.786300543457145,-17.288239601229776,96,102,-6,0,2025-11-22
0022500274,DEN,203.57333333333332,60.79851896122609,59.131177953890486,62.48198519779932,45.49015342546502,49.50043309536285,53.46360906919587,True,SAC,264.6048148148148,57.536814438862706,55.32285343762116,60.559804138386674,43.93368454424698,44.05026454545072,49.828190363462845,False,3.261704522363381,3.808324516269323,1.9221810594126438,1.5564688812180378,5.450168549912128,3.6354187057330236,123,128,-5,0,2025-11-22
0022500275,PHI,205.7238095238095,61.50829706958012,52.136082241562896,53.610116082588775,46.09436750613398,51.655368385722895,62.24737796545708,True,MIA,217.97722222222222,56.80845271804649,57.09092489276403,53.99898230956853,56.73240501683407,46.56310547228431,53.916778349868046,False,4.699844351533628,-4.954842651201133,-0.3888662269797578,-10.638037510700094,5.0922629134385815,8.330599615589037,117,127,-10,0,2025-11-23
0022500276,ATL,234.76018518518518,54.250567994919955,57.31157706248694,60.006217140423054,56.18739549027574,49.437711770482885,58.62976952176992,True,CHA,225.28595238095238,54.01859509765896,52.12651441571788,55.91401763473088,43.643838782668794,52.791763025685526,49.01079161821084,False,0.23197289726099513,5.185062646769062,4.092199505692172,12.543556707606946,-3.3540512552026414,9.618977903559085,113,110,3,1,2025-11-23
0022500277,BOS,237.98,62.47379611732079,60.69824495055607,53.04299030730874,56.67128610247361,49.342497268678045,50.91005583544541,True,ORL,209.265,58.05624925333907,49.434351181516256,61.452422367174,58.545983959732084,55.323358739715985,68.22531080190674,False,4.41754686398172,11.26389376903981,-8.40943205986526,-1.8746978572584752,-5.98086147103794,-17.31525496646133,138,129,9,1,2025-11-23
0022500278,CLE,210.95333333333332,61.11091868659735,61.60638292829378,57.63086938659419,55.293621812091146,55.81529564200613,40.81886374267158,True,LAC,237.8736111111111,59.2193664936445,59.783185982285175,58.762346951287164,59.65766344172034,61.29316502110715,57.1810014056798,False,1.891552192952851,1.8231969460086077,-1.1314775646929718,-4.364041629629192,-5.477869379101023,-16.36213766300822,120,105,15,1,2025-11-23
0022500279,TOR,244.58333333333331,54.053866439523,52.78542350936968,66.42067257240204,43.05734241908007,48.01777921635435,47.454234665552114,True,BKN,237.66333333333333,55.27604384353217,52.60592013913239,45.75598465616629,42.53760641804234,62.98664357143859,43.034101515924746,False,-1.222177404009173,0.1795033702372919,20.66468791623575,0.5197360010377352,-14.968864355084243,4.420133149627368,119,109,10,1,2025-11-23
0022500280,OKC,248.025,62.505128515270634,65.0311722608608,59.68798306622316,71.6140671303296,51.309036051473306,55.25666988114486,True,POR,252.335,56.319264073553015,49.59508853970581,50.44716811645893,53.17268247897967,57.93453279700926,61.839668154408585,False,6.185864441717619,15.436083721154986,9.240814949764228,18.441384651349935,-6.625496745535955,-6.582998273263726,122,95,27,1,2025-11-23
0022500281,PHX,204.49166666666667,51.13752068136436,53.24636945270793,59.05080891641876,42.3227254574351,52.6085806267574,59.60673455552064,True,SAS,209.60955026455025,61.75696965421095,57.593777659924775,57.63699940466282,43.107352912779,48.351869481188324,43.52450006282961,False,-10.619448972846591,-4.347408207216844,1.413809511755943,-0.7846274553439017,4.256711145569078,16.08223449269103,111,102,9,1,2025-11-23
0022500282,UTA,250.08333333333334,52.936304565144944,53.62029590136621,56.47733888703765,36.76215261579474,53.94049650116628,55.61119885055571,True,LAL,290.9316666666667,66.09158164288291,57.62660189391552,57.50642991767827,49.476403966567176,52.33333543386476,63.93108977480393,False,-13.15527707773797,-4.006305992549308,-1.0290910306406218,-12.714251350772436,1.6071610673015186,-8.31989092424822,106,108,-2,0,2025-11-23
0022500283,IND,254.2475925925926,60.993541509916334,55.39443630698276,51.7875609733003,48.529110002862474,55.068460679550476,48.119527844322064,True,DET,308.47738095238094,62.46266902335203,47.39166150176945,55.39229124617457,50.93454031128314,55.721662852489764,54.83846163449887,False,-1.4691275134356943,8.002774805213313,-3.6047302728742707,-2.4054303084206694,-0.6532021729392881,-6.718933790176806,117,122,-5,0,2025-11-24
0022500284,TOR,228.37333333333333,55.35904513078001,52.69824921181691,65.75224778141056,47.35610404016814,51.54625467071462,50.34897390522175,True,CLE,185.09,54.77094206422101,56.695057359482774,59.578456426603275,64.22744790822483,63.02759288274173,39.32082434055315,False,0.5881030665590004,-3.996808147665867,6.173791354807285,-16.87134386805669,-11.481338212027111,11.028149564668595,110,99,11,1,2025-11-24
0022500285,BKN,239.72333333333333,55.05569336874452,52.63577457346664,45.49543571061085,42.6915200856543,62.942331437629484,42.94766332373325,True,NYK,192.48333333333332,60.1003679972292,61.144933760498745,69.07530608710711,39.92585245475799,43.592184604727684,51.40169474137098,False,-5.044674628484678,-8.509159187032104,-23.57987037649626,2.76566763089631,19.3501468329018,-8.45403141763773,100,113,-13,0,2025-11-24
0022500286,MIA,305.7761111111111,57.42804757293372,59.29171725136583,56.49581647429038,53.33728926574818,46.967514902879195,50.181439355670186,True,DAL,258.63166666666666,56.11072890017335,55.20449803130579,54.85047525760573,48.42131796183762,45.67078277344228,44.58873958766075,False,1.317318672760372,4.087219220060042,1.645341216684649,4.91597130391056,1.2967321294369114,5.592699768009439,106,102,4,1,2025-11-24
0022500287,MEM,247.02277777777778,57.261434955390975,55.90275120827814,51.69775706693715,57.06665669607616,55.303467066689755,59.653778043633885,True,DEN,233.73833333333334,59.32031046112818,57.819008435358626,60.435129739095714,46.37370563949715,49.310383405945394,52.485742150788276,False,-2.0588755057372055,-1.9162572270804858,-8.737372672158564,10.692951056579005,5.993083660744361,7.168035892845609,115,125,-10,0,2025-11-24
0022500288,MIL,221.4622222222222,52.7782004455237,64.86680697987116,46.804064400248855,49.12069828814546,46.64875022577215,52.57253503033005,True,POR,246.47648148148147,56.05525453934829,49.03710150393735,49.90569823730459,53.32140817281793,57.928133703688964,61.51484342142894,False,-3.2770540938245887,15.829705475933807,-3.1016338370557364,-4.20070988467247,-11.279383477916817,-8.94230839109889,103,115,-12,0,2025-11-24
0022500289,NOP,229.69083333333333,57.01753734186171,51.24273098984504,53.29024884899629,44.415422542620696,52.85817130998552,46.214611874245996,True,CHI,194.88888888888889,56.811938996579244,60.042687856328385,62.2038244013683,44.13118301026225,45.461412200684144,47.90247633868556,False,0.20559834528246768,-8.799956866483342,-8.91357555237201,0.28423953235844834,7.396759109301378,-1.6878644644395635,143,130,13,1,2025-11-24
0022500290,PHX,182.63611111111112,45.652590609743115,56.653690854613764,60.37786916911284,42.44683873518989,46.56211440478182,59.45943584796869,True,HOU,224.805,58.42708347234269,38.61149069934683,50.37953930443421,70.12282644958964,70.59600172000918,49.83241253530838,False,-12.774492862599573,18.042200155266933,9.998329864678631,-27.675987714399746,-24.03388731522736,9.627023312660313,92,114,-22,0,2025-11-24
0022500291,GSW,207.48333333333335,57.303867780544614,62.81042011406538,64.00316009318017,56.77791147883364,53.034806008514735,51.37852755029995,True,UTA,241.795,53.96557758983161,53.04580326309477,58.46190574660353,36.17414614308264,53.560784273179074,55.54750882949434,False,3.3382901907130034,9.764616850970611,5.541254346576643,20.603765335751,-0.5259782646643387,-4.168981279194391,134,117,17,1,2025-11-24
0022500292,SAC,261.27666666666664,57.674322238240435,55.21041552377429,60.11179847671052,43.72562673028591,44.66508809308141,50.49654623998279,True,MIN,256.56458333333336,58.73047218455392,58.81813838296075,55.628962493199396,58.387875372510166,50.58058870817126,52.938768664213335,False,-1.0561499463134822,-3.6077228591864596,4.482835983511123,-14.662248642224256,-5.915500615089854,-2.4422224242305433,117,112,5,1,2025-11-24
0022500293,MIN,257.18833333333333,59.30420055342064,58.815734254405015,55.760505595769644,58.48862830740119,51.127480510391216,53.50956567859035,True,BOS,248.07944444444445,61.639255346069696,60.53705063118222,53.17712403956618,56.877737642287535,49.15825620376985,51.54354066730528,False,-2.3350547926490535,-1.721316376777203,2.583381556203463,1.6108906651136579,1.9692243066213635,1.966025011285069,119,115,4,1,2025-11-29
0022500294,CHA,272.9916666666667,54.102380414542566,52.327716352758024,58.825226655270306,42.097910192618826,51.18707164443359,52.68514037969734,True,TOR,231.48166666666668,55.51068119145504,52.874126820698535,66.12622813901748,47.51850038519969,51.60956231235014,49.79820415054173,False,-1.4083007769124762,-0.5464104679405111,-7.301001483747179,-5.42059019258086,-0.42249066791655565,2.8869362291556087,118,111,7,1,2025-11-29
0022500295,IND,251.20314814814813,61.08830329149272,55.53765054401153,52.287581100437386,48.15699050569224,54.236122453643475,47.80002449614513,True,CHI,217.67666666666668,52.51310047011623,54.71751604061069,61.49900770255578,46.38375648898213,47.995272805231004,44.21479028528552,False,8.575202821376493,0.8201345034008369,-9.211426602118394,1.7732340167101128,6.240849648412471,3.5852342108596105,103,101,2,1,2025-11-29
0022500296,MIA,290.86833333333334,57.30530365973149,58.96697474802459,56.44089192704603,53.820331650632305,47.228758716716044,50.75336320557411,True,DET,269.22333333333336,59.60592940185967,49.54517253333663,56.50391496527047,51.627150321294586,50.49990528309829,56.04506085550979,False,-2.300625742128176,9.421802214687958,-0.06302303822443633,2.193181329337719,-3.2711465663822494,-5.291697649935678,135,138,-3,0,2025-11-29
0022500297,MIL,268.0733333333333,57.43290268831912,60.23209009972396,51.66269677451444,51.304570888562836,51.41756857576285,56.76270050483699,True,BKN,199.11592592592592,53.269838061951624,48.78042653358457,46.30368508574011,44.01098215630946,62.09857602029714,36.36749724164305,False,4.163064626367493,11.451663566139395,5.3590116887743235,7.293588732253376,-10.681007444534288,20.39520326319394,116,99,17,1,2025-11-29
0022500298,GSW,219.93166666666667,56.586013837631384,56.51296993763214,63.31554346425784,61.851309118741426,58.7626694655158,54.030153712904536,True,NOP,231.36166666666668,57.07136733973505,51.190027158057006,53.10131035824142,43.99578725948551,52.200991233062226,46.07424530373011,False,-0.48535350210366346,5.322942779575136,10.214233106016422,17.855521859255916,6.561678232453573,7.955908409174427,104,96,8,1,2025-11-29
0022500299,PHX,223.84722222222223,48.83228665384377,61.30691021902339,61.67298976236272,43.78026307625488,45.557749457094985,56.97077139178512,True,DEN,220.87833333333333,60.12937590075985,58.18032702770002,60.40263795302089,46.623787605544535,48.856762772868926,53.13357278139549,False,-11.29708924691608,3.126583191323377,1.2703518093418253,-2.8435245292896525,-3.2990133157739407,3.8371986103896276,112,130,-18,0,2025-11-29
0022500300,LAC,241.52481481481482,59.43428134828566,59.76680150954506,58.738429606957034,58.575679594305925,61.394080586765874,56.83456612308062,True,DAL,226.32,52.552255655708734,56.66046379757275,55.70083289148109,48.00306424531637,41.718863408742784,43.55279507949384,False,6.882025692576924,3.1063377119723086,3.0375967154759422,10.572615348989558,19.67521717802309,13.28177104358678,110,114,-4,0,2025-11-29
0022500301,UTA,238.16,55.169675148359644,53.524787957675514,60.126284850520655,36.58473575187549,54.26470230097413,56.76681806066851,True,HOU,241.51500000000001,60.489488575588815,45.41057629270783,55.90380169623695,63.74861257754867,65.2963383916803,56.38570137120538,False,-5.319813427229171,8.114211664967684,4.222483154283708,-27.163876825673178,-11.031636090706165,0.38111668946313415,101,129,-28,0,2025-11-30
0022500302,CLE,251.95055555555555,56.869311438972815,59.82939575886803,59.77463611687478,56.47426082278049,52.71022797682967,40.972647627611266,True,BOS,189.70333333333335,58.03954420059391,60.42895222364745,52.56539948340391,52.64563001880128,47.977628226529134,51.02449425257162,False,-1.1702327616210937,-0.5995564647794183,7.209236633470873,3.828630803979209,4.732599750300537,-10.051846624960355,115,117,-2,0,2025-11-30
0022500303,NYK,220.75,60.148737636844096,58.40216459041147,65.5889369573424,42.80970252925633,46.7822355605889,51.430465968363364,True,TOR,207.04833333333332,51.90359980358854,54.2368987917475,67.28961353629185,45.701977799064636,46.4068558871117,46.68005660626808,False,8.245137833255555,4.165265798663974,-1.7006765789494551,-2.8922752698083087,0.37537967347719814,4.750409362095283,116,94,22,1,2025-11-30
0022500304,PHI,273.25,62.00194286876081,51.61971515706008,51.60666443021247,48.41595974382434,54.08407969909525,59.66309054522986,True,ATL,253.195,57.57901156552591,58.283295483718085,59.35202709374198,57.40095841808356,52.2381445131223,59.15499282336461,False,4.422931303234897,-6.663580326658007,-7.745362663529512,-8.984998674259224,1.845935185972948,0.5080977218652549,134,142,-8,0,2025-11-30
0022500305,POR,215.49666666666667,55.02562297947377,49.960302556884095,51.07088122012715,51.956860894986775,53.98200358860926,57.36095308923052,True,OKC,262.88388888888886,62.62742465516039,69.75574915837369,59.29443374873994,70.23068929882437,47.04834263542629,51.29500118771817,False,-7.601801675686616,-19.795446601489594,-8.223552528612792,-18.273828403837598,6.933660953182972,6.065951901512349,115,123,-8,0,2025-11-30
0022500306,MIN,254.19166666666666,59.62538832246009,58.96388027407141,56.00470183260663,58.52356227256336,51.44483755696161,53.396450095933666,True,SAS,232.925,61.394821652177015,57.370303030303035,57.151800651139496,43.85928517763229,48.53902901506207,47.4941983516289,False,-1.7694333297169251,1.5935772437683724,-1.1470988185328679,14.664277094931073,2.905808541899539,5.902251744304763,125,112,13,1,2025-11-30
0022500307,SAC,233.01833333333335,59.159760676913834,54.74928796732732,56.865996953029445,45.26950669117594,48.56650048994714,56.15152501885422,True,MEM,241.91865079365078,58.01997703543924,57.90559797255735,51.350627178557666,56.02250185766893,55.50422462621077,59.89191078028331,False,1.1397836414745939,-3.156310005230033,5.515369774471779,-10.752995166492987,-6.937724136263633,-3.7403857614290885,107,115,-8,0,2025-11-30
0022500308,LAL,261.23344576719575,62.72575889153454,56.839578961700745,55.14540332509362,48.28337302049747,49.58069272863725,61.399748149570094,True,NOP,175.33333333333334,49.01754467680608,48.330480038022806,47.43423764258555,40.75382319391635,51.25771958174904,46.750342274213736,False,13.708214214728457,8.50909892367794,7.711165682508067,7.529549826581125,-1.6770268531117907,14.649405875356358,133,121,12,1,2025-11-30
0022500309,DET,271.2916666666667,62.176448471816926,42.35659530026109,55.121639072339114,52.155773306711716,60.32922930425434,58.13626085230482,True,ATL,256.84,57.54801043451176,57.99485996469917,59.220298629496966,57.4891294190936,52.47826662513628,59.33263008901362,False,4.628438037305166,-15.638264664438076,-4.098659557157852,-5.333356112381885,7.850962679118062,-1.1963692367087972,99,98,1,1,2025-12-01
0022500310,IND,260.0142592592593,61.35128792794127,55.317393632970266,52.56749238111585,47.7731567428282,54.02605369933415,48.16810198368563,True,CLE,233.025,56.861460501376826,56.70824589636305,55.11331116117727,57.38711368594214,59.05190215642099,42.585045740267056,False,4.489827426564446,-1.3908522633927873,-2.545818780061424,-9.61395694311394,-5.025848457086838,5.583056243418575,119,135,-16,0,2025-12-01
0022500311,WAS,209.65555555555557,49.704010546398855,54.06646112671577,57.950581111876616,42.85977979755154,47.71832662038263,47.691678348341924,True,MIL,257.3833333333333,58.00532733277213,58.97928964579421,52.71383345204947,50.99332836884025,54.1324878585767,55.010540050508325,False,-8.301316786373278,-4.912828519078438,5.236747659827145,-8.133548571288713,-6.414161238194069,-7.3188617021664015,129,126,3,1,2025-12-01
0022500312,BKN,234.8461904761905,53.814743591043374,51.480109879414485,45.166135484825936,45.438683373312216,64.45901461341465,45.61124384355901,True,CHA,257.2940476190476,54.01920306116312,50.43653370471991,58.14493968823886,42.727047893136906,53.669102796041216,55.661758623290964,False,-0.20445947011974397,1.0435761746945715,-12.97880420341292,2.7116354801753104,10.789911817373437,-10.050514779731955,116,103,13,1,2025-12-01
0022500313,MIA,287.6144444444445,57.33096487195434,58.97706072558556,56.52867785963462,53.729793357619954,47.07457379284767,50.226337248845816,True,LAC,250.30833333333334,59.13537770083564,58.58973665812165,58.14438259479975,58.33216233312248,60.51311049705363,56.4480734445896,False,-1.804412828881297,0.3873240674639078,-1.6157047351651315,-4.602368975502529,-13.438536704205958,-6.221736195743787,140,123,17,1,2025-12-01
0022500314,ORL,240.17,57.339995281120316,51.879807358676494,61.542463671565976,60.14817976155779,50.54675715812411,68.61258598116946,True,CHI,214.78666666666666,53.44329412129865,56.26087487325926,63.49943147722805,46.59955356219091,48.56936520992406,43.22818751126995,False,3.896701159821667,-4.381067514582767,-1.9569678056620745,13.548626199366879,1.9773919482000508,25.38439846989951,125,120,5,1,2025-12-01
0022500315,DEN,223.1977777777778,60.293361144575314,58.083982815440216,60.10040298091378,46.62503509592887,48.95316087376417,53.03261045268581,True,DAL,231.55166666666665,56.755002843137966,55.395322858109424,58.204790867409,49.38809912834429,45.9833269752611,42.801483503962466,False,3.5383583014373485,2.688659957330792,1.8956121135047752,-2.7630640324154143,2.969833898503069,10.231126948723343,121,131,-10,0,2025-12-01
0022500316,UTA,259.80833333333334,52.98634762805914,53.39934759598422,57.02730281938609,36.586032010777174,53.50711742630785,55.95976314318415,True,HOU,242.26,60.06521505820193,45.900695533724104,56.01677192547951,63.647497867305106,64.3083869946889,55.761991937037344,False,-7.078867430142786,7.498652062260113,1.0105308939065765,-27.06146585652793,-10.801269568381052,0.197771206146804,133,125,8,1,2025-12-01
0022500317,LAL,273.87074074074076,65.06066264025608,57.82905912629775,57.280654769552,46.148346949290755,53.71152030357657,64.41866720253127,True,PHX,245.7845238095238,50.80521653209596,51.69511786843877,57.227654982345165,44.78740941300694,54.734844206355746,57.150076884995194,False,14.255446108160122,6.133941257858979,0.0529997872068364,1.3609375362838136,-1.0233239027791754,7.2685903175360735,108,125,-17,0,2025-12-01
0022500318,PHI,222.11296296296297,60.462684403164886,48.86200773713742,48.58586221558933,47.395717060888266,52.7817174277353,54.668999453764506,True,WAS,206.47333333333333,50.606809596073745,54.40298343611766,57.69449485002099,43.276290723580125,48.71752203674406,49.00406852613598,False,9.85587480709114,-5.54097569898024,-9.108632634431657,4.119426337308141,4.0641953909912445,5.664930927628525,121,102,19,1,2025-12-02
0022500319,TOR,237.36333333333332,55.529698493168006,52.823301127666454,65.81491454731845,47.68865943911584,51.848064851353065,49.92319859887426,True,POR,243.745,56.280508318119345,46.98184236257838,48.53749136734428,53.67674482211601,58.79655514301148,61.39458994878938,False,-0.7508098249513395,5.841458765088078,17.27742317997417,-5.988085383000168,-6.948490291658416,-11.471391349915123,121,118,3,1,2025-12-02
0022500320,BOS,252.26333333333332,60.61215528746416,60.36754581852298,53.366371780811065,57.02750498817374,49.36818668322785,52.16500328167945,True,NYK,226.78166666666667,59.48179526563728,58.319936943756474,65.57938325408433,43.02331243707237,46.48137930020798,51.34918588311783,False,1.1303600218268812,2.047608874766503,-12.21301147327327,14.004192551101369,2.886807383019864,0.8158173985616202,123,117,6,1,2025-12-02
0022500321,NOP,203.50388888888887,49.914769032532824,54.43860150092682,51.072013911828066,42.59176810707958,44.17964112069931,46.76834820374693,True,MIN,252.74833333333333,59.73801212009311,59.13516277720262,56.16631365851406,58.49624593633983,51.59270420510521,53.239820250494994,False,-9.823243087560286,-4.696561276275801,-5.094299746685998,-15.904477829260252,-7.4130630844058985,-6.471472046748062,142,149,-7,0,2025-12-02
0022500322,SAS,235.5011111111111,61.19876811149747,57.252185882586076,57.04297880170417,43.8119839019396,48.746671872272366,47.240809009629714,True,MEM,249.24440476190475,57.61911653936923,57.11929555661803,51.128668265467105,55.888812568271824,55.927381471523695,59.728997179649035,False,3.579651572128242,0.13289032596804873,5.914310536237068,-12.076828666332226,-7.18070959925133,-12.48818817001932,126,119,7,1,2025-12-02
0022500323,GSW,232.44166666666666,55.60652350051985,57.79738644104256,62.239513856523146,61.006322016276485,56.567072025239305,51.82410112537405,True,OKC,241.13722222222222,64.42478395196834,68.84098933986411,61.70368715830313,70.74506078834781,47.70278080484371,49.61109060911384,False,-8.818260451448488,-11.043602898821547,0.5358266982200135,-9.73873877207133,8.864291220395593,2.213010516260212,112,124,-12,0,2025-12-02
0022500324,CLE,244.66071428571428,58.507090674646626,59.939010583169114,59.434620441330324,56.48460628177992,52.97776123397319,41.2138024802333,True,POR,247.82722222222222,56.27841910470781,46.423625330371294,47.948638052047905,53.16805054596729,58.3000567151398,60.6918828063226,False,2.228671569938818,13.51538525279782,11.48598238928242,3.316555735812628,-5.322295481166613,-19.478080326089305,110,122,-12,0,2025-12-03
0022500325,IND,268.215,59.97331514725956,55.69503632036489,51.12101444322238,49.2953644153633,53.79359821204797,50.07218113766999,True,DEN,228.86916666666667,59.93040492566713,57.65042400498101,59.01843484086614,47.34912886911373,48.69253612871983,53.02162397190032,False,0.042910221592428854,-1.9553876846161202,-7.897420397643764,1.946235546249575,5.101062083328138,-2.949442834230325,120,135,-15,0,2025-12-03
0022500326,ORL,242.54166666666666,57.25460779934719,52.148728397182616,61.74643188455592,60.03839477752963,50.50403367119052,68.20994014814279,True,SAS,238.23666666666665,61.52598536469337,57.50785353500021,57.062922723902005,43.621810244714645,48.72828559835458,47.42869985583537,False,-4.271377565346178,-5.359125137817593,4.683509160653912,16.416584532814987,1.7757480728359383,20.781240292307423,112,114,-2,0,2025-12-03
0022500327,ATL,257.23833333333334,57.49545557621661,57.59703971025572,59.30022676765386,57.47807804694738,52.70008422798572,59.21093849009953,True,LAC,231.205,60.2965391463564,58.92223279485017,57.29815459584928,58.85333434253872,63.00842686504761,58.42144830657918,False,-2.801083570139795,-1.3251930845944457,2.0020721718045777,-1.3752562955913419,-10.308342637061891,0.7894901835203498,92,115,-23,0,2025-12-03
0022500328,NYK,214.91222222222223,58.12432259165241,60.66922748822517,69.77682335423765,41.457136246839795,42.354298137223985,50.741454860958626,True,CHA,251.19069444444443,53.09472512306664,48.87395924853462,56.88307632592105,42.41843364907029,53.3662148002873,55.91774065127372,False,5.02959746858577,11.79526823969055,12.893747028316596,-0.9612974022304925,-11.011916663063317,-5.176285790315092,119,104,15,1,2025-12-03
0022500329,CHI,203.47583333333336,53.718954339376914,54.85284984703343,62.38818614823217,47.185173505453136,50.46325566918266,43.881062335119935,True,BKN,234.88,53.72527957538601,51.30040517143506,45.44207041893733,45.219729933015444,63.913352917802,45.75675619019395,False,-0.006325236009097068,3.552444675598373,16.946115729294846,1.9654435724376924,-13.450097248619343,-1.8756938550740117,103,113,-10,0,2025-12-03
0022500330,HOU,244.32333333333332,59.9247192927405,46.63522449759199,56.139187142720715,63.33134780413933,63.53458531727084,55.04145121901306,True,SAC,234.39555555555555,59.115506077096654,54.68246885606478,57.005813297559676,45.05539330476497,48.22934237471321,56.568165754498644,False,0.8092132156438439,-8.047244358472788,-0.8666261548389613,18.275954499374357,15.305242942557626,-1.5267145354855813,121,95,26,1,2025-12-03
0022500331,MIL,274.93847222222223,56.9874998295073,59.12902533243549,52.378176783997624,52.18632582946588,51.65178188857405,55.1733227181637,True,DET,253.3061111111111,62.963335753184005,42.2225109715737,56.07778533219579,51.85649378990286,60.21622476976693,57.43620612587372,False,-5.975835923676705,16.90651436086179,-3.6996085481981638,0.32983203956301566,-8.564442881192882,-2.2628834077100137,113,109,4,1,2025-12-03
0022500332,DAL,256.26452380952384,60.45149543208236,53.71537018575486,56.469060801199646,49.92575705349104,50.94884108775252,43.69865353031692,True,MIA,277.4583333333333,57.306252290133656,59.197162036341794,56.5309566000901,53.67539690644241,46.91676197627272,49.951163806798874,False,3.145243141948704,-5.481791850586937,-0.061895798890454046,-3.7496398529513684,4.032079111479803,-6.2525102764819565,118,108,10,1,2025-12-03
0022500333,PHI,262.15809523809526,62.08442297632108,50.2059001111652,50.633304785189594,46.999769586509046,53.57458694499139,58.8066285317222,True,GSW,238.64333333333335,50.55375316022516,60.786481220231025,59.114476275613534,61.28348721243697,55.9874436048217,48.33690642270149,False,11.530669816095916,-10.580581109065825,-8.48117149042394,-14.28371762592792,-2.412856659830311,10.469722109020708,99,98,1,1,2025-12-04
0022500334,WAS,186.51071428571427,51.66418142708513,56.595369090247594,57.50633462905872,43.51613388736764,50.3006359905278,45.23184662809766,True,BOS,218.84666666666666,58.823130857728906,62.72440013809771,51.875643779003056,57.23252429402626,49.12099516658035,50.51855798873739,False,-7.158949430643773,-6.129031047850113,5.6306908500556645,-13.716390406658626,1.1796408239474516,-5.286711360639735,101,146,-45,0,2025-12-04
0022500335,BKN,228.22518518518518,52.91993847856568,48.72772075338197,47.1338972392439,45.17141444122764,60.656731412120585,43.55050146731702,True,UTA,219.27666666666667,50.71100816320326,56.374545095237366,55.38274630223614,31.8921446270313,46.253953148989865,53.70994299401534,False,2.208930315362423,-7.6468243418553925,-8.248849062992242,13.27926981419634,14.40277826313072,-10.159441526698323,110,123,-13,0,2025-12-04
0022500336,TOR,200.78333333333333,52.41538889350046,54.31302066904623,68.70658919233004,45.91122354113057,47.07344152071055,45.17315788453718,True,LAL,228.46592592592594,63.05489739940148,56.44368112272193,53.23597967441453,44.48503164423579,51.603121707102765,60.67135303552759,False,-10.63950850590102,-2.130660453675695,15.470609517915513,1.4261918968947782,-4.529680186392213,-15.498195150990405,120,123,-3,0,2025-12-04
0022500337,NOP,222.48388888888888,51.18162039198844,53.92199859665245,49.78276005004108,42.89879067398139,46.10127300104127,45.52534754682565,True,MIN,255.13833333333332,59.77709347216869,59.04780805184116,56.036579502622764,58.56843346419916,51.6240908526747,53.388453983573065,False,-8.595473080180248,-5.125809455188708,-6.253819452581688,-15.669642790217772,-5.522817851633427,-7.863106436747415,116,125,-9,0,2025-12-04
0022500338,BOS,253.48309523809525,59.90879160721716,60.4906956319995,53.77147438215566,57.26973067613225,49.055609606726854,52.641871219609506,True,LAL,201.12166666666667,59.8016714592328,55.10859264292758,48.32389349730263,43.83603042934211,49.302055969438065,56.78226573888751,False,0.10712014798436087,5.382102989071917,5.447580884853032,13.433700246790139,-0.246446362711211,-4.140394519278004,126,105,21,1,2025-12-05
0022500339,ORL,276.9583333333333,57.7784462163382,50.36256536783512,63.21761035053408,58.746079133443665,52.277350985406954,70.98310910915271,True,MIA,270.91333333333336,57.239833156975166,59.10220119595442,56.70421044860594,53.490148140856846,47.03860521199891,49.481790609543026,False,0.5386130593630369,-8.739635828119305,6.513399901928139,5.255930992586819,5.238745773408041,21.50131849960968,106,105,1,1,2025-12-05
0022500340,ATL,277.47833333333335,57.456132310630856,57.66813745217344,61.945238366959586,54.733328127721684,48.092893138803625,54.222663762275026,True,DEN,233.34666666666666,59.931358208102395,57.585233700931376,58.7656776755614,47.40547111593623,48.579485457973824,53.051568402440495,False,-2.475225897471539,0.08290375124206406,3.179560691398187,7.327857011785454,-0.4865923191701995,1.1710953598345313,133,134,-1,0,2025-12-05
0022500341,CLE,219.15666666666667,57.38834015240239,57.15427928270491,55.57881728443883,57.57257973747851,59.49523020061752,42.725398877515325,True,SAS,217.08166666666665,59.322319557155915,59.8477723437416,57.04971477708083,40.62510959777043,44.874419765218924,43.92217028915832,False,-1.9339794047535221,-2.6934930610366905,-1.4708974926420026,16.94747013970808,14.620810435398596,-1.1967714116429988,130,117,13,1,2025-12-05
0022500342,DET,276.7842857142857,62.49375515056422,47.59703275887875,57.43935228913009,50.04010128224318,54.36938375595917,54.89464804028869,True,POR,259.6022222222222,56.22114517081689,45.01779003775007,49.87888778558649,53.12389660249441,55.39889638849179,59.358166805505554,False,6.27260997974733,2.5792427211286792,7.560464503543599,-3.083795320251234,-1.0295126325326223,-4.463518765216861,122,116,6,1,2025-12-05
0022500343,NYK,269.09666666666664,59.728984008225055,59.28658722392202,63.649547250678204,46.3491731595833,44.605885121827356,54.83648903067297,True,UTA,261.96,53.3144818547361,53.58823738993231,57.10940283503843,36.689762431923455,53.87026772535248,55.87139024360145,False,6.414502153488954,5.69834983398971,6.540144415639773,9.659410727659846,-9.26438260352512,-1.0349012129284745,146,112,34,1,2025-12-05
0022500344,TOR,234.29833333333335,55.878040816907216,52.840312564465535,67.05376407571543,47.9544775535464,52.872783274884576,48.5852568932328,True,CHA,246.36142857142858,50.15461730743169,48.53787827536907,54.41232125296189,43.73195616798222,54.61562133622666,54.95349007118128,False,5.7234235094755235,4.3024342890964675,12.641442822753547,4.222521385564178,-1.7428380613420842,-6.3682331779484755,86,111,-25,0,2025-12-05
0022500345,CHI,223.46333333333334,54.55266561255389,54.87403004221424,61.955499783707985,45.397458195975474,53.266864064201435,44.55403528436539,True,IND,238.88214285714287,61.673642611170074,55.33904386004256,51.98566726967373,50.6134394825103,55.56623718609993,48.85229278841616,False,-7.120976998616186,-0.4650138178283214,9.969832514034252,-5.215981286534827,-2.2993731218984976,-4.298257504050767,105,120,-15,0,2025-12-05
0022500346,HOU,229.595,57.683490494130965,49.76012906785136,51.37777172847841,64.53352933063293,60.59232634276298,54.87841924548299,True,PHX,245.62875,48.220287222078035,55.40943717568349,53.67329218044169,47.505839944767594,55.336824374182584,52.50693558272736,False,9.46320327205293,-5.649308107832134,-2.2955204519632844,17.027689385865337,5.255501968580397,2.3714836627556295,117,98,19,1,2025-12-05
0022500347,MEM,246.79791666666665,57.6277392941256,57.1720027350312,51.37080708744503,56.16437807585491,56.10849362248129,59.9790706368554,True,LAC,230.46333333333334,59.740398328005895,58.510172984856595,57.134364107088615,59.01616164538104,63.11385108260171,57.609230895909405,False,-2.1126590338802984,-1.3381702498253958,-5.763557019643585,-2.851783569526127,-7.005357460120422,2.3698397409459915,107,98,9,1,2025-12-05
0022500348,MIL,247.86592592592592,52.48769242033477,62.21550524626515,48.89441954880027,51.8144920790511,47.14947380453591,50.193996380958644,True,PHI,257.9411111111111,60.19986474087539,51.887561545055505,50.38041844176319,45.515197267248766,49.31345462142522,57.30196519222189,False,-7.712172320540624,10.327943701209648,-1.4859988929629182,6.2992948118023335,-2.163980816889314,-7.107968811263248,101,116,-15,0,2025-12-05
0022500349,OKC,227.16555555555556,64.67207592113436,66.30509051157013,63.13592167239752,71.29837098738561,50.02567290620155,52.92323447369408,True,DAL,231.03583333333333,56.93658703736433,55.19380615561078,58.052554978845265,49.52211056726409,46.80784149644896,41.86882137863718,False,7.7354888837700315,11.111284355959349,5.083366693552257,21.776260420121517,3.2178314097525913,11.054413095056901,132,111,21,1,2025-12-05
0022500350,BKN,260.24666666666667,54.81225696134436,52.2083247944258,46.15496067833081,44.01509465378999,62.45229846043497,47.35309294627582,True,NOP,246.70416666666665,52.5937168335895,50.782841797699675,47.83035518248915,42.10059112634904,50.135504061882486,45.08694926753174,False,2.2185401277548635,1.4254829967261244,-1.6753945041583407,1.9145035274409494,12.316794398552481,2.266143678744079,119,101,18,1,2025-12-06
0022500351,WAS,171.22375,49.77168471079509,54.5627266466636,53.563122327753405,43.45556423490706,50.73193993239839,45.53980171101615,True,ATL,269.905,57.33566378293598,57.76375885342374,61.72677608788278,55.09181378633224,48.558115509778126,55.08059200154275,False,-7.563979072140889,-3.2010322067601393,-8.163653760129378,-11.63624955142518,2.173824422620264,-9.540790290526594,116,131,-15,0,2025-12-06
0022500352,CLE,251.41416666666666,57.30991856067511,58.72752629293629,58.88876024620728,56.124508032893935,54.217432059317794,40.1374020954799,True,GSW,183.31,52.923007473678474,60.31281617660429,56.52500863746295,59.99226537923009,58.30440510610442,53.41080530398181,False,4.3869110869966335,-1.585289883667997,2.36375160874433,-3.8677573463361554,-4.086973046786625,-13.273403208501911,94,99,-5,0,2025-12-06
0022500353,DET,246.97041666666667,62.02935101876236,48.08794271918533,58.98773689156427,48.780123631541564,51.15501603599621,52.8033137082784,True,MIL,218.84666666666666,55.836169159533306,57.369883784689435,49.738987723520275,53.52117388125629,52.48764964815548,51.00198616992111,False,6.193181859229057,-9.281941065504107,9.248749168043993,-4.741050249714725,-1.3326336121592703,1.8013275383572918,124,112,12,1,2025-12-06
0022500354,MIA,260.93055555555554,57.06904604247618,58.750563261829996,56.32403491776229,53.94864597860223,47.115135998296694,49.19684207164529,True,SAC,232.39190476190475,59.119730012724816,54.25717322749133,57.149983607329986,45.19471961362476,48.603405269833594,56.86701895314396,False,-2.0506839702486346,4.493390034338667,-0.8259486895676957,8.753926364977467,-1.4882692715369004,-7.670176881498669,111,127,-16,0,2025-12-06
0022500355,MIN,252.2483333333333,59.79102537842999,59.21214345651442,56.18788891898857,58.554439077892816,51.777439560221744,53.15310952527507,True,LAC,252.37333333333333,58.2808663091716,59.25338717772612,57.65472316145393,58.09018055262046,59.88129226542688,59.86138490758145,False,1.5101590692583926,-0.041243721211699835,-1.4668342424653602,0.46425852527235634,-8.103852705205135,-6.7082753823063825,109,106,3,1,2025-12-06
0022500356,DAL,236.26185185185184,58.08609546532646,52.04550780913205,57.19159877537008,51.49705309708155,51.419558885542884,38.545454654220215,True,HOU,212.32333333333332,57.98461858486271,54.991173838642325,50.72211799613797,62.26990988586591,55.813173304865224,54.29101135061306,False,0.10147688046374981,-2.945666029510278,6.469480779232114,-10.77285678878436,-4.39361441932234,-15.745556696392846,122,109,13,1,2025-12-06
0022500357,NYK,233.61333333333334,56.588717824325094,56.623272073511785,65.34318032646539,45.87704611608926,38.356319559385874,53.19452264009148,True,ORL,273.15333333333336,57.70007993068606,50.42524650379518,63.50253825690088,58.767581700144,51.96889231933224,70.61422076349879,False,-1.1113621063609642,6.198025569716606,1.8406420695645096,-12.890535584054739,-13.612572759946367,-17.419698123407315,106,100,6,1,2025-12-07
0022500358,TOR,243.16833333333335,55.28747369791845,52.020367920713355,65.9421751735766,48.40029677658138,52.11978464849453,49.71776444133615,True,BOS,247.14666666666668,59.64286928139836,60.580173041648685,53.940301305567544,57.63419966551575,48.93827147173069,52.886792462652096,False,-4.355395583479911,-8.55980512093533,12.001873868009056,-9.233902888934374,3.1815131767638434,-3.1690280213159454,113,121,-8,0,2025-12-07
0022500359,CHA,235.51339285714283,49.68632761507598,54.29792267399615,54.957404631472535,40.82725618424794,48.90989924493729,50.326098649382295,True,DEN,236.63777777777779,59.97501197329251,57.72194328885216,58.66457947918525,47.364181778057414,48.55075689990327,52.76307160081095,False,-10.288684358216528,-3.424020614856012,-3.7071748477127144,-6.536925593809471,0.359142345034023,-2.4369729514286576,106,115,-9,0,2025-12-07
0022500360,MEM,247.4125925925926,57.574509366570155,57.24317012817096,51.31479227980252,56.20007784267994,56.11628191924121,60.06873490867938,True,POR,259.1752380952381,56.36206051063079,45.382760698773396,49.7730255131663,53.10298850933731,55.617588761419,59.734301764799646,False,1.212448855939364,11.860409429397563,1.541766766636215,3.0970893333426304,0.4986931578222098,0.33443314387973544,119,96,23,1,2025-12-07
0022500361,CHI,239.69833333333332,54.778524858792416,55.45149899062943,60.351752781853115,44.50847755396251,51.40239537196059,47.20983488174124,True,GSW,240.91,53.12750404715454,59.63990632739751,60.492156822049736,59.40023037648915,52.956227775241096,50.67055748780028,False,1.6510208116378777,-4.18840733676808,-0.14040404019662134,-14.891752822526641,-1.5538324032805093,-3.4607226060590435,91,123,-32,0,2025-12-07
0022500362,PHI,282.0367857142857,61.93258233369591,53.0709408051719,52.690193655082986,47.789120297968566,52.32115677244061,59.36187746570092,True,LAL,256.9483333333333,67.18061348260676,58.351566787097276,57.89337804617011,47.056883679598364,55.076721000979454,67.69919774187201,False,-5.248031148910847,-5.280625981925375,-5.203184391087127,0.7322366183702016,-2.7555642285388444,-8.337320276171091,108,112,-4,0,2025-12-07
0022500363,UTA,225.10666666666668,50.30786145827163,49.695812355624,59.9441664692294,38.468862169045785,50.77092415447492,54.710597437656304,True,OKC,215.14166666666668,60.64481775574233,68.90712941085332,57.24834179029322,68.37873804082581,49.04957431150017,48.00391186776382,False,-10.3369562974707,-19.211317055229316,2.6958246789361837,-29.909875871780024,1.721349842974746,6.706685569892485,101,131,-30,0,2025-12-07
0022500364,IND,243.55875,61.43014484869325,55.28885005500042,51.922909941304376,50.6603485469796,54.61493222887702,48.52433569334968,True,SAC,232.97375,59.26647798303457,54.236345296412146,57.25960721612056,44.83429463619829,48.457183480971565,57.35867139649416,False,2.1636668656586835,1.0525047585882703,-5.336697274816181,5.826053910781312,6.157748747905451,-8.834335703144482,116,105,11,1,2025-12-08
0022500365,MIN,250.77833333333334,59.95132952740468,58.955410820977356,55.847355898635584,58.666164673981676,52.02363973495849,53.42461518831941,True,PHX,242.9887037037037,47.788528044665995,55.483546712657734,53.99945181112671,47.614026486523144,54.94364560461963,52.39519513085284,False,12.162801482738686,3.4718641083196218,1.8479040875088728,11.052138187458532,-2.9200058696611393,1.0294200574665666,105,108,-3,0,2025-12-08
0022500366,NOP,276.0733333333333,54.14866883195286,53.62784223998455,48.938443891719594,44.93003308299727,48.38182548115235,43.04153569245754,True,SAS,276.09999999999997,61.07232645176869,54.19963600144875,58.78622359048655,42.373181214535805,48.035214294337806,52.11998460193734,False,-6.9236576198158275,-0.5717937614641997,-9.847779698766956,2.5568518684614645,0.34661118681454184,-9.078448909479796,132,135,-3,0,2025-12-08
0022500367,CHI,279.6625,56.630989436672174,56.679043489920886,59.39770616367944,46.83790878886753,52.00827843084671,42.06275480862349,True,CLE,240.67666666666668,58.30524077946899,57.275004501198005,58.187157735828144,54.677696910100686,52.573771865434956,40.94860737833624,False,-1.6742513427968149,-0.5959610112771188,1.2105484278512932,-7.8397881212331555,-0.5654934345882481,1.1141474302872467,127,111,16,1,2025-12-17
0022500368,MIN,200.69,60.00518461308485,54.70702825252878,51.071308984005185,57.87130815353696,55.46861826697892,51.80634975999468,True,MEM,227.72166666666666,58.11483609376945,55.06688720880022,48.40042888614025,56.470863554192626,58.75920678020684,60.90649294094399,False,1.8903485193154026,-0.35985895627143805,2.670880097864938,1.4004445993443326,-3.2905885132279167,-9.10014318094931,110,116,-6,0,2025-12-17
0022500369,OKC,255.5105357142857,63.141351593693024,69.50209212321643,59.08263977559401,70.92585554085576,44.47486514510981,50.2713001049587,True,LAC,220.4947619047619,58.010931584596555,56.64262934655612,53.044585661251,57.65629245052792,61.45039219158646,55.64607776966079,False,5.1304200090964684,12.859462776660308,6.038054114343012,13.269563090327843,-16.97552704647665,-5.374777664702094,122,101,21,1,2025-12-18
0022500370,SAS,297.48833333333334,62.231191139148315,54.90058993910125,58.72612987624165,46.769631302067864,51.84452163390161,52.746838740394494,True,WAS,273.30916666666667,48.66491671519738,49.76313942391248,53.16646471791713,44.449481813940864,54.09526634976873,49.36622454364588,False,13.566274423950937,5.137450515188775,5.5596651583245205,2.320149488127001,-2.250744715867121,3.380614196748617,119,94,25,1,2025-12-18
0022500371,CHA,241.55,49.22335610294625,48.1430932174153,55.090552680604425,43.00790174567032,54.40229076105706,55.804777491104076,True,ATL,265.485,57.59303601584521,57.0792141426697,60.49725784884268,55.00939475551035,50.41077148112573,56.08075479996024,False,-8.36967991289896,-8.9361209252544,-5.406705168238254,-12.001493009840033,3.9915192799313317,-0.275977308856163,133,126,7,1,2025-12-18
0022500372,IND,260.41799603174604,61.31103935698004,55.90942514807734,53.69981110191666,52.39076267572576,50.71071703481589,45.99489543007878,True,NYK,155.67619047619047,58.90562614706962,58.532437293527465,66.41162960357275,42.9447503976508,28.098820353603326,50.43886270204493,False,2.405413209910421,-2.623012145450126,-12.71181850165609,9.44601227807496,22.611896681212567,-4.443967271966152,113,114,-1,0,2025-12-18
0022500373,BKN,273.94416666666666,55.42798471708043,52.675083122169056,47.77347178409226,41.166560095883284,58.24519503670152,48.72332771173366,True,MIA,224.18,57.67981739210885,59.1551027943815,55.051129631281746,53.53241657662659,49.190802529713224,45.57463614113824,False,-2.2518326750284245,-6.480019672212443,-7.277657847189488,-12.365856480743304,9.054392506988293,3.1486915705954175,95,106,-11,0,2025-12-18
0022500374,MIL,225.65041666666667,52.218223431894096,63.80226179507017,47.741673606482,54.703467568750334,46.29625342297543,49.20492164134021,True,TOR,248.945,54.8600855610677,52.92651924454531,65.26944572763729,47.78926201905374,51.26573875086197,50.25367060929678,False,-2.641862129173603,10.875742550524862,-17.527772121155287,6.914205549696597,-4.969485327886538,-1.0487489679565698,105,111,-6,0,2025-12-18
0022500375,NOP,313.7083333333333,57.59019205737814,53.6803139859211,53.412936113693725,44.758371629698495,46.76792880860672,44.35345029062229,True,HOU,277.135,59.431381817525754,46.79809118299745,54.406673642809466,64.4263806448121,64.0123080808992,53.816977285438504,False,-1.8411897601476142,6.88222280292365,-0.9937375291157409,-19.668009015113604,-17.244379272292484,-9.463526994816213,133,128,5,1,2025-12-18
0022500376,DAL,285.85499999999996,60.043190895150815,52.83434899978428,54.68536903908159,50.21568627450981,53.84436398407119,43.35954148017768,True,DET,252.52277777777778,63.006090319685136,48.103108410462426,58.647927029684894,49.890315725094105,54.71080452588436,54.98970719913055,False,-2.9628994245343208,4.731240589321857,-3.962557990603301,0.32537054941570176,-0.8664405418131764,-11.630165718952867,116,114,2,1,2025-12-18
0022500377,DEN,220.185,59.08454178683076,60.5768172218816,60.83505309928771,45.00436829635685,47.298380906964596,48.79101815897238,True,ORL,205.795,55.808148886027354,49.81957611538991,62.80391894846814,55.60500012148012,54.044189606161474,69.77561157481942,False,3.2763929008034083,10.75724110649169,-1.9688658491804247,-10.600631825123266,-6.745808699196878,-20.984593415847044,126,115,11,1,2025-12-18
0022500378,PHX,248.01333333333335,49.61056260416106,51.260666765227676,58.235444330949946,45.79695110477931,53.97924641148325,56.466634497776944,True,GSW,269.74,56.321935938310965,63.36064543634611,65.07135698573936,59.08291441140852,54.24328489162403,47.82406024587101,False,-6.711373334149904,-12.099978671118436,-6.835912654789411,-13.285963306629206,-0.26403848014077624,8.642574251905934,99,98,1,1,2025-12-18
0022500379,UTA,226.25166666666667,50.59525528357066,49.854211755346185,59.09029767736518,38.51542603737726,51.10575539038387,54.27689370176851,True,LAL,212.6724074074074,63.84564340391369,59.32017169512143,59.166506302947234,50.95552122852831,48.1902837001091,66.28336038931651,False,-13.250388120343032,-9.465959939775246,-0.07620862558205488,-12.440095191151052,2.915471690274771,-12.006466687548006,135,143,-8,0,2025-12-18
0022500380,POR,251.60314814814816,55.93946956443017,45.881899846686835,49.97554217142369,51.842113278038525,54.23805463777833,59.17779043869067,True,SAC,224.3564814814815,53.890620829120316,49.92185650316749,61.095459854315834,46.91377833721962,44.70989430676214,51.753043275633004,False,2.0488487353098535,-4.039956656480655,-11.119917682892144,4.928334940818907,9.528160331016196,7.424747163057667,134,133,1,1,2025-12-18
0022500381,BOS,248.75333333333333,59.44217430922199,61.00095610109078,54.378300458285324,57.622709243427224,48.5517956208292,53.32349660835013,True,MIA,221.88333333333333,57.28943588973184,59.090793209644715,54.96390821002028,53.517380004506876,48.95140914895215,45.517360750026036,False,2.1527384194901487,1.9101628914460633,-0.5856077517349547,4.105329238920348,-0.3996135281229485,7.806135858324097,129,116,13,1,2025-12-19
0022500382,NYK,247.21467592592592,62.405283588244366,55.95515932415166,61.66192027958906,46.11228337119654,49.00119353830463,57.37130337579221,True,PHI,251.995,59.93639424062647,53.487273557015016,52.24694603728909,45.403976930759214,47.978478408963134,56.55115934685266,False,2.468889347617896,2.467885767136643,9.41497424229997,0.708306440437326,1.022715129341499,0.8201440289395521,107,116,-9,0,2025-12-19
0022500383,ATL,261.03333333333336,57.50038756225258,57.046080960286034,60.64712871919295,54.47280104712041,50.21386540671689,56.03492065605766,True,SAS,289.4816666666666,62.10245841705578,54.601018487065964,58.47527937865957,46.78845062151317,51.95382724294573,52.97169537090009,False,-4.602070854803202,2.4450624732200694,2.1718493405333774,7.684350425607242,-1.7399618362288365,3.0632252851575643,98,126,-28,0,2025-12-19
0022500384,CLE,247.07666666666665,57.27267312440134,56.68260121689624,57.99737598316312,54.18390917798794,53.1753753895552,40.25797106800432,True,CHI,306.53,57.438360573733945,57.642468382648794,61.34621679226613,45.60136691351581,48.89612979697475,43.783935232005575,False,-0.1656874493326086,-0.9598671657525557,-3.3488408091030095,8.582542264472131,4.279245592580452,-3.525964164001252,125,136,-11,0,2025-12-19
0022500385,MIN,230.00833333333333,61.15111553929206,56.12256295061773,55.636987790297454,58.22255280605775,54.4578812361871,53.52268251150321,True,OKC,274.5888888888889,64.63209302796099,66.01943127099098,59.75447800752641,72.05742928822886,48.87733541051268,51.93881560312386,False,-3.480977488668934,-9.896868320373251,-4.117490217228955,-13.834876482171111,5.58054582567442,1.5838669083793562,112,107,5,1,2025-12-19
0022500386,DEN,222.52999999999997,58.82465135786936,60.5717139262122,61.143865995596094,44.98404634581106,47.11278629098698,48.47201426024956,True,HOU,261.445,59.75318900724818,46.95346057488191,55.12556624401563,63.048109545028595,63.0512810215023,54.57714369497727,False,-0.9285376493788249,13.618253351330289,6.018299751580464,-18.064063199217536,-15.938494730515316,-6.105129434727715,101,115,-14,0,2025-12-20
0022500387,PHI,221.56333333333333,60.11924807052912,50.51336036347771,50.508197806496256,43.80696189200981,48.42946712001084,55.52603172573347,True,DAL,284.23333333333335,60.03890113756304,52.79629060630937,54.5515081505805,50.26252140260349,54.02750205230444,43.308752759509325,False,0.08034693296607998,-2.282930242831661,-4.043310344084247,-6.45555951059368,-5.598034932293601,12.217278966224143,121,114,7,1,2025-12-20
0022500388,TOR,247.87333333333333,54.611292057771436,53.190116591807644,65.0580235873161,47.59242960114036,50.85085191361179,49.86412819683121,True,BOS,248.005,59.227383856508276,60.842585162933545,54.69945162395919,57.374467584658916,48.26945357284464,53.6764853354329,False,-4.616091798736839,-7.652468571125901,10.358571963356908,-9.782037983518556,2.5813983407671515,-3.8123571386016906,96,112,-16,0,2025-12-20
0022500389,NOP,287.4633333333333,57.89611776574404,54.56454504342584,55.154503183014654,46.43704530432867,48.53284071011956,42.546331384939116,True,IND,253.69262566137567,62.649177183831675,55.4703531528032,53.22336290231651,51.81925272284439,51.55922799288029,45.48547506221373,False,-4.753059418087638,-0.9058081093773609,1.9311402806981448,-5.382207418515719,-3.02638728276073,-2.9391436772746147,128,109,19,1,2025-12-20
0022500390,DET,263.55833333333334,62.43593511872766,47.77106333196319,58.21258544914156,49.896453030638376,54.85952066272489,55.64393334808866,True,CHA,251.65833333333333,50.50995264743866,50.74788171793768,55.99902910692407,42.65298652273254,54.07385343885559,57.27162804323911,False,11.925982471289004,-2.9768183859744894,2.213556342217487,7.243466507905836,0.7856672238692965,-1.6276946951504527,112,86,26,1,2025-12-20
0022500391,MEM,255.90555555555557,57.89953563597681,56.6372950090094,51.261699411675316,56.612738640557495,55.99605757332349,59.1584456927983,True,WAS,249.07833333333332,49.63311274230998,52.80507470875963,57.207993469256664,42.735028471632084,53.52185590878372,47.00904538970593,False,8.266422893666828,3.832220300249766,-5.946294057581348,13.877710168925411,2.4742016645397698,12.14940030309237,122,130,-8,0,2025-12-20
0022500392,GSW,273.47333333333336,54.59018917140001,61.173537334535965,66.57191560420272,60.02763096950341,55.505976816752394,48.18305121246556,True,PHX,247.25666666666666,49.48641088207935,51.047654259406556,58.412818663467114,45.97225352872184,53.92055084460143,56.243414293435855,False,5.103778289320665,10.125883075129408,8.159096940735601,14.05537744078157,1.585425972150965,-8.060363080970298,119,116,3,1,2025-12-20
0022500393,UTA,217.51,51.531793940508486,50.87016612263038,58.2303388349961,36.975739046480626,51.51511654636569,52.918207534258386,True,ORL,198.19833333333332,58.33797879228719,49.11316526375096,63.40287506622155,56.58860316686148,54.46045879968718,70.12316119124576,False,-6.806184851778703,1.7570008588794224,-5.17253623122545,-19.612864120380856,-2.945342253321492,-17.20495365698737,127,128,-1,0,2025-12-20
0022500394,SAC,231.22666666666666,53.98658747549303,50.57455887440895,60.45068331219006,47.33130622188906,44.95291633029639,51.78743804563523,True,POR,245.54166666666666,56.64887222127948,47.06614288138469,49.00466723230952,51.61110809434923,56.11258306465297,60.1990283945624,False,-2.662284745786451,3.5084159930242578,11.446016079880536,-4.279801872460169,-11.159666734356584,-8.41159034892717,93,98,-5,0,2025-12-20
0022500395,LAC,259.09,58.64094909104945,59.00092953542527,57.43521942182254,57.762241563420694,58.7443230794962,60.04534400541346,True,LAL,214.88,64.04542535368579,59.127597573839665,58.89633128567883,50.96051439563168,49.21635951849095,65.93797293498234,False,-5.4044762626363365,-0.1266680384143939,-1.4611118638562957,6.801727167789018,9.52796356100525,-5.892628929568879,103,88,15,1,2025-12-20
0022500396,ATL,257.14,57.25130149594254,56.96243615669804,60.4185515024241,54.33060265484431,50.503855228021045,56.57279007272152,True,CHI,299.32166666666666,57.84870902540745,57.70684714883097,61.413231027935396,45.439032144905426,49.54468604010178,44.003645465023695,False,-0.5974075294649097,-0.7444109921329272,-0.9946795255112946,8.891570509938887,0.9591691879192652,12.569144607697822,150,152,-2,0,2025-12-21
0022500397,BKN,249.85166666666666,55.217197537205415,52.03919192053952,46.150998926029445,44.1916070201653,62.689212265944455,48.04332387231214,True,TOR,249.85833333333335,54.379701163992934,53.390753426941934,64.70896107794417,47.39421805689891,50.46320314845079,49.745867010761344,False,0.8374963732124812,-1.3515615064024118,-18.557962151914722,-3.2026110367336074,12.226009117493668,-1.702543138449201,96,81,15,1,2025-12-21
0022500398,NYK,243.18833333333333,62.479551513573156,56.41337303735788,62.263750316969706,45.99291906821188,48.35948270544777,57.24099038174792,True,MIA,224.70166666666665,57.14339605847754,59.05336705706085,54.235452192165916,53.56800572611092,48.83556345079773,45.96769365745162,False,5.336155455095614,-2.639994019702975,8.02829812480379,-7.5750866578990355,-0.4760807453499609,11.273296724296301,132,125,7,1,2025-12-21
0022500399,WAS,239.22833333333332,47.70025010972781,51.48270132439719,54.949253502581215,42.74074559172896,53.513951106683294,45.84252606838255,True,SAS,281.6766666666667,61.805224074884904,54.61547814870478,58.497917233707675,46.85640509804385,51.788185626545804,52.73771708317618,False,-14.104973965157093,-3.132776824307591,-3.54866373112646,-4.115659506314891,1.7257654801374898,-6.895191014793632,113,124,-11,0,2025-12-21
0022500400,MIN,263.21666666666664,58.73867472931046,59.394900905464446,56.799602355473944,58.78159057810423,50.38000823149496,51.26019185715191,True,MIL,249.745,52.74617643329529,60.691608774283104,48.69638631404032,51.45847697985278,48.178784360047246,50.35925911095985,False,5.992498296015171,-1.2967078688186575,8.103216041433626,7.323113598251446,2.2012238714477164,0.900932746192062,103,100,3,1,2025-12-21
0022500401,SAC,232.12166666666667,53.92322632527482,50.88698599154179,60.519938537979364,47.22177880852714,44.659594465546085,51.49547211974923,True,HOU,270.70833333333337,59.64610866553793,46.86118393104509,54.06581068185316,64.27210281668462,64.26563029090349,54.717062644297364,False,-5.722882340263112,4.0258020604967015,6.454127856126206,-17.05032400815748,-19.606035825357402,-3.2215905245481338,125,124,1,1,2025-12-21
0022500402,CLE,265.09499999999997,57.02954098216363,60.22420075821876,57.592042475339035,54.16676097248157,49.77565338212088,42.377475866811075,True,CHA,243.07166666666666,50.28939818846294,50.86547863113074,56.12060914819361,42.24227011238113,54.07420445273342,52.24026215513352,False,6.7401427937006915,9.358722127088015,1.4714333271454265,11.924490860100441,-4.29855107061254,-9.862786288322447,139,132,7,1,2025-12-22
0022500403,BOS,227.83960317460318,61.3590344641646,63.72663416445501,58.26672485064158,54.15625002830242,46.69859341314674,50.15320243475939,True,IND,238.65222222222224,63.01380320969146,56.018707836135334,50.18782084111236,51.84028898397016,52.31332960095351,47.617951837271015,False,-1.6547687455268587,7.707926328319672,8.078904009529218,2.315961044332262,-5.61473618780677,2.5352505974883783,103,95,8,1,2025-12-22
0022500404,NOP,279.43833333333333,57.921626715494774,54.635362602363074,55.302479974711176,46.489107912896706,48.50186087568515,42.44093409092924,True,DAL,252.22277777777776,61.947423463824975,51.31466780910174,55.806146241968634,51.05866528928351,56.68951874555343,41.8810771889052,False,-4.025796748330201,3.3206947932613318,-0.5036662672574579,-4.569557376386804,-8.187657869868275,0.5598569020240376,119,113,6,1,2025-12-22
0022500405,DEN,254.48333333333335,57.86534350645098,57.760007859060835,57.991782696967704,47.10619752439583,46.2911231907787,52.02296024625056,True,UTA,252.91666666666666,53.26111169686986,53.19837759472817,56.40602042833608,36.35584118616145,52.800836243822076,56.017476798250584,False,4.604231809581115,4.561630264332663,1.5857622686316262,10.750356338234383,-6.509713053043377,-3.9945165520000216,135,112,23,1,2025-12-22
0022500406,OKC,212.79462962962964,60.882380855824294,68.99920093360751,59.35788723434436,69.76534443312148,39.92595347104799,51.59052668358592,True,MEM,220.16666666666666,55.76275548826647,57.77578955336866,54.45355336866011,54.38226343679031,49.61413701741106,53.772652458486625,False,5.119625367557823,11.22341138023885,4.904333865684251,15.383080996331174,-9.68818354636307,-2.1821257749007046,119,103,16,1,2025-12-22
0022500407,GSW,277.0083333333333,55.11973647002196,60.20699798441683,66.34155891820343,59.801182274901485,55.77263860894678,47.8758948427495,True,ORL,199.60833333333335,59.20589153759445,48.833892205569235,63.468826451801434,56.91727048803907,54.87252202229366,70.85601410950245,False,-4.086155067572484,11.373105778847595,2.872732466401999,2.883911786862413,0.9001165866531196,-22.98011926675295,120,97,23,1,2025-12-22
0022500408,POR,244.79000000000002,56.98069365578659,46.78659190871087,48.93283154268284,51.590594659367895,56.80185397006958,60.64537345924829,True,DET,237.33333333333334,62.332235252808985,49.148465589887635,60.21195435393258,49.17835814606742,54.956024578651686,56.091299157303375,False,-5.351541597022397,-2.3618736811767675,-11.279122811249742,2.4122365133004777,1.8458293914178938,4.554074301944915,102,110,-8,0,2025-12-22
0022500409,CHA,260.67333333333335,51.36093769980307,52.83602209662156,57.62118743766143,40.6160494616506,50.66377138692105,50.49221899102038,True,WAS,300.155,50.247670370308676,53.12783173138323,56.606610473477595,40.58208536700483,48.952101969537964,47.73202673855195,False,1.1132673294943913,-0.29180963476166966,1.0145769641838385,0.03396409464576777,1.711669417383085,2.7601922524684284,126,109,17,1,2025-12-23
0022500410,PHI,184.90333333333334,64.35739755908492,56.16532512484,55.67195922193578,50.25745344414199,51.99420508013196,57.757245160638476,True,BKN,246.85833333333332,55.42897478310772,51.94563346048678,46.02724302062587,44.509859906154006,62.879959490936095,52.11197611142331,False,8.928422775977197,4.2196916643532205,9.644716201309912,5.7475935379879814,-10.885754410804132,5.645269049215166,106,114,-8,0,2025-12-23
0022500411,ATL,248.20499999999998,54.81353115368345,55.73535719801508,60.01984179743895,51.059361549257005,50.27316935597591,56.441173297427284,True,CHI,292.60190476190473,57.959186054838035,57.8590929655765,61.50303052741902,45.18682184798458,49.83977474677117,44.357447791896675,False,-3.145654901154586,-2.1237357675614206,-1.4831887299800712,5.872539701272423,0.4333946092047398,12.083725505530609,123,126,-3,0,2025-12-23
0022500412,CLE,265.00166666666667,57.08150577669323,60.17602845265124,57.38657870076288,54.3580530940057,50.11670555531097,42.19740800482663,True,NOP,254.715,57.30458355416838,50.94863147701025,52.644617186528734,43.13274574851632,51.5949361704912,44.67422693963718,False,-0.22307777747515445,9.227396975640985,4.7419615142341485,11.225307345489377,-1.4782306151802302,-2.4768189348105523,141,118,23,1,2025-12-23
0022500413,IND,239.75407407407408,60.19147853664867,57.01816853998542,54.02146590024346,50.070106559808195,49.23054140353696,46.59546815967008,True,MIL,247.06166666666667,53.043489816982266,60.23179840390726,48.600510668726436,51.26391858982575,49.2351140403543,50.772076472135836,False,7.147988719666401,-3.2136298639218452,5.420955231517027,-1.193812030017554,-0.0045726368173362175,-4.17660831246576,94,111,-17,0,2025-12-23
0022500414,MIA,247.84,56.689965972670535,58.14201164729933,54.59249448568969,54.47861658058962,47.914715138799224,48.84828051695706,True,TOR,230.16,51.61612066967906,54.549769001274484,64.99385572355463,46.01573615455916,46.633325367860046,47.661105537815686,False,5.073845302991472,3.592242646024843,-10.40136123786494,8.462880426030466,1.2813897709391782,1.1871749791413748,91,112,-21,0,2025-12-23
0022500415,DAL,218.31952380952382,62.46228594611218,48.24410115361713,55.87452499721901,52.634059733331,58.71871328829959,37.86760477143306,True,DEN,255.04404761904763,57.41731680335329,57.72194065450879,58.10804912316733,46.94867282495554,46.07472836158087,51.868614685853004,False,5.0449691427588945,-9.477839500891662,-2.233524125948321,5.685386908375463,12.643984926718723,-14.001009914419946,131,130,1,1,2025-12-23
0022500416,MIN,229.04,59.51681292932821,61.01341323204098,59.541046687623705,57.50675864477821,51.44108598207009,52.16659389917336,True,NYK,175.9225925925926,58.9239844544423,50.34426652294464,59.07253937443026,46.97340623296021,57.36904583455265,58.908077638202556,False,0.5928284748859127,10.669146709096339,0.46850731319344874,10.533352411818,-5.927959852482559,-6.741483739029199,115,104,11,1,2025-12-23
0022500417,SAS,273.7633333333333,62.06143505947961,54.42835843611879,58.56365717347101,46.6625132413642,51.70210278951406,53.03964761298378,True,OKC,254.34,65.13514455715448,65.56792220387409,59.99256179392414,71.92830201043222,51.38256402191292,54.18512978245418,False,-3.0737094976748693,-11.139563767755298,-1.4289046204531317,-25.265788769068017,0.31953876760113786,-1.1454821694704052,130,110,20,1,2025-12-23
0022500418,PHX,245.865,49.07634338627566,51.09769724577851,58.91776042408096,46.14643130715365,53.38526630467939,56.03178226142781,True,LAL,204.68166666666667,64.36204186989553,53.745086272178746,59.74325415889715,47.580399644977156,53.35064042537599,64.32545832474418,False,-15.285698483619875,-2.6473890264002335,-0.8254937348161917,-1.433968337823508,0.03462587930339822,-8.293676063316369,132,108,24,1,2025-12-23
0022500419,UTA,204.16,49.52898380355277,53.43748204022988,58.113485338296755,35.45511935083594,46.957841072361546,51.83949329417619,True,MEM,212.04595238095237,55.317800723787414,56.90353595862532,52.8112436320519,54.46394559579966,48.343819904266034,51.47543838833766,False,-5.788816920234645,-3.4660539183954384,5.302241706244857,-19.008826244963714,-1.3859788319044881,0.36405490583852895,128,137,-9,0,2025-12-23
0022500420,POR,248.90190476190475,56.95632014142118,46.50795628034759,48.93399034616812,51.6271698163744,57.109316158211115,61.2251965229083,True,ORL,190.30444444444444,56.96519611850019,50.898209593983914,63.78946249868632,55.05016523231781,52.04500011677196,70.34572812141681,False,-0.008875977079007669,-4.390253313636322,-14.855472152518196,-3.4229954159434115,5.064316041439156,-9.120531598508514,106,110,-4,0,2025-12-23
0022500421,SAC,236.63,53.72215624955979,50.73824536195748,60.21615320683487,47.09009705729057,44.887848821648426,51.80923212414109,True,DET,238.1222222222222,62.30780318230601,49.03919719098502,59.74653935887267,49.2722887406094,55.12947179319677,55.8483668517568,False,-8.585646932746222,1.6990481709724605,0.46961384796220074,-2.182191683318827,-10.241622971548345,-4.039134727615711,127,136,-9,0,2025-12-23
0022500422,LAC,227.24722222222223,55.42349692576611,62.70470412790768,59.07970516691318,57.81598308254593,52.61570487354692,60.84187301441272,True,HOU,264.91166666666663,60.14851680119789,46.914139304296405,54.236014520563465,64.11825199594834,64.58138624824629,55.59516568415887,False,-4.725019875431784,15.790564823611277,4.843690646349714,-6.302268913402415,-11.965681374699372,5.246707330253848,128,108,20,1,2025-12-23
0022500423,ATL,245.89833333333334,57.33391577820102,57.174038050956014,60.27791499196823,53.81403899985766,50.405895390371356,56.6068638423454,True,MIA,248.13666666666666,56.68361051033705,57.82670436990368,54.091304523045096,54.600983329079405,48.450165231525645,49.12459672834799,False,0.6503052678639705,-0.6526663189476665,6.186610468923135,-0.7869443292217468,1.9557301588457108,7.482267113997409,111,126,-15,0,2025-12-26
0022500424,ORL,215.7997619047619,54.108802030983306,51.321003487580526,62.38295940129684,53.66075120344146,51.362551152468285,67.67754575672282,True,CHA,244.77333333333334,51.48433380542543,52.498732841268115,57.32586815012529,40.47956340559974,51.500264189998916,51.76725709386462,False,2.6244682255578766,-1.1777293536875888,5.057091251171549,13.181187797841716,-0.1377130375306308,15.9102886628582,105,120,-15,0,2025-12-26
0022500425,WAS,292.2133333333333,48.95143445427998,51.38711158514328,56.55155422978646,42.78121577842673,51.34777160521994,47.75185570279224,True,TOR,234.45166666666665,51.69258695822167,54.28582294858216,64.5427700094547,46.21263515578904,46.68776506884859,48.07366565256288,False,-2.7411525039416844,-2.8987113634388777,-7.991215779668238,-3.4314193773623103,4.660006536371348,-0.32180994977063904,138,117,21,1,2025-12-26
0022500426,IND,227.20777777777778,59.756028989617924,56.481548215779,54.80383496261376,50.874157281391966,50.99804461897334,43.526052478292776,True,BOS,251.34333333333333,59.6863546543241,60.73943477049985,54.216724135644476,56.7958841160166,48.340640955930134,53.38909561821924,False,0.0696743352938256,-4.257886554720848,0.5871108269692868,-5.921726834624636,2.6574036630432047,-9.86304313992646,122,140,-18,0,2025-12-26
0022500427,CHI,284.0725,58.17991445845691,57.912999909060765,61.77745059213171,44.92339983630939,50.44822947193645,44.62926424298961,True,PHI,281.50666666666666,62.082616160659306,54.02334995026761,54.1258395301473,48.31151837730308,52.44884549803439,59.50241578929224,False,-3.9027017022023927,3.8896499587931572,7.651611061984404,-3.3881185409936876,-2.000616026097937,-14.87315154630263,109,102,7,1,2025-12-26
0022500428,MEM,248.30833333333334,57.35442762694231,56.789437862872106,56.96065644192368,54.517244689062665,47.34358895190791,47.9014503932752,True,MIL,226.18833333333333,55.19220413667077,57.69909220192613,50.24090617700588,53.45728338478997,54.532553992616776,48.51701826648884,False,2.1622234902715434,-0.9096543390540219,6.719750264917799,1.0599613042726972,-7.188965040708865,-0.6155678732136423,125,104,21,1,2025-12-26
0022500429,NOP,271.9,57.3649675125659,52.919349638347434,53.39696518327817,42.583322299865145,46.72188856197131,45.422582269263735,True,PHX,244.81666666666666,48.97943495132412,50.81227585267888,58.797195860848255,46.36255905779835,53.37757233303833,56.134443186075,False,8.385532561241774,2.107073785668554,-5.400230677570086,-3.779236757933205,-6.655683771067018,-10.711860916811268,108,115,-7,0,2025-12-26
0022500430,UTA,270.1333333333333,54.275873025666336,53.91701073543929,56.73040473840079,37.169800098716685,55.312055774925966,55.46536821813333,True,DET,256.4740476190476,62.95542740331102,47.93223179547546,58.048924656815736,49.90574113597311,54.86680217343071,55.2089680667219,False,-8.679554377644685,5.984778939963832,-1.3185199184149425,-12.735941037256424,0.44525360149525284,0.2564001514114267,131,129,2,1,2025-12-26
0022500431,POR,252.06166666666667,56.76065975918591,45.36048123144469,49.95635790183619,51.63507607265418,55.890097000072736,61.30031713849357,True,LAC,227.99333333333334,55.73626494926753,62.976483961519335,58.831937337349046,58.04248223632269,52.842833854791074,60.95481840181905,False,1.024394809918384,-17.616002730074648,-8.875579435512854,-6.407406163668512,3.0472631452816614,0.34549873667452147,103,119,-16,0,2025-12-26
0022500432,SAC,237.68666666666667,53.727587440047124,50.36888620873419,60.20029801138754,47.19645541749643,45.12571733093989,51.96723917277135,True,DAL,223.66333333333336,54.592345638534105,54.36465521095695,51.658577624107664,47.27942368738729,49.91234370109837,43.88363320099407,False,-0.8647581984869817,-3.995769002222758,8.541720387279874,-0.0829682698908627,-4.78662637015848,8.083605971777281,113,107,6,1,2025-12-27
0022500433,ORL,219.77208333333334,54.07014748233492,51.242778977463395,61.85770068612749,53.78568043029426,51.43461787116577,66.8240738558419,True,DEN,225.94801587301586,55.38965859895431,54.29429750135672,57.3462251641672,48.77090755177919,45.89010700944346,53.42144413527248,False,-1.3195111166193954,-3.0515185238933284,4.511475521960286,5.014772878515075,5.5445108617223084,13.402629720569422,127,126,1,1,2025-12-27
0022500434,NOP,259.95666666666665,57.591598599766634,53.018900585995105,53.69527613576622,42.5238930847449,46.439669432084834,45.27171059862397,True,PHX,232.95833333333334,47.76358147021999,51.33295510642103,60.54681309247004,45.02562332319799,50.72856161688428,57.41082682543185,False,9.828017129546645,1.6859454795740731,-6.851536956703818,-2.501730238453092,-4.288892184799444,-12.139116226807879,114,123,-9,0,2025-12-27
0022500435,ATL,242.44166666666666,57.6027470525556,57.06170212765957,60.184005087134366,53.67450314508645,50.65177671604853,56.73587237279188,True,NYK,220.36444444444444,61.68816329514743,57.04237878665645,59.33335585494736,47.00665135533057,42.47825370093985,53.149989057352144,False,-4.085416242591833,0.019323341003122607,0.8506492321870098,6.667851789755879,8.173523015108678,3.5858833154397374,125,128,-3,0,2025-12-27
0022500436,MIA,246.36666666666667,56.613872277093755,57.58905087268299,53.63547287241239,54.909726694628596,48.41398592883236,49.55307509800499,True,IND,247.29,61.13002682410665,60.36641392696834,48.94067559006295,50.3242892959683,51.204103818728356,44.10738557621538,False,-4.516154547012896,-2.7773630542853525,4.694797282349441,4.5854373986602965,-2.7901178898959955,5.44568952178961,142,116,26,1,2025-12-27
0022500437,CHI,275.35703703703706,58.4179817718141,58.03583643592695,62.344072544198504,44.72895916950921,50.67412968213659,44.90041609277652,True,MIL,256.06333333333333,59.26645296085604,55.025439669873336,53.648126114633094,53.679559744334085,58.56359429307854,53.59622359051798,False,-0.8484711890419447,3.010396766053617,8.69594642956541,-8.950600574824875,-7.88946461094195,-8.695807497741463,103,112,-9,0,2025-12-27
0022500438,HOU,230.14333333333332,58.234219978853766,49.874864939240766,50.367913474211726,63.40565517141492,61.38386440334285,56.91754993265067,True,CLE,280.04333333333335,60.45360539440324,62.049127515979656,58.983673955221214,56.40750598121719,52.45221394308023,40.936981372905045,False,-2.2193854155494748,-12.17426257673889,-8.615760481009488,6.998149190197729,8.931650460262617,15.980568559745628,117,100,17,1,2025-12-27
0022500439,MIN,254.93,58.996910262948,59.665009348971616,57.0930091920658,59.11555590423515,51.118103008669046,50.83723767308673,True,BKN,272.59944444444443,55.72684749092584,52.383741713014004,47.783940417258535,42.07754703176619,58.505725943029965,50.01736991281768,False,3.2700627720221576,7.281267635957612,9.309068774807265,17.038008872468964,-7.38762293436092,0.8198677602690552,107,123,-16,0,2025-12-27
0022500440,SAS,230.13,61.8991736554701,55.134999782731505,55.83116282101421,45.87735700111531,53.50617477078173,56.39121012618124,True,UTA,224.26833333333332,53.67831615401194,54.00440246430987,56.63956792830018,33.8243606988652,53.091733860479636,56.50121000145546,False,8.220857501458163,1.1305973184216356,-0.8084051072859708,12.052996302250108,0.4144409103020976,-0.1099998752742195,114,127,-13,0,2025-12-27
0022500441,TOR,246.995,53.59182709501542,53.67781129172655,66.05148484787142,43.39445670290222,48.002309763355534,46.721304749758765,True,GSW,273.4166666666667,56.949295336787564,61.34856750990551,65.66229625114293,59.365441024078024,58.43120816824139,46.59039834881321,False,-3.357468241772146,-7.670756218178958,0.3891885967284878,-15.970984321175806,-10.428898404885857,0.1309064009455554,141,127,14,1,2025-12-28
0022500442,OKC,267.86,64.72605154433907,65.79654608128624,60.57078324497872,72.38995806266955,49.09717078573384,52.50262187456746,True,PHI,250.10500000000002,60.125577257551825,53.49281901601328,52.33389509739243,45.74382825879797,48.55210011795046,56.65293958213963,False,4.600474286787247,12.303727065272959,8.236888147586292,26.64612980387158,0.5450706677833779,-4.150317707572171,129,104,25,1,2025-12-28
0022500443,WAS,255.89,51.54197767269791,51.69904516263499,56.49505842354137,41.49293446402751,52.11431083668764,48.785455068643515,True,MEM,247.86777777777777,57.0234340889632,55.76083462957401,56.11985915429821,54.587758258211146,48.187513504063546,48.78697997116459,False,-5.481456416265289,-4.061789466939025,0.3751992692431614,-13.094823794183633,3.9267973326240977,-0.001524902521076399,116,112,4,1,2025-12-28
0022500444,POR,250.11833333333334,56.73082207754996,45.300699002472165,49.70316117037935,51.72920351033844,56.7041347095708,61.60595437346512,True,BOS,246.86333333333334,60.12280951673665,60.85232989913447,54.27751117352381,56.39195101203095,48.34430049014974,53.1573594752848,False,-3.3919874391866927,-15.551630896662303,-4.57435000314446,-4.6627475016925075,8.35983421942106,8.448594898180318,114,108,6,1,2025-12-28
0022500445,LAC,222.80499999999998,53.136848365162365,58.72001151978936,57.44034918426427,62.801577612710666,48.23810731357016,59.16952423425582,True,DET,252.83541666666667,62.985310931847955,48.06531356860935,57.721809147914065,50.05073952917329,55.136176531175586,55.48851259720949,False,-9.84846256668559,10.654697951180012,-0.28145996364979453,12.750838083537374,-6.898069217605425,3.681011637046325,112,99,13,1,2025-12-28
0022500446,LAL,227.48833333333334,62.83658063050852,56.06233872799338,59.210051797528074,48.80088063124116,56.90111434286007,69.69884855607914,True,SAC,206.81666666666666,54.10097348698525,48.766481585945684,63.82759932307196,47.296664517688775,42.4909275525828,50.79330850445882,False,8.735607143523275,7.295857142047694,-4.617547525543884,1.5042161135523813,14.410186790277272,18.90554005162032,125,101,24,1,2025-12-28
0022500447,CHA,222.99537037037038,51.69192119085681,52.54392002823509,57.70652371955903,39.736559137999045,52.041889924637196,50.55216558311756,True,MIL,278.4066666666667,57.447208519910916,56.88482136443092,52.050034721390766,52.058210411628075,54.267288259380756,54.80789253130911,False,-5.755287329054106,-4.340901336195827,5.656488998168264,-12.32165127362903,-2.2253983347435593,-4.255726948191551,113,123,-10,0,2025-12-29
0022500448,WAS,233.00833333333333,49.863496298415654,50.607233646865275,54.64234326383176,41.11763813883624,52.07548943170845,48.83826125214355,True,PHX,232.7783333333333,47.29381672120114,51.534241445724476,60.53835623304001,45.04609750334725,50.49519285156837,57.38151389734751,False,2.569679577214515,-0.9270077988592007,-5.89601296920825,-3.9284593645110064,1.5802965801400788,-8.543252645203957,101,115,-14,0,2025-12-29
0022500449,BKN,267.90666666666664,56.0503290947096,52.32082192803465,47.62570733588813,42.21094659831783,58.65400574827055,49.80314396819679,True,GSW,270.75208333333336,55.721072937265795,60.40335469871731,66.31574841683273,59.77722424419633,56.07756819353498,48.05700499443579,False,0.3292561574438082,-8.082532770682661,-18.690041080944603,-17.5662776458785,2.57643755473557,1.7461389737609991,107,120,-13,0,2025-12-29
0022500450,MIA,246.66833333333332,56.667858325281586,57.701311477625154,53.04658955007061,55.2720582969034,47.94449767231303,50.28959280937678,True,DEN,228.04833333333335,55.17093744747093,54.34633813007476,57.29143821850631,48.92976415818284,45.65007344934188,53.395404641817684,False,1.496920877810652,3.3549733475503913,-4.244848668435701,6.342294138720561,2.294424222971145,-3.1058118324409065,147,123,24,1,2025-12-29
0022500451,TOR,251.4390476190476,51.821243243652724,53.64628102616937,62.3822000787846,47.139249974432886,48.840390173136726,48.13703777949108,True,ORL,243.6524074074074,55.71224794276607,49.619825525585554,61.68687064070477,55.066349527978154,54.05937351555001,66.16868105176674,False,-3.8910046991133456,4.026455500583815,0.6953294380798312,-7.927099553545268,-5.218983342413281,-18.03164327227566,107,106,1,1,2025-12-29
0022500452,CHI,244.89666666666668,58.08911173420082,59.368142345751274,62.76687242238223,44.11079775143257,49.02846098354407,47.04189385999537,True,MIN,255.775,59.00007428403871,59.372657609226856,56.91794611149122,59.11532206040465,51.1556902225263,50.96491636199892,False,-0.9109625498378904,-0.004515263475582287,5.8489263108910095,-15.00452430897208,-2.127229238982231,-3.9230225020035476,101,136,-35,0,2025-12-29
0022500453,HOU,234.55166666666668,57.975608785555416,49.56333288330219,50.09727281124982,63.31573924721632,61.62674179818235,56.596900469690404,True,IND,259.5316666666667,60.68127075051856,59.20808892941773,51.80194131737296,50.43380576551352,50.49312736403393,42.95530309901074,False,-2.7056619649631415,-9.644756046115539,-1.7046685061231344,12.881933481702802,11.13361443414842,13.641597370679662,126,119,7,1,2025-12-29
0022500454,NOP,235.8511111111111,56.96754755825239,53.00795558403136,55.831200239322364,44.407983379344785,47.825564386194685,43.61929268833719,True,NYK,236.06,56.43255951876642,60.28511677822022,63.75803609251885,47.47885495213082,35.586495664943946,51.335132129677945,False,0.5349880394859738,-7.277161194188864,-7.926835853196486,-3.0708715727860323,12.239068721250739,-7.715839441340755,125,130,-5,0,2025-12-29
0022500455,OKC,241.19,63.57351949362191,69.66571789875202,59.980612103873845,71.55459803474439,44.17825642301367,50.473329999069755,True,ATL,205.61833333333334,56.22526201457392,59.22615930810319,59.23358325700529,51.74282854155353,45.85136782550194,57.55520574476775,False,7.348257479047987,10.43955859064883,0.7470288468685524,19.81176949319086,-1.6731114024882672,-7.081875745697992,140,129,11,1,2025-12-29
0022500456,SAS,257.3933333333333,62.08809862985315,54.58636652075941,58.887204408298594,46.63169014996504,50.69703178015489,52.78929581649327,True,CLE,287.7983333333333,60.078388223235024,60.545541727714436,58.073985255879414,56.34533324839732,53.54802378980653,40.936398521151496,False,2.009710406618126,-5.959175206955024,0.8132191524191796,-9.713643098432279,-2.850992009651641,11.852897295341776,101,113,-12,0,2025-12-29
0022500457,POR,252.48125,56.53887763942867,45.04279426690101,49.33837331154954,52.02488369598403,57.48811710440545,62.285840612056234,True,DAL,243.37833333333333,55.88670245913427,54.750004451231625,53.53283023002595,48.34975518226082,47.571073157703715,42.264175250119784,False,0.6521751802943996,-9.707210184330613,-4.194456918476412,3.675128513723209,9.917043946701732,20.02166536193645,125,122,3,1,2025-12-29
0022500458,MEM,249.44,57.455706115031006,56.27734859418431,56.32128634808638,54.617226587556125,47.38802985353859,46.99080437255476,True,PHI,272.26666666666665,62.3638736532811,54.24973922624878,54.68914177277179,48.73438418217434,52.758087659157695,59.24719985924246,False,-4.9081675382500904,2.0276093679355327,1.632144575314591,5.882842405381787,-5.370057805619105,-12.256395486687694,136,139,-3,0,2025-12-30
0022500459,UTA,227.43499999999997,53.198405405207346,54.05590241900616,56.12404789646859,33.74177823700545,52.816697811096205,56.25659826291435,True,BOS,245.18333333333334,60.350384066344915,60.98003670722588,54.656198762830535,55.927935558425666,48.44765073754333,52.99915619493071,False,-7.151978661137569,-6.924134288219719,1.4678491336380546,-22.186157321420218,4.369047073552878,3.2574420679836393,119,129,-10,0,2025-12-30
0022500460,LAL,214.4466666666667,63.594983212609186,51.798471259365186,59.84792877794012,52.23200951285478,59.128175614760465,67.92440302409373,True,DET,229.6425925925926,63.911287507963266,48.01071479835816,55.64286782197779,49.362686058045114,57.39852653479239,53.01695726429705,False,-0.31630429535407956,3.787756461007028,4.205060955962331,2.869323454809667,1.7296490799680768,14.907445759796687,106,128,-22,0,2025-12-30
0022500461,LAC,239.13666666666668,58.86607797493762,62.22988667568057,53.86108222634198,60.14463835184901,53.97348517584087,55.34785030888928,True,SAC,244.55833333333334,54.91674719732852,51.45017071591644,58.41593689303848,47.401343237809655,47.056976181551775,51.317611031019126,False,3.9493307776090987,10.779715959764125,-4.5548546666964995,12.743295114039356,6.916508994289096,4.030239277870152,131,90,41,1,2025-12-30
0022500462,CHA,225.155,51.160781091544344,52.38902977948524,54.67597654948813,43.18008334998852,50.24145958709926,50.9620584101214,True,GSW,280.65833333333336,55.78966061937706,61.70636895394755,66.30547759731583,59.721465601710264,57.33786929540663,46.20702851604302,False,-4.628879527832716,-9.317339174462312,-11.629501047827702,-16.541382251721743,-7.09640970830737,4.755029894078383,125,132,-7,0,2025-12-31
0022500463,ATL,246.85166666666666,58.14968570869146,57.22595215750349,60.97536577296757,52.92404818008115,50.518830471740785,56.553416271270095,True,MIN,256.84833333333336,58.833927285233166,59.53409664588051,56.93278134307535,59.082772583041866,50.92087094199559,51.039148295487344,False,-0.6842415765417087,-2.3081444883770175,4.042584429892223,-6.158724402960715,-0.4020404702548035,5.514267975782751,126,102,24,1,2025-12-31
0022500464,IND,280.1333333333333,59.04223940980486,59.11442110899572,51.12717812946216,49.66689195621132,49.31483757734412,45.03334529853509,True,ORL,268.7683333333333,55.66548824576308,51.77503674167964,63.11604169638039,56.04266499649636,50.266899622351346,65.73766511226887,False,3.376751164041778,7.339384367316079,-11.988863566918234,-6.37577304028504,-0.9520620450072244,-20.704319813733782,110,112,-2,0,2025-12-31
0022500465,CLE,253.01333333333332,59.61208302592749,58.989980106450254,60.91386883431703,59.34083513385329,55.14505493781619,37.32385393091181,True,PHX,251.535,47.12417887504059,50.490720973224406,57.14085978757098,45.22723477846026,51.64112283910125,55.89321192143717,False,12.487904150886898,8.499259133225848,3.773009046746047,14.113600355393032,3.503932098714941,-18.56935799052536,129,113,16,1,2025-12-31
0022500466,CHI,199.94333333333333,59.97922494706834,57.647142523715054,58.95615424370238,45.62341746828268,51.2257739692913,35.4004909724422,True,NOP,231.1902380952381,57.5387413375297,52.92252679971864,55.728378402037485,44.35883291331917,48.72574255998204,44.41040129909855,False,2.4404836095386386,4.724615723996415,3.2277758416648936,1.2645845549635126,2.5000314093092655,-9.009910326656353,134,118,16,1,2025-12-31
0022500467,SAS,220.625,63.28533559962228,53.639691029272896,57.5694655335222,47.36709046270066,53.38657148253069,57.85291849271699,True,NYK,238.9083333333333,56.67272524329415,60.49295196902578,63.44482542118666,47.91261781017825,35.66113711674632,51.789319283983716,False,6.612610356328126,-6.853260939752886,-5.875359887664459,-0.5455273474775879,17.725434365784373,6.063599208733272,134,132,2,1,2025-12-31
0022500468,TOR,269.9866666666667,53.306765766210674,53.04601523532026,64.57782853474245,44.344849745666444,48.66706812682107,48.08219327927612,True,DEN,196.79407407407408,48.759670477129696,51.8509060043964,50.94770807612395,46.84009031813665,36.83961473169924,49.85678404385359,False,4.547095289080978,1.1951092309238618,13.6301204586185,-2.495240572470209,11.827453395121829,-1.774590764577468,103,106,-3,0,2025-12-31
0022500469,MIL,275.0,57.35578424242424,56.96071818181817,52.097149090909085,52.061032727272725,53.869978787878786,54.82728969696969,True,WAS,255.02833333333334,51.010092342680885,51.90422044609423,56.676745721063675,41.18674526359816,51.503406811007935,47.87733391402541,False,6.345691899743358,5.056497735723944,-4.57959663015459,10.874287463674563,2.3665719768708513,6.949955782944286,113,114,-1,0,2025-12-31
0022500470,OKC,240.08166666666665,63.741415074037306,69.52302688668439,60.217280925240715,71.81121771064014,44.13112413137196,50.343268453688545,True,POR,246.38,56.5412736423411,44.78135130015964,49.14658725004735,52.0474889736721,58.531071921422196,63.60844874778155,False,7.200141431696203,24.74167558652475,11.070693675193368,19.763728736968034,-14.399947790050234,-13.265180294093007,124,95,29,1,2025-12-31
0022500471,BKN,229.19833333333332,54.770180120565165,48.86002879602092,48.78506242773726,43.409675026723576,56.98897534158917,47.64020233010396,True,HOU,267.80083333333334,59.65892252015645,46.57149031774235,53.265251539545865,63.92487265100619,65.6602892074645,56.140991906298524,False,-4.888742399591287,2.288538478278568,-4.480189111808606,-20.515197624282614,-8.671313865875334,-8.500789576194563,96,120,-24,0,2026-01-01
0022500472,DET,209.175,64.53663519381698,47.21225528863391,54.57093103860404,48.39330464921716,57.310427473009035,52.19757264161559,True,MIA,228.19,56.91710562835064,58.32424879851586,52.128084783148545,55.253961610938255,49.03375184422338,48.22821854799975,False,7.619529565466337,-11.111993509881948,2.4428462554554926,-6.860656961721098,8.276675628785654,3.9693540936158342,112,118,-6,0,2026-01-01
0022500473,DAL,262.15833333333336,59.80608283797959,52.29435646396897,53.441178041260045,50.25610667853396,54.75161956832703,43.66516556854079,True,PHI,271.4116666666667,62.624153346392625,54.24198357967908,54.78551769452307,49.10310475476982,53.1174378404269,59.65475489550213,False,-2.8180705084130366,-1.9476271157101124,-1.3443396532630274,1.153001923764144,1.6341817279001276,-15.989589326961337,108,123,-15,0,2026-01-01
0022500474,SAC,244.00333333333333,54.650114752530705,51.63662313356375,58.13363068810535,47.53029671725797,46.78613885056215,51.24948641429122,True,BOS,242.73833333333332,60.720715722691786,61.0883399820108,54.79007298668662,55.537097560473214,48.45560033781232,52.765512795788055,False,-6.070600970161081,-9.451716848447049,3.3435577014187317,-8.006800843215245,-1.6694614872501674,-1.516026381496836,106,120,-14,0,2026-01-01
0022500475,LAC,241.31,59.02722569861727,62.52335584932245,53.992477173207355,59.94085477877695,53.81553119776774,55.910344024022734,True,UTA,201.45999999999998,51.68652007015454,50.072208709752154,54.55621711506007,42.480205334392274,58.10843509050598,56.22469010898576,False,7.340705628462729,12.451147139570296,-0.5637399418527167,17.46064944438468,-4.292903892738238,-0.3143460849630273,118,101,17,1,2026-01-01
0022500476,IND,276.22690476190473,59.11203539533148,59.1190043037427,50.659494049491755,49.235652538932364,49.84212375436689,44.71036634445115,True,SAS,194.79833333333332,62.13365788550553,53.519171108582384,57.531936447094864,43.50461502921826,48.47947278809709,56.8166932203401,False,-3.021622490174046,5.599833195160315,-6.872442397603109,5.731037509714106,1.362650966269797,-12.106326875888946,113,123,-10,0,2026-01-02
0022500477,WAS,231.82999999999998,49.812826208859946,51.5277991056665,57.30863995168874,39.90620282103266,50.57048843261585,48.37225176134836,True,BKN,199.85,51.66468768242849,52.23212993078141,47.641843882912184,42.70578350429489,52.37183470936535,49.4375336447402,False,-1.8518614735685475,-0.7043308251149085,9.666796068776556,-2.799580683262235,-1.8013462767494985,-1.0652818833918403,119,99,20,1,2026-01-02
0022500478,CLE,251.69333333333333,61.297824071621555,59.95818125231764,60.61183980505377,54.73021004396886,52.306336414684544,43.462880274178765,True,DEN,187.15333333333334,46.318556976454246,52.566731378905,50.79485092437574,47.84703273608093,32.42124995547323,48.22699496503161,False,14.979267095167309,7.39144987341264,9.816988880678032,6.883177307887927,19.885086459211315,-4.764114690852843,113,108,5,1,2026-01-02
0022500479,NYK,243.46055555555554,56.23384714384489,60.62481191340601,63.740229423429305,48.01937092250855,35.041823110748034,51.60614001955678,True,ATL,246.825,58.25240217428002,57.50641074985651,60.83748742361323,52.79616192308991,50.370786994834404,56.57878726230389,False,-2.018555030435131,3.118401163549507,2.9027419998160724,-4.776791000581362,-15.32896388408637,-4.972647242747108,99,111,-12,0,2026-01-02
0022500480,CHI,201.35,60.41394669315454,58.07600612532075,59.16461799519907,45.52451369919708,51.2852594983859,35.69168363546064,True,ORL,276.17833333333334,56.23717042732051,51.380373188821224,61.860270236018984,57.308676157313805,51.397959048199525,66.78828578904701,False,4.176776265834036,6.695632936499528,-2.6956522408199106,-11.784162458116725,-0.11269954981362673,-31.096602153586367,121,114,7,1,2026-01-02
0022500481,MIL,253.87666666666667,58.0696243582842,56.72100494991006,53.11135393826399,51.17367947691137,56.430854877040034,53.736426480049374,True,CHA,233.78333333333333,49.274785770300134,55.08091680330791,58.90914379411135,38.839346973693594,47.87596064732301,49.56189219606459,False,8.794838587984067,1.640088146602153,-5.797789855847363,12.334332503217773,8.554894229717021,4.174534283984784,122,121,1,1,2026-01-02
0022500482,NOP,159.17208333333332,55.562455989717634,46.78115037969912,56.72576613884868,45.09248873729428,43.39963482918121,44.33881183477682,True,POR,245.07333333333335,56.7888713582329,44.49988846875765,48.78710386006909,52.56611286417671,59.736635972906065,64.26321962530348,False,-1.2264153685152692,2.281261910941467,7.938662278779589,-7.473624126882427,-16.337001143724855,-19.924407790526658,109,122,-13,0,2026-01-02
0022500483,PHX,249.73333333333332,46.88868126001068,50.61534303256808,57.22836558996263,45.21651761879338,51.5769440736786,55.80617192171928,True,SAC,244.86166666666668,54.48519980669357,51.89278436123798,58.062013926230456,47.590374156836845,46.31666927584963,51.18313225437519,False,-7.596518546682894,-1.2774413286699016,-0.833648336267828,-2.373856538043462,5.26027479782897,4.623039667344095,129,102,27,1,2026-01-02
0022500484,GSW,162.60833333333332,53.502931379080614,58.57494798339569,57.40516066212268,60.447994670219856,62.2898672679752,53.56827689922118,True,OKC,236.64,63.940724306964164,69.5819550090151,60.20513085981519,71.8170138888889,44.06871689767861,50.24547456422073,False,-10.43779292788355,-11.007007025619416,-2.7999701976925095,-11.369019218669038,18.221150370296584,3.3228023350004534,94,131,-37,0,2026-01-02
0022500485,LAL,219.1188888888889,63.048594877463785,51.2133108865304,59.7510250650332,51.64475373592215,59.376553824154314,66.48278235826474,True,MEM,255.47333333333333,57.08712846741995,56.1739444429947,55.960532084235794,55.596982072492885,49.2312778894079,48.811626337901856,False,5.961466410043833,-4.960633556464302,3.790492980797403,-3.952228336570734,10.145275934746415,17.671156020362886,128,121,7,1,2026-01-02
0022500486,MIA,246.59,56.1215661624559,57.86934182245833,54.09728023574895,54.70833164361896,46.89630290495695,50.288464031140045,True,MIN,254.34333333333333,58.890767728660734,59.38844868484857,56.785264013210494,58.98776522548262,51.029867108763746,51.221053562769484,False,-2.769201566204835,-1.5191068623902382,-2.6879837774615467,-4.279433581863657,-4.133564203806799,-0.9325895316294393,115,125,-10,0,2026-01-03
0022500487,NYK,263.94357142857143,57.06112137965997,57.77166755520435,59.88607296112174,49.91468432556382,39.17794405911076,52.101571383693134,True,PHI,268.58666666666664,62.492822304408264,54.89683528594122,55.76529115369341,49.195946683876095,52.37568817017475,59.45863624193816,False,-5.4317009247482915,2.8748322692631305,4.12078180742833,0.7187376416877242,-13.19774411106399,-7.357064858245025,119,130,-11,0,2026-01-03
0022500488,TOR,267.18,53.11681201187714,53.071772463008706,64.9602334256556,44.20081218654091,48.04560221573471,47.91245300027207,True,ATL,228.62666666666667,57.73098938589841,57.136671137808364,59.550441768239345,53.752587187263074,52.46031886044206,59.47103320815498,False,-4.614177374021274,-4.064898674799657,5.409791657416257,-9.551775000722166,-4.414716644707347,-11.558580207882905,134,117,17,1,2026-01-03
0022500489,CHI,194.3009523809524,59.37354043310328,59.00823513842052,58.17463225923457,45.56616858481687,49.191031585757976,35.84099288081047,True,CHA,241.31055555555554,49.48867020137721,55.42262575427239,57.968255981803075,38.70667926761044,47.31986720661941,49.96740291504405,False,9.884870231726069,3.5856093841481282,0.20637627743149523,6.859489317206432,1.8711643791385626,-14.12641003423358,99,112,-13,0,2026-01-03
0022500490,SAS,215.61166666666668,60.225821886570756,54.71687060842409,55.46832886284756,44.92763997000781,48.517738681425705,58.548385226373895,True,POR,246.86722222222224,57.14254131213135,44.529355411478505,48.32916255026881,53.02225757886043,61.20253285054269,64.97294378748933,False,3.0832805744394065,10.187515196945583,7.139166312578745,-8.094617608852623,-12.684794169116984,-6.4245585611154326,110,115,-5,0,2026-01-03
0022500491,DAL,267.5183333333333,59.32679255627341,52.7241759131773,54.64523054494708,50.22303082031762,53.30468067609074,43.25323962669129,True,HOU,243.32666666666668,59.58332009096139,49.556128250089046,54.37721033452971,63.63096043727225,63.21633263925039,55.38796953341188,False,-0.25652753468797584,3.1680476630882524,0.2680202104173759,-13.407929616954632,-9.911651963159649,-12.134729906720587,110,104,6,1,2026-01-03
0022500492,GSW,253.76666666666668,55.899373440168134,60.79171285958229,67.04531327991593,59.71003480887955,56.00209969788519,47.8538457321003,True,UTA,230.05833333333334,51.939424783569386,57.620603470134384,55.08635128771689,31.410358242474736,49.967953055384505,53.30553351478574,False,3.9599486565987476,3.1711093894479063,11.958961992199043,28.299676566404813,6.034146642500687,-5.451687782685447,123,114,9,1,2026-01-03
0022500493,LAC,272.37166666666667,61.96269190995148,60.157442954786035,53.27879796601457,59.96463961621068,58.80100659025963,56.214100550093896,True,BOS,242.63166666666666,61.06061451170842,61.36643884076687,55.14453939098359,54.71156142025979,48.144239897237924,52.341891930705096,False,0.9020773982430583,-1.2089958859808334,-1.8657414249690163,5.253078195950891,10.656766693021709,3.8722086193888003,115,146,-31,0,2026-01-03
0022500494,CLE,247.63833333333332,61.517665547202576,59.639353761870474,60.74841469077889,54.734277811055094,52.51978422834375,43.055059886783106,True,DET,191.20166666666668,60.15118853566478,50.08688470288787,54.578640353553396,49.71893550439763,51.07900297242875,53.83805453566448,False,1.3664770115377962,9.552469058982602,6.1697743372254905,5.015342306657466,1.4407812559149988,-10.782994648881377,110,114,-4,0,2026-01-04
0022500495,ORL,247.965,55.72933881797834,49.67060337816493,62.0010855026583,54.580737200814625,53.45464212019169,65.79104173174316,True,IND,241.06750000000002,58.453253411043235,59.556294398871685,51.99717921329088,52.04859980434249,49.35537764319122,46.63119522629315,False,-2.7239145930648974,-9.885691020706759,10.003906289367421,2.5321373964721374,4.0992644770004745,19.159846505450012,135,127,8,1,2026-01-04
0022500496,BKN,231.80833333333334,53.98024014092102,55.34052485889924,46.641133839019304,42.21609303663227,55.58186792249344,52.29132155314165,True,DEN,249.77333333333334,53.84955626434634,54.23895865584797,53.01051019591096,47.662390567447815,38.890586798697484,56.00367413579166,False,0.13068387657467895,1.101566203051263,-6.369376356891657,-5.446297530815542,16.691281123795953,-3.7123525826500128,127,115,12,1,2026-01-04
0022500497,MIA,249.60333333333332,56.06695890813424,57.99787729864719,53.90233704143908,54.826599537933525,47.439962740882194,50.07358759225616,True,NOP,229.5874074074074,57.87755845429644,51.70798856563949,56.0596303191232,46.12551243293122,45.381108300558495,43.060088697427005,False,-1.8105995461622015,6.2898887330077,-2.1572932776841185,8.701087105002308,2.0588544403236995,7.013498894829155,125,106,19,1,2026-01-04
0022500498,WAS,253.93,52.37217802806548,53.626713398705675,56.31880308221425,38.563271374000706,48.52813636303968,48.0258725591792,True,MIN,253.12166666666664,58.958162412015305,59.54540965148512,57.01286469616061,58.96605255707071,51.08639587023368,51.145050140577986,False,-6.585984383949828,-5.918696252779448,-0.69406161394636,-20.402781183070005,-2.558259507194002,-3.1191775813987874,115,141,-26,0,2026-01-04
0022500499,PHX,247.89333333333335,46.84916563575731,50.4149916630809,57.228192233218586,45.45193026570568,51.64333718803786,55.805766970153954,True,OKC,235.74333333333334,64.02744227479037,69.59721872658116,60.07080157798735,71.70679269827353,44.072988985195764,50.30580264218371,False,-17.178276639033065,-19.182227063500264,-2.8426093447687677,-26.254862432567855,7.570348202842098,5.499964327970247,108,105,3,1,2026-01-04
0022500500,SAC,273.72833333333335,56.51879783483624,55.0343929808752,58.55492550399727,44.15823779051006,44.01648532303926,53.00026959405186,True,MIL,265.96166666666664,56.99962839256284,57.797143071996594,52.61798003471678,52.22540403692262,53.087339027554094,54.16912023662558,False,-0.48083055772659833,-2.762750091121397,5.936945469280488,-8.067166246412562,-9.070853704514832,-1.168850642573723,98,115,-17,0,2026-01-04
0022500501,LAL,236.535,60.85206276731421,51.528433424228965,58.84197194213682,52.448561523664566,54.86148068291514,63.429651003022805,True,MEM,233.39,55.66773140808661,57.2302662210606,51.96993015981833,55.195811731436656,51.29491694874102,51.72755123505094,False,5.184331359227599,-5.7018327968316385,6.87204178231849,-2.7472502077720904,3.5665637341741245,11.702099767971866,120,114,6,1,2026-01-04
0022500502,DET,192.30833333333334,60.604785717380935,50.43106469645101,54.87348528838236,49.66973783420722,51.03720674264419,52.95616288413541,True,NYK,263.0158333333333,57.239180467589094,57.679958430892945,59.69284802245746,49.868799406879816,39.42127850351215,52.257943576826236,False,3.365605249791841,-7.2488937344419355,-4.819362734075099,-0.19906157267259772,11.615928239132039,0.6982193073091736,121,90,31,1,2026-01-05
0022500503,BOS,245.69333333333333,60.967838633526895,61.08990950778749,54.95447169913714,54.53635901123352,48.21935678623759,52.37128489828499,True,CHI,203.96291666666667,57.599824314468925,60.17180328940514,62.12378475662446,43.357332521638945,41.55811003225668,40.83666384849954,False,3.36801431905797,0.9181062183823485,-7.169313057487322,11.179026489594577,6.661246753980912,11.53462104978545,115,101,14,1,2026-01-05
0022500504,TOR,265.06541666666664,53.67113951430229,53.0407045744997,64.74557098326358,44.37210044061451,48.45321327911193,47.698688934978854,True,ATL,231.58666666666667,57.93187647532961,57.07528642984628,59.22126345788473,54.35051312683516,52.687440267142605,59.15109640078381,False,-4.26073696102732,-4.03458185534658,5.524307525378845,-9.97841268622065,-4.234226988030677,-11.452407465804953,118,100,18,1,2026-01-05
0022500505,HOU,229.96555555555557,58.082905169373184,49.70612410554237,49.39600302460755,63.75509617382313,62.483239035797624,57.095899869062514,True,PHX,260.935,49.665348330682605,57.0957607577877,57.579438685240895,43.65019832525341,49.44025331979228,56.95325353670085,False,8.41755683869058,-7.389636652245329,-8.183435660633343,20.104897848569713,13.04298571600534,0.14264633236166446,100,97,3,1,2026-01-05
0022500506,OKC,238.05833333333334,62.896133300661596,69.70609304442189,60.00699828473413,70.85226170056357,47.543331116323024,52.8003259475979,True,CHA,257.2133333333333,52.300060909232286,51.721361645326844,54.90419107355763,42.227668342750505,52.709560805557004,50.36829732687297,False,10.59607239142931,17.984731399095047,5.102807211176504,28.62459335781307,-5.16622968923398,2.432028620724928,97,124,-27,0,2026-01-05
0022500507,PHI,270.8,62.568197932053174,55.13087333825702,55.88592319054653,49.24631277695716,52.11436730674544,59.527408346794275,True,DEN,182.11666666666667,54.79591562185413,48.3428489063787,48.174012080168396,52.885748146792345,45.55002013361399,58.750425459384836,False,7.772282310199046,6.78802443187832,7.711911110378132,-3.6394353698351836,6.564347173131452,0.7769828874094387,124,125,-1,0,2026-01-05
0022500508,LAC,210.555,60.63419929867889,58.394383890194966,51.696173604679686,59.08954984050089,62.86132443621223,55.463934602898455,True,GSW,268.00333333333333,56.306826407631746,62.347042325344205,66.53518986082263,59.671617268441935,57.001060932077955,45.82073914445363,False,4.3273728910471405,-3.952658435149239,-14.83901625614294,-0.5820674279410483,5.860263504134274,9.643195458444822,103,102,1,1,2026-01-05
0022500509,POR,242.50166666666667,57.05471233874682,44.315129792922384,48.168787843382525,53.00910646662223,62.024181277104624,65.88743141958327,True,UTA,241.82333333333332,52.34215198423092,54.142880477483565,55.46349814602947,33.25816574083009,51.69953547355508,55.5089770720929,False,4.712560354515901,-9.827750684561181,-7.294710302646948,19.75094072579214,10.324645803549544,10.378454347490369,137,117,20,1,2026-01-05
0022500510,IND,233.01407407407407,58.31604131367045,59.96033898763069,52.466387501629214,51.39157688774164,48.68550930002639,46.57141458300719,True,CLE,239.525,60.10895383223741,59.874929548063875,55.51404724628605,54.88752461468879,55.36776745642417,38.65434612403976,False,-1.7929125185669577,0.08540943956681701,-3.0476597446568334,-3.4959477269471506,-6.682258156397779,7.917068458967428,116,120,-4,0,2026-01-06
0022500511,WAS,226.41166666666666,50.4338446929266,51.619462336304814,56.978890958210336,40.5898753745022,50.751537391329954,49.24344826205734,True,ORL,248.555,55.6103927366847,49.811023046542346,62.09437481979173,54.419954671333635,53.4199774697753,65.14314053062961,False,-5.176548043758103,1.8084392897624681,-5.115483861581396,-13.830079296831435,-2.668440078445343,-15.899692268572267,120,112,8,1,2026-01-06
0022500512,MEM,232.76,55.758522369250166,57.02029486738844,51.48247837543679,55.288046342441426,51.312184224093485,51.37747900480279,True,SAS,228.45833333333331,62.90699471092468,53.60281889476565,57.839002006200985,47.17467225971184,53.26891847528725,57.27112342666037,False,-7.148472341674513,3.417475972622796,-6.356523630764194,8.113374082729585,-1.9567342511937653,-5.89364442185758,106,105,1,1,2026-01-06
0022500513,MIN,250.70166666666665,59.224032548646804,59.41655885813816,56.41864766222802,58.88004268021088,51.511160010902735,52.4050194555116,True,MIA,247.26666666666665,56.23604003774602,57.86682057158264,53.449735777837695,55.57892828255594,47.96928282555945,49.6516364938298,False,2.9879925109007814,1.5497382865555167,2.968911884390323,3.301114397654935,3.5418771853432816,2.753382961681801,122,94,28,1,2026-01-06
0022500514,NOP,227.7,59.75617698726395,55.219394671351196,58.52552115356464,50.50992607231738,47.07000585565803,39.31794043884354,True,LAL,243.70666666666668,60.965316911040595,51.700899305175625,58.95647910055805,52.492818552358024,54.93695562971879,63.252641153299045,False,-1.2091399237766467,3.5184953661755713,-0.4309579469934093,-1.9828924800406469,-7.866949774060757,-23.934700714455502,103,111,-8,0,2026-01-06
0022500515,SAC,256.59000000000003,57.09357535367706,54.4140392584798,60.51842108681814,43.94527326344232,42.51875105551009,51.955899231837726,True,DAL,238.63666666666666,60.11255674595969,53.308179100724956,55.789787124079844,49.996037211381314,51.73092357977958,42.46415869705082,False,-3.018981392282626,1.1058601577548401,4.728633962738293,-6.0507639479389965,-9.21217252426949,9.491740534786906,98,100,-2,0,2026-01-06
0022500516,CHA,220.215,54.00372590422996,49.51404233741268,54.75686412521097,43.644038780282905,55.902932739973814,54.19011037359508,True,TOR,259.19666666666666,53.70766406460989,53.28010583983848,65.35638639900205,44.13514191283325,48.35925937833563,47.55157697160983,False,0.29606183962007293,-3.7660635024257942,-10.59952227379108,-0.491103132550343,7.543673361638184,6.638533401985249,96,97,-1,0,2026-01-07
0022500517,DET,218.75833333333333,59.935598643861184,50.074378880804545,56.78343072644851,50.7108315873681,50.00465810826254,55.4277997474226,True,CHI,208.0085185185185,57.371803861309104,59.93825324105316,61.7165626229695,43.55948652387812,41.65050701271137,40.438159876439734,False,2.5637947825520797,-9.863874360248616,-4.93313189652099,7.151345063489977,8.354151095551167,14.989639870982863,108,93,15,1,2026-01-07
0022500518,PHI,327.96,62.69145373419523,53.05715940968411,54.1363326828475,49.65388055453918,53.59979164125706,63.07913794787175,True,WAS,201.435,52.883580311266655,50.96901399127923,53.89161185163122,38.10140574709791,50.84664945681403,50.45332631642817,False,9.807873422928573,2.0881454184048778,0.2447208312162843,11.552474807441271,2.7531421844430355,12.625811631443582,131,110,21,1,2026-01-07
0022500519,ATL,233.93166666666667,58.40105657635064,57.22491397060395,59.32000299232682,54.24550545387186,53.11048810550089,59.00446051859846,True,NOP,181.63666666666666,57.6595171679727,45.5925886843699,52.66505661485384,44.938090693876056,49.1813666477033,47.183576632078015,False,0.741539408377939,11.63232528623405,6.654946377472982,9.307414759995801,3.929121457797592,11.820883886520441,117,100,17,1,2026-01-07
0022500520,BOS,243.205,61.276201147180366,61.117363952221375,55.10098545123113,54.270413163106575,48.30513215874126,52.16324362448144,True,DEN,256.1166666666667,52.63684258475955,53.56729680484155,52.132663499707164,48.38597514153706,38.49450185462354,55.40097161561272,False,8.639358562420817,7.550067147379828,2.9683219515239685,5.884438021569515,9.810630304117716,-3.2377279911312797,110,114,-4,0,2026-01-07
0022500521,BKN,265.51666666666665,56.32886322264767,51.81125666938674,47.48444604858452,43.46751490804093,59.61372606867115,49.602012003038936,True,ORL,246.51833333333335,55.54622712306725,49.92268120694201,61.994254653136004,54.290021702239855,53.587741952931154,64.2762621303881,False,0.7826360995804222,1.8885754624447273,-14.50980860455148,-10.822506794198922,6.025984115739995,-14.674250127349168,103,104,-1,0,2026-01-07
0022500522,NYK,246.04999999999998,58.32550565603198,58.87562825983879,60.07246968773285,48.81129580708529,38.64376346271084,50.92880423795845,True,LAC,252.91833333333335,60.58136157257613,60.226730631099635,56.32583969792621,59.08203109040467,59.928315464148504,59.8464000596446,False,-2.2558559165441494,-1.3511023712608434,3.7466299898066353,-10.270735283319382,-21.284552001437667,-8.917595821686149,123,111,12,1,2026-01-07
0022500523,SAS,233.475,62.683658493057784,53.64050612128351,57.65372737980512,46.940549666274045,53.062999607381236,57.57600869129922,True,LAL,218.48583333333332,57.84011511043813,49.11313243040167,54.65273148907443,53.34652399278367,54.66622206626669,59.468340436202176,False,4.843543382619657,4.527373690881838,3.0009958907306924,-6.405974326509629,-1.6032224588854547,-1.892331744902954,107,91,16,1,2026-01-07
0022500524,MEM,216.53,55.742163518527065,56.004311950615,50.45386397573854,55.61179975061192,51.90796117551071,48.367927520453975,True,PHX,259.395,49.55148839928809,56.924952935355996,57.713909931443034,43.94041969454564,49.563685370445334,57.51895455497255,False,6.190675119238975,-0.9206409847409986,-7.260045955704491,11.671380056066283,2.3442758050653723,-9.151027034518577,98,117,-19,0,2026-01-07
0022500525,OKC,230.0583333333333,64.03642047306843,68.5221052631579,58.578599630528494,69.80795377983844,44.906750461839394,51.52062531390357,True,UTA,266.96500000000003,51.88194769601508,53.71808851347554,55.02853744872923,34.966636075890094,51.3191566934492,54.819177470856395,False,12.15447277705335,14.804016749682354,3.5500621817992624,34.84131770394835,-6.412406231609808,-3.298552156952823,129,125,4,1,2026-01-07
0022500526,GSW,265.4533333333334,56.52161334070018,62.56462592294941,66.5651401376262,59.8380380732332,56.998996057059614,45.3477786740341,True,MIL,261.5466666666667,57.19009354608483,57.91058956973899,52.725007646818916,52.45160137132953,52.915090997145185,54.13646130709624,False,-0.6684802053846539,4.654036353210422,13.840132490807285,7.386436701903669,4.083905059914429,-8.788682633062137,120,113,7,1,2026-01-07
0022500527,POR,243.06666666666666,56.52869857377949,43.96053003291279,48.013209681843115,53.16341675809106,62.27849149753154,66.16361123570262,True,HOU,230.3454761904762,57.9249237429079,49.44219552204711,49.56814825763785,64.0389748938189,63.148001707580015,56.94140137329953,False,-1.3962251691284138,-5.481665489134315,-1.5549385757947363,-10.875558135727843,-0.8695102100484746,9.22220986240309,103,102,1,1,2026-01-07
0022500528,CHA,255.38833333333332,52.912243446255054,51.086228162341015,54.21096173800683,42.978231190409375,53.93455587242957,50.16177825883891,True,IND,237.64880952380952,58.51881838447088,59.56374181590483,51.250091521603004,52.14053490294302,50.141744470882905,47.17197881261283,False,-5.606574938215829,-8.477513653563811,2.9608702164038263,-9.162303712533642,3.7928114015466647,2.9897994462260797,112,114,-2,0,2026-01-08
0022500529,CHI,227.79833333333332,59.96448978994579,60.8143891892683,56.93740662428025,42.56965005597056,47.95689169513971,39.52774456939252,True,MIA,229.54333333333332,56.812801504436344,56.97294918896941,53.02443329509316,56.60174694683648,50.44313056358276,51.680594557589984,False,3.1516882855094437,3.8414400002988884,3.912973329187089,-14.032096890865915,-2.4862388684430528,-12.152849988197467,113,116,-3,0,2026-01-29
0022500530,MIN,245.31666666666666,59.461097900672605,59.42914124600856,56.10416332631293,58.850727630953195,51.921566003125214,53.06862798103936,True,CLE,251.48833333333334,62.12608669719603,60.26386114664033,60.78026813702425,55.10377883665909,53.64093099083456,41.73546545879321,False,-2.6649887965234242,-0.834719900631768,-4.676104810711323,3.7469487942941058,-1.7193649877093478,11.333162522246155,131,122,9,1,2026-01-08
0022500531,UTA,234.04500000000002,51.370765593511216,58.26798051656732,54.77619688521438,30.91469446758814,48.77734053992466,52.54351605423009,True,DAL,236.20166666666668,60.21970209072755,53.208071492580494,55.52052201155792,50.05853331545784,52.097205777548844,43.0740850666042,False,-8.848936497216336,5.059909023986826,-0.74432512634354,-19.143838847869695,-3.3198652376241853,9.469430987625891,116,114,2,1,2026-01-08
0022500532,BOS,241.76833333333335,61.59106307001882,61.61831229620642,54.89958431280633,53.784611301452486,48.128337044415794,51.59341629661666,True,TOR,194.65944444444443,50.79534828632341,56.11906406344985,59.81710936764207,40.89897798719702,43.55411873157395,41.793119421164384,False,10.79571478369541,5.499248232756571,-4.917525054835735,12.885633314255465,4.574218312841843,9.800296875452275,125,117,8,1,2026-01-09
0022500533,ORL,244.695,55.6569777341861,49.85788975391134,61.88059557135754,54.47680445724951,53.795335690008656,64.84620534088127,True,PHI,309.365,63.29550153809685,53.027666348811266,54.48131764528415,50.129282023930735,54.05791648484261,63.84759745556901,False,-7.638523803910751,-3.169776594899929,7.399277926073388,4.3475224333187725,-0.26258079483395136,0.9986078853122606,91,103,-12,0,2026-01-09
0022500534,WAS,233.78666666666666,46.80515070719745,48.304501967605795,54.249163767537354,42.304807801984715,51.589963784646976,48.83712193251635,True,NOP,224.41333333333336,60.24931747965064,50.50329154536272,53.73035693066365,45.00793699126612,48.345148832511434,46.3690438159292,False,-13.444166772453194,-2.1987895777569264,0.5188068368737007,-2.7031291892814053,3.244814952135542,2.4680781165871437,107,128,-21,0,2026-01-09
0022500535,BKN,263.99666666666667,56.40672293842094,51.59924304599806,47.32303501306834,44.04910289271329,60.08806739984091,49.70539245326316,True,LAC,252.145,60.98889131253842,60.56547951905979,56.28069034351927,59.13444182249631,59.970936035482225,59.79130649296373,False,-4.5821683741174795,-8.966236473061734,-8.957655330450926,-15.08533892978302,0.11713136435868421,-10.085914039700569,105,121,-16,0,2026-01-09
0022500536,MEM,231.28833333333336,56.4552521023542,56.06331707176467,50.186528359262965,55.65808622714793,52.22051119454073,51.33235997800775,True,OKC,188.26333333333332,56.52150002655854,70.51909736362188,57.226877246410176,68.85071088369129,45.22827776695764,52.4412648897396,False,-0.06624792420434034,-14.45578029185721,-7.040348887147211,-13.192624656543359,6.992233427583088,-1.1089049117318481,116,117,-1,0,2026-01-09
0022500537,DEN,226.85333333333335,54.87961825555424,55.76318179146585,56.792174826613376,44.0242226989538,39.013239831903135,57.15104539109243,True,ATL,232.615,58.24096396764324,57.23833301091216,59.21787717902973,54.91996431872407,53.12506072265331,59.615305493150636,False,-3.3613457120889976,-1.4751512194463103,-2.4257023524163515,-10.89574161977027,-14.111820890750174,-2.464260102058205,87,110,-23,0,2026-01-09
0022500538,PHX,247.815,50.93232048100398,57.37551197465852,58.635369126162665,44.68505269387783,50.91603077564581,58.060923787689845,True,NYK,247.80407407407407,56.53105918504912,57.112138173676634,59.71847539349337,50.415174473262184,38.59130443555318,51.92933381750933,False,-5.598738704045147,0.26337380098188845,-1.083106267330706,-5.730121779384355,12.324726340092631,6.131589970180514,112,107,5,1,2026-01-09
0022500539,GSW,262.87666666666667,56.522315914941096,62.60499917578585,66.55118750237754,59.81522767330687,56.90713642646107,45.081596727480544,True,SAC,252.26999999999998,56.743857110767564,53.79793409177997,61.0424194976282,43.82081764247302,42.11654444312311,52.38256473161869,False,-0.22154119582646814,8.807065084005878,5.508768004749342,15.994410030833855,14.790591983337961,-7.300968004138149,137,103,34,1,2026-01-09
0022500540,POR,242.19666666666666,56.51205838230639,44.278661280777335,48.15707964601769,52.91003660936705,62.22148529432004,66.45881270922986,True,HOU,231.38291666666666,58.00556472946181,48.92774297295789,49.34286293103603,64.36078398181947,63.94965344243579,56.8480446374066,False,-1.4935063471554173,-4.649081692180552,-1.1857832850183385,-11.450747372452419,-1.7281681481157491,9.610768071823259,111,105,6,1,2026-01-09
0022500541,LAL,249.845,61.44832329377547,51.67077721520676,58.41776167890759,52.78359916481551,56.04355567118281,62.91443294842802,True,MIL,256.77833333333336,57.44159813587594,58.11206617900004,53.369842341319035,52.70122284460656,53.01925006652949,54.16734472664489,False,4.006725157899531,-6.441288963793276,5.047919337588553,0.08237632020895092,3.024305604653321,8.74708822178313,101,105,-4,0,2026-01-09
0022500542,CLE,245.26666666666665,62.67521948899158,60.39146167436804,61.12760668659963,54.83448627344387,53.37448083718402,41.56299309022761,True,MIN,228.20333333333332,61.259403894187926,57.41923065687034,53.61643344385855,58.61934239932225,54.61316662041162,56.38297755312647,False,1.4158155948036537,2.9722310174976982,7.51117324274108,-3.7848561258783775,-1.2386857832276021,-14.819984462898866,146,134,12,1,2026-01-10
0022500543,IND,236.62708333333333,58.81735730447874,59.655038606809235,51.14064218487247,52.383439307630674,50.552448913110474,47.634411369663745,True,MIA,242.30333333333334,56.505284698243244,57.96380225887661,53.65919714957835,55.30732621645045,47.926793550783444,49.52526875588265,False,2.312072606235496,1.6912363479326231,-2.518554964705878,-2.9238869088197745,2.6256553623270307,-1.8908573862189044,123,99,24,1,2026-01-10
0022500544,DET,171.15,59.966990943616715,48.51285714285714,53.28896776706592,53.267945272178395,47.95127763170707,51.51671897592197,True,LAC,251.00166666666667,60.941536908785466,60.594046520275434,56.06379107708448,59.101256299758965,59.87224985225862,59.850039515442546,False,-0.9745459651687511,-12.08118937741829,-2.7748233100185615,-5.833311027580571,-11.920972220551548,-8.333320539520578,92,98,-6,0,2026-01-10
0022500545,BOS,221.4633333333333,61.70458239889222,57.827132407170495,57.78799876578517,53.01371333102546,49.48661704721625,53.06990087800843,True,SAS,230.26166666666668,63.264606932692516,53.542454598753594,57.694661870191155,46.59765194669832,53.268637130221414,57.77036767236567,False,-1.560024533800295,4.284677808416902,0.09333689559401392,6.416061384327136,-3.7820200830051647,-4.70046679435724,95,100,-5,0,2026-01-10
0022500546,CHI,233.34833333333333,59.28030126634716,59.93947603368355,59.27444378575663,43.65458434814905,45.85193309001564,38.24086502602383,True,DAL,185.43,54.17322529615847,55.08075823760988,51.516681047655,46.536046846069496,47.70997860827985,44.22176879476338,False,5.1070759701886885,4.85871779607367,7.757762738101633,-2.8814624979204453,-1.8580455182642055,-5.9809037687395445,125,107,18,1,2026-01-10
0022500547,UTA,261.745,52.96013995810171,54.864077632810556,56.25326048889823,34.857434398619525,53.89764274389196,55.1710822014507,True,CHA,255.29333333333335,51.895514963179615,51.27229592103201,54.740550086175375,42.29813808951794,52.22182717919256,55.9459477390258,False,1.0646249949220987,3.5917817117785447,1.5127104027228526,-7.440703690898417,1.6758155646993984,-0.7748655375750957,95,150,-55,0,2026-01-10
0022500548,ORL,227.29833333333335,55.31177454006848,51.218365730794325,62.43512710901238,53.92281142991223,51.261180240359586,64.92134707783936,True,NOP,227.41166666666666,60.28887260254898,50.42784744259676,53.33511839761959,44.847698373727525,48.91887252926045,46.6260883758398,False,-4.977098062480501,0.7905182881975676,9.100008711392789,9.075113056184705,2.3423077110991386,18.295258701999558,128,118,10,1,2026-01-11
0022500549,MEM,229.69,56.49933243356988,55.72310578025454,49.77689639659251,55.39585020389801,52.63236173393124,51.06959528339621,True,BKN,246.77666666666667,57.42073804924831,51.38876649602204,47.741199870328096,44.22560952548188,60.4096517769103,49.73902894706838,False,-0.9214056156784238,4.334339284232499,2.0356965262644167,11.170240678416128,-7.777290042979061,1.3305663363278342,103,98,5,1,2026-01-11
0022500550,TOR,204.88944444444445,49.45173765797815,54.05474198822671,61.936534065797005,47.319768384575966,47.15937050062229,49.6509519120594,True,PHI,271.76666666666665,60.611725745124495,52.671570587513806,52.49666319146327,47.15118361339385,49.00187844965044,60.30753142387225,False,-11.159988087146345,1.3831714007129037,9.439870874333735,0.16858477118211823,-1.8425079490281533,-10.65657951181285,116,115,1,1,2026-01-11
0022500551,POR,240.00166666666667,56.449778126540785,44.528306747869806,48.224290803536086,52.64051985750099,62.195013229074796,66.69848731731344,True,NYK,280.935,56.91551604463666,55.791136146558216,61.74390695356577,49.69653715865473,43.86099453610266,55.60820174165032,False,-0.4657379180958756,-11.26282939868841,-13.519616150029684,2.9439826988462627,18.334018692972137,11.090285575663117,114,123,-9,0,2026-01-11
0022500552,MIN,244.23,59.45979814109651,59.68404304685475,55.98596200302993,58.73331763774584,51.9182860418458,53.53426366930069,True,SAS,234.86166666666665,63.05158213700263,53.72183554858534,57.63469418168142,46.742274530397324,53.19687901388761,57.33245139463437,False,-3.5917839959061197,5.962207498269407,-1.6487321786514855,11.991043107348517,-1.2785929720418068,-3.798187725333676,104,103,1,1,2026-01-11
0022500553,OKC,278.48,62.18537836349707,69.08090407449966,60.03763346260653,71.01888645504164,46.8305695202528,52.91478453697124,True,MIA,241.165,56.393677910697384,58.12598843115709,54.70673052336229,54.8133794981306,47.146667910628274,49.41544438475616,False,5.791700452799688,10.954915643342567,5.33090293924424,16.205506956911037,-0.3160983903754726,3.4993401522150833,124,112,12,1,2026-01-11
0022500554,DEN,226.55333333333334,51.556211929494154,50.06711149692494,45.8600329576553,49.13237795368272,40.91347879822264,53.445978167614356,True,MIL,252.90833333333333,57.248655968895186,58.408800948960426,53.779618438828294,52.822516063132234,52.4257873406043,54.01769086296089,False,-5.692444039401032,-8.341689452035489,-7.919585481172994,-3.6901381094495136,-11.51230854238166,-0.5717126953465339,108,104,4,1,2026-01-11
0022500555,PHX,256.68833333333333,49.95004447676495,56.72522968840293,57.50546447377819,43.73330303286086,49.779056313428086,57.64503468051849,True,WAS,240.09,47.221138600802476,48.31970788732003,54.41020658919572,42.29855332028267,51.76858192066864,48.93540601634374,False,2.728905875962475,8.405521801082905,3.095257884582473,1.4347497125781885,-1.9895256072405516,8.709628664174751,112,93,19,1,2026-01-11
0022500556,GSW,250.56166666666667,57.20909423495214,63.985837817702894,66.2733518694666,59.60273917931048,56.45147634980078,44.982132401796555,True,ATL,277.77333333333337,56.786527384438145,59.79635134162146,61.40655330485288,49.9707261316181,46.97525620409926,54.874513520620994,False,0.422566850513995,4.189486476081434,4.866798564613717,9.632013047692382,9.476220145701518,-9.892381118824439,111,124,-13,0,2026-01-11
0022500557,SAC,253.67999999999998,56.672542179123305,53.95242562808789,61.14124027646379,44.04480053610849,41.674052612214865,52.39048825103994,True,HOU,240.71472222222224,59.97733370414264,46.22940156224576,53.70938939939278,62.482638392841686,65.72093903225695,56.79253773196257,False,-3.3047915250193327,7.723024065842125,7.431850877071014,-18.437837856733196,-24.046886420042085,-4.402049480922628,111,98,13,1,2026-01-11
0022500558,CLE,244.64166666666668,62.937209524133934,60.285352726777255,61.66295261777429,54.64646591954218,52.971114214667715,41.41774412869042,True,UTA,284.84000000000003,51.99223248139306,54.0148551233441,55.53576101203014,36.35809109207508,53.085117375836724,54.55643399508992,False,10.944977042740874,6.2704976034331565,6.1271916057441445,18.288374827467102,-0.1140031611690091,-13.138689866399496,112,123,-11,0,2026-01-12
0022500559,IND,235.54425925925926,58.95899331650338,60.09158245796379,50.955202411436396,52.58932912663264,50.574396099184,47.400720400320424,True,BOS,247.51944444444445,61.43763295812899,61.081205292513495,55.26393167764597,52.85931273637312,48.77374863927637,51.71717604061553,False,-2.4786396416256053,-0.9896228345497065,-4.308729266209575,-0.2699836097404784,1.8006474599076299,-4.3164556402951035,98,96,2,1,2026-01-12
0022500560,TOR,223.62309523809523,53.06413267647413,53.854249337480056,65.77093217009488,46.06611666952365,47.50851837221857,49.03408990946696,True,PHI,298.93333333333334,62.82880463871543,53.08006746208742,54.56835414808207,49.763206958073155,53.459633140053526,62.69990434964343,False,-9.764671962241302,0.7741818753926353,11.202578022012808,-3.6970902885495036,-5.951114767834959,-13.665814440176476,102,115,-13,0,2026-01-12
0022500561,DAL,192.49666666666667,53.94857400128141,54.923073992623245,51.55710401911721,46.59141976484441,47.65225198704739,43.75334660508734,True,BKN,213.255,57.5655568841684,50.618425515619016,46.394065008245214,46.12256062773049,64.147061811759,46.66892291084113,False,-3.616982882886994,4.304648477004228,5.163039010871998,0.4688591371139168,-16.49480982471161,-2.9155763057537953,113,105,8,1,2026-01-12
0022500562,SAC,253.78,56.74435600388788,53.57704836209841,60.795238001418554,44.380689310951745,42.33661833083773,52.889503061249414,True,LAL,276.97333333333336,62.58843691330092,53.6303777740336,55.60517558850431,51.55691402301064,55.738935156212385,62.75759278871612,False,-5.844080909413037,-0.05332941193518792,5.190062412914244,-7.176224712058897,-13.402316825374655,-9.868089727466703,124,112,12,1,2026-01-12
0022500563,LAC,251.305,60.78154831778117,60.20142986941499,56.05520847840937,59.03143126214493,59.72393771181101,59.5431438696188,True,CHA,234.90333333333334,50.727569496672395,49.77468178399625,52.68766726738659,44.00648209901946,54.805379517815844,58.22441687146779,False,10.053978821108778,10.426748085418737,3.3675412110227825,15.02494916312547,4.9185581939951675,1.3187269981510141,117,109,8,1,2026-01-12
0022500564,MIA,235.93666666666667,56.36126008392082,58.35777397889264,55.83957347310719,54.82845255082579,47.064356253796916,49.76871100059809,True,PHX,246.59666666666666,51.05250679246813,57.31147487800592,58.63372173184282,44.58840211411346,50.99341231971235,58.17822287537377,False,5.308753291452689,1.0462991008867206,-2.794148258735632,10.24005043671233,-3.9290560659154323,-8.409511874775681,127,121,6,1,2026-01-13
0022500565,HOU,221.92,61.11353565849555,45.31556642033165,55.4456155371305,62.93563371184812,66.60283435472243,57.37172704878635,True,CHI,207.39666666666668,59.0962913258008,58.817598322055964,57.609498706183,46.02346871534419,48.11057795850142,35.73418328806313,False,2.0172443326947516,-13.502031901724315,-2.1638831690524967,16.912164996503932,18.49225639622101,21.63754376072322,119,113,6,1,2026-01-13
0022500566,MIL,223.92666666666668,53.79466864151955,57.50251793741999,57.50293027479234,53.18650897615291,48.9959063979279,53.060655274048045,True,MIN,209.475,58.44234872896528,58.044056172176475,53.418788240442375,58.45885348291363,53.45799260054899,50.44761848726566,False,-4.647680087445728,-0.5415382347564872,4.084142034349966,-5.272344506760724,-4.462086202621094,2.613036786782388,106,139,-33,0,2026-01-13
0022500567,NOP,235.64833333333334,60.87534815296805,51.03496453047974,52.404517324544344,43.141178592394034,54.47590406608718,48.8238301642205,True,DEN,244.945,49.7632352841114,51.41051324446985,50.357927970224615,49.16005974130247,37.628069566637414,51.281702043861245,False,11.112112868856649,-0.37554871399010636,2.046589354319728,-6.018881148908434,16.847834499449768,-2.4578718796407415,116,122,-6,0,2026-01-13
0022500568,OKC,235.17,64.32676220039404,68.66585448824254,64.31562061487435,72.29240762001956,46.77172825332029,50.320912562443944,True,SAS,237.85500000000002,62.941208579456664,53.96753904689832,57.53236775906889,46.66027551799766,53.071213554476465,57.080695292756616,False,1.3855536209373795,14.698315441344228,6.783252855805458,25.6321321020219,-6.299485301156174,-6.759782730312672,119,98,21,1,2026-01-13
0022500569,LAL,253.83999999999997,60.9168006093077,55.31504294043493,58.38605223763001,50.354505462758695,54.47746283748293,64.33432871099906,True,ATL,273.6766666666667,56.71794757804221,59.38240259186631,61.625881514682774,50.51934338574717,47.523621548542685,55.414168240604674,False,4.198853031265493,-4.0673596514313815,-3.2398292770527632,-0.16483792298847533,6.953841288940247,8.920160470394386,141,116,25,1,2026-01-13
0022500570,GSW,256.43833333333333,56.31023832890298,62.802847338216466,66.7192268446605,60.02234000376959,56.56820223185561,44.44560346899325,True,POR,242.01166666666666,56.763620899818875,44.90716425516676,48.59327856095092,52.808268885108845,62.125821757904234,66.80576659757565,False,-0.45338257091589185,17.895683083049704,18.125948283709576,7.214071118660748,-5.557619526048626,-22.360163128582407,119,97,22,1,2026-01-13
0022500571,IND,233.975,59.22513658866688,60.29368237347296,51.019417316664885,52.82559603946291,50.65566050503971,47.38399756559187,True,TOR,201.8775,50.292967269755174,52.3820997056796,68.05117294729064,44.4177880150091,42.93294778599233,51.98011696126697,False,8.932169318911704,7.911582667793361,-17.031755630625753,8.407808024453807,7.722712719047379,-4.596119395675103,101,115,-14,0,2026-01-14
0022500572,PHI,285.2633333333333,62.992040687551864,52.857684128115544,54.77598359410604,49.96174937776791,54.03333528085162,62.879275491083824,True,CLE,241.85,62.83148783681345,60.17137206257322,62.0429522431259,54.70272689683688,52.68015367652126,41.50892677907988,False,0.1605528507384122,-7.3136879344576755,-7.266968649019866,-4.74097751906897,1.3531816043303593,21.370348712003945,107,133,-26,0,2026-01-14
0022500573,CHI,239.65333333333334,59.395782101925,60.10809363525092,59.05786552798486,43.71753157338377,45.80953251919439,38.733761961722486,True,UTA,226.855,47.1952039849243,49.88201641283345,56.996114258006216,36.11844717256985,46.44772431729519,53.277059852848005,False,12.200578117000703,10.226077222417466,2.061751269978643,7.599084400813922,-0.6381917981007987,-14.543297891125519,128,126,2,1,2026-01-14
0022500574,NOP,262.14,60.09910861880421,50.57882810711834,50.49059980671906,41.509405279621575,51.89366559853514,50.153366923657536,True,BKN,247.46833333333333,57.04438615041654,51.13614132447923,47.844190839231956,44.385807611748305,60.36260598999199,49.345683236757395,False,3.0547224683876664,-0.5573132173608926,2.6464089674871047,-2.8764023321267302,-8.468940391456854,0.8076836869001411,116,113,3,1,2026-01-14
0022500575,DAL,212.87166666666667,57.49667013771991,52.86897269873085,53.89105172913257,49.16680472585203,50.52819617453395,41.177674130053525,True,DEN,250.8216666666667,49.552594472832624,51.595872897742744,50.70037211033071,49.28444512369346,37.60539227738167,50.86071068378679,False,7.944075664887286,1.2730998009881063,3.190679618801859,-0.1176403978414271,12.922803897152285,-9.683036553733267,109,118,-9,0,2026-01-14
0022500576,SAC,255.51500000000001,56.83388385548141,53.874409199720816,60.23897422851888,44.65982036279671,42.40396584675394,53.12181404204862,True,NYK,270.81166666666667,58.94260710087577,57.49549502421733,61.89804415122441,48.27296768356853,44.32014438078123,54.98260522440119,False,-2.1087232453943585,-3.621085824496511,-1.6590699227055339,-3.613147320771823,-1.9161785340272885,-1.8607911823525711,112,101,11,1,2026-01-14
0022500577,LAC,220.75666666666666,57.99063372944569,62.76456581152702,57.043548703700914,59.056233107342926,54.6429651048666,60.168777837961656,True,WAS,241.085,46.609192470152294,48.2011904515005,54.68227872603715,41.93080448804363,51.241726638599104,48.63264580480236,False,11.381441259293396,14.56337536002652,2.361269977663767,17.1254286192993,3.4012384662674933,11.536132033159298,119,105,14,1,2026-01-14
0022500578,ORL,284.20166666666665,58.626955624233965,48.810064449539944,62.14244638490274,55.84821810803361,55.51590126729259,65.75054515502558,True,MEM,219.90222222222224,56.2644253506609,58.516926967541124,54.09404103844133,55.10325093981163,49.473162567201584,50.14567083642703,False,2.362530273573064,-9.70686251800118,8.048405346461408,0.744967168221983,6.042738700091007,15.604874318598547,118,111,7,1,2026-01-15
0022500579,DET,269.52791666666667,62.20210986184177,47.95487186701439,56.452333323542554,49.742481684797646,54.11693887615228,54.59729480712418,True,PHX,221.545,46.19805005755039,56.4232909792593,53.317909077914955,46.965782722847884,53.45601420328452,55.01690859167633,False,16.00405980429138,-8.46841911224491,3.1344242456275992,2.776698961949762,0.6609246728677647,-0.4196137845521477,108,105,3,1,2026-01-15
0022500580,MIA,236.00833333333333,56.55999152572296,58.52839871473464,56.45675788284312,54.59214646375481,46.77457787507503,50.308325630289836,True,BOS,244.59833333333333,61.21897668967491,61.46088144509026,55.15673110337356,53.05409889683086,48.65435986890071,51.53852687354383,False,-4.658985163951954,-2.9324827303556162,1.3000267794695617,1.5380475669239502,-1.8797819938256808,-1.230201243253994,114,119,-5,0,2026-01-15
0022500581,HOU,224.88333333333333,61.16169421181353,44.78816200993108,55.67666345512488,63.184133254280006,67.19923664122138,57.74187356407026,True,OKC,261.1433333333333,62.10508660633369,69.9056354747712,61.417809504359035,71.5184751668943,45.75798029179378,52.427402491876144,False,-0.9433923945201599,-25.117473464840124,-5.741146049234153,-8.334341912614299,21.441256349427597,5.314471072194117,91,111,-20,0,2026-01-15
0022500582,SAS,241.61833333333334,62.60285436397624,54.03133040401183,57.461516441219274,46.83101309917156,53.05064185250843,56.881510593455516,True,MIL,248.78166666666667,56.682833006183465,58.68219724122223,54.46988323094548,53.12519947209401,51.672843658093775,53.77858497075749,False,5.920021357792777,-4.650866837210394,2.991633210273797,-6.294186372922454,1.3777981944146518,3.1029256226980237,119,101,18,1,2026-01-15
0022500583,DAL,174.345,55.04226199011539,54.879212672192104,55.19222422973607,47.24285946447179,48.777209938149454,40.31898112579207,True,UTA,248.91333333333336,48.43595160296756,50.78490572354501,57.14142740445135,37.32695382596352,49.57771714385194,52.960299068763135,False,6.606310387147829,4.094306948647095,-1.9492031747152794,9.91590563850827,-0.8005072057024876,-12.641317942971064,144,122,22,1,2026-01-15
0022500584,GSW,256.815,56.31926159557139,62.947616637138275,66.59841455262867,60.0341581813108,56.666788674077964,44.11494612041442,True,NYK,243.23833333333334,54.6103800798942,58.765620824568494,58.71040611745681,50.130085718396906,41.95745325229713,60.13855645790608,False,1.7088815156771915,4.181995812569781,7.888008435171855,9.904072462913895,14.709335421780835,-16.023610337491654,126,113,13,1,2026-01-15
0022500585,POR,238.65333333333334,56.42147326666294,45.06005293591821,48.71989007765797,52.89015517626683,61.7150169003855,67.22631854792017,True,ATL,271.4866666666667,56.698823146624754,59.44460255875058,61.677722662868646,50.67843847457211,47.5100766151806,55.58272673995355,False,-0.27734987996181104,-14.384549622832374,-12.957832585210674,2.2117167016947192,14.204940285204898,11.643591807966622,117,101,16,1,2026-01-15
0022500586,LAL,250.7227777777778,61.282820334987065,55.206317291563714,58.70869043055521,50.70412186101958,55.10504984478209,64.7438290630865,True,CHA,257.51,52.66102805069059,51.54740398431129,54.87115904883953,42.19873338252236,52.06500977308325,55.877559605483036,False,8.621792284296475,3.6589133072524263,3.837531381715678,8.505388478497217,3.04004007169884,8.866269457603458,117,135,-18,0,2026-01-15
0022500587,BKN,248.255,56.989927695313284,51.14899397796621,47.87206232838546,44.33156499029896,59.964796949373294,48.995607003807336,True,CHI,245.63666666666666,59.148957810316055,59.971195261293786,58.84875832869686,43.94032174892456,45.68981218873404,38.74105657407282,False,-2.1590301150027713,-8.82220128332758,-10.9766960003114,0.39124324137439714,14.274984760639256,10.254550429734515,112,109,3,1,2026-01-16
0022500588,IND,233.17333333333332,59.490361962488564,60.22735804551693,51.07602427378774,53.19063572163769,50.96790727927722,47.35263926801269,True,NOP,267.0966666666667,60.16426262651474,50.581418088332555,50.263703528060994,41.39286837474572,52.07236081818068,49.92681831626806,False,-0.6739006640261778,9.645939957184375,0.8123207457267441,11.797767346891973,-1.1044535389034564,-2.574179048255374,127,119,8,1,2026-01-16
0022500589,PHI,279.1533333333333,63.14280264132019,52.79205932223629,54.62629080791918,50.0977610870967,54.309214171423115,63.16267909382912,True,CLE,191.54833333333335,65.91675295182243,54.3579740535461,58.61286446414743,56.98630719835724,64.1997642022466,41.667012087147214,False,-2.7739503105022436,-1.5659147313098103,-3.986573656228245,-6.888546111260538,-9.890550030823483,21.495667006681906,115,117,-2,0,2026-01-16
0022500590,TOR,219.7301851851852,53.371644179772666,52.14841215194055,66.31538621019213,46.874729192283795,47.29687192120302,49.423941624769405,True,LAC,214.14833333333334,58.07930562149289,57.098723626146985,54.4198538396283,57.242935971172635,58.638932515623914,64.10015143480584,False,-4.7076614417202265,-4.950311474206437,11.895532370563828,-10.36820677888884,-11.342060594420893,-14.676209810036433,117,121,-4,0,2026-01-16
0022500591,HOU,242.49666666666667,59.959295660421446,46.07921345997883,54.466366547993786,62.74752986295344,65.9331035478151,56.68933456129981,True,MIN,210.16666666666669,57.744502775574944,58.51334892942109,53.429212529738294,58.14142981760508,52.54126090404441,51.03539236662892,False,2.214792884846503,-12.43413546944226,1.0371540182554924,4.606100045348363,13.391842643770687,5.65394219467089,110,105,5,1,2026-01-16
0022500592,SAC,262.615,60.37002519531126,51.45194676617862,64.77566589874911,41.06670664915053,50.824880528530365,53.16576847798914,True,WAS,225.42833333333334,46.2680046134396,49.7098819284769,54.944306764160075,41.60513984488787,51.50901764788514,43.28065527727929,False,14.102020581871656,1.7420648377017258,9.831359134589036,-0.5384331957373405,-0.684137119354773,9.885113200709853,128,115,13,1,2026-01-16
0022500593,DAL,203.12333333333333,56.91014326271395,55.64884224691074,52.81486863481957,46.69643320150319,48.175393439125656,42.04652641787115,True,UTA,249.02666666666667,47.96697609359105,50.46117082507897,57.30005755742357,37.49213337259731,48.90438641109385,53.08124981571291,False,8.943167169122901,5.187671421831766,-4.485188922604003,9.204299828905881,-0.7289929719681965,-11.03472339784176,138,120,18,1,2026-01-17
0022500594,ATL,221.9,58.09980396575033,64.16688823794502,62.59030419107706,49.79631665915577,46.14090506234039,53.85314893950313,True,BOS,214.26166666666668,60.96857347324533,57.90471152873822,50.776461802935664,54.600622292057224,49.61604113350498,54.97894393804908,False,-2.8687695074949957,6.262176709206798,11.813842388141396,-4.804305632901453,-3.4751360711645916,-1.125794998545949,106,132,-26,0,2026-01-17
0022500595,DET,274.6333333333333,62.48684852530647,47.90191224663187,56.13285228789901,51.01503519844641,55.92095217866246,54.07743536836995,True,IND,205.00666666666666,63.887376020292024,61.3403003154369,41.98370378199083,56.47246024519528,60.11231179473839,54.881810002945755,False,-1.4005274949855533,-13.438388068805025,14.14914850590818,-5.457425046748867,-4.191359616075928,-0.804374634575808,121,78,43,1,2026-01-17
0022500596,NYK,232.72833333333332,55.876459677592614,57.68761288197254,51.669992194045996,52.461499459312364,41.5373611578593,56.58186002232748,True,PHX,253.10000000000002,50.29760107994205,57.119054392203346,58.162232977742654,43.866580403002764,50.06364019491637,57.5364972358321,False,5.578858597650566,0.5685584897691953,-6.4922407836966585,8.5949190563096,-8.526279037057066,-0.9546372135046184,99,106,-7,0,2026-01-17
0022500597,MIA,243.13333333333333,56.57572045516863,58.57762476007678,56.70072319714834,54.36573622155196,47.052704277488345,49.935411252454685,True,OKC,258.87666666666667,62.1216879337651,70.04122104477035,61.5566254200842,71.54023022546129,45.77260020859354,52.41529991288648,False,-5.545967478596474,-11.463596284693573,-4.85590222293586,-17.174494003909324,1.2801040688948078,-2.479888660431797,122,120,2,1,2026-01-17
0022500598,SAS,242.98499999999999,62.362031263932614,54.07140427049681,57.440195896866065,47.10299744154303,53.30939564170628,56.512448509677895,True,MIN,244.80166666666668,59.34019240065087,59.9364682974653,55.7629060259666,58.6539348179819,51.56067020240875,53.623358494741645,False,3.0218388632817437,-5.86506402696849,1.6772898708994646,-11.550937376438867,1.7487254392975302,2.889090014936251,126,123,3,1,2026-01-17
0022500599,GSW,256.45,56.40334828101644,63.06350750633652,66.75539156430753,60.2169799181127,56.92896860986547,43.5326800857563,True,CHA,224.43,49.73022991578666,56.005228059231534,59.07440775891517,38.276764098679614,45.901540198131556,54.937007626846324,False,6.673118365229783,7.058279447104987,7.6809838053923585,21.940215819433085,11.027428411733915,-11.404327541090026,136,116,20,1,2026-01-17
0022500600,DEN,249.12666666666667,49.49322767534588,51.615367015440604,50.91380422275148,49.46229428135621,37.68137961947068,50.65141691864071,True,WAS,227.73166666666665,45.903676841897266,49.54601687658722,54.88304217683092,41.37159302980847,51.15706862608772,43.132592594776376,False,3.5895508334486124,2.0693501388533875,-3.969237954079439,8.090701251547735,-13.475689006617039,7.518824323864337,121,115,6,1,2026-01-17
0022500601,POR,240.70166666666668,56.14666703595737,45.67149445025308,48.70421960795175,53.00502281524155,61.174125646547246,66.45942911225666,True,LAL,185.91714285714286,57.643161700296595,56.393609032185346,57.67432394358982,51.65537976466731,47.151117497297825,58.61204190052053,False,-1.4964946643392238,-10.722114581932267,-8.97010433563807,1.3496430505742438,14.02300814924942,7.847387211736127,132,116,16,1,2026-01-17
0022500602,MEM,231.64666666666668,57.245834172734334,56.61432857512879,56.51775261173626,54.35594008115808,47.95608613693268,48.04345358730957,True,ORL,275.6116666666667,59.167255861205675,48.995660561055104,62.771923660706186,55.76669468515483,56.32330634286163,65.86558385712841,False,-1.9214216884713409,7.618668014073684,-6.254171048969923,-1.4107546039967502,-8.367220205928945,-17.822130269818842,126,109,17,1,2026-01-18
0022500603,CHI,240.75833333333333,61.23004465058323,59.987069329549,59.50138451420858,43.75167976186356,46.647337925305465,37.42344427577545,True,BKN,249.595,57.00908672048718,51.10035524215896,48.0876974031264,44.15296780784872,59.59028225725675,48.78059494819385,False,4.2209579300960485,8.88671408739004,11.413687111082183,-0.40128804598516155,-12.942944331951288,-11.357150672418399,124,102,22,1,2026-01-18
0022500604,HOU,242.51000000000002,60.126221599109314,46.5945170645884,54.25499567028164,62.61532514123129,65.8702857614119,57.17801533957362,True,NOP,266.78666666666663,60.37923621870159,50.586346144235094,49.91964303563397,41.23333999700135,52.047520490779156,49.5355376451472,False,-0.2530146195922782,-3.991829079646692,4.33535263464767,21.381985144229937,13.82276527063275,7.642477694426418,119,110,9,1,2026-01-18
0022500605,DEN,248.35333333333335,49.36067296593563,51.680263334496544,51.08352213244571,49.47700654980807,37.51656041124204,50.363225803975155,True,CHA,249.75166666666667,53.00006139431835,51.45988548624967,54.970724920087285,42.350099765767325,51.894042749130804,55.55426492961845,False,-3.6393884283827234,0.22037784824687634,-3.887202787641577,7.126906784040742,-14.377482337888765,-5.191039125643293,87,110,-23,0,2026-01-18
0022500606,SAC,259.83166666666665,60.47908004541403,51.29328732063708,64.93682127531288,41.1159795765207,50.8866259565488,53.335522358227536,True,POR,240.70166666666668,55.8182674264823,45.872364822290386,48.643970059755844,53.23668857022178,60.52485303383857,66.12095862759958,False,4.660812618931729,5.420922498346691,16.292851215557036,-12.12070899370108,-9.63822707728977,-12.785436269372042,110,117,-7,0,2026-01-18
0022500607,LAL,272.69375,62.734772829715865,52.15527935030902,56.763347925404716,52.33617855805887,57.28982940264185,63.97362609154041,True,TOR,233.18333333333334,52.657641340861986,52.68527339003645,64.43172682438711,46.446639268100924,47.21005646487027,50.14418104032392,False,10.07713148885388,-0.529994039727427,-7.668378898982397,5.889539289957945,10.07977293777158,13.829445051216489,110,93,17,1,2026-01-18
0022500608,WAS,227.685,45.895949813704604,49.53549567750767,55.07953239490231,41.48477941014998,51.383024061019974,43.433890953607545,True,LAC,230.59499999999997,55.66676134926314,55.48432388675673,53.71126216960472,58.0677045613883,58.41860838266225,64.46767784795874,False,-9.770811535558536,-5.948828209249058,1.3682702252975858,-16.582925151238314,-7.0355843216422755,-21.033786894351195,106,110,-4,0,2026-01-19
0022500609,PHI,242.44333333333333,63.491637221068835,50.21414007396917,53.87238461221178,48.96421156833899,54.88085119546835,62.86836174535027,True,IND,242.02833333333334,61.62900142545294,58.193007705709384,49.494643189158296,55.28603607015707,53.88382351928493,46.25016768009255,False,1.862635795615894,-7.978867631740215,4.377741423053486,-6.321824501818078,0.9970276761834214,16.61819406525772,113,104,9,1,2026-01-19
0022500610,BKN,243.03333333333333,54.122158140172814,53.230638458373335,47.19312097106021,40.781526539569334,55.73853655191332,47.31043434423543,True,PHX,264.21166666666664,49.72205491808967,55.1611454200231,58.97226844638453,44.74469396380427,49.86227582683076,55.26575953767508,False,4.400103222083146,-1.9305069616497619,-11.779147475324322,-3.963167424234939,5.87626072508256,-7.9553251934396485,117,126,-9,0,2026-01-19
0022500611,SAS,245.41833333333332,62.31232589252365,54.35973541775608,57.36838866968646,47.006476017140805,53.21603248874371,56.29501994446058,True,UTA,220.29166666666669,47.318849252884434,46.21064270853035,58.856901078116124,39.35918517117457,48.58838736523548,53.92573695189326,False,14.99347663963922,8.149092709225727,-1.4885124084296635,7.647290845966232,4.6276451235082305,2.369282992567314,123,110,13,1,2026-01-19
0022500612,GSW,215.01,55.78787188192798,62.09764584592965,60.42134241818211,55.53623552392912,53.88657039207479,45.795709869063614,True,MIA,227.36,56.25668469974197,57.682251348815385,55.011851249120326,55.93695534248182,48.01577161036828,48.378286156911116,False,-0.46881281781399053,4.415394497114264,5.409491169061781,-0.40071981855270167,5.870798781706505,-2.582576287847502,135,112,23,1,2026-01-19
0022500613,PHI,236.66500000000002,60.48744639046753,51.90783385798491,52.596342227762165,47.29653236994626,49.82071563884252,60.8413016318204,True,PHX,255.7183333333333,51.689967477237325,57.61146052623003,59.66346435857161,43.980800490122604,50.246447588818434,56.74798115918279,False,8.797478913230208,-5.703626668245121,-7.0671221308094445,3.315731879823659,-0.425731949975912,4.093320472637608,110,116,-6,0,2026-01-20
0022500614,CHI,242.37666666666667,61.32581519123128,60.075714796528814,59.42417518187945,43.747039043912366,46.773019267531254,37.34540993848615,True,LAC,219.04166666666669,56.59311470420391,55.03908540992961,54.853824614799315,57.803641620696204,57.81936846109949,63.66775448655879,False,4.7327004870273655,5.036629386599202,4.570350567080133,-14.056602576783838,-11.046349193568233,-26.322344548072643,138,110,28,1,2026-01-20
0022500615,HOU,245.61166666666668,59.84350363378504,49.44198565486167,53.51940868715519,64.31867107289963,65.0400435647058,55.42975564407229,True,SAS,245.01833333333335,62.10552951819932,54.2378475080096,57.3505907721191,47.08231152770881,53.08831924141731,56.350607326815265,False,-2.262025884414278,-4.795861853147933,-3.831182084963906,17.236359545190822,11.951724323288488,-0.9208516827429776,111,106,5,1,2026-01-20
0022500616,UTA,211.83166666666665,47.40619674427022,46.4107837197775,58.51708510688518,38.748232480192605,48.33646370152401,53.35019357182333,True,MIN,261.24,58.35198412698412,58.67843745215127,55.22076251722554,57.599524702699945,50.56183139386515,54.01619050300065,False,-10.945787382713903,-12.267653732373773,3.2963225896596455,-18.85129222250734,-2.2253676923411376,-0.6659969311773182,127,122,5,1,2026-01-20
0022500617,DEN,248.17166666666668,48.792076049508736,51.3106774208713,50.31959866490266,49.88960665668254,37.406624446787504,50.28804267139569,True,LAL,261.71814814814815,63.87756195171792,51.6615205925515,56.816007041785134,53.29214301786343,58.56329971880975,65.49787932735101,False,-15.085485902209186,-0.3508431716801965,-6.496408376882478,-3.4025363611808928,-21.156675272022248,-15.209836655955328,107,115,-8,0,2026-01-20
0022500618,GSW,221.03,52.64167760032574,61.21742749852961,62.47866428388303,59.939935755327326,54.98406098719631,46.70071209450985,True,TOR,204.32833333333332,52.89053892020197,53.154794162989305,66.40747897583138,45.94191538128992,47.0556204474824,48.415234994493204,False,-0.24886131987622662,8.062633335540305,-3.9288146919483538,13.99802037403741,7.928440539713911,-1.7145228999833506,127,145,-18,0,2026-01-20
0022500619,SAC,273.23,60.624027376203195,53.48498639729653,64.00237833815223,43.35933950639876,49.06409191279629,52.15033044730126,True,MIA,226.84333333333333,56.33121831513673,57.5743067902958,54.57771295901724,55.69603176935623,48.151089591935694,48.24002316348229,False,4.292809061066464,-4.089320392999269,9.424665379134986,-12.33669226295747,0.9130023208605991,3.910307283818966,117,130,-13,0,2026-01-20
0022500620,CHA,254.84333333333333,53.083126234418536,51.93577165055655,55.12948412750317,41.94764234235413,51.872126666056275,55.5877645416138,True,CLE,226.99,64.26761898468361,55.226501167452305,56.023973155939316,58.192882946385296,64.28735553695464,38.89095903959496,False,-11.184492750265072,-3.2907295168957518,-0.8944890284361477,-16.245240604031167,-12.41522887089836,16.69680550201884,87,94,-7,0,2026-01-21
0022500621,BOS,246.115,60.73607256770209,61.63540959849392,54.696593056091665,53.03701927960506,48.359187778071224,51.60130293629615,True,IND,249.79000000000002,61.36019056007046,58.08761159373874,49.97467472677049,55.68836889653976,53.367331892122714,46.52644550467227,False,-0.6241179923683688,3.5477980047551796,4.721918329321177,-2.651349616934695,-5.00814411405149,5.074857431623883,119,104,15,1,2026-01-21
0022500622,NYK,286.1083333333333,58.43375353158769,59.1012868086098,59.27297410654473,47.988297556286966,41.68958727754639,54.99613481193181,True,BKN,261.8416666666667,56.10030743770089,51.02485980713536,47.56407243563222,44.174279621908916,59.75410203367174,47.48162754061017,False,2.333446093886799,8.076427001474443,11.70890167091251,3.8140179343780503,-18.064514756125355,7.514507271321641,120,66,54,1,2026-01-21
0022500623,MEM,234.79833333333332,57.340534785170256,56.3340774707373,56.424065332661364,54.50654107425521,48.544057666508145,48.60446763260696,True,ATL,275.805,57.661832333230606,57.13566046059111,58.81508009886212,52.44487167866186,50.585015379223236,53.58672492038457,False,-0.3212975480603504,-0.8015829898538129,-2.3910147662007546,2.0616693955933485,-2.040957712715091,-4.982257287777607,122,124,-2,0,2026-01-21
0022500624,NOP,263.65666666666664,60.592256343477004,50.59600616963981,49.82921476162181,41.291629265332446,52.46521802343958,49.21011459059042,True,DET,224.39166666666665,63.57569131355146,47.3042953169681,50.708438370408885,51.9796969584432,58.823164853121405,46.01173246184128,False,-2.9834349700744554,3.291710852671706,-0.879223608787072,-10.688067693110753,-6.357946829681822,3.198382128749145,104,112,-8,0,2026-01-21
0022500625,MIL,184.84666666666666,53.628588559887476,62.05158329426191,54.47154758899268,50.57072979406355,46.71635680023082,60.061291340570556,True,OKC,213.555,63.440765454644776,69.60258247289924,55.277737975384944,68.87332537285477,46.32597925592938,53.8852666338152,False,-9.8121768947573,-7.550999178637333,-0.8061903863922666,-18.302595578791212,0.3903775443014368,6.176024706755356,102,122,-20,0,2026-01-21
0022500626,SAC,238.93166666666667,57.14573901882686,51.73062870137208,62.09232346765812,44.71729085721859,43.14815951562163,54.615268278764766,True,TOR,209.42833333333334,52.54757633876346,53.11383528175907,65.99149908083115,45.87293584917672,46.986848325202736,48.44976090812886,False,4.598162680063396,-1.3832065803869895,-3.8991756131730284,-1.1556449919581269,-3.8386888095811074,6.165507370635908,109,122,-13,0,2026-01-21
0022500627,ORL,243.35500000000002,57.30451946059597,49.35877147925184,61.55461226055213,55.05430612342736,55.61805935087971,66.20458180884557,True,CHA,243.56333333333333,53.126071932009474,51.95803555543391,54.467770189820584,41.860969768301196,51.09509983714024,56.3186257099997,False,4.178447528586496,-2.5992640761820667,7.086842070731549,13.193336355126164,4.5229595137394725,9.885956098845874,97,124,-27,0,2026-01-22
0022500628,PHI,263.915,63.306222963201535,51.98490865114399,54.26934429645909,50.30825770923718,55.45728548964628,63.25001723190529,True,HOU,240.20333333333332,60.4338595079169,48.47399772415037,53.00543289712882,64.46747339059964,66.6717857093296,56.69054273462761,False,2.872363455284635,3.510910926993617,1.2639113993302686,-14.159215681362454,-11.214500219683316,6.559474497277677,128,122,6,1,2026-01-22
0022500629,WAS,225.97833333333332,45.824068679150656,49.64076792022834,55.2974481329331,41.444002743625866,51.47098173128692,43.5360651777877,True,DEN,263.0083333333333,50.77326573936187,50.98137448116346,50.87408637242166,49.03404391495833,40.958635657932255,51.327035146687095,False,-4.949197060211212,-1.3406065609351216,4.42336176051144,-7.590041171332466,10.512346073354664,-7.790969968899397,97,107,-10,0,2026-01-22
0022500630,DAL,256.62333333333333,52.66646511748736,55.24480561653266,52.86484016782054,47.215414290724404,46.836037253042726,42.23708602004419,True,GSW,229.36666666666667,53.069943322191534,63.37601293416654,63.3848474059003,60.430913384682455,56.616273797413164,44.374821395638975,False,-0.4034782047041716,-8.13120731763388,-10.520007238079764,-13.215499093958051,-9.780236544370439,-2.1377353755947865,123,115,8,1,2026-01-22
0022500631,MIN,246.8466666666667,58.62017244173171,60.481676209252704,56.783946849596234,58.79165136251924,50.93558619385853,53.10331661173953,True,CHI,288.20666666666665,58.58893097545743,58.91412990677986,60.740506812241215,44.943531840577364,50.10413013809536,43.611487953419676,False,0.031241466274281038,1.5675463024728415,-3.956559962644981,13.848119521941875,0.8314560557631765,9.491828658319854,115,120,-5,0,2026-01-22
0022500632,UTA,241.305,47.34234060628665,50.06422300960748,56.96278223272069,36.654178322040565,47.24775215322241,52.62943775028009,True,SAS,219.08,60.33356612500761,55.985038950763794,57.43237249710912,44.60316094577323,49.65950261700444,54.131488164829676,False,-12.99122551872096,-5.920815941156313,-0.46959026438842955,-7.948982623732668,-2.4117504637820346,-1.5020504145495863,109,126,-17,0,2026-01-22
0022500633,LAC,258.62611111111113,57.68911878365809,56.532741602527885,56.180592317953625,59.83125038934369,58.07635260683053,59.74273129308652,True,LAL,258.74833333333333,63.700656364936336,51.73251357496666,57.068818478701964,53.28934357065102,58.154777808552716,65.64962994930724,False,-6.011537581278247,4.800228027561225,-0.8882261607483386,6.5419068186926665,-0.07842520172218315,-5.906898656220719,112,104,8,1,2026-01-22
0022500634,POR,237.82666666666665,56.016861019229694,45.78975864775467,48.69630052699445,53.073250826932785,60.732324662218986,66.83018615466082,True,MIA,207.41,55.3872105170114,59.026126994841135,57.40251354000932,54.65535654018611,44.1421090272086,48.51227565751285,False,0.629650502218297,-13.236368347086469,-8.706213013014874,-1.582105713253327,16.590215635010388,18.31791049714797,127,110,17,1,2026-01-22
0022500635,DET,267.1616666666667,62.7729689264303,48.36923086520646,54.832819703425514,50.30428329912599,56.38589742789946,51.65905444269075,True,HOU,207.5727777777778,62.026395026108645,48.52515744143285,56.777914305825796,62.55888670907928,64.42811062251258,58.02523960806249,False,0.7465739003216569,-0.15592657622639194,-1.9450946024002818,-12.25460340995329,-8.042213194613119,-6.366185165371739,104,111,-7,0,2026-01-23
0022500636,ATL,263.6066666666666,57.20953883310994,56.97015502895729,60.6643825396424,53.6395406034243,51.37594585367088,55.46314645872673,True,PHX,256.16055555555556,51.810589929493005,57.726901314063014,59.76989735170433,43.875830479582035,49.95273233583972,56.73236387278057,False,5.398948903616933,-0.7567462851057201,0.8944851879380735,9.763710123842266,1.423213517831158,-1.2692174140538341,110,103,7,1,2026-01-23
0022500637,BKN,257.5516666666667,55.94967223405012,50.944526340993065,47.53564268658069,44.4128977357294,59.85496567031857,47.32354278231814,True,BOS,246.85999999999999,60.48969253828081,61.556584028734235,54.37062235004996,53.22736773879932,48.62243916929974,51.82672410434681,False,-4.540020304230694,-10.61205768774117,-6.8349796634692765,-8.814470003069921,11.232526501018832,-4.5031813220286665,126,130,-4,0,2026-01-23
0022500638,CLE,227.46333333333334,64.31231846891073,54.87217207168921,55.979157812980844,58.37685780858453,64.58901214847813,38.796280659248126,True,SAC,268.96666666666664,60.57240426322964,52.62700582476144,64.94192650886107,43.0617145866898,48.86361259139918,52.621073776739536,False,3.739914205681089,2.2451662469277665,-8.962768695880229,15.31514322189473,15.725399557078951,-13.82479311749141,123,118,5,1,2026-01-23
0022500639,MEM,230.37833333333333,55.00088694683384,56.18113537876102,52.31886679158196,54.425844444283676,51.79844169373567,52.55705554390001,True,NOP,258.8566666666667,61.44722883964098,53.33996291383906,51.76743564649677,44.94647681471084,52.675084023333376,45.97714550593919,False,-6.4463418928071405,2.8411724649219607,0.5514311450851892,9.479367629572835,-0.8766423295977077,6.579910037960822,127,133,-6,0,2026-01-23
0022500640,MIL,170.98666666666665,63.38702432938241,55.626393870867126,54.19171865252652,53.941012944479105,61.60619638958204,62.09453758577667,True,DEN,213.195,48.09715205953861,54.20832805647412,53.87888630909106,47.564111885050465,36.53366870705223,45.14463266122398,False,15.289872269843805,1.4180658143930032,0.31283234343545985,6.37690105942864,25.07252768252981,16.94990492455269,100,102,-2,0,2026-01-23
0022500641,OKC,202.95833333333334,62.75686142475877,70.47860644631491,55.55413015807842,69.45165428043522,52.422751796345715,57.43514118046776,True,IND,242.1,60.72972050117032,57.94322938179816,48.81874156684566,54.949993804213136,54.18902037725458,47.71282551230985,False,2.0271409235884477,12.535377064516751,6.735388591232763,14.501660476222085,-1.7662685809088643,9.722315668157911,114,117,-3,0,2026-01-23
0022500642,POR,240.70166666666668,55.786307392969164,46.373363292042015,48.939178512820156,52.95830107809806,59.96678460888651,66.56179329297386,True,TOR,246.19333333333333,54.07804164748572,51.89988356034553,66.2521419480625,43.67260757128544,48.39526049987815,48.20425179920882,False,1.7082657454834447,-5.526520268303514,-17.312963435242345,9.28569350681262,11.571524109008365,18.35754149376504,98,110,-12,0,2026-01-23
0022500643,PHI,260.42333333333335,63.24883394985088,51.852465216890444,54.50916712532159,50.53063025586545,55.606660949479696,63.11988031819835,True,NYK,278.76,58.851313555268575,59.44353745157125,59.44620940354905,47.94750382646961,42.03405259004162,55.115720611140794,False,4.397520394582301,-7.591072234680809,-4.937042278227459,2.58312642939584,13.572608359438078,8.004159707057553,109,112,-3,0,2026-01-24
0022500644,MIN,246.52666666666667,58.704430217150275,60.56420400768004,56.56805822223424,58.946139024851945,50.94847819032424,53.31793486901757,True,GSW,224.29500000000002,52.81623903044353,64.54762403679676,63.41589944789971,60.17237640904463,55.973483581889916,43.95655770363339,False,5.888191186706742,-3.983420029116722,-6.847841225665469,-1.226237384192686,-5.025005391565678,9.361377165384177,85,111,-26,0,2026-01-25
0022500645,CHA,247.37333333333333,52.96756454481755,52.312174580930304,55.251385894464505,41.71736376866274,51.63575702042796,55.53834542225234,True,WAS,219.99666666666667,46.30773420809406,50.10779860300914,54.895663570660155,42.51163881270928,53.01041985484628,43.246076806131285,False,6.659830336723488,2.204375977921167,0.35572232380435054,-0.794275044046536,-1.3746628344183236,12.292268616121056,119,115,4,1,2026-01-24
0022500646,ORL,264.5208333333333,57.79540647397024,51.24617279672364,61.91927699456565,57.61923351972907,53.009334173426794,67.93649483208954,True,CLE,227.16166666666666,64.4838851918971,54.75089913937944,56.001182711284905,58.33093978590872,64.89817971048518,38.64533972014246,False,-6.688478717926863,-3.5047263426558004,5.918094283280745,-0.7117062661796467,-11.888845537058387,29.291155111947077,105,119,-14,0,2026-01-24
0022500647,CHI,254.13000000000002,58.18638426527105,59.46163840029381,57.66689883130681,44.606823279423914,52.01665355002033,46.370055633318536,True,BOS,251.80666666666667,59.96194633448942,61.266265124036956,54.378049958963224,52.665073733816946,48.690147864763965,52.101868757435405,False,-1.775562069218367,-1.804626723743148,3.2888488723435856,-8.058250454393033,3.3265056852563646,-5.731813124116869,114,111,3,1,2026-01-24
0022500648,DAL,266.1516666666667,55.50726340244597,54.53541276590415,52.37126700941192,47.67526097275363,49.600155299922974,43.283340050973756,True,LAL,254.39833333333334,64.09182122524388,51.86755678430807,56.83372663604977,53.05904323272558,58.203446039347746,65.98073297125899,False,-8.584557822797905,2.6678559815960767,-4.462459626637845,-5.383782259971952,-8.603290739424772,-22.697392920285232,110,116,-6,0,2026-01-24
0022500649,UTA,230.62666666666667,46.58021333179165,48.82939960686825,56.773298115280106,36.30647222061629,45.59116826617333,52.93786103285761,True,MIA,210.10666666666668,55.44635423277065,58.708855026018526,57.0342294390151,54.91409363497906,44.453863117146845,49.203200931268775,False,-8.866140900979005,-9.879455419150275,-0.2609313237349937,-18.607621414362768,1.1373051490264814,3.7346601015888368,116,147,-31,0,2026-01-24
0022500650,DET,264.88166666666666,63.000660043163926,47.977237634415374,54.7188417469436,50.21646773087354,56.63953778102172,51.62854954099,True,SAC,232.71333333333334,58.640019910046696,48.44121093190478,65.72661070845389,46.03371243590111,51.329325779929526,50.720965878955994,False,4.360640133117229,-0.4639732974894031,-11.007768961510287,4.182755294972431,5.3102120010921965,0.907583662034007,139,116,23,1,2026-01-25
0022500651,MEM,244.18055555555554,45.75919890791196,50.6479604118082,50.50718343666458,50.08537603094249,53.67672191570446,46.03762772897713,True,DEN,247.75055555555556,60.79834331574545,62.55379357821823,63.11219887386731,43.85722175754736,45.90918643528101,55.81068704857709,False,-15.03914440783349,-11.905833166410034,-12.605015437202724,6.228154273395134,7.767535480423454,-9.773059319599959,125,118,7,1,2026-03-18
0022500652,MIL,224.37333333333333,48.51606845733301,62.59230746375089,45.044728280247206,47.90305369027811,46.28440694081293,49.24065293773395,True,DAL,214.91007936507938,61.448110930115845,52.848862259483205,50.47140801228421,49.78540537626109,53.69394083978275,47.71697638770729,False,-12.932042472782832,9.743445204267687,-5.426679732037002,-1.8823516859829823,-7.409533898969819,1.5236765500266571,123,99,24,1,2026-03-31
0022500653,OKC,214.24,61.2230924819517,71.43280121981579,58.25782922579039,70.58706901916852,50.02988704256908,57.35245289527913,True,TOR,269.865,52.42771385692846,52.148917051118154,64.63822960863148,44.3664029545637,47.90023097968738,47.335923262692646,False,8.79537862502324,19.283884168697632,-6.3804003828410885,26.22066606460482,2.1296560628817005,10.016529632586483,101,103,-2,0,2026-01-25
0022500654,SAS,273.135,61.21035385432112,54.89821089693132,58.874836619254225,46.40749995423509,49.96953643192317,51.99726180738957,True,NOP,274.15500000000003,59.63185971439514,53.60752494027101,53.55864261701105,45.780062373474856,51.00389195892834,43.78880213272832,False,1.5784941399259793,1.2906859566603046,5.316194002243172,0.6274375807602368,-1.0343555270051752,8.208459674661249,95,104,-9,0,2026-01-25
0022500655,PHX,224.53333333333333,46.2218304631829,54.78107333729217,55.11895783847981,47.82594195368171,53.166724317102144,52.44169642155711,True,MIA,215.32666666666665,55.79284343168519,58.77190392891422,56.67896838911422,54.73094368246695,45.13032059816093,49.36858973397737,False,-9.571012968502295,-3.99083059162205,-1.5600105506344093,-6.905001728785237,8.036403718941216,3.073106687579738,102,111,-9,0,2026-01-25
0022500656,LAC,257.655,58.68257747763483,56.81497803910914,55.95047317795761,59.69472679875545,58.732080365863915,60.23937443743259,True,BKN,202.555,58.1132515448479,49.41070573424502,48.63198637407124,47.27401035109805,64.28380028469634,54.19675924790139,False,0.5693259327869313,7.404272304864122,7.318486803886373,12.420716447657398,-5.5517199188324255,6.0426151895311975,126,89,37,1,2026-01-25
0022500657,CHA,247.87833333333333,53.16085512381746,52.482684381450575,55.28732778849839,41.72029019613117,51.557257928957085,55.58346516911085,True,PHI,196.06666666666666,60.782397993879634,46.60957667460048,49.66804998299898,45.98320384223053,51.65369007140429,59.804319631107695,False,-7.6215428700621715,5.873107706850092,5.619277805499408,-4.2629136460993635,-0.0964321424472061,-4.2208544619968436,130,93,37,1,2026-01-26
0022500658,CLE,228.29666666666665,64.27847902582897,53.96439428229351,56.26759552628889,58.691340215217046,65.21443735490372,38.53268364519031,True,ORL,265.725,57.771094803524946,51.18833756703358,61.58208235331012,57.81156646909398,53.06163326747577,68.25456954171318,False,6.507384222304026,2.7760567152599336,-5.314486827021227,0.8797737461230639,12.152804087427953,-29.72188589652287,114,98,16,1,2026-01-26
0022500659,ATL,265.5816666666667,57.567505914690386,57.16452315358112,59.50703236292665,52.598237202618144,51.23217842597066,54.3777883764567,True,IND,286.015,60.58143861918664,57.70646236502748,49.139446066348505,52.8350995577155,53.189440530508314,45.05372856812844,False,-3.0139327044962556,-0.5419392114463548,10.367586296578146,-0.2368623550973581,-1.957262104537655,9.324059808328258,132,116,16,1,2026-01-26
0022500660,BOS,230.32999999999998,58.23715610935035,63.43749981910013,57.24509833716842,52.7030289873949,46.35906670139944,53.36144099569803,True,POR,240.37666666666667,55.47601056674941,46.778259121101605,49.1402756784491,53.02555156490508,59.02512237737995,66.48513910528034,False,2.761145542600943,16.659240697998527,8.104822658719321,-0.32252257751017765,-12.666055675980509,-13.123698109582307,102,94,8,1,2026-01-26
0022500661,CHI,248.31166666666667,58.34358836677025,59.71149429144825,57.82725271332398,44.34731083920074,52.16230812084276,46.66415516598284,True,LAL,253.78166666666667,63.99994614793557,52.23374816935818,56.81907348179866,52.93494407922821,57.630090169371314,66.15188646408657,False,-5.656357781165319,7.477746122090068,1.0081792315253182,-8.587633240027472,-5.467782048528555,-19.487731298103732,118,129,-11,0,2026-01-26
0022500662,HOU,246.74666666666667,60.622000297200906,49.3272364368313,52.689916108289204,64.31271614611478,65.83598765265319,56.6988861720523,True,MEM,208.60666666666668,53.30667604103416,58.448002620561816,53.073446038797094,53.37931833434534,48.36799718768975,51.83979333500412,False,7.315324256166747,-9.120766183730517,-0.3835299305078905,10.933397811769439,17.467990464963435,4.8590928370481805,108,99,9,1,2026-01-26
0022500663,MIN,214.21166666666664,57.23754075019257,59.595034506368314,54.63586717187829,57.9267072288313,51.893689263734466,50.27569316008304,True,GSW,134.48944444444444,52.91513708221628,59.034519437708866,53.93005192476898,59.44136425411329,57.738965470235165,55.19533442856387,False,4.322403667976289,0.5605150686594484,0.7058152471093067,-1.5146570252819913,-5.845276206500699,-4.919641268480831,108,83,25,1,2026-01-26
0022500664,WAS,256.585,42.81605186065697,50.06738117972601,55.62283194003287,39.98820079116083,50.322985885119294,42.99680520294878,True,POR,240.005,55.31449900349298,47.36531530593113,49.37973306111678,53.06023485621827,58.29482719110019,66.29449728783904,False,-12.498447142836014,2.7020658737948864,6.243098878916086,-13.072034065057444,-7.971841305980895,-23.297692084890258,115,111,4,1,2026-01-27
0022500665,NYK,275.37,58.75172616237547,59.2519791553183,58.91975039643631,48.084632797085135,42.214332837031385,55.198571675312735,True,SAC,238.41,57.4774058694406,49.400528501321254,59.72213833312361,46.96366972861877,55.39455280119682,52.28975281257125,False,1.274320292934867,9.851450653997048,-0.8023879366873032,1.1209630684663665,-13.180219964165431,2.9088188627414837,103,87,16,1,2026-01-27
0022500666,PHI,239.20333333333332,63.5110115522359,49.91710887529438,53.42895165897911,51.912515851228385,58.285574337035435,62.17816775163051,True,MIL,195.08333333333334,50.93117898334045,66.85003844510894,46.55442802221273,49.097336181119175,44.884751815463474,54.55582315249893,False,12.579832568895448,-16.932929569814554,6.8745236367663765,2.8151796701092096,13.40082252157196,7.62234459913158,139,122,17,1,2026-01-27
0022500667,OKC,203.36,63.58574613165485,70.71078792945187,56.3295436664044,69.69142817335431,54.31500786782061,58.66663406380986,True,NOP,271.485,59.8432798619936,53.290284300544535,53.195403060942596,45.65532411244329,51.65874910216034,43.98294556063539,False,3.74246626966125,17.420503628907333,3.134140605461802,24.036104060911022,2.6562587656602688,14.683688503174466,104,95,9,1,2026-01-27
0022500668,DEN,259.63166666666666,51.0323849812876,50.678527914545604,50.58768255027957,49.27670546094147,41.30323984619237,51.72465171963785,True,DET,262.60833333333335,63.054434677752035,47.88484244597467,54.57155269253958,50.01389712182274,56.453718148065875,51.44284804024998,False,-12.022049696464435,2.793685468570935,-3.9838701422600167,-0.7371916608812654,-15.150478301873505,0.28180367938787043,107,109,-2,0,2026-01-27
0022500669,PHX,189.085,48.715101673850384,52.22104432750703,52.54758089395422,49.616333923896654,55.52529462058509,56.50595050697839,True,BKN,240.71833333333333,57.65852275481026,49.80766317480319,50.06767314496196,45.07714133392416,58.52522934827011,52.70812619132363,False,-8.943421080959872,2.413381152703842,2.479907748992261,4.539192589972494,-2.999934727685016,3.7978243156547578,106,102,4,1,2026-01-27
0022500670,UTA,259.90166666666664,49.577330528853864,54.21063735643609,54.780978062215844,33.902588799610115,47.56525929678532,52.91298492827899,True,LAC,253.59333333333333,58.7117767291464,56.406774626041695,55.942678566734145,59.61212834196483,58.74719629853572,60.343446848937056,False,-9.134446200292537,-2.1961372696056074,-1.1617005045183006,-25.70953954235471,-11.181937001750399,-7.430461920658068,103,115,-12,0,2026-01-27
0022500671,CLE,217.01166666666666,58.262130300214274,56.766496424923396,55.86633283924827,56.45374288632716,57.11209689187218,41.825995835600864,True,LAL,247.88333333333333,64.2309755933571,52.25366234115511,57.18609695421234,53.241742755328445,57.78600416862771,66.43971491965306,False,-5.968845293142827,4.512834083768283,-1.319764114964066,3.2120001309987174,-0.6739072767555356,-24.613719084052192,129,99,30,1,2026-01-28
0022500672,IND,279.86333333333334,60.40235233864147,57.644893340797296,49.51200228683048,52.649270477256756,53.157186245667525,44.86576415326361,True,CHI,247.18333333333334,58.778993324792665,59.957408805879574,58.25853145438609,43.93577304295057,52.42676083878363,47.220854869626365,False,1.6233590138488054,-2.312515465082278,-8.746529167555607,8.713497434306184,0.7304254068838958,-2.355090716362753,113,110,3,1,2026-01-28
0022500673,BOS,226.31500000000003,57.742160999786435,65.37492654044142,57.996286149835406,51.13303875866234,43.48288226586836,50.483639945852396,True,ATL,261.035,57.4474023279126,57.00222703213489,59.707707778650374,52.898602358559835,51.43161325748144,54.51829001219504,False,0.2947586718738364,8.372699508306532,-1.7114216288149677,-1.7655635998974972,-7.9487309916130755,-4.034650066342643,106,117,-11,0,2026-01-28
0022500674,MIA,252.82166666666666,56.69282695971469,57.91767846901307,55.37294337906166,54.4956266933873,48.46423631940828,51.293419659870544,True,ORL,265.25555555555553,57.849611485778915,51.204502366690406,61.539193649729825,57.773417249612535,53.0224487915218,68.51305218826083,False,-1.1567845260642287,6.713176102322663,-6.166250270668165,-3.2777905562252343,-4.558212472113524,-17.219632528390285,124,133,-9,0,2026-01-28
0022500675,TOR,284.9866666666667,51.87321161223917,52.495410311593524,63.965970922616265,44.57303558061196,47.971833770000934,48.46529699298286,True,NYK,215.31,61.966322976173885,61.249502268047614,62.15809994891087,45.07185530939885,41.192160915269454,58.46674218592671,False,-10.093111363934717,-8.75409195645409,1.8078709737053913,-0.4988197287868914,6.77967285473148,-10.001445192943855,92,119,-27,0,2026-01-28
0022500676,MEM,221.59,55.795490921672155,58.13104306752711,52.72154880635408,55.692147660092964,48.57503798306181,53.815446636470234,True,CHA,255.54166666666666,53.03066492744171,52.713595304092614,55.205593999673894,41.892329365726404,51.17413011576717,54.605540053911504,False,2.764825994230442,5.417447763434495,-2.4840451933198153,13.79981829436656,-2.5990921327053584,-0.7900934174412697,97,112,-15,0,2026-01-28
0022500677,DAL,223.47333333333333,56.593670385728345,54.96140777423108,53.2127382834641,48.501288744369205,48.48469094000776,39.94860825438745,True,MIN,249.69500000000002,58.34279287397291,60.83904363323254,57.01715626397537,58.8204602948931,50.51736051315939,52.84440584309226,False,-1.7491224882445664,-5.877635859001465,-3.8044179805112748,-10.319171550523897,-2.0326695731516295,-12.89579758870481,105,118,-13,0,2026-01-28
0022500678,UTA,254.60833333333332,54.750916112983994,54.23237325303571,58.05570909566982,37.94498085294407,55.280657218603736,56.63988147032416,True,GSW,248.74666666666667,52.52379931389365,62.51427422813036,61.98048014043739,59.7454927369211,56.05558131432247,45.15082298359088,False,2.2271167990903464,-8.28190097509465,-3.9247710447675743,-21.80051188397703,-0.7749240957187311,11.489058486733285,124,140,-16,0,2026-01-28
0022500679,HOU,246.8845238095238,60.76297411070338,49.11914390282713,52.519363014326146,64.48593385185865,66.00405722744873,56.88298790161199,True,SAS,266.94166666666666,61.3332469640683,55.20418381044548,58.81701620204164,46.464365498080106,49.492065682265164,51.76767505850708,False,-0.5702728533649193,-6.085039907618345,-6.297653187715497,18.02156835377854,16.511991545183562,5.11531284310491,99,111,-12,0,2026-01-28
0022500680,PHI,264.005,63.203842098950155,51.72022499573872,53.977746002285315,50.404702562451476,55.55614540128659,63.16733328378911,True,SAC,209.56333333333333,61.44621116925671,54.95210755698357,61.25060920326393,41.90941958675977,48.6388410822504,52.81567486860832,False,1.7576309296934411,-3.231882561244852,-7.2728632009786125,8.495282975691708,6.917304319036191,10.351658415180793,113,111,2,1,2026-01-29
0022500681,WAS,247.75333333333333,43.40663630492694,49.248270457175146,56.01359752980114,41.437082582138146,49.365794607539755,43.69109971570449,True,MIL,185.42333333333335,51.52329444334586,66.50682222661658,47.01755532385352,47.861240944145834,48.1695219947148,53.65487982454564,False,-8.11665813841892,-17.258551769441432,8.996042205947617,-6.424158362007688,1.1962726128249557,-9.96378010884115,109,99,10,1,2026-01-29
0022500682,ATL,231.61333333333334,53.78150077715733,58.24839243566864,61.560801767313336,53.64059207875194,46.19746848195268,57.73504597928879,True,HOU,212.39374999999998,62.40678966934448,47.48398042158334,56.59751699379102,63.096359944678234,65.55308654327165,58.58016694621821,False,-8.625288892187143,10.764412014085302,4.963284773522318,-9.45576786592629,-19.355618061318964,-0.8451209669294215,86,104,-18,0,2026-01-29
0022500683,DAL,241.31833333333333,53.90118377523465,54.70088334219669,51.24766180218384,48.82932502710804,47.904647388304525,41.695748074194995,True,CHA,239.37333333333333,52.74872723221746,51.92094984125216,55.36324221578566,42.34676098702167,51.1609981618671,54.3373494184493,False,1.1524565430171876,2.77993350094453,-4.115580413601819,6.482564040086373,-3.2563507735625734,-12.641601344254305,121,123,-2,0,2026-01-29
0022500684,DEN,256.7866666666667,50.93891687003479,50.73858066358585,50.62322680305311,48.864465963964896,41.238156835765096,51.59679979575974,True,BKN,211.73666666666668,57.207096078462236,49.83421073345822,48.56128445710867,46.490104060074614,63.136239983627455,48.326108846213195,False,-6.268179208427448,0.9043699301276291,2.0619423459444377,2.374361903890282,-21.89808314786236,3.270690949546548,107,103,4,1,2026-01-29
0022500685,PHX,229.95833333333334,46.13359811560064,55.39374306939663,55.38681282841094,47.645238630186626,52.5761478528719,52.143620256608095,True,DET,259.875,63.211816578483244,47.73543883277216,54.668411736411734,49.89668558601892,56.54940195606863,51.630207801584014,False,-17.078218462882603,7.658304236624467,0.7184010919992048,-2.251446955832293,-3.97325410319673,0.5134124550240813,114,96,18,1,2026-01-29
0022500686,MIN,234.14000000000001,59.67878761994248,59.08816947125651,54.37936206258364,57.898145696307054,52.5550055522337,56.67288173947167,True,OKC,233.71833333333333,62.75278932618322,66.40834123695902,57.63057312577105,70.42414444737612,55.759195185087464,58.97917141603572,False,-3.074001706240736,-7.320171765702504,-3.2512110631874123,-12.525998751069068,-3.204189632853762,-2.306289676564049,123,111,12,1,2026-01-29
0022500687,ORL,261.1552380952381,57.6712878309927,51.37639298647402,61.78198125180061,57.72126430913196,52.613446663724915,69.20242771262429,True,TOR,298.15500000000003,52.201543939673435,52.087494200443835,62.932175099081576,45.05533195820965,47.98528505866635,48.59372447030784,False,5.469743891319268,-0.7111012139698119,-1.150193847280967,12.665932350922311,4.628161605058565,20.608703242316444,130,120,10,1,2026-01-30
0022500688,WAS,197.74666666666667,40.4907642775268,47.461261041062635,54.77877334636909,40.903968039916386,49.59290084957184,41.788001357761466,True,LAL,245.5,63.86176646300068,51.97490224032587,57.15409843856076,53.10308282416837,57.422542430414126,66.42070332654447,False,-23.371002185473877,-4.513641199263233,-2.375325092191666,-12.199114784251982,-7.829641580842285,-24.632701968783003,111,142,-31,0,2026-01-30
0022500689,BOS,247.5,59.891969023569025,61.45264242424243,54.12536767676768,53.334974410774414,48.450369023569024,52.33570049815898,True,SAC,209.25,57.31727518916766,54.256250896057345,61.146627638391074,42.86327120669057,38.58883870967742,53.607570810738515,False,2.5746938344013657,7.196391528185082,-7.021259961623393,10.471703204083845,9.861530313891606,-1.2718703125795372,112,93,19,1,2026-01-30
0022500690,NYK,249.60333333333332,61.32093922356806,56.349066518876626,57.66277226532765,47.92178189393838,47.74639895300544,57.41995429375699,True,POR,233.97833333333335,54.82461623939538,47.412665702664775,50.039158184162346,53.14506970018591,57.11882296793862,67.19968737123664,False,6.496322984172679,8.936400816211851,7.623614081165307,-5.2232878062475265,-9.37242401493318,-9.779733077479648,127,97,30,1,2026-01-30
0022500691,NOP,266.43,60.15967421086214,53.42259818088554,53.19029763915475,46.12231480438889,52.0078632286154,43.512738794715396,True,MEM,215.29166666666666,54.50103115928005,56.58403948132379,51.20702612734662,55.85024037158893,50.39524288755564,56.36537917757428,False,5.658643051582089,-3.1614413004382556,1.9832715118081268,-9.727925567200039,1.6126203410597597,-12.852640382858887,114,106,8,1,2026-01-30
0022500692,MIA,245.14166666666665,56.37590644865214,57.643745453309315,54.02064248563756,55.480312064452534,48.04478634803006,50.988760436022275,True,CHI,166.9097619047619,56.0413071791002,61.80165886613953,55.39806239756013,43.95258087846156,34.4099653220089,43.54977796670856,False,0.3345992695519371,-4.157913412830219,-1.3774199119225727,11.527731185990973,13.634821026021157,7.438982469313714,118,125,-7,0,2026-01-31
0022500693,PHX,244.30916666666667,46.44471213046311,55.37816973711588,55.678426583802626,47.05143653362713,51.64756882502021,51.50618478493132,True,CLE,222.015,57.967626812002194,56.352079063726926,55.67633568302441,56.54372001891765,57.65264584224789,41.7962405469416,False,-11.522914681539085,-0.973909326611043,0.0020909007782137223,-9.492283485290514,-6.005077017227684,9.709944237989724,126,113,13,1,2026-01-30
0022500694,UTA,277.70166666666665,52.07007340011163,50.68085895535377,51.29417420373183,34.10008642368009,50.81929408657973,55.44329844855202,True,BKN,212.19333333333333,56.36751154607433,47.09636966288605,52.55917166734739,45.37583021772598,56.470704389079145,50.05638829386574,False,-4.297438145962701,3.5844892924677225,-1.2649974636155648,-11.275743794045887,-5.651410302499414,5.386910154686284,99,109,-10,0,2026-01-30
0022500695,DEN,266.40833333333336,53.31720041289999,52.21967093121461,53.9921411367262,50.897590791078855,45.86094216272013,52.85454361490515,True,LAC,253.03333333333333,58.288917797391655,56.15960347780266,55.800426821235675,59.59697404821499,58.389840600711366,60.7024073460063,False,-4.971717384491662,-3.9399325465880537,-1.8082856845094781,-8.699383257136134,-12.528898437991238,-7.84786373110115,122,109,13,1,2026-01-30
0022500696,GSW,242.14333333333335,52.545475131808985,63.85641355670884,63.06688462756219,60.047174538496485,56.27472640171799,45.25591360513117,True,DET,251.76,63.26151824488931,47.7261022402288,54.88816068213113,49.68004581082513,56.15492135367016,51.43853945223676,False,-10.716043113080325,16.13031131648004,8.17872394543106,10.367128727671357,0.1198050480478301,-6.182625847105591,124,131,-7,0,2026-01-30
0022500697,CHA,245.94,53.35603805806294,53.068322219511536,55.677817082757315,41.42240722669486,51.20614445257651,54.93645475269703,True,SAS,264.5183333333334,61.35971986818808,55.10533863437316,58.90592271487168,46.43471088960437,49.5060071450624,51.960474941193105,False,-8.003681810125137,-2.0370164148616254,-3.2281056321143637,-5.01230366290951,1.7001373075141117,2.975979811503926,111,106,5,1,2026-01-31
0022500698,IND,261.38,60.04466421812432,58.64696482770934,50.44251281658888,51.959111893284366,51.663071645369456,44.688427439857755,True,ATL,227.235,54.071377648689676,58.3946787833447,61.17298831606046,53.310624830388505,46.0005361556685,57.92713628283306,False,5.9732865694346415,0.252286044364638,-10.73047549947158,-1.3515129371041397,5.662535489700957,-13.238708842975306,129,124,5,1,2026-01-31
0022500699,PHI,254.83166666666668,62.95570540029693,52.2119549506537,54.78305678912223,50.43865754517688,54.84536000889476,62.686454210169465,True,NOP,260.6983333333333,60.660876236262865,53.30139241396506,53.220160594301205,46.37530223310468,52.579850273943705,43.22817863550497,False,2.294829164034063,-1.0894374633113628,1.5628961948210218,4.063355312072204,2.2655097349510527,19.458275574664498,124,114,10,1,2026-01-31
0022500700,MEM,198.38166666666666,52.04414218383755,56.95853027413488,52.33408581102084,53.091967503717584,50.03275420275731,58.411607483831524,True,MIN,252.95,57.957566712789095,61.23341108255914,56.96993938195955,58.38210318244713,49.94029518350135,53.21755302476177,False,-5.913424528951545,-4.274880808424257,-4.635853570938707,-5.290135678729548,0.092459019255962,5.194054459069754,114,131,-17,0,2026-01-31
0022500701,HOU,255.6651851851852,60.58558212708751,48.59532193435859,52.2840234479122,64.63559132603983,66.09297482529233,56.46194733853304,True,DAL,269.845,55.79286256925271,53.779716750974316,52.71037447423521,48.91820860123404,49.47413329874557,40.251043824403766,False,4.7927195578348005,-5.184394816615729,-0.4263510263230117,15.717382724805788,16.61884152654676,16.21090351412927,111,107,4,1,2026-01-31
0022500702,BOS,251.545,59.30691195081066,61.25030975239685,53.71534384172482,53.24471101923447,48.542438397370915,52.54752959597463,True,MIL,193.73333333333332,51.180557467309015,65.94649948382659,47.004556951135584,47.47752666896077,48.8854155196146,54.182484514796975,False,8.126354483501643,-4.696189731429733,6.710786890589233,5.767184350273702,-0.34297712224368126,-1.634954918822345,107,79,28,1,2026-02-01
0022500703,SAS,230.105,61.73990279799802,58.33063891122168,56.826061290859975,48.427207144564434,51.126210498105934,46.82679191184483,True,ORL,257.57958333333335,57.61279685404672,51.372990871753224,62.04826647427736,57.98081919665605,52.46383803711151,70.53416075460922,False,4.1271059439513,6.9576480394684594,-5.222205183417387,-9.553612052091616,-1.3376275390055739,-23.70736884276439,112,103,9,1,2026-02-01
0022500704,DET,239.21166666666667,63.362163216677,47.53464574609655,55.19822611773395,49.3660537738544,55.9317605746654,51.190966159677274,True,BKN,213.65166666666667,56.49428274995904,47.00164520130119,52.4780343393842,45.5059286533376,56.401227855309656,50.81364587796563,False,6.867880466717956,0.5330005447953639,2.7201917783497507,3.8601251205167983,-0.4694672806442597,0.377320281711647,130,77,53,1,2026-02-01
0022500705,MIA,245.485,56.078384965815964,57.60101228180948,54.19644513242493,55.6466926017204,48.56980806702378,51.04132821584202,True,CHI,230.04500000000002,57.36782513566186,59.711176074246346,62.245302006129236,43.70820419193346,41.15494214899984,40.45076398096025,False,-1.2894401698458964,-2.1101637924368646,-8.04885687370431,11.938488409786942,7.414865918023942,10.590564234881775,134,91,43,1,2026-02-01
0022500706,TOR,278.6116666666667,52.46787703314649,52.40542032817482,64.28412724999552,44.588407999186444,48.24077718688497,48.37430135744169,True,UTA,248.29333333333332,50.76921517559875,50.8846713564601,53.11137901406938,40.120552303726775,54.53471297390184,56.60124635068522,False,1.6986618575477408,1.520748971714717,11.172748235926143,4.467855695459669,-6.293935787016871,-8.226944993243535,107,100,7,1,2026-02-01
0022500707,WAS,207.7738888888889,47.03688732142045,50.755051297751564,55.20147435914576,41.843088239619455,48.846060220378455,44.57444903023566,True,SAC,182.28074074074073,57.537884175407086,51.7077514741201,58.88809569284661,42.80709528240931,42.218046135590605,58.564085518016455,False,-10.500996853986635,-0.9527001763685377,-3.686621333700849,-0.9640070427898522,6.62801408478785,-13.989636487780793,116,112,4,1,2026-02-01
0022500708,NYK,239.865,62.15361696509842,56.779680931635156,57.37280345194172,48.02977647148743,47.49481861324773,57.753986082151755,True,LAL,284.36,64.66497280442631,54.94038542692361,59.82464833309889,49.453993763773624,53.964824518216346,65.4581633609978,False,-2.5113558393278907,1.8392955047115436,-2.4518448811571716,-1.424217292286194,-6.470005904968616,-7.704177278846046,112,100,12,1,2026-02-01
0022500709,PHX,230.345,46.18608319404951,55.36383902407258,55.389497637601565,47.654684639707106,52.49013798143365,52.02079934995156,True,LAC,234.08666666666667,56.80650186540598,54.863635975279806,51.99927804516845,58.587034004499756,57.762874149175516,58.80907494409207,False,-10.620418671356468,0.5002030487927769,3.3902195924331124,-10.93234936479265,-5.2727361677418685,-6.788275594140508,93,117,-24,0,2026-02-01
0022500710,POR,216.09166666666667,55.72242258300875,45.33427017855077,47.94889128841926,52.58954301800933,57.71911457329066,66.15543198102979,True,CLE,221.085,56.397274049950624,54.174811347068626,56.72987387957874,58.86686870057519,59.33248298165864,39.285015053631774,False,-0.6748514669418739,-8.84054116851786,-8.780982591159479,-6.277325682565859,-1.6133684083679825,26.87041692739802,111,130,-19,0,2026-02-01
0022500711,DEN,265.04333333333335,53.52941342925056,52.374340673852075,54.35435463383346,50.80405845584998,45.61729528504773,53.54441587287124,True,OKC,244.67,62.015109467173474,67.49312952139617,58.5821712238253,71.36852835792428,54.797062029127666,58.617273463218275,False,-8.485696037922914,-15.118788847544096,-4.227816589991839,-20.564469902074293,-9.179766744079934,-5.072857590347034,111,121,-10,0,2026-02-01
0022500712,CHA,238.67499999999998,54.44622603959359,53.55890297126498,56.07614817918369,41.4709011556859,50.68501658461646,54.888731235275436,True,NOP,255.9766666666667,61.055089005508314,53.22004870235568,53.03335004492597,46.58507611370828,53.13640305757035,43.07922076312498,False,-6.608862965914724,0.3388542689092944,3.0427981342577226,-5.114174958022382,-2.4513864729538852,11.809510472150457,102,95,7,1,2026-02-02
0022500713,IND,247.64833333333334,60.05086379207074,58.85832396745385,49.60014132943892,50.77353370707118,51.93677324701021,45.15186361618624,True,HOU,214.53166666666667,57.22857464709949,43.368141455418396,49.30929621889542,68.86745624189125,70.24416985837367,50.71105431210622,False,2.8222891449712506,15.490182512035453,0.2908451105435006,-18.093922534820067,-18.30739661136346,-5.55919069591998,114,118,-4,0,2026-02-02
0022500714,MEM,232.00666666666666,54.89974138674176,57.014421280997674,52.10567368753772,55.97735409902014,50.32987845176863,55.87032146938709,True,MIN,252.5066666666667,58.09123785510613,61.06028223677262,56.89155665857006,58.48543140775161,50.027155718660886,53.17120128173729,False,-3.1914964683643703,-4.045860955774948,-4.785882971032343,-2.5080773087314725,0.30272273310774267,2.699120187649804,137,128,9,1,2026-02-02
0022500715,LAC,235.11666666666667,56.651800524562276,54.47445594385766,51.72111221379457,58.75032111717587,58.204696958956546,59.226472424415405,True,PHI,253.48666666666668,63.17160731662415,51.885705362543725,54.77881019383005,50.48692370407385,55.172826973147835,62.79338216996391,False,-6.519806792061871,2.5887505813139384,-3.0576979800354778,8.26339741310202,3.0318699858087115,-3.5669097455485073,113,128,-15,0,2026-02-02
0022500716,DET,236.14833333333334,63.38677173245629,47.65191016945564,56.81407731016522,50.837973307737364,55.51393192132063,54.4526477002449,True,DEN,254.65333333333334,57.282923844180324,55.547613749410964,58.9982132572386,46.853428844442114,47.244723545735376,58.27347013350263,False,6.103847888275965,-7.895703579955324,-2.1841359470733863,3.9845444632952507,8.269208375585258,-3.8208224332577245,124,121,3,1,2026-02-03
0022500717,IND,263.79833333333335,59.72740035001484,58.431776799196356,50.983919534492884,51.57270073730564,50.96413169150677,44.05571347124141,True,UTA,263.3588888888889,54.00902190926619,50.05943811360079,53.067803124591286,33.45865084822992,53.82835927315071,54.763015363348394,False,5.718378440748651,8.372338685595565,-2.0838835900984023,18.114049889075716,-2.864227581643938,-10.707301892106983,122,131,-9,0,2026-02-03
0022500718,WAS,224.73833333333332,44.87440579043777,48.60619164509838,55.139529675251964,40.08035567289367,53.018727705553864,45.823553603474096,True,NYK,217.17499999999998,61.32891370246729,59.99396799815817,61.77918805878516,46.478517324738114,42.71113925022064,57.99663325657538,False,-16.45450791202952,-11.387776353059792,-6.639658383533195,-6.398161651844447,10.307588455333224,-12.173079653101283,101,132,-31,0,2026-02-03
0022500719,BKN,291.8016666666667,55.079840188255716,51.56674624887909,47.53480903124839,43.71741708123668,58.36772922247417,48.71943054656712,True,LAL,275.90166666666664,65.14119281628116,54.19473846358304,59.59604992116757,50.68296252892033,54.880647694528854,66.70863713521122,False,-10.061352628025446,-2.6279922147039514,-12.061240889919176,-6.965545447683645,3.487081527945314,-17.9892065886441,109,125,-16,0,2026-02-03
0022500720,MIA,260.675,56.46424474920878,58.359544771586584,55.76232537322975,54.30734183689779,48.3416291039289,51.401310450787136,True,ATL,245.64833333333334,57.69610282992625,55.35376181397526,58.7796212743149,52.51894646140485,52.955085521986035,53.32682960015837,False,-1.2318580807174655,3.0057829576113235,-3.0172959010851486,1.7883953754929394,-4.613456418057133,-1.9255191493712331,115,127,-12,0,2026-02-03
0022500721,DAL,247.18833333333333,56.166011745430275,54.26857996264656,53.197817453628474,48.63252715540782,48.344961668902926,39.68839707226324,True,BOS,244.70833333333334,59.78827515750042,61.37715239230376,54.09927532777116,53.26568704239741,48.53363596117827,52.513128084414454,False,-3.622263412070147,-7.108572429657201,-0.901457874142686,-4.6331598869895885,-0.18867429227534416,-12.824731012151211,100,110,-10,0,2026-02-03
0022500722,MIL,172.97333333333333,50.897730864102364,66.29675287134819,47.65250231249519,47.382403838742,42.81292106683111,48.9101875048177,True,CHI,239.5872222222222,59.951834057186325,60.018305326058474,60.47435937271743,45.337726228211956,45.411819634232025,43.595211605674976,False,-9.05410319308396,6.2784475452897155,-12.821857060222243,2.0446776105300444,-2.5988985674009157,5.314975899142723,131,115,16,1,2026-02-03
0022500723,OKC,244.08,61.902962826395715,67.85625955970718,58.75474161477111,71.54362913798754,55.12921856222004,58.2927697945837,True,ORL,253.15351851851852,57.72306234907965,51.49835182721069,62.04555719008155,58.141229410641614,52.760489206885886,70.46415097371553,False,4.1799004773160675,16.357907732496493,-3.2908155753104396,13.402399727345923,2.3687293553341533,-12.171381179131835,128,92,36,1,2026-02-03
0022500724,GSW,219.91083333333336,50.081226860886794,59.92934674280863,59.91031706032369,62.194626231086076,58.94846699230369,49.05087547555768,True,PHI,222.90833333333336,60.478858275075694,50.53596994280159,52.11559834012486,47.05219036225653,49.75164230438521,59.99521497830768,False,-10.3976314141889,9.39337680000704,7.79471872019883,15.142435868829544,9.196824687918486,-10.944339502749997,94,113,-19,0,2026-02-03
0022500725,POR,246.26166666666666,54.83762867410681,49.61702051341054,51.404066135614556,53.08032986592852,54.08805538823879,66.71726730824368,True,PHX,232.12833333333333,45.97745715372961,55.49060577123287,55.38474622514845,47.61119567480632,52.20756693495696,52.09949948060803,False,8.8601715203772,-5.873585257822334,-3.980680089533891,5.469134191122201,1.880488453281835,14.617767827635646,125,130,-5,0,2026-02-03
0022500726,NYK,214.64499999999998,61.285288887853596,57.30420306397385,53.806152794924955,50.22708503187433,42.74740851172867,55.30111728233198,True,DEN,281.47833333333335,55.19099753089344,53.34135427830442,54.329157957687684,50.409982414277,45.94713684297785,57.3712266639087,False,6.094291356960156,3.962848785669429,-0.523005162762729,-0.18289738240267184,-3.199728331249176,-2.070109381576721,134,127,7,1,2026-02-04
0022500727,TOR,260.4866666666667,53.33908581373327,52.429186394697105,66.26156937015331,44.536092058454685,49.26706549279554,46.28165492337449,True,MIN,232.355,60.36194042162496,58.54666781433582,54.146142755697106,58.2128266374011,53.39407228881094,56.655624160791355,False,-7.022854607891688,-6.117481419638715,12.115426614456204,-13.676734578946416,-4.127006796015401,-10.373969237416865,126,128,-2,0,2026-02-04
0022500728,HOU,247.17833333333334,61.17615419366584,46.59034772465224,53.608352269279266,65.84534175730073,67.54370730983703,56.8789072666833,True,BOS,221.505,60.64323754919001,60.068039096182936,51.36236804285833,57.342579174285014,53.528858641264684,53.75093873371043,False,0.5329166444758258,-13.477691371530696,2.245984226420937,8.502762583015716,14.014848668572348,3.127968532972872,93,114,-21,0,2026-02-04
0022500729,MIL,218.00833333333333,50.88758992393257,60.681258361683426,52.25897939681205,50.3578441191086,45.60554183708574,44.63205917205,True,NOP,252.56,61.274445676274944,53.45326457079506,53.32509898637947,47.0701430683138,53.25577090592334,42.595834943757104,False,-10.38685575234237,7.2279937908883625,-1.0661195895674211,3.2877010507948015,-7.650229068837604,2.0362242282928946,141,137,4,1,2026-02-04
0022500730,SAS,235.24333333333334,62.50685672991087,54.79401683363326,59.585990392926476,46.183403001147745,49.42881696966261,50.35195216631663,True,OKC,222.04333333333332,58.70531352738955,68.48275036404306,52.791870205515444,69.39789155269993,57.78222569168181,56.643557080994064,False,3.801543202521323,-13.688733530409799,6.794120187411032,-23.214488551552186,-8.353408722019196,-6.2916049146774355,116,106,10,1,2026-02-04
0022500731,SAC,267.25166666666667,59.735895005332054,51.98002132821124,60.799057068555854,42.1804011200429,50.286389233618756,55.00426270148684,True,MEM,179.0132142857143,52.04235481418969,58.93974759777643,53.82059478184305,49.50568586649962,44.37476124069053,50.85765275149825,False,7.693540191142361,-6.959726269565195,6.978462286712805,-7.325284746456717,5.911627992928224,4.146609949988587,125,129,-4,0,2026-02-04
0022500732,LAC,233.76880952380952,54.228308086234975,55.60385321680252,48.93938639009441,59.54161834698303,51.496986135060176,55.09967423490849,True,CLE,237.405,57.29934078894716,55.948849013289525,58.22987229979711,56.32785465063219,55.205481490841954,35.30175142076197,False,-3.0710327027121878,-0.3449957964870052,-9.290485909702696,3.2137636963508385,-3.7084953557817784,19.797922814146524,91,124,-33,0,2026-02-04
0022500733,DET,223.115,63.14523003832104,49.40558680501087,58.14172287833629,50.625419626649936,55.08887270391203,54.46693719604297,True,WAS,233.15833333333333,43.49038350191215,48.23979270166911,52.63788198291576,43.434899746238244,53.47159083598413,44.36622942532698,False,19.65484653640889,1.16579410334176,5.503840895420531,7.190519880411692,1.6172818679279004,10.100707770715992,117,126,-9,0,2026-02-05
0022500734,ORL,241.99166666666667,58.02648507179999,50.165689589861906,59.476284307310856,59.379115672027275,54.73862254209856,71.56100841850312,True,BKN,257.78666666666663,55.688812454742944,50.74278473156099,45.99733306610118,46.51003930898935,61.89887956449778,49.40931098152294,False,2.337672617057045,-0.5770951416990826,13.478951241209678,12.869076363037927,-7.160257022399222,22.15169743698018,118,98,20,1,2026-02-05
0022500735,ATL,250.19166666666666,59.15672717583187,51.203978283316125,56.463440695466815,55.981403590580555,57.06424208107118,53.50537575148288,True,UTA,241.9,50.134142896513715,51.903027421799635,55.010843323687475,33.337044233154195,48.77433925864682,52.20252931424322,False,9.022584279318153,-0.6990491384835096,1.4525973717793406,22.64435935742636,8.28990282242436,1.3028464372396584,121,119,2,1,2026-02-05
0022500736,TOR,245.92833333333334,52.3393502172042,53.047055036358834,65.10483745264543,47.15116666779617,48.59655387409611,46.233790107628096,True,CHI,220.29333333333335,56.30390993826413,58.3510077472461,60.28668820360731,42.59505961747972,46.563470675463016,39.112015364794985,False,-3.9645597210599277,-5.303952710887266,4.818149249038115,4.556107050316449,2.0330831986330935,7.121774742833111,123,107,16,1,2026-02-05
0022500737,HOU,254.605,60.34458016666339,48.365837931959966,52.92866597278136,64.63884906685519,66.17228779220099,56.19142135202896,True,CHA,253.45166666666668,53.34505263988531,53.889003162996225,55.80988156847788,40.98816605401424,50.42562421500483,57.809908914465915,False,6.999527526778081,-5.523165231036259,-2.881215595696517,23.650683012840943,15.74666357719616,-1.618487562436954,99,109,-10,0,2026-02-05
0022500738,DAL,233.285,56.70604339470318,53.97038172192811,53.17647584142429,49.53592386994448,49.69036729036729,39.41093074334021,True,SAS,241.03222222222223,60.15729800994796,56.211956677069445,59.295357467189724,44.561607023496165,46.810509890332774,50.56049216411481,False,-3.4512546152447783,-2.2415749551413313,-6.118881625765432,4.974316846448318,2.879857400034517,-11.149561420774603,123,135,-12,0,2026-02-05
0022500739,PHX,234.5688888888889,45.94756219447497,55.76609856379552,55.47240943196029,47.3817243927394,51.86092311190268,52.122335635000596,True,GSW,201.19666666666666,49.09057804138571,59.38183866531917,60.4443156778608,63.370223993107906,60.287398730926625,45.88765386131654,False,-3.1430158469107425,-3.6157401015236488,-4.971906245900513,-15.988499600368506,-8.426475619023947,6.234681773684059,97,101,-4,0,2026-02-05
0022500740,LAL,259.14666666666665,66.39752328153942,54.53089048672567,60.269493465733696,49.61232763943199,57.57448934966043,67.76239838444125,True,PHI,262.25444444444446,63.09030331018646,50.52895152714285,52.961685428485474,51.02402903880456,57.40973270233742,61.65645904728155,False,3.307219971352964,4.001938959582816,7.307808037248222,-1.4117013993725678,0.16475664732300999,6.105939337159704,119,115,4,1,2026-02-05
0022500741,BOS,259.12,60.196542142636616,58.34718920448697,53.66297982916539,53.78406272512092,58.627166306473185,52.86830386602828,True,MIA,242.25,55.43760921912625,56.662807705538356,54.49990436876505,56.216235982112146,49.219752321981424,51.57207135403249,False,4.758932923510365,1.6843814989486177,-0.8369245395996643,-2.432173256991227,9.407413984491761,1.2962325119957896,98,96,2,1,2026-02-06
0022500742,DET,267.5866666666667,61.95284705266828,48.35910608401016,57.631060341820714,50.441526109920765,53.555757013304095,53.2983576380056,True,NYK,219.09333333333333,58.34399875243427,53.528385163096395,56.949921646786756,49.119180562317425,40.57926606621226,57.56205600240491,False,3.6088483002340155,-5.1692790790862375,0.6811386950339582,1.3223455476033408,12.976490947091833,-4.2636983643993105,118,80,38,1,2026-02-06
0022500743,MIL,226.62833333333333,49.99804672849084,63.510314244320725,48.585334284474584,54.7720555682211,48.13487133853519,51.43992292814226,True,IND,219.26416666666668,59.354774872015106,62.00126901720527,50.942145509412164,51.97791134742338,51.21223106070683,50.02124680175299,False,-9.356728143524265,1.5090452271154575,-2.35681122493758,2.794144220797719,-3.077359722171636,1.418676126389272,105,99,6,1,2026-02-06
0022500744,MIN,227.54666666666665,60.44884858783547,58.5945710769952,54.19074622055549,58.25081814719326,53.39028550919958,56.47289705770365,True,NOP,254.31,63.00692199808633,52.272939850313925,49.91155413996042,44.68484068000996,53.54255436278558,46.82355737489469,False,-2.5580734102508558,6.321631226681276,4.279192080595067,13.565977467183295,-0.15226885358600128,9.649339682808957,115,119,-4,0,2026-02-06
0022500745,POR,222.22833333333332,55.6811867673639,49.72531405386352,51.82627777736113,53.60004049888629,54.02684176185155,67.10700266456959,True,MEM,191.09166666666667,48.05969822511012,55.22708560464002,51.74191356678732,50.915643452095416,43.74215777768087,56.715805621798026,False,7.621488542253779,-5.501771550776496,0.08436421057380983,2.6843970467908704,10.284683984170677,10.391197042771566,135,115,20,1,2026-02-06
0022500746,SAC,230.27666666666667,58.129363229738146,51.85500557300638,59.5153076733784,42.52640519375244,44.633536470622296,58.7313170996916,True,LAC,230.24291666666667,54.94552872600134,56.073913240182925,48.829411328252945,59.46488744677271,51.41781107996446,54.31757994717513,False,3.1838345037368043,-4.218907667176545,10.685896345125457,-16.93848225302027,-6.784274609342162,4.413737152516468,111,114,-3,0,2026-02-06
0022500747,BKN,273.5783333333333,55.139279426367835,50.70048554039977,45.21802347895484,47.095503420714365,60.46512028852188,51.20478641802553,True,WAS,242.88833333333335,44.82281981431797,47.25564902938936,52.42325965978878,45.325515840612624,52.48154021395291,44.77789271100668,False,10.316459612049869,3.4448365110104078,-7.205236180833943,1.7699875801017413,7.98358007456897,6.4268937070188485,127,113,14,1,2026-02-07
0022500748,OKC,253.91833333333335,56.55006137143832,69.0001516235535,53.528909557534895,66.7403266142001,49.67955313716352,52.096781117288366,True,HOU,254.69,60.24287696153494,48.15626186082427,52.738403549413015,64.3444527333883,65.64856623084272,55.78994594736084,False,-3.6928155900966217,20.843889762729233,0.7905060081218807,2.3958738808118056,-15.969013093679195,-3.693164830072476,106,112,-6,0,2026-02-07
0022500749,SAS,263.735,61.77701543847675,54.85554818283504,58.942786003627376,46.30624174518614,49.8895892973376,52.457371565221024,True,DAL,252.295,56.867144942758806,53.41734873857983,53.35199667056422,47.32716066509443,50.75691485496476,44.978819515961504,False,4.909870495717946,1.4381994442552042,5.590789333063157,-1.02091891990829,-0.8673255576271615,7.47855204925952,138,125,13,1,2026-02-07
0022500750,ORL,238.145,57.43503467775235,50.45529054427624,59.59711940204497,59.262806273488835,53.706362370264614,70.80295847919247,True,UTA,310.47,51.84611556672142,52.519823708141416,54.7088451916986,40.834329672217386,51.62555265672475,52.57663352290826,False,5.5889191110309255,-2.0645331638651783,4.888274210346367,18.42847660127145,2.080809713539864,18.22632495628421,120,117,3,1,2026-02-07
0022500751,ATL,285.0916666666667,56.386188652772496,53.16145859518868,56.05910204320247,55.063484259448714,51.416448510712925,53.86717831102404,True,CHA,252.54833333333335,53.1757577757393,53.777810848088485,55.83179919355371,41.13933372489754,50.631882345953585,57.615180355491695,False,3.210430877033197,-0.6163522528998087,0.22730284964876546,13.924150534551174,0.7845661647593403,-3.748002044467654,119,126,-7,0,2026-02-07
0022500752,CHI,170.62833333333333,55.68838020258456,61.71718257030387,58.50483604715903,40.85209959268195,34.82291823358762,38.322704318352756,True,DEN,282.12666666666667,59.48390380207472,58.85153418086439,60.38518750443064,44.56712824027033,46.70952350008271,57.34535585427083,False,-3.79552359949016,2.865648389439478,-1.8803514572716082,-3.715028647588376,-11.886605266495089,-19.022651535918072,120,136,-16,0,2026-02-07
0022500753,LAL,238.925,63.24748282236406,56.27911478497436,58.253992536012,47.429054445258274,53.220811970283556,65.29406089777126,True,GSW,205.76500000000001,49.089078155501014,58.99586988392908,60.55933953782227,63.46337245563304,60.342524238816125,45.42399718466092,False,14.15840466686305,-2.716755098954721,-2.3053470018102686,-16.03431801037477,-7.121712268532569,19.87006371311034,105,99,6,1,2026-02-07
0022500754,PHX,249.46666666666667,49.43885088188134,53.16292557455906,59.73879476215927,44.88328567610903,50.143805451630136,56.11913342794812,True,PHI,246.8245238095238,63.60147704702492,49.6754901062351,54.24133802402516,51.30467104546029,57.188686873169004,63.521438748845576,False,-14.162626165143578,3.487435468323959,5.497456738134112,-6.421385369351256,-7.044881421538868,-7.4023053208974545,103,109,-6,0,2026-02-07
0022500755,POR,252.965,54.95115529816378,49.70293057669374,52.08660684284387,53.16404311531898,52.981673354021304,65.71782945274337,True,MEM,203.73,49.79451398092247,56.88506438259788,52.821373059114194,50.5887596328474,43.22045517760435,53.45058380501886,False,5.156641317241316,-7.182133805904144,-0.734766216270323,2.5752834824715833,9.761218176416953,12.267245647724515,122,115,7,1,2026-02-07
0022500756,SAC,190.42333333333335,58.874580321039076,46.598595235177754,61.17472123514274,46.81014844119243,58.585590001225334,53.04336734364839,True,CLE,259.71500000000003,58.274899408967514,57.50247386558342,63.8890719955849,55.400316372433885,52.5527687400933,43.75218266970986,False,0.5996809120715625,-10.903878630405664,-2.7143507604421586,-8.590167931241453,6.032821261132035,9.291184673938531,126,132,-6,0,2026-02-07
0022500757,BOS,258.93833333333333,60.224089390652864,58.701570515502404,53.82484182205545,53.74841500228497,58.32540566286696,52.766111637917895,True,NYK,237.4333333333333,57.701988628386914,54.35024989470729,59.75217394356311,47.266304927699004,45.60761336515514,50.73009756851675,False,2.52210076226595,4.351320620795114,-5.927332121507661,6.482110074585968,12.717792297711824,2.0360140694011477,89,111,-22,0,2026-02-08
0022500758,WAS,258.195,46.133370127229426,47.58666318092915,51.726408334785724,45.947105224087736,52.6232175939374,44.876825665500945,True,MIA,245.28,55.2807689171559,57.060987442922375,55.40991519895629,55.42998206131768,48.335100021743855,50.74944623455734,False,-9.147398789926477,-9.474324261993225,-3.6835068641705675,-9.482876837229945,4.288117572193542,-5.872620569056394,101,132,-31,0,2026-02-08
0022500759,TOR,276.49666666666667,54.68087439269913,51.89752136855176,65.83130839431459,45.109755994647315,50.344384501320086,46.74193815090434,True,IND,217.69833333333335,58.6836065197253,61.634346458019124,50.75965671150445,52.13361608954286,51.08890513631248,49.67826549149754,False,-4.002732127026171,-9.736825089467366,15.071651682810142,-7.0238600948955465,-0.7445206349923978,-2.936327340593202,122,104,18,1,2026-02-08
0022500760,MIN,260.2266666666667,60.938044397192186,58.79111031408515,55.805367756315,56.52104127171184,49.899145616641896,55.29729871334359,True,LAC,240.81814814814817,55.215247481963495,55.96952687520474,49.364037255713164,59.163755500154565,51.758924053650446,52.76279708940781,False,5.722796915228692,2.8215834388804097,6.441330500601836,-2.6427142284427276,-1.8597784370085506,2.5345016239357747,96,115,-19,0,2026-02-08
0022500761,CHA,226.97166666666666,53.147556596638346,52.36513514902741,54.578183033124546,42.98073915246396,53.111912646952995,56.354336348184155,True,DET,239.68166666666667,61.322844884534355,49.78637706958535,59.646930998755295,50.16122217663707,53.39015082505268,54.16377417268738,False,-8.17528828789601,2.5787580794420606,-5.068747965630749,-7.180483024173107,-0.2782381780996843,2.1905621754967726,104,110,-6,0,2026-02-09
0022500762,BKN,213.17166666666668,54.275146790927494,47.284650868236085,45.66410013838612,48.7363439481482,60.325036160215156,45.91568389847568,True,CHI,177.99333333333334,55.675011236375894,61.24594460466683,57.75713697142215,40.49590808644518,35.46177853103112,38.827364053228315,False,-1.3998644454484008,-13.961293736430747,-12.093036833036031,8.24043586170302,24.863257629184034,7.088319845247362,123,115,8,1,2026-02-09
0022500763,MIA,243.75333333333333,55.37203593797008,57.05974961026175,55.047824987008724,55.34451426305282,48.818055821458856,50.12571752250667,True,UTA,272.18666666666667,52.221941437248944,51.40955900362497,52.796043768982074,43.566582369942196,54.081116513177236,54.449550584515315,False,3.1500945007211385,5.650190606636777,2.2517812180266503,11.777931893110626,-5.26306069171838,-4.323833062008646,111,115,-4,0,2026-02-09
0022500764,ORL,263.74333333333334,58.79280992884497,49.72010161394285,61.48243367920832,59.715086637260974,53.582051363067634,71.44896436874915,True,MIL,278.5333333333333,51.13625239348971,60.23858604595501,50.38074916227861,48.3427303733844,47.31289791766395,52.2240557683102,False,7.656557535355255,-10.518484432012158,11.101684516929708,11.372356263876576,6.269153445403681,19.224908600438944,118,99,19,1,2026-02-09
0022500765,MIN,259.09583333333336,60.80860106459965,58.499188202563396,55.87354164321438,56.43558946979077,49.891644983355576,55.02637840574866,True,ATL,236.61166666666668,54.77038818880444,56.07859784316073,56.220671001007275,52.99725781343552,46.37409327519776,55.35926436732337,False,6.03821287579521,2.4205903594026665,-0.34712935779289467,3.4383316563552526,3.517551708157818,-0.3328859615747106,138,116,22,1,2026-02-09
0022500766,NOP,252.38,63.11392609028714,52.330723512164205,49.88000964154582,44.865908550598306,53.6431148796788,46.85534047385185,True,SAC,222.155,57.27580443084033,49.337519599678906,56.24385151508331,47.23853765764144,57.695170789163726,53.46413824862473,False,5.838121659446806,2.993203912485299,-6.363841873537488,-2.3726291070431316,-4.0520559094849276,-6.608797774772881,120,94,26,1,2026-02-09
0022500767,DEN,276.46999999999997,59.806422637778674,59.25085000180852,60.793664773754834,43.87129284672237,46.72249370034121,57.16135932405563,True,CLE,256.34444444444443,58.61390035109011,57.60108079407048,63.74881821334142,55.53052295089073,52.773299813618834,43.59836274606498,False,1.1925222866885647,1.6497692077380464,-2.9551534395865886,-11.659230104168358,-6.050806113277623,13.562996577990653,117,119,-2,0,2026-02-09
0022500768,GSW,215.17,50.731674954686994,59.71948536815851,61.31702374866384,64.2414625644839,61.31601756750476,45.78383150011219,True,MEM,195.26833333333335,50.61339097481244,59.41446897858503,53.66552180333046,50.98486527086659,41.19226363721716,52.687845764894625,False,0.11828397987455475,0.3050163895734812,7.651501945333379,13.256597293617304,20.1237539302876,-6.9040142647824325,114,113,1,1,2026-02-09
0022500769,LAL,232.67333333333335,63.93627116701527,57.023494312483884,58.7338199478525,49.812464542563255,52.44602017134179,65.48395962866392,True,OKC,248.58833333333334,59.07442290802062,69.73214082184066,57.38671364303769,68.61005477596831,52.210831159949855,52.626246203562786,False,4.861848258994648,-12.708646509356775,1.3471063048148153,-18.797590233405053,0.23518901139193815,12.857713425101139,110,119,-9,0,2026-02-09
0022500770,POR,227.95166666666665,55.46051648375753,49.8103260194047,52.54414020516045,53.74299156985034,52.965910171015786,66.6790581225518,True,PHI,210.00458333333333,63.88548662628396,46.66993041818532,53.315521089817494,52.19332276478092,59.7808785919355,62.7222557226763,False,-8.424970142526426,3.1403956012193817,-0.7713808846570416,1.549668805069416,-6.814968420919712,3.9568023998754924,135,118,17,1,2026-02-09
0022500771,NYK,221.7775,56.04486102813256,56.821078934217105,64.4082909672983,45.619686021650836,40.84501921971345,49.54989095663104,True,IND,218.17333333333332,61.176850210841536,62.51144044490619,54.48319913829983,49.60115046140683,48.908397757135,46.26046977241123,False,-5.131989182708978,-5.690361510689087,9.925091828998468,-3.981464439755996,-8.06337853742155,3.2894211842198118,134,137,-3,0,2026-02-10
0022500772,HOU,251.94666666666666,60.260711261642676,48.50802352349704,51.5912488092718,63.8897987669348,65.69814246401354,56.17723923052498,True,LAC,267.91166666666663,58.21219058520533,55.22291924577131,46.961688865111014,56.609930511922464,54.40531767311366,50.00834254081583,False,2.0485206764373487,-6.714895722274271,4.629559944160782,7.279868255012339,11.292824790899886,6.16889668970915,102,95,7,1,2026-02-10
0022500773,PHX,248.19111111111113,49.27247036334008,53.30929122719051,59.922858057410956,44.97081102376305,50.406455374890314,56.26545398368154,True,DAL,250.19833333333332,58.990801963775404,52.38971749079064,55.83347211212438,48.10106648725345,52.616702749152346,42.3270924858756,False,-9.718331600435327,0.9195737363998759,4.089385945286573,-3.1302554634904,-2.210247374262032,13.938361497805936,120,111,9,1,2026-02-10
0022500774,LAL,140.49625,57.30549866396196,56.019849877369204,48.99569917346549,48.078808746378165,55.41122390573888,61.328516874214706,True,SAS,259.08666666666664,61.664547255744544,54.69541015876283,59.02229369837635,46.389468774927316,49.67434835190284,52.39420594937693,False,-4.359048591782582,1.3244397186063708,-10.026594524910863,1.689339971450849,5.736875553836036,8.934310924837774,108,136,-28,0,2026-02-10
0022500775,CHA,247.49166666666665,53.71888279066635,51.678700292939155,53.16554362099734,44.173888683120644,55.29538974376242,54.67964531166407,True,ATL,270.84,56.39059961600946,54.797627750701515,57.29442167577414,53.57527445478265,49.77891374981539,54.21800096486101,False,-2.671716825343111,-3.1189274577623607,-4.1288780547767985,-9.401385771662007,5.516475993947033,0.4616443468030553,110,107,3,1,2026-02-11
0022500776,CLE,254.265,58.898508773654775,57.87496640643947,63.75164428188438,55.64032931521575,52.71793470067318,43.48372269134828,True,WAS,237.82166666666666,46.036669633408785,49.337332595151835,51.349927466659196,45.26167085981793,47.949140462391284,45.10935267940611,False,12.86183914024599,8.537633811287634,12.401716815225186,10.378658455397819,4.768794238281899,-1.625629988057831,138,113,25,1,2026-02-11
0022500777,ORL,258.285,58.95946144762568,50.0426305566848,61.35773015596465,59.68307425260209,54.063149879654894,70.47064538409582,True,MIL,245.79000000000002,50.07847484980403,58.271146100329545,48.18799585011595,44.25411055508089,49.615574948804536,55.803938321331216,False,8.880986597821646,-8.228515543644747,13.1697343058487,15.428963697521198,4.447574930850358,14.666707062764601,108,116,-8,0,2026-02-11
0022500778,BOS,258.62166666666667,59.750401809593164,58.23414575989379,54.28607618593441,53.445672249682616,58.522527759339575,53.096472426730266,True,CHI,177.42,54.26604948709278,58.6722250403938,61.5811746139105,38.78116991695788,42.88855446586255,45.06706000289869,False,5.484352322500385,-0.43807928050000555,-7.295098427976086,14.664502332724737,15.633973293477027,8.029412423831573,124,105,19,1,2026-02-11
0022500779,BKN,210.63666666666666,51.12430488518935,50.53136047854916,45.3052183064044,48.33806950356855,55.37189235808897,51.008695629684894,True,IND,221.1183333333333,59.414248780818724,60.94853359061137,54.177775851542535,49.97524628592534,48.11691477414055,44.38423671121384,False,-8.28994389562937,-10.417173112062208,-8.872557545138136,-1.6371767823567893,7.254977583948424,6.624458918471056,110,115,-5,0,2026-02-11
0022500780,PHI,197.15685185185185,59.63451867144697,44.179831906725894,48.343765398296334,49.152958680201046,53.71123771541178,55.50716768918297,True,NYK,243.16166666666666,57.91601746437556,55.23959231512642,60.65355764683304,46.739919943521805,44.28654530250794,50.01024802717145,False,1.7185012070714123,-11.059760408400528,-12.30979224853671,2.4130387366792405,9.424692412903838,5.496919662011521,89,138,-49,0,2026-02-11
0022500781,TOR,253.375,57.66551027791481,52.11540601874692,67.68271205393849,45.17609209011676,53.278275283670446,46.59237817725809,True,DET,246.73666666666668,61.93437875737966,49.35448183623566,58.20389146323341,50.13257453965766,54.49404966158252,55.11399023913792,False,-4.2688684794648495,2.7609241825112605,9.478820590705077,-4.9564824495409,-1.2157743779120764,-8.521612061879829,95,113,-18,0,2026-02-11
0022500782,HOU,234.21,61.265743705791095,47.254499523219906,52.75768754536527,64.72507080540255,66.88501131463217,57.00861050624084,True,LAC,251.62833333333333,59.53080667916306,53.48984746020917,46.52339031773051,55.681006378454995,54.74060684740059,47.62900104636762,False,1.7349370266280388,-6.235347936989264,6.234297227634762,9.044064426947557,12.144404467231574,9.379609459873222,102,105,-3,0,2026-02-11
0022500783,MIN,256.6016666666667,60.91262267717149,58.37986827833023,56.105366294061476,56.28668623872279,50.0039341131845,54.884556273877735,True,POR,203.325,53.74281814828477,53.429219230296326,52.53567031435715,51.56074593221034,52.702264027214234,62.19738858567653,False,7.169804528886722,4.9506490480339025,3.5696959797043277,4.725940306512449,-2.6983299140297348,-7.312832311798793,133,109,24,1,2026-02-11
0022500784,NOP,236.98833333333332,63.876730218787145,52.45403078913871,49.73441871259485,44.93635200045009,54.154323349250674,45.63845113579229,True,MIA,203.15,54.82658544589383,55.982703257035034,55.85592583476905,55.296181803265235,54.8936926737222,45.58982823910765,False,9.050144772893312,-3.528672467896321,-6.121507122174201,-10.359829802815142,-0.7393693244715251,0.04862289668463404,111,123,-12,0,2026-02-11
0022500785,PHX,203.45416666666665,44.725271457535484,52.248730877142684,55.207705257121795,49.05511888426959,55.357023080546405,54.65287643131698,True,OKC,247.945,59.09052746912958,69.75102744560286,57.52782404699967,68.52502705573144,51.84003307185062,52.42165332365377,False,-14.365256011594099,-17.502296568460174,-2.320118789877874,-19.469908171461853,3.5169900086957853,2.2312231076632116,109,136,-27,0,2026-02-11
0022500786,UTA,288.50666666666666,52.81089056289861,51.17672439689436,53.442877692023295,44.33828507717904,55.33829200942786,55.02595233004482,True,SAC,195.54166666666666,57.42903899424675,52.68703771574686,51.1626524611123,45.41904879607927,52.84859663328362,53.083446253071415,False,-4.618148431348146,-1.5103133188525035,2.280225230910993,-1.0807637189002293,2.4896953761442404,1.9425060769734017,121,93,28,1,2026-02-11
0022500787,DEN,273.45166666666665,59.94498418367659,59.53710466810101,61.08066446843135,43.44450756075114,46.61074473855831,57.45717407337675,True,MEM,191.68833333333333,49.931122568753096,57.51487831810317,53.84222566144697,51.96742020467252,42.9597880239625,53.35137000422334,False,10.013861614923492,2.022226349997837,7.238438806984384,-8.52291264392138,3.6509567145958073,4.1058040691534075,122,116,6,1,2026-02-11
0022500788,GSW,218.42833333333334,50.81708188040318,59.32382932617106,61.4323294444402,64.32095424128433,61.484535736358986,45.21381972898984,True,SAS,255.40333333333334,61.66076728312081,55.08616893540935,58.85756320068911,46.54861852494747,49.71509507837277,51.99055769744493,False,-10.843685402717632,4.237660390761711,2.5747662437510925,17.772335716336855,11.769440657986216,-6.7767379684550875,113,126,-13,0,2026-02-11
0022500789,OKC,222.45888888888888,54.88796631587359,72.74034528227438,53.074826809447934,64.4541987783011,49.10267639963439,55.16155774363462,True,MIL,250.54000000000002,50.623422740214465,57.94217623267076,47.98849684681089,44.57676618504031,50.145700619994145,55.27008860860541,False,4.2645435756591255,14.798169049603615,5.086329962637045,19.877432593260792,-1.0430242203597544,-0.10853086497079545,93,110,-17,0,2026-02-12
0022500790,UTA,220.78333333333333,48.96068166377293,48.430355552200496,56.38250471804937,42.10457462066883,53.998458518909935,56.16406286835666,True,POR,257.62833333333333,54.6593400053048,50.50539342851783,53.49789101871559,53.568160851873174,51.365633955892534,64.46213766689313,False,-5.698658341531868,-2.0750378763173316,2.8846136993337765,-11.463586231204346,2.632824563017401,-8.298074798536469,119,135,-16,0,2026-02-12
0022500791,LAL,231.08,62.215146269690145,58.30772099128728,60.48149270094051,49.00289438001269,48.672068114938554,65.72114952594832,True,DAL,235.22666666666666,58.9168971771908,54.801927219136154,55.741676113819295,46.347129010316294,50.86807122208367,45.20495833805691,False,3.298249092499347,3.5057937721511294,4.7398165871212115,2.6557653696963968,-2.196003107145117,20.51619118789141,124,104,20,1,2026-02-12
0022500792,CHA,252.47,53.515751706473374,52.586092076946436,53.02802577203892,43.811294411217176,53.94619294701681,54.698713554001806,True,HOU,249.56,59.987563444996525,48.49458914355933,51.574618662178764,64.04277328097452,65.91265894641235,55.54589544264572,False,-6.471811738523151,4.091502933387105,1.4534071098601586,-20.23147886975734,-11.966465999395538,-0.8471818886439166,101,105,-4,0,2026-02-19
0022500793,CLE,289.09999999999997,61.8675181598063,61.26660382797188,62.8805476766978,58.687293900611095,55.25669087974174,39.6480072262368,True,BKN,229.0533333333333,53.389188107573204,53.646743844228425,44.846378572675945,46.109341346993425,57.77654403632342,52.154572198330094,False,8.478330052233098,7.619859983743453,18.034169104021856,12.57795255361767,-2.519853156581682,-12.506564972093294,112,84,28,1,2026-02-19
0022500794,PHI,228.56,58.82617766304982,46.86171683584179,50.9084631314899,47.85438615680784,50.13911226811341,56.94777810101518,True,ATL,268.56,56.6035317992255,54.94049808857115,57.17282109522391,53.158945238804485,49.63626563896336,53.88578465946256,False,2.2226458638243187,-8.078781252729357,-6.264357963734007,-5.3045590819966435,0.5028466291500493,3.061993441552623,107,117,-10,0,2026-02-19
0022500795,WAS,233.16,48.02279121633214,49.17800437467834,48.72675558986676,46.71790472922742,46.96878466861097,45.234652039539654,True,IND,183.13333333333333,55.576535311248634,61.62464779759738,48.66287859483073,49.71191663633054,46.59681288678558,41.768635741915155,False,-7.553744094916496,-12.446643422919045,0.06387699503603272,-2.994011907103122,0.37197178182539403,3.466016297624499,112,105,7,1,2026-02-19
0022500796,NYK,271.97333333333336,59.40619852436513,57.20900088243945,59.04379534758309,48.54696967839984,42.959649843121866,53.65051903167816,True,DET,263.4533333333333,62.34749924085228,47.986780074902576,56.10479212004657,51.19799078900755,54.38540348701858,54.06002156578881,False,-2.9413007164871487,9.222220807536871,2.9390032275365243,-2.651021110607708,-11.425753643896712,-0.40950253411065063,111,126,-15,0,2026-02-19
0022500797,CHI,239.38333333333333,58.65365244029799,59.80130822251619,56.16028615191812,40.92299728468983,46.494370256910116,41.6503353855641,True,TOR,277.26,56.742550313784896,51.33083387434178,66.20412007982881,45.94005987160067,53.37750066123254,48.423564620171845,False,1.911102126513093,8.470474348174413,-10.04383392791069,-5.017062586910839,-6.883130404322422,-6.773229234607747,101,110,-9,0,2026-02-19
0022500798,SAS,251.82833333333335,61.69079796422166,54.99266828593552,58.84423383654209,46.63093509467428,49.82155966035063,52.06605227277446,True,PHX,265.1554761904762,48.09283430296511,52.684305165073866,58.51693031851035,44.29580111578742,49.255137102849815,55.55446731287154,False,13.59796366125655,2.3083631208616566,0.32730351803174074,2.3351339788868586,0.5664225575008146,-3.488415040097074,121,94,27,1,2026-02-19
0022500799,GSW,239.09047619047618,50.78866209245355,56.794407277579715,59.02051524627059,64.10780069310283,59.761455217192136,46.66096902374973,True,BOS,271.37611111111113,58.83901616657488,57.749977992822586,54.75745203970709,53.242674475973274,57.861638930799195,53.67328792381812,False,-8.05035407412133,-0.955570715242871,4.263063206563501,10.865126217129557,1.8998162863929409,-7.012318900068394,110,121,-11,0,2026-02-19
0022500800,SAC,238.62,53.904921353337244,49.72144343866118,54.820538233732854,48.08976825077529,49.58426787360657,53.494923432614165,True,ORL,236.10166666666666,57.5222227712638,51.02011633406513,59.81675549374916,59.222904680893116,53.11526178694207,71.47735337070861,False,-3.617301417926555,-1.2986728954039464,-4.996217260016309,-11.133136430117823,-3.5309939133355,-17.982429938094448,94,131,-37,0,2026-02-19
0022500801,LAC,254.29833333333335,59.71117126210028,56.37079676757614,46.080195832978326,56.48752711709999,55.59041545691085,49.74637509693199,True,DEN,274.13,58.21776042996632,59.48932076022326,58.919305317428474,45.13670825277544,45.535239971303156,54.27781653104365,False,1.4934108321339608,-3.1185239926471198,-12.839109484450148,11.350818864324545,10.055175485607691,-4.531441434111656,115,114,1,1,2026-02-19
0022500802,CHA,231.85666666666668,52.355729114251616,51.27998907370933,53.23895366390155,44.76699110082378,53.94185272510315,54.24921258766648,True,CLE,285.4033333333333,58.07371439249717,58.93129839642144,60.2000508052931,56.732351292323145,52.919839174968764,39.982794808526684,False,-5.717985278245557,-7.651309322712109,-6.961097141391555,-11.965360191499364,1.022013550134389,14.266417779139793,113,118,-5,0,2026-02-20
0022500803,WAS,236.03,50.87400895366408,48.261339660212684,45.308527164625964,47.653191684672855,44.52466211922213,49.587735127224796,True,IND,191.54166666666666,55.871795518816626,61.66404350663477,49.55784033065043,50.93655166412878,45.99114814009136,41.736187862157756,False,-4.997786565152545,-13.402703846422085,-4.249313166024464,-3.2833599794559234,-1.4664860208692332,7.85154726506704,131,118,13,1,2026-02-20
0022500804,MEM,199.50375,49.98041849672834,55.00934443588153,53.7285456204875,50.375100718658175,47.63735811148078,48.69169316110796,True,UTA,212.53833333333333,47.035438313088626,50.77379609952715,54.67955741317253,39.83041804223552,48.95393301600495,54.73163969414109,False,2.9449801836397143,4.235548336354384,-0.9510117926850299,10.544682676422653,-1.316574904524174,-6.039946533033124,123,114,9,1,2026-02-20
0022500805,ATL,265.6816666666667,56.74279557615943,54.85663293791441,56.96814295303276,53.044220840730446,49.76767371980252,53.62237837510358,True,MIA,258.4166666666667,55.454279264753296,57.38289519509835,56.454406965495,54.45320735246694,48.987622702354074,51.102167975251646,False,1.2885163114061342,-2.5262622571839373,0.5137359875377641,-1.4089865117364937,0.780051017448443,2.5202103998519334,97,128,-31,0,2026-02-20
0022500806,MIN,286.55055555555555,58.99340895827961,59.9551448164082,58.152825466128725,56.53494903943652,47.19428819037168,51.74099862726802,True,DAL,213.00666666666666,61.195457106193864,53.28954649306751,58.109129604707206,46.68483459046666,53.36309270445369,43.80237267098139,False,-2.2020481479142546,6.665598323340689,0.0436958614215186,9.850114448969862,-6.168804514082012,7.938625956286629,122,111,11,1,2026-02-20
0022500807,NOP,181.10666666666665,61.979111757343745,51.32892402267541,49.90111444452626,45.92614573363763,52.581490650077306,47.76914486319637,True,MIL,257.23,48.453481320219254,58.69662170042374,52.281434902616326,48.92131166660187,45.69715429771022,50.61775583459679,False,13.52563043712449,-7.367697677748332,-2.3803204580900683,-2.995165932964241,6.884336352367086,-2.8486109714004257,118,139,-21,0,2026-02-20
0022500808,OKC,245.16583333333332,56.73501371520638,69.0314827718653,54.06834047702406,65.25511303573431,52.33163742908712,56.17898192751698,True,BKN,258.48333333333335,55.85126636146753,50.809098587916694,45.7129273325166,46.55551034882971,61.28659939390031,50.74064502680217,False,0.8837473537388476,18.222384183948606,8.355413144507459,18.699602686904598,-8.954961964813194,5.438336900714809,105,86,19,1,2026-02-20
0022500809,LAL,271.96166666666664,65.79364738903155,58.162084730078384,61.301148446165826,50.4158858172414,54.67425066032591,68.69535106050485,True,LAC,254.74833333333333,60.17188794169409,56.72741790917834,45.830841549503106,56.515526434585766,55.6996054930029,48.75333391837844,False,5.62175944733746,1.4346668209000413,15.47030689666272,-6.099640617344363,-1.0253548326769888,19.94201714212641,125,122,3,1,2026-02-20
0022500810,POR,206.82333333333335,56.935401389269416,52.00447886279755,54.836170161329306,57.293466243331665,52.162949054748815,64.75874557236969,True,DEN,282.03666666666663,56.645114701398164,58.68777523017101,60.422232924797015,44.1451022916642,44.6376446324946,53.18981177627418,False,0.29028668787125156,-6.683296367373465,-5.586062763467709,13.148363951667463,7.525304422254216,11.568933796095507,103,157,-54,0,2026-02-20
0022500811,PHX,266.08166666666665,46.57079781270162,56.1400347011256,55.12683637229172,46.36623843556803,49.88696077018961,51.19110451380676,True,ORL,204.52333333333334,57.061786756197336,48.78376468862558,59.386558175921245,56.688553873233694,56.07243916749515,70.94528817160274,False,-10.490988943495715,7.356270012500019,-4.259721803629525,-10.322315437665665,-6.185478397305538,-19.754183657795977,113,110,3,1,2026-02-21
0022500812,NOP,184.75333333333333,61.84146158842421,51.57161440479198,49.93388030888031,45.923248114603254,52.397631075668464,47.53837776800763,True,PHI,224.88333333333333,58.57665159712443,47.73339361150226,50.775780775216774,46.4534106573779,51.05207811457793,57.97515373576856,False,3.264809991299778,3.8382207932897217,-0.8419004663364618,-0.5301625427746472,1.345552961090533,-10.43677596776093,126,111,15,1,2026-02-21
0022500813,MIA,272.05,55.337338111866686,56.82212705997672,56.27345034613735,53.85714574526742,48.83766403234699,51.29780146384996,True,MEM,211.47074074074075,49.43924980428078,54.035579127486336,53.04791504297065,50.58418001965073,48.58536002704165,51.03955856961672,False,5.898088307585908,2.786547932490386,3.2255353031667013,3.272965725616686,0.2523040053053407,0.2582428942332342,136,120,16,1,2026-02-21
0022500814,CHI,215.405,59.09074611390946,60.89838908103341,54.76038470168597,41.3747630432596,47.494480939006365,42.55974869045132,True,DET,261.22833333333335,62.13971493648595,47.810448075438465,56.108646331115175,51.688024525159975,54.50933729751111,54.98044066778979,False,-3.048968822576491,13.087941005594942,-1.348261629429203,-10.313261481900376,-7.014856358504744,-12.420691977338471,110,126,-16,0,2026-02-21
0022500815,SAS,248.445,61.62577029121133,54.961634030335354,58.585979458901036,46.725473109407176,50.13640041055364,52.02543630808619,True,SAC,239.84333333333333,53.836503689908696,49.48000500326602,54.65196934109766,48.29377579809042,49.93923950356483,53.552853662010016,False,7.789266601302636,5.4816290270693315,3.934010117803375,-1.5683026886832465,0.19716090698881317,-1.5274173539238234,139,122,17,1,2026-02-21
0022500816,NYK,282.31333333333333,58.448161026755145,56.436938862257065,58.24710605237679,49.17109594540345,43.62559272203462,54.43512271322561,True,HOU,249.51333333333332,59.67555574852379,48.46114102118791,51.501184973414915,64.03027894300907,65.84302642477356,55.03774948566542,False,-1.227394721768647,7.975797841069152,6.745921078961878,-14.859182997605615,-22.217433702738937,-0.6026267724398124,108,106,2,1,2026-02-21
0022500817,OKC,230.43166666666667,56.87698666994554,68.77895182230452,53.27283865788122,64.43222502694219,52.80855857484865,56.24041949576033,True,CLE,300.2683333333333,61.8040119670739,59.30451540566494,60.46420868001399,58.89734126697787,56.978873896126245,39.482944339161754,False,-4.92702529712836,9.474436416639584,-7.191370022132766,5.534883759964323,-4.170315321277599,16.757475156598574,121,113,8,1,2026-02-22
0022500818,ATL,262.84499999999997,56.94908342686121,54.95138326136443,56.79851623580438,52.77057835099267,49.75727012751495,53.20793011489883,True,BKN,240.84666666666666,56.45406967088327,50.92756179588673,46.40466340963822,46.61679076590915,60.96618041907715,51.169605717377614,False,0.4950137559779364,4.023821465477695,10.39385282616616,6.153787585083521,-11.208910291562198,2.0383243975212153,115,104,11,1,2026-02-22
0022500819,MIL,287.8666666666667,51.78706982399258,59.34093735525706,49.96027095877721,48.94344430291802,48.76692102825382,51.455191060676235,True,TOR,230.48666666666668,56.771051109247104,54.12302736239262,64.5333714170017,42.79233722847309,49.578260492291676,41.60224016773396,False,-4.983981285254522,5.217909992864442,-14.573100458224495,6.15110707444493,-0.8113394640378573,9.852950892942275,94,122,-28,0,2026-02-22
0022500820,GSW,236.3722222222222,50.495116459444844,59.31162361623616,61.09032763767128,63.952877993748096,60.64088889933486,44.320888517919705,True,DEN,269.3233333333333,57.795755411710836,58.42536789732292,59.58446662623612,44.00951582360731,45.34415324826417,54.35815222461019,False,-7.300638952265992,0.8862557189132403,1.505861011435158,19.943362170140787,15.29673565107069,-10.037263706690482,128,117,11,1,2026-02-22
0022500821,IND,211.57833333333335,58.67784035857484,60.74210024655959,51.9830125958077,49.775147108635885,49.87407264448944,47.914273150414985,True,DAL,246.45833333333334,58.70564192730346,54.88588943364327,56.00567844463228,45.950303972950124,50.19726322907861,45.863517404952226,False,-0.02780156872861994,5.856210812916316,-4.02266584882458,3.824843135685761,-0.32319058458917027,2.0507557454627587,130,134,-4,0,2026-02-22
0022500822,WAS,241.41500000000002,48.98171820309425,48.01478021940089,45.727085447604054,48.151475674668106,44.101293070715016,45.78056257490494,True,CHA,249.63833333333332,52.97131383401321,52.67923195556238,53.66110840349039,44.11007991561125,53.93516687474547,54.58690958104577,False,-3.9895956309189557,-4.664451736161489,-7.934022955886334,4.041395759056854,-9.833873804030453,-8.806347006140825,112,129,-17,0,2026-02-22
0022500823,LAL,267.2316666666667,65.8428679235869,58.15871247793737,61.42142834868622,50.31733265144475,54.72568682603734,68.98241164033703,True,BOS,256.81916666666666,58.78448421879209,58.5346271533472,55.530961798671576,53.0689450748419,58.08815865897859,52.97500786233101,False,7.058383704794807,-0.37591467540983103,5.890466550014644,-2.751612423397148,-3.362471832941253,16.007403778006022,89,111,-22,0,2026-02-22
0022500824,MIN,291.64666666666665,59.09728952842481,59.427243582417084,57.94474935424144,56.20479575742337,47.88315027316159,52.11182860146383,True,PHI,241.58833333333334,58.31090974315813,46.79479831393625,50.641803205176856,47.37690768731934,51.228730692017415,56.47998139384805,False,0.7863797852666821,12.632445268480836,7.3029461490645815,8.82788807010403,-3.3455804188558247,-4.3681527923842225,108,135,-27,0,2026-02-22
0022500825,CHI,222.07166666666666,58.77561823135175,57.36054727077595,54.528687435737716,43.314043514481064,50.12065474358878,38.292713742131724,True,NYK,259.4405555555556,58.52150738876171,59.341344731077335,61.694462229626566,47.25920452769099,40.09258232992785,53.57492310206434,False,0.2541108425900376,-1.9807974603013818,-7.1657747938888505,-3.945161013209926,10.02807241366093,-15.282209359932615,99,105,-6,0,2026-02-22
0022500826,PHX,183.6501851851852,48.73303250644592,50.586604363569634,55.213595190534335,45.90309697079088,55.00163162453577,47.801114456350135,True,POR,221.99333333333334,56.96641190426139,51.79868539595783,55.62907594822667,54.62908720982612,50.58864830775699,64.82397819754347,False,-8.233379397815469,-1.2120810323881983,-0.41548075769233606,-8.72599023903524,4.412983316778778,-17.022863741193333,77,92,-15,0,2026-02-22
0022500827,LAC,227.18666666666667,56.89018868478197,55.071418510475965,48.09698705909971,59.30123320030518,50.94029725922883,52.71004455988922,True,ORL,214.08,56.16085264075735,48.623192264573994,59.25475367463877,56.80610285874439,55.02471272421525,70.27690083292177,False,0.7293360440246204,6.448226245901971,-11.15776661553906,2.495130341560788,-4.084415464986421,-17.56685627303255,109,111,-2,0,2026-02-22
0022500828,DET,259.2216666666667,62.12423022766872,47.583342441796916,56.07041785344588,52.041819420958895,54.845751705425855,55.18779827398281,True,SAS,248.77333333333334,60.986079027762884,55.514124638224885,58.32349059384714,46.82171521599313,49.64208583449458,51.101729551616444,False,1.1381511999058347,-7.93078219642797,-2.253072740401258,5.220104204965764,5.203665870931275,4.086068722366363,103,114,-11,0,2026-02-23
0022500829,MEM,214.89666666666668,46.19047681831578,51.653520296576644,50.559624780902446,49.382431090911915,49.91808776311095,52.428411565320985,True,SAC,233.20666666666665,54.01726222806667,50.42181755810297,55.49480360767274,46.51692204339499,47.36621237243075,54.896800412651515,False,-7.82678540975089,1.2317027384736718,-4.935178826770297,2.865509047516923,2.5518753906801948,-2.46838884733053,114,123,-9,0,2026-02-23
0022500830,HOU,240.33499999999998,60.21657200712894,48.975946768746404,51.93652609898683,63.71508796748983,66.14818690577737,55.777283791374536,True,UTA,242.8438888888889,49.7762156300687,53.53053081655109,53.13161335929117,38.751201389095414,51.75507264612153,55.744538205202346,False,10.44035637706024,-4.554584047804688,-1.1950872603043408,24.963886578394415,14.393114259655832,0.032745586172190144,125,105,20,1,2026-02-23
0022500831,IND,214.0233333333333,57.9907798215148,60.31114052984878,51.6418754964412,49.71399691622409,50.0047923123647,48.63681734980528,True,PHI,270.0211111111111,62.01858743555031,47.628916874812255,52.52372509968356,50.94275138980903,56.26829445434308,61.031606246511814,False,-4.02780761403551,12.682223655036523,-0.8818496032423582,-1.2287544735849423,-6.263502141978378,-12.394788896706537,114,135,-21,0,2026-02-24
0022500832,ATL,254.655,57.38664860301191,54.85987643412983,56.973766468359145,52.760691916514496,49.73731126425949,52.2367189596382,True,WAS,244.38777777777779,49.11746200255514,47.71673069666149,45.40020413823205,48.033816475637536,43.47326993984969,45.6954796180711,False,8.26918660045677,7.143145737468338,11.573562330127096,4.7268754408769595,6.264041324409796,6.541239341567106,119,98,21,1,2026-02-24
0022500833,BKN,255.025,55.788719406594126,51.037452537332946,45.81928634447603,46.72615560565958,61.19187988105742,50.63612403022054,True,DAL,245.56666666666666,58.633281525722815,54.82355164924664,55.947234966743586,45.80770937966608,50.25849871046559,46.21460573745571,False,-2.844562119128689,-3.7860991119136926,-10.127948622267553,0.9184462259934989,10.93338117059183,4.42151829276483,114,123,-9,0,2026-02-24
0022500834,TOR,244.72666666666666,54.97854409000517,52.50610272685173,67.3641961099458,44.53447247269062,49.78125800212482,46.13534986172137,True,OKC,238.85555555555555,56.88744685304926,69.23246197143787,54.1773207889473,65.63409312927385,52.03182188212309,55.786656544215205,False,-1.9089027630440896,-16.726359244586142,13.186875320998496,-21.099620656583234,-2.2505638799982677,-9.651306682493832,107,116,-9,0,2026-02-24
0022500835,CLE,293.3833333333333,61.92139862523433,59.82345054820202,60.671868431517346,58.93838323013123,56.428650230074425,39.90767730314444,True,NYK,277.2690476190476,59.73529638566632,56.985475256111904,58.0124931946794,48.53652950117215,44.03936360591827,53.681170148268095,False,2.186102239568015,2.837975292090114,2.6593752368379455,10.401853728959082,12.389286624156156,-13.773492845123656,109,94,15,1,2026-02-24
0022500836,CHI,207.145,60.457929630613016,58.637869608245424,50.97967607231649,44.75062395906248,52.994984189818716,42.27183339482695,True,CHA,246.47,52.49748380465506,56.11697637305419,57.85703533898649,40.48307704791658,47.32733327923615,57.52128152556425,False,7.9604458259579545,2.520893235191231,-6.877359266670005,4.2675469111458995,5.667650910582566,-15.2494481307373,99,131,-32,0,2026-02-24
0022500837,MIL,282.54833333333335,51.918155005928185,59.25281338296102,49.98500492541099,49.03069917241297,48.89078682703254,51.11065127500309,True,MIA,253.05166666666668,55.81569113026984,56.68091694054574,56.40730746685459,53.25314132160099,48.26158294419454,50.48657066466518,False,-3.8975361243416557,2.57189644241528,-6.4223025414435995,-4.222442149188019,0.6292038828380058,0.6240806103379128,128,117,11,1,2026-02-24
0022500838,NOP,191.875,61.973461889250814,51.42350141150923,50.033152660152005,45.997111834962,52.590219326818676,47.57540895470672,True,GSW,238.14625,50.490622184197036,58.23529781244368,60.69582154523393,63.998763889836596,61.251484469452414,45.21270489376599,False,11.482839705053777,-6.811796400934455,-10.662668885081928,-18.001652054874597,-8.661265142633738,2.362704060940729,113,109,4,1,2026-02-24
0022500839,PHX,213.54666666666665,52.16683550824175,57.86414366883117,56.61969046578422,45.60041286838162,51.7399616008991,47.39337963358556,True,BOS,249.85000000000002,58.6528110199453,58.84414915616036,55.788469081448866,53.27436795410579,58.15185511306783,53.13117772027739,False,-6.485975511703543,-0.9800054873291941,0.8312213843353504,-7.673955085724174,-6.4118935121687315,-5.737798086691832,81,97,-16,0,2026-02-24
0022500840,LAL,255.155,64.22668051445854,59.24280012802675,63.52965974930271,48.496673263963736,54.12411083459074,70.93442874592567,True,ORL,218.40333333333334,55.81434272981182,48.553479800369345,59.08898902641901,56.82998885853391,54.445239694143865,69.69321035113424,False,8.412337784646716,10.689320327657406,4.440670722883702,-8.333315594570173,-0.3211288595531272,1.2412183947914315,109,110,-1,0,2026-02-24
0022500841,POR,228.93,56.147130127113094,51.84183738843023,55.440334745701016,54.995714119308666,50.00473944000349,63.65142161061346,True,MIN,275.81666666666666,59.25028763067255,59.81379660402441,58.482213426793166,56.18725602755453,47.168491751767476,51.69404503734106,False,-3.1031575035594585,-7.9719592155941825,-3.0418786810921503,-1.191541908245867,2.836247688236014,11.957376573272398,121,124,-3,0,2026-02-24
0022500842,DET,255.70166666666668,62.251621355616244,47.34106804153277,56.04892224662856,52.18474589528161,54.9764849662041,55.702487925381796,True,OKC,204.02583333333334,52.761840616588586,73.9809346038696,52.52452834812584,64.74583855802574,44.74688172657874,53.97576861766994,False,9.489780739027658,-26.639866562336827,3.5243938985027157,-12.56109266274413,10.229603239625355,1.7267193077118534,124,116,8,1,2026-02-25
0022500843,TOR,259.37833333333333,56.674397116181645,51.72986242747081,66.93828898584437,45.516195133235236,52.51536430053911,48.0449149629168,True,SAS,248.30166666666668,60.895657164336384,55.53486820467039,58.51015431497976,46.91060739288903,49.57876440619945,50.99991854304736,False,-4.22126004815474,-3.8050057771995753,8.428134670864608,-1.394412259653791,2.9365998943396647,-2.9550035801305583,107,110,-3,0,2026-02-25
0022500844,MEM,221.42166666666668,49.356952421097,55.79490715301874,51.727340745033985,47.78107532385418,50.62232241650546,45.09691640450513,True,GSW,237.0222222222222,50.648151134445904,58.22878117382337,60.76600881305082,64.14651861053817,61.18347342021376,45.40011608455792,False,-1.291198713348905,-2.4338740208046303,-9.038668068016833,-16.365443286683984,-10.561151003708297,-0.3031996800527921,112,133,-21,0,2026-02-25
0022500845,HOU,211.97166666666666,56.71272968871626,51.83723060471918,50.472408262110505,61.271140797119116,63.26873009757593,56.30363413349269,True,SAC,236.1627777777778,53.02744199504579,49.73908368286469,55.050143615632344,47.953420310379144,49.10528284398943,53.298317769703786,False,3.6852876936704675,2.098146921854493,-4.577735353521838,13.317720486739972,14.163447253586504,3.005316363788907,128,97,31,1,2026-02-25
0022500846,MIL,276.88166666666666,52.481298870155115,58.627863286963745,50.25287938890862,49.45621535072143,49.7426698529456,50.45755768107916,True,CLE,221.39,61.17995919719349,56.988512730174506,54.587238959904845,57.792711203456946,60.272699007784155,32.028554832584874,False,-8.698660327038375,1.639350556789239,-4.334359570996227,-8.336495852735517,-10.530029154838552,18.429002848494285,118,116,2,1,2026-02-25
0022500847,DEN,262.3516666666667,58.40364332861108,59.17023206764457,60.43961921339677,43.75661993126274,45.56483600256653,55.04749573145242,True,BOS,248.3238888888889,57.96911784117069,59.15210063917419,56.196806142515484,52.85237850209068,58.121108185322484,53.098495376925584,False,0.4345254874403892,0.018131428470375965,4.242813070881283,-9.09575857082794,-12.556272182755954,1.949000354526838,103,84,19,1,2026-02-25
0022500848,IND,227.52238095238096,58.03989822037392,60.298682704160974,50.94237238827368,48.86720071494798,50.92169770844103,49.46025833116114,True,CHA,244.005,52.32559851915603,56.032588130024656,57.685635540255326,40.71168623593779,47.360909270984884,57.683085841603344,False,5.7142997012178895,4.266094574136318,-6.743263151981644,8.155514479010186,3.5607884374561465,-8.222827510442201,109,133,-24,0,2026-02-26
0022500849,PHI,267.95416666666665,61.53626117650719,48.500797711051334,52.2771338381875,49.8200426067891,56.74718313144351,61.36365800208587,True,MIA,252.19666666666666,55.803396159082205,56.439824079091714,56.63553840256942,53.07589116958987,47.91570203148337,50.43387275710511,False,5.732865017424984,-7.9390263680403805,-4.358404564381921,-3.2558485628007716,8.831481099960136,10.929785244980764,124,117,7,1,2026-02-26
0022500850,ATL,203.915,58.35855135718314,50.91635240173602,50.54712911425512,50.25446305241563,52.53297942770271,48.402475170457876,True,WAS,226.40166666666667,48.45522706693855,49.64849493157441,50.98510979748382,46.772434684668106,49.605218601158704,41.55780805623032,False,9.90332429024459,1.2678574701616085,-0.43798068322870165,3.4820283677475246,2.9277608265440094,6.844667114227555,126,96,30,1,2026-02-26
0022500851,BKN,250.94166666666666,56.020491482084154,50.93462292033342,45.6832590575499,47.23039949523462,61.30355261847043,50.18348694981936,True,SAS,247.21833333333333,61.01552406442348,55.418080509131606,58.54272404285012,46.970371668767825,49.71953199263809,51.197865957774304,False,-4.995032582339327,-4.4834575887981885,-12.859464985300221,0.26002782646679634,11.584020625832338,-1.0143790079549433,110,126,-16,0,2026-02-26
0022500852,ORL,251.55333333333334,56.06731972013887,50.6675854026979,59.09860466965256,59.368497734078915,51.39740081626162,69.67883440509516,True,HOU,241.65833333333333,60.00549053415635,49.12479051001758,51.9245994689472,63.6036442635953,65.30197179213076,55.02854650160349,False,-3.9381708140174823,1.5427948926803197,7.174005200705359,-4.235146529516385,-13.904570975869134,14.650287903491666,108,113,-5,0,2026-02-26
0022500853,CHI,184.14595238095237,60.038344325735416,55.943006647160054,57.45849604286455,42.978055838213216,46.79805576063501,40.78720114608883,True,POR,224.195,54.97571831069679,51.66122497528194,55.26987741326375,56.39069411301174,49.69464900347168,63.03883832927323,False,5.062626015038624,4.2817816718781145,2.1886186296008034,-13.412638274798525,-2.8965932428366727,-22.2516371831844,112,121,-9,0,2026-02-26
0022500854,DAL,202.67999999999998,54.82169100717058,57.30375879876324,58.85802989934873,44.21405252943886,42.82674906256168,43.56249674680913,True,SAC,217.53809523809525,52.406608913600245,50.59072981196506,53.92425595954732,47.73711271151194,46.073939539872605,52.558220572568935,False,2.4150820935703337,6.713028986798179,4.933773939801412,-3.523060182073081,-3.247190477310923,-8.995723825759804,121,130,-9,0,2026-02-26
0022500855,PHX,224.905,50.694579192696175,57.2195771547987,55.041960679694384,44.390307018518925,50.010390312946946,47.17873546382009,True,LAL,233.53666666666666,65.64104851486562,56.77444441272605,65.11072993534206,51.219193274432286,55.46255905568005,70.10272191376087,False,-14.946469322169442,0.4451327420726514,-10.06876925564768,-6.8288862559133605,-5.452168742733107,-22.923986449940784,113,110,3,1,2026-02-26
0022500856,UTA,198.21666666666667,46.17061927184057,49.84381064491718,53.34932481291515,39.44377953417977,48.69667493483561,54.06411641121661,True,NOP,219.185,60.81199595471101,51.22751937100318,52.11009953540008,45.744666225638916,52.21727840256709,47.72401761293341,False,-14.641376682870437,-1.383708726086006,1.239225277515068,-6.300886691459148,-3.520603467731476,6.340098798283201,118,129,-11,0,2026-02-26
0022500857,LAC,200.595,54.447875071661805,52.15673371719135,45.06662180014457,56.944287411617104,49.04142592454116,55.0800080938198,True,MIN,271.3383333333333,59.67454223816515,59.3898269687905,58.310938373371506,56.089652524830626,47.731259866218686,52.01324073823342,False,-5.226667166503347,-7.233093251599151,-13.24431657322694,0.8546348867864779,1.3101660583224728,3.0667673555863786,88,94,-6,0,2026-02-26
0022500858,DET,251.26500000000001,62.29721078011926,47.1948394457379,55.99785220119528,52.431860784430775,55.34902526548995,56.3948155665665,True,CLE,201.83388888888888,61.44532440042829,56.060781831043684,57.072580862700626,56.00778115116666,58.61881360084338,34.037757099420865,False,0.851886379690967,-8.865942385305786,-1.0747286615053468,-3.575920366735886,-3.2697883353534323,22.357058467145634,122,119,3,1,2026-02-27
0022500859,BOS,247.2747619047619,58.03324506958713,58.97881679720072,56.54036063603819,52.75432601482446,58.00565700002118,53.16355368795662,True,BKN,256.74666666666667,55.90401498234316,50.943347528043205,45.77314408496053,47.72844697756543,60.82947068446198,55.80047687440278,False,2.1292300872439682,8.035469269157517,10.76721655107766,5.025879037259024,-2.8238136844408004,-2.636923186446161,148,111,37,1,2026-02-27
0022500860,MIL,271.14,52.876668879545626,58.19728860859089,50.508184578692436,50.02859346954833,50.250837205871505,49.51827715079541,True,NYK,272.56,60.18095893258977,57.37170225516094,58.03408240387438,48.31431244496625,43.851152039917814,53.952860142028484,False,-7.3042900530441415,0.8255863534299479,-7.525897825181943,1.7142810245820854,6.3996851659536915,-4.434582991233071,98,127,-29,0,2026-02-27
0022500861,DAL,222.50833333333333,58.21068124789333,53.61521516048088,58.41332234747762,47.585359349837084,49.66816673532827,38.982326249627796,True,MEM,228.28166666666667,48.80896626243895,55.55279223765962,50.30568960859757,48.079493900079584,48.47168264351789,45.51282676589773,False,9.401714985454383,-1.9375770771787373,8.10763273888005,-0.4941345502424994,1.1964840918103832,-6.530500516269932,105,124,-19,0,2026-02-27
0022500862,OKC,270.6,60.75612342941611,69.02786277408228,58.68438531658044,68.20770386794776,50.81754619364376,56.84438773341747,True,DEN,270.405,57.18907441307175,59.21543179058573,60.840041789168104,43.97263549120764,44.69006366992721,54.41959180170994,False,3.567049016344356,9.812430983496547,-2.1556564725876655,24.235068376740116,6.1274825237165444,2.4247959317075285,127,121,6,1,2026-02-27
0022500863,CHA,242.37333333333333,52.19641530971504,56.045189927384754,57.54849543404114,40.78817732973925,47.32635053361206,57.87024599769126,True,POR,229.495,54.396182197143,52.233212052550165,55.63741403225924,56.03789842915968,48.68042441011787,61.922644695538786,False,-2.1997668874279555,3.8119778748345894,1.9110814017819067,-15.249721099420434,-1.3540738765058151,-4.052398697847522,109,93,16,1,2026-02-28
0022500864,MIA,240.905,55.014941574479565,55.06628200604664,58.62281743149098,53.48542786575621,50.60716395813011,50.28521474400485,True,HOU,238.83,59.98255872377842,48.886038884003966,51.75870005164064,63.636604837471566,65.51499741796815,55.3851965833438,False,-4.967617149298853,6.1802431220426755,6.864117379850342,-10.151176971715358,-14.907833459838038,-5.099981839338952,115,105,10,1,2026-02-28
0022500865,WAS,239.135,47.38229800461385,46.967942096863,50.894754706198036,44.97957708686168,52.21902690948628,42.94253042355754,True,TOR,232.84833333333333,57.571179379997,51.944713654811075,69.12715787816104,44.929659506545754,52.897971497899206,46.627404820018754,False,-10.188881375383147,-4.9767715579480765,-18.232403171963007,0.04991758031592752,-0.678944588412925,-3.684874396461211,125,134,-9,0,2026-02-28
0022500866,GSW,240.345,50.34209227013945,57.3764179270077,60.153048048985134,63.90388053284514,61.063673746766796,45.224553737060155,True,LAL,234.85333333333332,66.08256145679573,57.35921568070853,65.25845563188373,50.81926379584422,55.1511021062791,70.32976538548881,False,-15.740469186656277,0.017202246299170554,-5.1054075828986,13.084616737000921,5.912571640487698,-25.105211648428657,101,129,-28,0,2026-02-28
0022500867,UTA,223.10666666666668,45.898424520408774,50.303287665092924,55.53491902229128,36.97627442777745,45.63212364788143,52.291286068606475,True,NOP,227.165,61.95740834488881,48.24134806564979,48.26660136904893,44.96706872390847,55.93088503950873,47.759943452280204,False,-16.058983824480038,2.0619395994431358,7.268317653242349,-7.990794296131021,-10.298761391627302,4.5313426163262704,105,115,-10,0,2026-02-28
0022500868,NYK,267.91833333333335,59.8059029181778,57.57192054792815,58.26707018929897,48.55987832113019,43.62047763310959,54.42509515707729,True,SAS,244.08166666666665,60.91929340589557,55.42335898503916,58.65929845884916,47.23224262371201,49.818271207041356,51.13559011291422,False,-1.1133904877177727,2.148561562888993,-0.39222826955018775,1.3276356974181809,-6.197793573931769,3.2895050441630644,114,89,25,1,2026-03-01
0022500869,BKN,207.105,54.38764394872166,54.2051680709463,44.13650000402372,47.07919251909257,58.30706887810531,54.92790760529282,True,CLE,235.15958333333333,61.27505895818974,58.17950576115865,61.2912323723429,56.150435431258565,56.49056190565627,40.88030698526916,False,-6.887415009468079,-3.9743376902123515,-17.154732368319173,-9.071242912165992,1.8165069724490408,14.047600620023665,102,106,-4,0,2026-03-01
0022500870,CHI,194.71565476190477,60.79303333951858,55.56078506417936,56.595131239906294,43.556667032482956,48.062788473913265,41.638556344217434,True,MIL,261.0516666666667,53.51878363797715,58.30522246554002,50.82582247447823,50.39877163524462,50.749876461236916,48.667474510154435,False,7.274249701541429,-2.7444374013606563,5.769308765428065,-6.842104602761665,-2.6870879873236504,-7.028918165937,120,97,23,1,2026-03-01
0022500871,DEN,250.805,59.96446508907983,61.94711429197982,65.29357269591914,40.32424526358459,46.01881541436575,55.96084051119339,True,MIN,264.9066666666667,59.91533181497885,59.32760028689349,58.41162421985101,56.16728092913227,48.201426288504116,52.14805576483781,False,0.04913327410098134,2.61951400508633,6.881948476068132,-15.843035665547681,-2.182610874138369,3.8127847463555824,108,117,-9,0,2026-03-01
0022500872,IND,236.47083333333333,56.18364879389636,58.242183849311935,51.29440311525382,49.07519708209258,50.92700579705038,48.5759965039847,True,MEM,236.75666666666666,48.72265124530109,55.41176524420291,50.441563771523505,48.27855604206851,48.554978388500146,44.92178712699405,False,7.460997548595273,2.830418605109024,0.8528393437303166,0.7966410400240704,2.372027408550231,3.65420937699065,106,125,-19,0,2026-03-01
0022500873,ATL,250.97333333333333,57.5492137278861,54.34075599001221,56.55574629442703,52.49511568294108,49.26933605163895,51.503486426180736,True,POR,231.97666666666666,53.94456267153306,52.64859253085798,55.77548819565187,55.637607230612275,48.26034155734054,61.39405718354965,False,3.6046510563530347,1.69216345915423,0.7802580987751639,-3.1424915476711917,1.0089944942984133,-9.890570757368913,135,101,34,1,2026-03-01
0022500874,BOS,248.70041666666665,57.730428008262955,59.25808997103275,56.60872569239095,52.55384708174662,57.685755117016626,53.48028718284711,True,PHI,230.79500000000002,59.7029188962788,46.89909587873798,49.70901810408949,47.36206662478245,51.792899903955174,59.63551218440776,False,-1.972490888015848,12.358994092294772,6.89970758830146,5.1917804569641675,5.892855213061452,-6.155225001560652,114,98,16,1,2026-03-01
0022500875,ORL,221.35,57.68036066561253,51.96156991190422,58.24125743543408,56.91853474888939,54.089390859122055,67.92139968400093,True,DET,250.89833333333334,62.513237101349155,46.91215299689782,56.28438411308697,52.3929818850929,55.5232159108271,56.76485163313161,False,-4.8328764357366225,5.049416915006404,1.956873322347107,4.5255528637964915,-1.4338250517050426,11.156548050869318,92,106,-14,0,2026-03-01
0022500876,DAL,243.11833333333334,56.9892185561215,54.322527438627276,55.49308704266098,46.896584653563764,48.55534479094542,41.82447632344292,True,OKC,263.9533333333333,61.238778950824646,69.77970600863789,59.34342055413836,69.20443702169575,50.77790329098578,56.05514169171319,False,-4.2495603947031455,-15.457178570010612,-3.8503335114773805,-22.30785236813199,-2.222558500040364,-14.230665368270266,87,100,-13,0,2026-03-01
0022500877,LAC,261.38166666666666,60.16804226259174,57.208106281363776,45.59062418302737,56.216796000739656,54.85576710939941,48.33338210938079,True,NOP,253.25055555555556,59.78946739175739,54.45777326363219,48.64944817495191,42.790576745471654,51.6273126525992,44.99551927930668,False,0.37857487083434904,2.7503330177315846,-3.058823991924534,13.426219255268002,3.2284544568002076,3.3378628300741155,137,117,20,1,2026-03-01
0022500878,LAL,275.36333333333334,65.49424578435764,58.694610756697216,61.53367974433778,49.50034681451174,53.347648561294776,69.74032164415202,True,SAC,228.68527777777777,52.44247589178238,47.74759780241404,56.58645506257387,48.59192254760606,48.957833120968054,52.80748218191504,False,13.051769892575265,10.947012954283174,4.947224681763913,0.9084242669056763,4.389815440326721,16.932839462236977,128,104,24,1,2026-03-01
0022500879,WAS,246.69166666666666,49.40620747897173,48.878839982434215,50.03135020099314,46.0571921764686,49.86259568286998,47.52103767378277,True,HOU,214.905,60.31997471751084,46.49481476311239,54.75121875557417,66.13581349898793,63.44950404442273,51.37423357607625,False,-10.913767238539108,2.3840252193218276,-4.7198685545810335,-20.078621322519332,-13.586908361552752,-3.8531959022934785,118,123,-5,0,2026-03-02
0022500880,MIL,286.00666666666666,57.99281252185265,54.99705834362836,54.37903195729703,51.69332125125288,55.08658539427985,52.79920631220718,True,BOS,219.2537037037037,55.96138390330836,61.08683133863188,55.61270488272507,52.758977338952846,57.9629525241349,52.717165472141865,False,2.0314286185442896,-6.089772995003521,-1.2336729254280385,-1.0656560876999635,-2.8763671298550477,0.08204084006531787,81,108,-27,0,2026-03-02
0022500881,UTA,216.3672222222222,45.14937618914346,49.36542991467696,54.620626712302396,36.765538526322274,44.51673877487091,52.23939496866452,True,DEN,241.235,56.90417020747404,57.220862091598086,60.98760268341382,44.91894694661498,45.38367290539653,56.79331896928895,False,-11.754794018330578,-7.855432176921127,-6.366975971111422,-8.153408420292706,-0.8669341305256211,-4.553924000624427,125,128,-3,0,2026-03-02
0022500882,GSW,248.51333333333332,50.250934222174536,55.87582356412802,59.01033680285431,63.94831866834778,60.0526410387102,45.85863024516787,True,LAC,275.32666666666665,57.09203975883193,57.28304741034892,51.938635318046444,56.73860202426209,45.961338652267614,49.505883266139,False,-6.841105536657395,-1.4072238462209015,7.071701484807868,7.209716644085688,14.091302386442585,-3.647253020971128,101,114,-13,0,2026-03-02
0022500883,CHA,232.42833333333334,50.41770007959442,53.97566059789039,55.20807704166876,42.24807861921596,50.46542805309163,57.25015531754625,True,DAL,235.36333333333334,57.25833321531249,54.549497939356165,55.82820037105751,47.07957130110892,48.11127830729793,43.843719608081365,False,-6.840633135718072,-0.5738373414657758,-0.620123329388754,-4.831492681892961,2.3541497457936984,13.406435709464887,117,90,27,1,2026-03-03
0022500884,CLE,234.14888888888888,61.113715632029006,58.542534664553415,61.45554941300407,56.1184317670618,55.905841250106775,41.10914822835315,True,DET,248.47166666666666,61.75756994425924,47.25059798903966,57.638227027897216,52.978901685638206,54.65876860540773,56.636770315511285,False,-0.643854312230232,11.291936675513753,3.8173223851068556,3.139530081423594,1.2470726446990454,-15.527622087158136,113,109,4,1,2026-03-03
0022500885,ORL,195.73000000000002,54.86217748939866,53.69016842929886,60.00464074660672,56.07085270525724,48.21958565370663,69.11526804201974,True,WAS,258.105,47.01119634773961,50.69162808417763,51.3003577355469,47.68086243970477,48.53548297527492,42.22541664917652,False,7.850981141659048,2.998540345121228,8.704283011059815,8.38999026555247,-0.3158973215682863,26.889851392843212,126,109,17,1,2026-03-03
0022500886,MIA,250.94666666666666,55.859243663992345,56.1516650284257,57.678046464056116,52.812350565857294,48.45266723340949,51.120118848007586,True,BKN,239.82833333333332,56.51886001792949,51.1726137445534,45.27017866946497,47.78909984224828,61.37180413768182,52.899482832140684,False,-0.659616353937146,4.979051283872295,12.407867794591148,5.023250723609017,-12.919136904272328,-1.7793639841330986,124,98,26,1,2026-03-03
0022500887,TOR,243.70833333333331,56.89473824585399,51.679137630364174,68.19921422465379,45.16341870405198,52.68589776030091,46.74405720176089,True,NYK,260.6,60.15243412637503,57.58044448708109,57.882797390636995,48.9226336658992,44.61388014837554,55.103108537815054,False,-3.257695880521034,-5.901306856716914,10.316416834016792,-3.7592149618472206,8.072017611925368,-8.359051336054165,95,111,-16,0,2026-03-03
0022500888,PHI,213.07555555555555,58.98776646781528,48.20544642484669,52.38765826415251,47.24997653414543,50.202125484961,55.26616500054525,True,SAS,219.6,59.634647085610204,52.639612932604734,61.337732999392834,50.113693837279904,51.832374013357615,51.68440897729395,False,-0.6468806177949276,-4.434166507758043,-8.950074735240321,-2.8637173031344716,-1.6302485283966135,3.5817560232513017,91,131,-40,0,2026-03-03
0022500889,CHI,204.9165277777778,61.874536650763616,55.41645500640844,56.16802864852151,43.82400082960609,49.21274319692503,42.60429603885361,True,OKC,242.01333333333332,57.21758649661176,69.09107487190788,54.8816387526858,65.98744008594568,51.38927469560906,54.17124159649613,False,4.656950154151858,-13.674619865499437,1.2863898958357112,-22.163439256339586,-2.176531498684028,-11.56694555764252,108,116,-8,0,2026-03-03
0022500890,MIN,271.80333333333334,59.22387203983273,57.56414809727622,59.48625783348254,57.50101727965073,49.2403980819465,54.59307143330583,True,MEM,213.2675,49.16181126206915,56.10732843338373,51.46621105731847,48.55296634508305,51.21990301694664,45.961182509012104,False,10.062060777763577,1.4568196638924888,8.020046776164072,8.948050934567682,-1.9795049350001364,8.631888924293726,117,110,7,1,2026-03-03
0022500891,LAL,271.97333333333336,65.42763751348171,59.09074970585351,62.04153654770076,49.414047945877044,52.55097619864692,69.75265511998366,True,NOP,284.83166666666665,62.43805112961457,52.013598675240935,51.64640986781667,44.25310856119697,53.25399797541238,46.07941603599889,False,2.9895863838671417,7.077151030612576,10.395126679884086,5.160939384680077,-0.7030217767654605,23.673239083984768,110,101,9,1,2026-03-03
0022500892,SAC,245.95416666666665,53.18406512053398,48.1684870148571,55.234273323281776,48.50805061918718,49.65087160548205,52.37351634817278,True,PHX,274.425,53.4268640490723,57.98159788648993,57.77830008198962,43.01357322887249,46.92295162612736,49.581536963376976,False,-0.24279892853832052,-9.81311087163283,-2.544026758707844,5.494477390314692,2.727919979354695,2.791979384795802,103,114,-11,0,2026-03-03
0022500893,NYK,242.1016666666667,59.127903566683415,59.85092695217573,60.58243781882267,47.48693455228864,41.36489353646195,55.002375123677155,True,OKC,269.3016666666667,61.17619460208812,69.7202659966209,59.26226350870461,68.6210693088915,50.4046230683063,56.969775259098235,False,-2.048291035404702,-9.869339044445162,1.3201743101180554,-21.13413475660287,-9.039729531844351,-1.9674001354210802,100,103,-3,0,2026-03-04
0022500894,BOS,241.68499999999997,57.0504492762618,60.53950872692417,57.040667259725126,52.71048196343727,56.42932329271573,53.60602597416529,True,CHA,222.09833333333333,51.26034114018565,54.94782116029686,57.6300775182164,41.17706571413563,46.50381062442312,58.371355139121015,False,5.7901081360761495,5.591687566627307,-0.5894102584912773,11.533416249301638,9.925512668292612,-4.765329164955723,89,118,-29,0,2026-03-04
0022500895,PHI,195.38083333333336,59.932465228165505,48.565370195814154,50.92511505308009,46.69124615601155,51.16040553278426,55.29535991674379,True,UTA,223.4404761904762,46.439216260855666,50.33798923757259,54.796765943843575,38.64068069689382,47.9187898129895,52.190245291463924,False,13.493248967309839,-1.772619041758439,-3.8716508907634832,8.050565459117735,3.2416157197947584,3.1051146252798674,106,102,4,1,2026-03-04
0022500896,MEM,222.88037037037037,49.525337708154346,53.67645955229263,53.44739089396902,48.729291830694756,46.78017238943994,43.05256631390733,True,POR,242.735,53.80412933171291,52.35962538021574,55.86737182524152,54.42988650174058,47.44834421625778,61.57276000616914,False,-4.278791623558561,1.316834172076888,-2.419980931272498,-5.7005946710458275,-0.66817182681784,-18.520193692261813,114,122,-8,0,2026-03-04
0022500897,MIL,243.94833333333332,58.82666684885461,57.49581537074108,51.40148050475169,50.34304463376807,55.158274634656244,57.08525780732259,True,ATL,252.79999999999998,57.758410469409284,53.46760746308017,55.32292721518988,52.94903349156118,51.170783887130796,50.587053006329114,False,1.068256379445323,4.0282079076609065,-3.9214467104381896,-2.6059888577931076,3.987490747525449,6.498204800993477,113,131,-18,0,2026-03-04
0022500898,LAC,262.77166666666665,57.39860969282584,57.53919879743504,52.01203833492957,56.884869626989214,45.7176978745806,48.810282905221065,True,IND,235.7577777777778,56.8448296745247,59.68478994448163,50.25756049052229,48.979059486667104,50.581829749931664,48.63768433777556,False,0.5537800183011399,-2.145591147046588,1.7544778444072833,7.90581014032211,-4.864131875351063,0.1725985674455046,130,107,23,1,2026-03-04
0022500899,ORL,273.285,54.858055997706906,49.74426941349384,59.218289819541255,57.39087704533119,50.62489403614054,68.63010946371168,True,DAL,252.845,57.25017632673509,54.25987264925153,55.625803687371054,47.7783095045054,48.46806014224789,42.355183159589984,False,-2.392120329028181,-4.515603235757688,3.592486132170201,9.612567540825786,2.156833893892646,26.274926304121692,115,114,1,1,2026-03-05
0022500900,WAS,257.71833333333336,48.66403631872004,51.66961993390717,53.17633980249755,46.14555490166913,46.14586725818238,42.09972065917898,True,UTA,200.44791666666666,46.272647092449205,49.56262703320689,51.90256321779348,42.65330977498311,51.79795562022554,53.827330482093544,False,2.3913892262708387,2.106992900700284,1.2737765847040734,3.492245126686022,-5.652088362043159,-11.727609822914566,112,122,-10,0,2026-03-05
0022500901,MIA,250.29166666666666,56.05544531380057,55.57392042616947,57.33118694856002,52.62037822540369,48.902326618944564,51.01030056584534,True,BKN,239.97944444444445,56.69190926074687,51.13601743667861,45.20229047395264,47.88202762736624,61.41779249611656,52.497070970924604,False,-0.6364639469463,4.4379029894908655,12.12889647460738,4.738350598037449,-12.515465877171998,-1.4867704050792625,126,110,16,1,2026-03-05
0022500902,HOU,242.615,59.27199678502978,49.25138387980957,52.614557357679175,64.01115072577265,64.82252471336616,54.41968550996434,True,GSW,254.28833333333333,50.05592601574328,55.18805883085474,58.44647480222582,63.80211767481796,59.36561973612631,46.02021058043617,False,9.216070769286496,-5.93667495104517,-5.831917444546647,0.2090330509546945,5.4569049772398515,8.399474929528168,113,115,-2,0,2026-03-05
0022500903,MIN,262.3016666666667,59.604300392042234,57.56430191700395,59.74865898679002,57.292288141516444,49.64942464465214,55.26559416629949,True,TOR,232.975,57.002978145008406,52.14529455950209,69.3417848839289,44.671366026397685,52.448834996601924,46.471308795650465,False,2.6013222470338278,5.419007357501862,-9.593125897138876,12.62092211511876,-2.7994103519497813,8.794285370649028,115,107,8,1,2026-03-05
0022500904,SAS,221.525,59.43006583154647,52.700488281984725,61.15078057405108,49.99533009818305,51.9501245156679,51.394904597805976,True,DET,243.61,62.064083986700055,47.03678488841454,57.678056456357844,52.81309880546775,54.933087038025256,56.86091038603629,False,-2.6340181551535835,5.663703393570188,3.4727241176932395,-2.8177687072847064,-2.9829625223573544,-5.466005788230312,121,106,15,1,2026-03-05
0022500905,PHX,241.71666666666667,51.88465007239881,60.01381507274357,59.66924981038406,42.95485830517824,44.05483417224023,51.96577226493976,True,CHI,210.98314814814813,62.33309857115146,54.90943563159775,56.32994393970381,43.971629470143746,49.5121501717269,42.90589434974558,False,-10.448448498752647,5.1043794411458165,3.339305870680249,-1.0167711649655047,-5.457315999486674,9.059877915194178,103,105,-2,0,2026-03-05
0022500906,DEN,230.93833333333333,58.608002857905795,60.36360067261823,65.50752798366086,40.51590828720509,45.442711979388434,57.309705916686646,True,LAL,261.1383333333333,66.45675727424162,59.462669849313585,62.536782548202424,49.32146754912786,52.595086256964706,69.0029650510867,False,-7.848754416335829,0.9009308233046482,2.97074543545844,-8.805559261922767,-7.152374277576271,-11.693259134400058,120,113,7,1,2026-03-05
0022500907,SAC,239.6537037037037,53.251887445619836,48.303528239048624,54.48407509291957,48.97607450565245,50.489957577677664,53.348490962430766,True,NOP,263.58833333333337,63.474156671071675,52.19409053258553,49.51427478454408,44.695592242954596,53.73046037697672,47.193985509593006,False,-10.22226922545184,-3.8905622935369024,4.96980030837549,4.280482262697852,-3.2405027992990583,6.1545054528377605,123,133,-10,0,2026-03-05
0022500908,BOS,272.405,58.85166755382611,60.39979258824178,59.076701357659864,52.9063018911792,57.36338111757616,55.90585135523374,True,DAL,243.96,53.839042602612444,55.42592023282506,56.54740257965786,47.34052098704705,45.36886033229491,41.06662833858165,False,5.012624951213667,4.973872355416724,2.5292987780020013,5.565780904132147,11.994520785281253,14.839223016652092,120,100,20,1,2026-03-06
0022500909,CHA,237.915,52.11702779003706,55.98131545580004,57.26131741728489,40.743261949295615,47.3622491225858,58.46026363345942,True,MIA,246.40333333333334,55.90215500331434,55.065842588709565,56.91735636693227,53.272145263186374,49.45986255597191,52.03074904835443,False,-3.7851272132772777,0.9154728670904788,0.34396105035262536,-12.52888331389076,-2.0976134333861083,6.4295145851049895,120,128,-8,0,2026-03-06
0022500910,HOU,244.60833333333335,59.36657922529213,49.030452083262354,52.66042244404319,64.12577044935782,64.98886110448676,54.52070997853712,True,POR,244.69833333333335,53.546206553647686,52.60160810249354,56.12901736151316,54.68140703859854,47.01291181659049,60.3456000404524,False,5.820372671644442,-3.5711560192311893,-3.4685949174699644,9.444363410759273,17.97594928789627,-5.8248900619152835,106,99,7,1,2026-03-06
0022500911,DEN,289.4016666666667,61.34840504258787,61.72278494134449,63.20713253206328,42.87368709003058,45.957544589123536,56.47103723799564,True,NYK,257.23,60.37326193160465,58.0165273620236,57.512162915160225,48.75426466586323,44.66503777423576,55.22632914479024,False,0.9751431109832183,3.7062575793208907,5.694969616903052,-5.880577575832653,1.2925068148877727,1.2447080932053964,103,142,-39,0,2026-03-06
0022500912,PHX,233.03,52.32821095996224,60.20973336766368,59.86059734798095,42.53339698751233,43.96505528615772,50.949104797981995,True,NOP,282.585,62.45705304008823,51.97736787161385,51.79125336919276,44.1421637147525,53.323185944052234,46.06845286265366,False,-10.128842080125992,8.23236549604983,8.06934397878819,-1.608766727240166,-9.358130657894513,4.880651935328338,118,116,2,1,2026-03-06
0022500913,SAS,224.10666666666668,59.32991507020466,52.84190266539743,61.04873349000476,49.980425243931464,51.8863792539267,51.24770911155889,True,LAC,225.26666666666665,57.252197395679204,55.69032480023676,47.753805859721815,58.643489937851434,50.191613643089674,51.02846357280842,False,2.0777176745254593,-2.848422134839332,13.294927630282942,-8.66306469391997,1.694765610837024,0.21924553875047081,116,112,4,1,2026-03-06
0022500914,LAL,212.2575925925926,64.30795774875217,60.916320927314906,61.761733166636276,49.35682237951615,47.08831460027168,66.14050387390145,True,IND,239.94166666666666,56.86484423297329,59.85143194526447,49.964671968881326,48.99845656930504,50.66732122390859,48.63670294700852,False,7.443113515778883,1.0648889820504337,11.79706119775495,0.3583658102111116,-3.579006623636907,17.50380092689293,128,117,11,1,2026-03-06
0022500915,MIN,244.80833333333334,61.02913231439561,58.6221458964496,58.21302311331994,56.07574633216461,49.92696939782824,53.69753529242994,True,ORL,251.87166666666667,54.83847792857474,50.79740013101911,60.790012771054045,58.04571441805681,49.24686182778267,68.20556270089122,False,6.190654385820871,7.824745765430492,-2.576989657734103,-1.969968085892198,0.6801075700455641,-14.508027408461281,92,119,-27,0,2026-03-07
0022500916,DET,191.06,63.736178861788616,49.718577061307094,52.12272061132628,51.222465892040894,54.73347028856555,51.55900914391833,True,BKN,239.28916666666666,56.80164654340808,51.13775104737295,44.92970638732078,47.98332561371005,61.672504327051996,52.25377822491341,False,6.934532318380533,-1.4191739860658572,7.193014224005502,3.2391402783308436,-6.939034038486447,-0.69476908099508,105,107,-2,0,2026-03-07
0022500917,ATL,249.42,58.15409282869591,53.29217517975035,55.366027183064716,52.87150656189026,51.809155908374095,50.21969636222704,True,PHI,235.15708333333333,59.68100312379845,46.39729188113619,48.28104901510869,47.108402716623814,53.05447457993505,57.655193071298086,False,-1.5269102951025388,6.894883298614161,7.084978167956024,5.763103845266443,-1.2453186715609519,-7.435496709071046,125,116,9,1,2026-03-07
0022500918,MEM,228.57999999999998,50.394878525388634,56.188268877417094,50.131801411613736,49.40548458599469,49.22042902557821,44.04701701214226,True,LAC,243.91222222222223,57.9292022175555,58.28511372488281,51.975915060518126,56.97997754201192,45.21552676053771,48.77887076067971,False,-7.534323692166865,-2.096844847465718,-1.84411364890439,-7.574492956017231,4.004902265040499,-4.731853748537446,120,123,-3,0,2026-03-07
0022500919,MIL,244.07333333333332,58.64676053645079,57.26828753653274,51.4441322280189,50.21652167381388,55.33031807380295,57.0481849717298,True,UTA,201.3953703703704,46.955059101546155,54.079476430643616,49.56847237100415,41.51804732721246,52.60769731548869,50.44975871450553,False,11.691701434904637,3.1888111058891226,1.8756598570147531,8.698474346601422,2.7226207583142568,6.598426257224276,113,99,14,1,2026-03-07
0022500920,OKC,228.25055555555556,56.7024919009568,73.24799379823828,59.5564112050354,66.95450418764953,42.738383501561394,57.57784253567773,True,GSW,254.96833333333333,49.589139827821754,55.11137657617612,58.78327373987619,63.51684915120178,59.448468110418936,45.36126309650271,False,7.113352073135047,18.136617222062164,0.7731374651592091,3.437655036447751,-16.710084608857542,12.216579439175021,104,97,7,1,2026-03-07
0022500921,CLE,253.53,57.49481718139865,64.79769389552847,63.23638096740688,58.15984367398993,49.24192140312126,41.72232411936198,True,BOS,244.98999999999998,59.09628216117665,61.744458277208594,57.77750860579343,54.78611712042669,53.92155190007756,56.261345979954584,False,-1.601464979778001,3.0532356183198743,5.458872361613452,3.3737265535632446,-4.6796304969563,-14.539021860592605,98,109,-11,0,2026-03-08
0022500922,LAL,228.12833333333333,65.03192282121906,58.02513132228205,59.303511181571785,48.61919533595856,52.54430985483318,67.72308861240384,True,NYK,246.95999999999998,60.078891993305255,58.0130291005291,57.80946914480079,48.81274700356334,44.68238581146744,55.011673461614905,False,4.9530308279138,0.012102221752947173,1.494042036770999,-0.1935516676047797,7.86192404336574,12.711415150788937,110,97,13,1,2026-03-08
0022500923,MIA,247.85555555555555,56.02688797238535,55.19469426637378,57.67167189671404,53.40910454117542,49.23000784507106,52.90688474795561,True,DET,211.995,63.26521930548676,50.37289637334214,55.22595344229817,48.052646681918596,53.66302114043571,54.97164457839883,False,-7.2383313331014065,4.821797893031643,2.445718454415868,5.356457859256821,-4.433013295364653,-2.064759830443222,121,110,11,1,2026-03-08
0022500924,TOR,231.16,57.08928159427814,52.238053729018866,69.29626016611871,44.61380357039857,52.54407048508969,46.624934388879275,True,DAL,272.4916666666667,59.1689488975198,53.07281262423927,53.70824184225817,47.39535459799994,51.86362641059359,46.19149627253031,False,-2.0796673032416564,-0.8347588952204035,15.588018323860545,-2.781551027601374,0.6804440744961013,0.4334381163489667,122,92,30,1,2026-03-08
0022500925,NOP,279.23833333333334,62.619721504330236,52.21456521609378,52.207848731370454,44.10474146935414,53.292290337405916,46.09858635213342,True,WAS,271.97777777777776,47.68573760111121,49.92424626194951,53.60328356074843,45.84703407141107,48.2020853419397,43.761621671853796,False,14.93398390321903,2.2903189541442686,-1.395434829377976,-1.742292602056935,5.090204995466216,2.336964680279621,138,118,20,1,2026-03-08
0022500926,MIL,190.13333333333333,53.62381837307153,63.52627454417952,46.013156556802244,52.73285501402525,49.849382889200555,51.54375350631136,True,ORL,220.78333333333333,56.284424397976906,52.1486713972975,60.39603683852947,55.79180116252736,51.37218238091643,68.08041531415918,False,-2.660606024905377,11.377603146882024,-14.382880281727225,-3.058946148502116,-1.5227994917158725,-16.53666180784782,91,130,-39,0,2026-03-08
0022500927,SAS,226.17,59.36611472196431,52.54130816052822,61.151469396176914,49.786679636261816,51.506679341498284,51.60778646049431,True,HOU,248.19166666666666,59.53778195614948,48.701958835577344,53.04712688446429,64.54353893160528,64.5773051740926,53.83367088607595,False,-0.17166723418517194,3.8393493249508737,8.104342511712623,-14.756859295343467,-13.070625832594317,-2.22588442558164,145,120,25,1,2026-03-08
0022500928,PHX,215.76777777777778,49.49921494816959,54.598793713405875,58.328073134182326,42.490598431441214,45.43947531039028,52.56036897797129,True,CHA,235.695,52.319264303443006,55.65391996718923,56.98964905209416,40.94056513714758,47.95978206297687,58.399088399039606,False,-2.8200493552734187,-1.0551262537833566,1.3384240820881672,1.550033294293634,-2.520306752586592,-5.838719421068319,111,99,12,1,2026-03-08
0022500929,POR,242.045,52.970028300522635,53.072273750748835,55.918617750142886,55.15151039407274,46.64926356669215,59.91530343137689,True,IND,238.68666666666667,56.96308340083233,59.61151509650029,50.71572424098539,49.27726656984051,50.43925578862106,48.54355755741335,False,-3.9930551003096966,-6.539241345751456,5.202893509157498,5.874243824232224,-3.7899922219289124,11.37174587396354,131,111,20,1,2026-03-08
0022500930,SAC,221.72611111111112,49.814649454908086,46.936979807420066,50.10433242213241,51.74740733687958,54.72890302600556,51.67895593124055,True,CHI,259.815,62.45765127751156,56.28965674293889,53.34781222536549,44.899394440916296,53.00321959856051,41.9343678606481,False,-12.643001822603473,-9.352676935518822,-3.243479803233079,6.848012895963286,1.7256834274450483,9.74458807059245,126,110,16,1,2026-03-08
0022500931,CLE,250.79000000000002,57.5890658851363,65.26002565227215,63.515742254475846,58.240820341055596,48.81407352765262,42.027652170373784,True,PHI,196.55907407407406,60.28707927783468,43.14688553719125,40.831633784584604,48.218266301997616,61.34505694735067,62.80613179149798,False,-2.6980133926983783,22.113140115080895,22.684108469891243,10.02255403905798,-12.530983419698053,-20.778479621124198,115,101,14,1,2026-03-09
0022500932,BKN,220.06166666666667,54.95953785681286,47.90633686012254,45.13041420207972,49.635385535872516,59.650200322636834,45.80266143547128,True,MEM,233.86333333333334,46.83913111646403,54.19239798172722,47.69318547869838,46.567030601918496,49.54385894895879,47.0139545146784,False,8.120406740348827,-6.286061121604675,-2.562771276618662,3.0683549339540193,10.106341373678042,-1.211293079207124,126,115,11,1,2026-03-09
0022500933,OKC,239.33190476190475,56.66722712232664,72.31691872414679,58.57145506240586,65.83831389761579,40.736391781089026,56.45026395591358,True,DEN,286.585,60.953276224040565,61.52690417618973,63.147045379206865,42.848244558042694,45.951579228966395,55.95731923629407,False,-4.286049101713921,10.790014547957057,-4.575590316801005,22.990069339573097,-5.215187447877369,0.4929447196195085,129,126,3,1,2026-03-09
0022500934,UTA,199.49428571428572,50.1251551542233,51.55020384877953,46.77663556421236,40.48059987396703,58.20000119349402,53.56972715129063,True,GSW,229.01722222222222,48.612212812719086,52.284868920580934,58.447277376034314,63.15881168568109,57.7404375216808,46.566020034812425,False,1.512942341504214,-0.7346650718014018,-11.670641811821952,-22.678211811714057,0.4595636718132141,7.003707116478203,119,116,3,1,2026-03-09
0022500935,LAC,241.505,58.77467202197333,58.129338937082046,51.498658412869304,56.95722172763849,45.81048701545172,48.44106382119054,True,NYK,233.60833333333335,59.80633182320837,60.51846038597367,60.33717190454107,47.63080726286876,41.336613277209,55.503457825761494,False,-1.0316598012350369,-2.389121448891622,-8.838513491671769,9.326414464769734,4.473873738242723,-7.062394004570955,126,118,8,1,2026-03-09
0022500936,PHI,228.53547619047617,58.72593512104509,44.46845983066087,42.211251248894364,48.35784566114046,59.50280294087924,59.854394160950484,True,MEM,236.765,46.44173618003788,53.56107251212524,47.78253331362321,46.42287922623699,49.48201733082734,47.217403363292476,False,12.284198941007212,-9.092612681464374,-5.571282064728848,1.9349664349034725,10.020785610051902,12.636990797658008,139,129,10,1,2026-03-10
0022500937,BKN,215.50833333333333,55.608091721124474,53.37522137581687,44.194336645914696,44.83532423340165,57.81625149839527,48.07536408309353,True,DET,207.87833333333333,62.59391952023219,50.65599429153271,56.87655760180233,47.834719026353554,52.46830998901601,53.73572568806062,False,-6.985827799107717,2.7192270842841637,-12.682220955887637,-2.999394792951904,5.347941509379261,-5.660361604967086,100,138,-38,0,2026-03-10
0022500938,MIA,227.06666666666666,56.35871256605989,54.97850704638873,58.880441867293015,54.702086024662364,49.94214914856136,57.49222528223636,True,WAS,227.07333333333332,47.46780849064913,47.04855479874343,51.11150435982502,44.529668829453044,51.08237867355627,45.56780563433899,False,8.89090407541076,7.929952247645296,7.768937507467996,10.17241719520932,-1.1402295249949077,11.924419647897373,150,129,21,1,2026-03-10
0022500939,ATL,249.825,57.94718636378799,53.28193335334734,55.54543780646453,53.11260615764368,51.785329730811576,50.45045598585677,True,DAL,274.95166666666665,59.18533924144244,52.84829879190888,53.41771099162884,47.34928987519019,52.30697759000068,46.42180495340549,False,-1.23815287765445,0.4336345614384598,2.1277268148356896,5.763316282453495,-0.5216478591891018,4.028651032451279,124,112,12,1,2026-03-10
0022500940,HOU,247.625,59.34761500925458,48.829808514218406,53.1482308598351,64.43210297829378,64.00142150429076,53.47990577149587,True,TOR,209.47666666666666,54.451967601801314,53.401493404197765,70.54970243304744,42.99855751635027,48.65419060197635,43.769192628748165,False,4.895647407453268,-4.571684889979359,-17.40147157321234,21.433545461943517,15.347230902314408,9.710713142747707,113,99,14,1,2026-03-10
0022500941,MIL,215.34166666666667,55.35161874540459,61.37198715219999,53.976471498781,48.50975039665648,45.05128284509113,52.37790101002283,True,PHX,274.62,49.089336780520966,57.968811448547086,60.43569720583594,45.69035333673197,47.14159323185978,52.0855737381924,False,6.262281964883627,3.403175703652906,-6.459225707054941,2.819397059924512,-2.0903103867686497,0.2923272718304304,114,129,-15,0,2026-03-10
0022500942,SAS,230.80833333333334,60.12780301115644,51.71647326425245,61.14504892226595,49.448613207206556,52.69408527999422,52.50952481754686,True,BOS,212.90833333333333,58.96530823124193,58.40344123057654,54.429169047712236,56.56002974676113,55.82322908920114,60.308514913420254,False,1.1624947799145104,-6.68696796632409,6.715879874553714,-7.111416539554575,-3.129143809206923,-7.798990095873393,125,116,9,1,2026-03-10
0022500943,GSW,252.43817460317462,50.015110410501265,55.32869110494129,58.93772484288939,63.16530695398936,60.580337382624876,44.205767696209804,True,CHI,259.6116666666667,62.600326770111764,56.32490835671227,54.19990691224714,45.08388618898739,53.27212631687071,42.79066233541122,False,-12.585216359610499,-0.9962172517709789,4.737817930642251,18.081420765001965,7.308211065754165,1.4151053607985844,124,130,-6,0,2026-03-10
0022500944,POR,236.91,52.67245648839925,53.49801049625034,55.65937768210151,55.58252923050948,46.87202383464888,58.47797653355832,True,CHA,223.56833333333333,52.139567320953326,54.081924243892615,55.41378847630479,42.281163104494524,50.597522755906105,57.83727376032777,False,0.5328891674459229,-0.5839137476422778,0.24558920579671906,13.301366126014955,-3.725498921257227,0.6407027732305508,101,103,-2,0,2026-03-10
0022500945,SAC,250.40785714285715,53.94750041123386,47.6086018714231,54.86819883371224,48.72695954124366,50.961106594669836,53.609489935975965,True,IND,265.99833333333333,56.264548023483854,57.9236267144531,50.03992819503882,49.17470347558568,50.4813701840237,46.64492416648465,False,-2.3170476122499934,-10.315024843030002,4.828270638673423,-0.44774393434202153,0.47973641064613304,6.9645657694913155,114,109,5,1,2026-03-10
0022500946,LAL,240.50833333333335,64.30337133155469,57.78600672187381,59.38659990991303,48.67795849069678,51.72969543674855,68.29302762322574,True,MIN,252.89999999999998,60.26091076841966,56.91563002504284,59.02743904046395,57.32289178858574,50.545467905628044,56.13417506855624,False,4.042460563135023,0.8703766968309736,0.3591608694490773,-8.644933297888961,1.1842275311205057,12.158852554669501,120,106,14,1,2026-03-10
0022500947,ORL,237.75166666666667,56.021399078870814,51.43484167653924,58.591484111573,57.12644215603115,52.025508408633655,67.31763520944934,True,CLE,247.92,57.452695089813915,65.38465902979456,63.64579434226094,58.19231875873938,48.544560073141874,41.95952911361307,False,-1.4312960109431003,-13.94981735325532,-5.054310230687939,-1.0658766027082294,3.4809483354917816,25.358106095836263,128,122,6,1,2026-03-11
0022500948,NOP,251.2540476190476,63.476365317971656,52.48247069225135,53.845884880319396,45.60168336544211,56.31027872566848,44.64192849599877,True,TOR,237.05833333333334,57.361889127148736,51.692137659507154,69.26808591415616,45.139670967061555,53.52156501564313,47.14549432133667,False,6.11447619082292,0.7903330327441935,-15.422201033836764,0.4620123983805584,2.7887137100253554,-2.503565825337901,122,111,11,1,2026-03-11
0022500949,UTA,221.16,46.335656688973295,48.495905679146325,52.66580982094411,36.53024733224815,46.85589241574728,47.52491973989756,True,NYK,222.00666666666666,61.59240112909523,60.12405183027536,54.545627008197954,49.1496929521636,40.518054262634756,52.46060725206953,False,-15.256744440121935,-11.628146151129037,-1.8798171872538418,-12.619445619915446,6.337838153112521,-4.935687512171967,117,134,-17,0,2026-03-11
0022500950,DEN,277.6227777777778,61.57182587884038,61.92125165842539,63.543121261664,42.833372221699705,46.37138803452326,56.2442398858563,True,HOU,248.26500000000001,59.33662215777495,48.77682516665659,53.00606408474815,64.40956370544914,63.915919816862356,53.43520163266402,False,2.2352037210654316,13.144426491768797,10.537057176915852,-21.57619148374944,-17.5445317823391,2.809038253192284,129,93,36,1,2026-03-11
0022500951,SAC,229.00291666666666,53.152020079802476,50.63489602570564,46.85551676015771,49.64461151331769,53.616159364782476,55.645962503724405,True,CHA,223.325,52.414376655845366,53.24727489831711,56.69306839807456,41.8438546214411,49.280729131684026,58.43585581107326,False,0.7376434239571097,-2.6123788726114654,-9.837551637916846,7.800756891876588,4.3354302330984495,-2.789893307348855,109,117,-8,0,2026-03-11
0022500952,LAC,242.55833333333334,59.0729315972103,58.073952657436365,51.27364688906449,57.13709073418765,46.18477548356066,48.12032272241957,True,MIN,226.345,59.768258631734746,55.699612685649484,56.988066889041065,59.85927308607067,54.35841746007201,56.20826624758455,False,-0.6953270345244462,2.374339971786881,-5.7144199999765775,-2.7221823518830206,-8.173641976511355,-8.087943525164974,153,128,25,1,2026-03-11
0022500953,DET,215.65,62.68199088028441,50.539239508462785,56.787213849601976,47.530068784295544,52.25576396939485,52.69560553817757,True,PHI,177.0875,55.03808192748406,48.911899484718006,48.550402578762856,47.068918378391096,55.41006282205125,54.45368895757664,False,7.643908952800352,1.6273400237447788,8.23681127083912,0.4611504059044478,-3.154298852656403,-1.758083419399071,131,109,22,1,2026-03-12
0022500954,IND,262.3283333333333,56.96365813833808,55.77477906186268,46.35030019631886,49.159388679580935,55.68152760217794,47.30969048281719,True,PHX,248.50333333333333,46.59064398867889,53.73515579938566,59.98792705664579,45.95533393247575,48.76513795924937,53.18415434384208,False,10.373014149659191,2.039623262477022,-13.637626860326925,3.2040547471051823,6.916389642928564,-5.874463861024893,108,123,-15,0,2026-03-12
0022500955,ORL,242.265,55.75942046932079,51.35119187666398,58.29903342758275,56.84788351598457,51.94207788991394,67.20985116442296,True,WAS,263.54083333333335,49.22472355643812,50.5985135130862,53.60932746032398,46.092158077970204,48.80491890883449,40.997188998776195,False,6.534696912882666,0.752678363577779,4.689705967258767,10.755725438014366,3.137158981079452,26.212662165646762,136,131,5,1,2026-03-12
0022500956,ATL,227.61833333333334,59.52712508512056,55.48559503847815,55.0848847852033,51.636607332449785,50.457737001266736,48.06812746620271,True,BKN,165.895,54.05167023317962,49.7021539728945,44.183934617278,46.676859861157155,55.77708791705597,48.32041235209472,False,5.475454851940938,5.783441065583652,10.900950167925302,4.95974747129263,-5.3193509157892365,-0.2522848858920099,108,97,11,1,2026-03-12
0022500957,MIA,225.70166666666665,56.30041204835292,54.81941205573729,59.30485670612387,55.13523678011535,49.96061172196336,57.5909636695909,True,MIL,294.65999999999997,56.86152571325144,56.044098282766576,53.58908233217947,51.491846534989484,53.83575533383108,50.62576132944185,False,-0.5611136648985209,-1.224686227029288,5.715774373944399,3.6433902451258646,-3.8751436118677205,6.965202340149048,112,105,7,1,2026-03-12
0022500958,SAS,226.485,59.48979770551398,54.413396766526105,58.81608642220603,42.93484042357478,45.02383160032673,49.91490665713511,True,DEN,253.175,60.070106974753955,62.239414765807574,63.131729041177046,42.88491886376353,45.176193015371446,55.07969059609625,False,-0.5803092692399758,-7.8260179992814685,-4.315642618971019,0.049921559811245686,-0.1523614150447159,-5.164783938961136,131,136,-5,0,2026-03-12
0022500959,OKC,269.835,59.81311542238775,72.8441319077708,58.952646987974134,67.99745832329634,44.86949370294192,54.47623918320456,True,BOS,221.46,57.589307324121734,61.29680604473343,55.14806737108282,54.72918284716578,53.14550106866552,54.15063978217215,False,2.2238080982660193,11.547325863037372,3.804579616891317,13.268275476130562,-8.2760073657236,0.325599401032413,104,102,2,1,2026-03-12
0022500960,LAL,219.01999999999998,67.16416309012877,63.191676559218344,65.3983312026299,44.11569339177549,56.58141037348188,72.95218688583186,True,CHI,242.60666666666668,65.84872152455277,55.707872138715615,55.28296900332499,45.514193756698084,56.2655388695007,43.45436921216784,False,1.3154415655759948,7.483804420502729,10.115362199304911,-1.3985003649225973,0.31587150398117814,29.497817673664024,142,130,12,1,2026-03-12
0022500961,DET,214.05166666666668,63.11234437168596,50.16119083398868,57.30053180306935,46.85865172738669,50.2402480709486,53.960573381815905,True,MEM,238.08666666666667,46.82513580488898,51.235693584969056,50.03858398902361,50.01743342760339,52.30250609021925,46.14424063216375,False,16.287208566796977,-1.074502750980379,7.26194781404574,-3.1587817002167,-2.0622580192706437,7.816332749652155,126,110,16,1,2026-03-13
0022500962,IND,217.97333333333333,57.90389879495962,57.65808202838268,46.70732046733546,49.670643197944706,56.47645048323954,49.36319285260497,True,NYK,192.57083333333333,58.20329402600775,57.56057987320683,55.17206525737283,48.638765389358895,32.24450180669451,49.95972133150594,False,-0.2993952310481234,0.09750215517585303,-8.464744790037372,1.0318778085858114,24.23194867654503,-0.5965284789009715,92,101,-9,0,2026-03-13
0022500963,TOR,241.84333333333333,57.74579824404229,51.63112552203217,68.84319463013246,45.44199826333852,53.896225517897264,47.38153488601154,True,PHX,272.1561111111111,49.42543964758788,58.521135132817975,60.7428753105346,45.51005407435684,47.20089286990106,52.79369232767887,False,8.320358596454412,-6.890009610785803,8.100319319597858,-0.06805581101831848,6.695332647996203,-5.4121574416673255,122,115,7,1,2026-03-13
0022500964,HOU,257.78333333333336,56.73710157108682,47.885261524536105,52.90532294562617,64.49285575741902,62.56232171720437,53.57591000193961,True,NOP,244.04208333333332,63.787317078167874,52.44890259705891,54.07395940932319,45.76875658399081,56.73056252251576,44.66921382221854,False,-7.050215507081056,-4.563641072522806,-1.1686364636970197,18.724099173428215,5.831759194688608,8.906696179721074,107,105,2,1,2026-03-13
0022500965,DAL,223.67666666666668,57.032665454599645,54.78028255070563,55.693154553447684,46.22232016452319,47.0525721651789,45.07046637478368,True,CLE,219.05666666666667,59.382132477136814,63.26211862988268,64.06691038848395,59.17702573154587,51.62725322214952,39.94260978672315,False,-2.349467022537169,-8.48183607917705,-8.373755835036263,-12.954705567022678,-4.574681056970618,5.127856588060524,105,138,-33,0,2026-03-13
0022500966,GSW,228.66666666666669,49.0462219387755,56.50637827988338,62.11740196793002,62.01464285714285,63.21316144314868,38.642127612824574,True,MIN,252.3361111111111,59.87546130051408,56.29561431512202,58.88116709415352,57.7103787937165,50.742215079094244,56.721282429110836,False,-10.82923936173858,0.21076396476135528,3.236234873776503,4.304264063426352,12.470946364054434,-18.079154816286263,117,127,-10,0,2026-03-13
0022500967,POR,242.335,52.773302109339,53.70516846514123,55.356917077599185,55.310143671639125,47.58908948356614,58.24113903716519,True,UTA,246.80833333333334,45.98151804706756,49.0002525576527,50.58562582300706,44.15544585879731,52.26499037714826,50.415013435883964,False,6.791784062271439,4.704915907488527,4.771291254592128,11.154697812841817,-4.675900893582117,7.826125601281227,124,114,10,1,2026-03-13
0022500968,LAC,217.4427777777778,58.62922045902243,55.16482625058444,46.87828291989974,58.98960032907763,50.91840407565719,51.41708374094314,True,CHI,247.05,62.418328273628816,53.813693584294676,51.8782965661472,48.35328003777912,58.79574647507252,45.024208132149845,False,-3.789107814606389,1.3511326662897645,-5.00001364624746,10.63632029129851,-7.877342399415326,6.392875608793297,119,108,11,1,2026-03-13
0022500969,PHI,180.51333333333332,57.12659821989142,49.700323152491045,48.334665029360714,47.462296413930645,52.77817243416923,56.121911747459656,True,BKN,185.4175,50.120074965955205,53.23662994773058,43.04215441728352,46.62063900836401,50.612372978098975,51.95540352761293,False,7.006523253936216,-3.5363067952395326,5.292510612077194,0.8416574055666359,2.1657994560702534,4.166508219846726,104,97,7,1,2026-03-14
0022500970,ATL,248.59833333333333,57.340539290287545,52.976215984285226,56.27140702203688,53.49333395906382,51.513968315689965,50.55152823497074,True,MIL,240.0,53.11878541666667,59.32705833333333,50.60255069444444,49.19306736111112,50.47032013888888,46.45875694444444,False,4.221753873620877,-6.350842349048108,5.668856327592444,4.3002665979526995,1.043648176801085,4.092771290526301,122,99,23,1,2026-03-14
0022500971,BOS,252.45166666666668,59.3510881070744,60.91992746686384,56.85356955016692,54.23420016592836,54.82987678609546,56.033489928768915,True,WAS,235.13166666666666,49.79554079629144,48.60406580710099,53.38603264837431,42.88295494013992,47.84651011135605,44.49202897824813,False,9.555547310782963,12.315861659762852,3.467536901792606,11.351245225788439,6.983366674739415,11.541460950520786,111,100,11,1,2026-03-14
0022500972,MIA,228.5027777777778,56.15201346932325,54.70327396943873,59.03693171733871,54.87132663108885,49.7048905313575,57.01235526080064,True,ORL,234.26333333333332,55.49706099972965,51.87000597618066,59.53463552412527,55.5712623970176,50.760981943397034,66.95005314916928,False,0.6549524695936029,2.833267993258076,-0.4977038067865607,-0.6999357659287497,-1.0560914120395353,-9.937697888368639,117,121,-4,0,2026-03-14
0022500973,SAS,236.68833333333333,62.060676135283394,54.15351904403118,59.85261278897002,46.70638744340307,50.70744720553753,48.91988315258364,True,CHA,245.34166666666667,53.40979178696375,53.96753914608879,55.898200468734075,41.548430420162354,50.49923372168065,57.76361358175053,False,8.650884348319643,0.18597989794238856,3.954412320235946,5.157957023240712,0.20821348385687344,-8.843730429166897,115,102,13,1,2026-03-14
0022500974,LAL,263.8933333333333,66.81519363884398,59.59723625707356,63.32820647231204,48.06658245755861,53.13927154911076,70.11616988648316,True,DEN,271.385,61.97277422603804,61.884233960363815,63.34112914616997,43.28187384466103,46.98165152827165,56.450166737292044,False,4.842419412805938,-2.286997703290254,-0.012922673857929112,4.784708612897582,6.157620020839111,13.66600314919112,127,125,2,1,2026-03-14
0022500975,LAC,263.7638095238095,61.88915443831422,56.451022740402664,48.68085074308905,54.4703194957971,50.75138056414108,43.095198080032546,True,SAC,248.35222222222222,54.279657923110996,48.27059888062206,54.686776173624374,48.01655019528715,50.263910351337934,53.60352520788566,False,7.609496515203226,8.180423859780603,-6.005925430535321,6.453769300509947,0.48747021280314584,-10.508327127853114,109,118,-9,0,2026-03-14
0022500976,OKC,287.425,61.02019599315763,69.57859557565742,59.6560407062712,69.16164912585891,48.4468185903569,55.758884346641146,True,MIN,246.5875,60.13605988408442,56.43895709771717,59.13773677362667,57.624279414001116,50.87717206535881,57.072307135253354,False,0.8841361090732107,13.139638477940245,0.5183039326445282,11.5373697118578,-2.4303534750019153,-1.3134227886122076,116,103,13,1,2026-03-15
0022500977,CLE,207.61166666666668,63.86535599316031,64.8635962975748,61.47121468767811,59.978296820185115,52.3446723450031,39.6501028793312,True,DAL,243.755,57.60212987084026,51.82476120147963,54.59717544255503,48.18964397311508,51.3557178314291,44.7912820032583,False,6.263226122320049,13.03883509609517,6.874039245123086,11.788652847070033,0.9889545135740008,-5.1411791239271025,120,130,-10,0,2026-03-15
0022500978,TOR,243.775,57.69511571462756,51.82791440194168,69.03259426383617,45.3689160086145,53.97168153693638,47.25825454599248,True,DET,252.51666666666668,61.902081050755726,47.574486172529866,58.59176952016368,50.44545310540558,51.45164675598971,55.22625635271599,False,-4.206965336128164,4.253428229411817,10.440824743672493,-5.0765370967910854,2.5200347809466734,-7.968001806723514,119,108,11,1,2026-03-15
0022500979,MIL,237.48,57.813290943798776,59.39415459547471,50.38154511257089,47.70966467351637,54.57216467351636,56.33415375329852,True,IND,237.36333333333334,59.49592326812622,56.36674858515076,46.31366189667037,51.72587243185553,58.3906409302195,46.47683179174654,False,-1.682632324327443,3.0274060103239506,4.0678832159005225,-4.016207758339156,-3.8184762567031356,9.857321961551982,134,123,11,1,2026-03-15
0022500980,PHI,190.88666666666666,58.19667691125624,48.78003702022142,45.61588027800091,47.25315021129466,56.05189030140048,58.88864903661849,True,POR,238.215,52.70845314806652,53.751978954585844,55.426653793142044,55.44946232045281,47.74696597611401,58.00735679952984,False,5.488223763189723,-4.971941934364423,-9.810773515141136,-8.19631210915815,8.304924325286471,0.8812922370886511,109,103,6,1,2026-03-15
0022500981,NYK,253.73314814814816,61.32681097595242,58.28230176205827,57.52129957180152,48.00011830743731,44.728647113218244,55.81551291713956,True,GSW,205.33015873015873,50.20645576616831,49.59940405695821,55.352264800012364,58.89861021351598,62.19216820760989,46.076746497593284,False,11.120355209784108,8.68289770510006,2.169034771789157,-10.898491906078668,-17.463521094391645,9.738766419546273,110,107,3,1,2026-03-15
0022500982,SAC,240.585,54.415931999085565,51.909819814202876,49.68270465739759,47.245963658028,49.16470339658194,54.39873647886854,True,UTA,256.81166666666667,45.94377786575117,48.88128070505624,50.40047959918748,44.23469208953384,51.91333791948705,50.1389375565542,False,8.472154133334392,3.028539109146635,-0.7177749417898838,3.011271568494166,-2.748634522905107,4.259798922314346,116,111,5,1,2026-03-15
0022500983,ATL,260.49333333333334,57.844172595587864,52.688317679275215,56.89222180989916,52.96315132824896,50.98129894559041,51.603650996741884,True,ORL,236.31333333333333,55.58336742178464,51.91907284114311,59.39987939741022,55.469002313312835,51.10532273535137,66.53470631221606,False,2.2608051738032273,0.7692448381321029,-2.507657587511055,-2.505850985063873,-0.12402378976096173,-14.931055315474175,124,112,12,1,2026-03-16
0022500984,WAS,245.0725,51.01010517295902,50.24190800681431,52.73675749013047,43.988993733147,46.392422650440174,49.08651862597148,True,GSW,257.2825,50.84412950744804,53.42838902762527,56.45405795834021,61.31305082934128,63.14875477344941,46.379575151281756,False,0.16597566551098453,-3.186481020810959,-3.7173004682097357,-17.32405709619428,-16.756332123009237,2.706943474689723,117,125,-8,0,2026-03-16
0022500985,BKN,210.48999999999998,53.23767399876479,48.4038457883985,46.983098167767274,49.554110250684914,53.980581025226854,50.5783594583616,True,POR,250.215,53.08604933090876,53.877146320830754,55.37692584377436,54.97184687835128,48.25634687502081,57.42069696844112,False,0.15162466785603357,-5.473300532432255,-8.393827676007085,-5.417736627666365,5.724234150206044,-6.842337510079524,95,114,-19,0,2026-03-16
0022500986,BOS,251.005,60.32479499080364,60.6447235446837,56.44275612039601,54.858672802002616,55.242728896502726,55.4190601076904,True,PHX,269.13952380952384,49.71720651175793,58.51472709322302,60.70772576801199,45.579630586366065,46.9467251009832,53.33473596251178,False,10.60758847904571,2.129996451460677,-4.2649696476159775,9.27904221563655,8.296003795519525,2.08432414517862,120,112,8,1,2026-03-16
0022500987,CHI,246.6833333333333,62.487853523410585,53.21468211607324,51.51566786027971,48.76512668062969,59.63596243497061,45.98528979702144,True,MEM,262.5083333333333,41.22917558172756,47.692993238309896,48.33636392495477,48.176879464144,54.25917526427733,51.95346475060298,False,21.258677941683025,5.521688877763346,3.1793039353249455,0.5882472164856907,5.376787170693277,-5.968174953581546,132,107,25,1,2026-03-16
0022500988,NOP,238.9401851851852,63.82711495283571,52.43978316284023,54.13838462593691,45.76961381160789,56.92183182370917,44.334467329743575,True,DAL,226.94166666666666,59.00542503580215,52.74692468696067,53.876426394447904,48.28206807916865,51.614048397165206,47.25866821006126,False,4.821689917033559,-0.30714152412043916,0.2619582314890039,-2.512454267560763,5.307783426543963,-2.9242008803176844,129,111,18,1,2026-03-16
0022500989,HOU,227.75333333333333,57.21644469162545,51.076375025612506,48.815246758188685,63.91329508532624,59.70531861955918,53.10887363521939,True,LAL,260.6533333333333,67.45120722287587,60.44678372295259,63.72362205227889,48.79218054631951,52.274498056166564,69.89241278812365,False,-10.234762531250418,-9.370408697340082,-14.908375294090206,15.121114539006733,7.430820563392615,-16.78353915290426,92,100,-8,0,2026-03-16
0022500990,LAC,242.01000000000002,60.1890493505778,55.78417765106124,46.226810186906874,53.361904466757565,49.84395961599383,45.47042225672855,True,SAS,221.01,60.94244905962023,55.40740539643757,60.2256262914197,45.10810898451051,48.3638304450779,46.8717550531926,False,-0.7533997090424336,0.37677225462367403,-13.998816104512827,8.253795482247057,1.48012917091593,-1.4013327964640538,115,119,-4,0,2026-03-16
0022500991,CHA,244.885,53.71203285896102,53.5123643070557,55.521036404843095,41.69002933349668,51.21643220287074,57.551541111836,True,MIA,232.16166666666666,56.225286258856976,54.5398063131295,59.26202287199293,54.69311471173105,49.79482759858433,57.18325545061317,False,-2.5132533998959588,-1.0274420060738052,-3.7409864671498383,-13.003085378234367,1.421604604286415,0.3682856612228349,136,106,30,1,2026-03-17
0022500992,ORL,238.69333333333333,55.62455451904815,51.88198246006033,59.12014369902805,55.61543123673332,51.06653795665289,66.2202241443179,True,OKC,280.30833333333334,61.29462437197134,69.50445342925944,59.88395635758243,69.22566281178463,48.670625798971365,55.770388560216425,False,-5.670069852923191,-17.622470969199114,-0.7638126585543787,-13.610231575051309,2.395912157681522,10.449835584101471,108,113,-5,0,2026-03-17
0022500993,WAS,231.03333333333333,49.917616505554754,48.628089741740006,53.08246789785024,43.15904414947338,48.00046530082239,45.106781857852106,True,DET,250.69833333333332,61.700041883006804,47.774174805044574,59.17083812550276,50.493486195227995,51.17809119858529,55.117975787633206,False,-11.78242537745205,0.853914936695432,-6.0883702276525185,-7.334442045754614,-3.1776258977629013,-10.0111939297811,117,130,-13,0,2026-03-17
0022500994,NYK,221.20833333333334,59.042215859860605,56.19903861367488,51.99862346957995,51.04716142399698,49.923603691844036,61.0656685153249,True,IND,243.33055555555555,59.02925170378658,57.37198484000959,46.117629881619656,50.59473761115995,56.31445313302663,49.276850034136814,False,0.01296415607402679,-1.1729462263347088,5.88099358796029,0.4524238128370328,-6.390849441182596,11.788818481188088,136,110,26,1,2026-03-17
0022500995,MIL,252.90333333333334,49.77780838528555,57.20201130866866,52.05648403210713,50.97678098351149,48.38197334950112,47.22359056126431,True,CLE,265.42833333333334,57.39624192343194,66.37844867101603,63.44489410198609,57.406716816215294,48.895187652662045,43.14206229174785,False,-7.618433538146384,-9.176437362347372,-11.388410069878958,-6.429935832703805,-0.5132143031609218,4.081528269516461,116,123,-7,0,2026-03-17
0022500996,MIN,210.35166666666666,60.002701824722095,54.16679053331326,56.81491708329702,57.09862452559603,53.34759252363106,54.78041148779199,True,PHX,240.36875,47.54387633583816,53.92628842836961,60.449811314213406,45.99811764909817,48.65444880695459,55.04535154293687,False,12.458825488883932,0.24050210494365132,-3.6348942309163874,11.10050687649786,4.693143716676467,-0.2649400551448835,116,104,12,1,2026-03-17
0022500997,DEN,265.5233333333333,62.537471283126415,62.200519100644016,63.31317649421897,43.731174912437076,47.312311535709355,56.727599583213035,True,PHI,202.17833333333334,58.470388353516284,47.89619807595604,45.87614399828534,48.67952220399482,55.06689556249845,57.70272338362235,False,4.06708292961013,14.304321024687972,17.43703249593363,-4.948347291557745,-7.754584026789097,-0.9751238004093139,124,96,28,1,2026-03-17
0022500998,SAC,256.615,53.135333736011795,48.9474835843579,53.53902149133917,47.310863225714265,48.926448830608756,54.944977155102556,True,SAS,233.67000000000002,61.80765538294746,52.63145532873995,57.437580776308465,48.03575055990642,54.053989244090666,56.47859484881467,False,-8.672321646935664,-3.683971744382056,-3.898559284969295,-0.7248873341921538,-5.12754041348191,-1.5336176937121166,104,132,-28,0,2026-03-17
0022500999,BOS,254.14000000000001,60.823740195692665,60.51429658193646,56.673410980824215,54.937748878570865,55.15508184465256,55.42204963416516,True,GSW,228.20425925925926,49.85853178966536,49.49367063133011,57.816075835245066,61.14166507750124,62.47971075295605,45.16059317819007,False,10.965208406027301,11.020625950606352,-1.1426648544208504,-6.203916198930372,-7.324628908303495,10.261456455975093,120,99,21,1,2026-03-18
0022501000,BKN,233.54111111111112,52.81985113256291,50.12321742067778,44.334654141312264,46.982309324553846,54.10133714263964,45.4423510264571,True,OKC,236.95166666666665,62.251030800936896,71.05979137798849,62.39027579464167,68.45865331185685,46.323724950939365,53.600932692000384,False,-9.431179668373986,-20.936573957310706,-18.055621653329403,-21.476343987303004,7.777612191700278,-8.158581665543288,92,121,-29,0,2026-03-18
0022501001,IND,273.5833333333333,57.22317209869022,55.25535363996345,49.21244593359732,50.92537069753275,52.205074626865674,43.46848781335001,True,POR,241.04999999999998,53.505821060637494,53.88154117403029,55.72818364101501,55.06633547673374,48.37721219663971,57.56002019106315,False,3.717351038052726,1.3738124659331632,-6.515737707417685,-4.140964779200992,3.827862430225963,-14.091532377713143,119,127,-8,0,2026-03-18
0022501002,CHI,247.95833333333334,63.05881498907747,53.4069460594858,53.896484624432865,46.341849100991425,59.61436598890942,45.42090654631874,True,TOR,239.305,58.214606882430374,51.576045214266315,70.03868981703963,45.39533649526754,54.53698836213201,47.63814657724104,False,4.844208106647095,1.8309008452194817,-16.14220519260676,0.946512605723882,5.0773776267774124,-2.217240030922298,109,139,-30,0,2026-03-18
0022501003,MEM,271.3833333333333,45.98051157649082,49.3604876251305,49.838094945648834,50.969428238039676,54.70224405822023,51.973165173454085,True,NYK,211.34833333333333,57.407157220702,58.83862107579115,57.92117830753338,47.71072242506447,43.72812418676908,60.77357685183143,False,-11.426645644211177,-9.47813345066065,-8.083083361884547,3.258705812975208,10.974119871451151,-8.800411678377344,119,130,-11,0,2026-04-01
0022501004,MIN,199.04999999999998,56.5212827597756,48.758300259566276,56.08569371179771,54.31096374445282,48.027189148455165,56.66679615658164,True,UTA,271.7711111111111,45.69508512064891,48.359225900880645,49.62021962926319,44.62014133625519,51.41957325200128,48.00026751253599,False,10.82619763912669,0.3990743586856311,6.46547408253452,9.690822408197633,-3.3923841035461137,8.666528644045648,147,111,36,1,2026-03-18
0022501005,NOP,234.49,63.749402248852114,52.5271347747594,53.75175984761255,45.7384536654015,56.874701835188425,44.19206415784653,True,LAC,225.66833333333335,63.0291652203455,56.241004867024614,49.221248735238284,58.34654618503556,51.41680268240264,43.71719862780562,False,0.7202370285066166,-3.7138700922652106,4.530511112374263,-12.608092519634056,5.457899152785785,0.47486553004090837,124,109,15,1,2026-03-18
0022501006,DAL,241.135,58.863447861156615,52.66413627221266,51.26840842957956,46.52779632432731,55.31819105480333,48.634293141281766,True,ATL,252.36333333333334,58.07979368370999,52.57801384247579,57.3434743557569,53.24877227278131,51.143181127739105,51.02472493362744,False,0.7836541774466284,0.0861224297368679,-6.075065926177345,-6.720975948453997,4.175009927064224,-2.390431792345673,120,135,-15,0,2026-03-18
0022501007,HOU,250.695,59.14166949214517,48.604105254060386,52.05712053823703,64.0785376652905,63.79382383640147,53.53843049655291,True,LAL,259.6716666666667,67.63306098085403,60.4326116955386,63.79602125761377,48.83848128726662,51.964707354800616,69.85905889627524,False,-8.491391488708857,-11.828506441478211,-11.738900719376744,15.24005637802388,11.829116481600856,-16.32062839972233,116,124,-8,0,2026-03-18
0022501008,CHA,245.44,53.82451311929595,53.61614787049108,55.81300861038678,41.484193013906996,51.042164412212074,57.43296711515395,True,ORL,212.07,53.27547193536725,53.45433033117995,60.27116832492416,54.965045346662265,45.82737067949262,67.38876871508644,False,0.5490411839287006,0.16181753931113008,-4.458159714537381,-13.48085233275527,5.214793732719457,-9.955801599932492,130,111,19,1,2026-03-19
0022501009,WAS,224.97500000000002,49.73616179575508,48.959925917694555,52.82352483609289,43.20267288958032,48.15928880986776,45.135116442589435,True,DET,219.35,61.64396550414102,47.23065420560748,56.066234328698435,52.5019641364638,51.52957298077654,48.66964348191605,False,-11.907803708385941,1.7292717120870762,-3.2427094926055418,-9.299291246883477,-3.370284170908782,-3.534527039326612,95,117,-22,0,2026-03-19
0022501010,MIA,250.73833333333334,56.09328383507375,54.581204841700846,57.47834129869784,54.18534395086511,49.66674820363858,53.33927479688293,True,LAL,258.24,67.96945025299462,60.076367590871534,64.05145278294093,47.99116971292854,52.87516199401074,70.67097873202557,False,-11.87616641792087,-5.495162749170689,-6.573111484243086,6.194174237936572,-3.2084137903721555,-17.33170393514264,126,134,-8,0,2026-03-19
0022501011,CHI,264.83,62.9614186459238,54.19227554783572,53.04029251469496,47.57106823245101,57.654889929388666,45.93653880386879,True,CLE,235.37666666666667,56.34657640944302,66.41422755016782,60.73532210782717,56.48862249160919,50.63368076699758,41.80205224773979,False,6.614842236480783,-12.221952002332102,-7.695029593132212,-8.91755425915818,7.021209162391088,4.134486556129005,110,115,-5,0,2026-03-19
0022501012,NOP,212.70833333333334,65.27710323212537,52.78917688540646,50.39696924583741,46.54007835455435,58.25678354554358,44.98947324792555,True,LAC,187.44750000000002,60.43537612753793,52.78422047062066,41.40785197633115,59.00638667715849,55.76699431396346,51.07807219442003,False,4.8417271045874415,0.00495641478580211,8.98911726950626,-12.466308322604135,2.4897892315801187,-6.0885989464944785,105,99,6,1,2026-03-19
0022501013,SAS,236.00833333333333,60.84375834186646,57.16635782634794,57.01476430916988,48.840910278591856,51.781802902439885,46.213359747211555,True,PHX,203.64285714285714,50.39961136443353,50.901488366654974,60.85196013094821,44.54409622354729,48.041500993803346,59.54154130448234,False,10.44414697743293,6.264869459692967,-3.83719582177833,4.296814055044564,3.740301908636539,-13.328181557270781,101,100,1,1,2026-03-19
0022501014,UTA,252.30305555555555,45.61956949920235,44.96651161356878,50.07022837394623,46.911048771814315,52.09200069140837,49.39443282412108,True,MIL,230.64166666666668,52.2992311305416,61.78822921559417,46.241706832387905,49.0976305235394,50.262074646818654,51.12380604834339,False,-6.6796616313392505,-16.821717602025394,3.828521541558324,-2.186581751725086,1.829926044589719,-1.7293732242223072,128,96,32,1,2026-03-19
0022501015,SAC,254.89666666666668,52.94115000850017,49.04305274032615,53.2591246125881,47.07491336358524,48.72536714224064,54.93076383009203,True,PHI,225.58499999999998,58.33631816536265,47.5786828320441,44.369590915471626,48.311758317264,56.834923273562815,57.034270547864274,False,-5.395168156862475,1.4643699082820447,8.889533697116477,-1.2368449536787622,-8.109556131322172,-2.103506717772241,118,139,-21,0,2026-03-19
0022501016,BKN,215.00198412698413,52.67021256725205,48.75823083950868,46.152694419579,48.70671968697226,53.1000868947315,50.897427389715546,True,NYK,229.73666666666668,60.887485672001276,59.74711843995299,55.195913437123664,47.963329028888154,39.550527415446666,52.26447231892467,False,-8.217273104749225,-10.988887600444315,-9.043219017544665,0.7433906580841025,13.54955947928483,-1.367044929209122,92,93,-1,0,2026-03-20
0022501017,DET,204.21666666666667,62.84035256671836,45.6785848363666,54.598517913980245,52.74183302048478,54.03070921407003,49.67168905049151,True,GSW,232.37333333333333,50.37434516295617,52.70113323387652,58.25159585150333,61.65852005393619,62.359202145972,46.117205594496056,False,12.466007403762191,-7.022548397509915,-3.6530779375230864,-8.91668703345141,-8.32849293190197,3.5544834559954523,115,101,14,1,2026-03-20
0022501018,HOU,248.5,59.207262240107305,48.77424144869215,52.54490878604963,64.1508551307847,63.99626089872569,53.68202682763246,True,ATL,242.23666666666668,57.25081256622312,52.94905395549806,56.684379601216435,53.39322012907487,51.343884080307134,50.92117832422837,False,1.9564496738841868,-4.174812506805907,-4.139470815166803,10.757635001709836,12.652376818418553,2.760848503404091,117,95,22,1,2026-03-20
0022501019,MEM,223.54611111111112,45.9921838149226,51.29281182356114,49.95865555950425,49.71262279967096,53.378196146457476,44.6042315533206,True,BOS,254.50166666666667,61.18738908062161,60.3396323534227,56.69043097294713,54.912479289592085,55.443636256475074,55.20833210961515,False,-15.195205265699009,-9.046820529861563,-6.731775413442875,-5.199856489921125,-2.0654401100175974,-10.604100556294547,112,117,-5,0,2026-03-20
0022501020,MIN,198.20999999999998,57.98391100348116,50.86057968820948,57.31378672451777,54.796386828784286,48.901191497233576,55.989259701173765,True,POR,239.475,53.91849392768904,53.836119984688736,55.58834464279501,54.978637992831544,49.45937293384835,57.984994328682404,False,4.065417075792119,-2.9755402964792594,1.7254420817227611,-0.18225116404725838,-0.5581814366147739,-1.9957346275086394,104,108,-4,0,2026-03-20
0022501021,DEN,262.0566666666667,62.73822646501392,62.10214139435491,63.261830774514415,44.12855807268148,47.62250721854052,57.015032372133255,True,TOR,240.4683333333333,58.07485046541125,51.67827018110493,69.50124617933062,45.477335893152954,54.780115191882516,47.59979484478206,False,4.663375999602671,10.423871213249981,-6.2394154048162065,-1.3487778204714758,-7.157607973341996,9.415237527351195,121,115,6,1,2026-03-20
0022501022,WAS,224.89,49.5024686142855,48.954892021284486,52.69266752634622,43.35464152845095,48.48625698489632,45.136530617271895,True,OKC,249.97666666666666,63.561808435453976,67.74466150174015,62.44764711373062,69.21986185377301,49.835295294227464,54.48630379771118,False,-14.059339821168479,-18.789769480455668,-9.754979587384398,-25.865220325322063,-1.3490383093311422,-9.349773180439286,111,132,-21,0,2026-03-21
0022501023,CHA,246.7866666666667,53.81081906099735,53.74579191204279,56.00177076017073,41.35319641795883,50.718798287319686,57.67047433541555,True,MEM,223.17416666666668,45.9672770519288,51.26292731013521,50.65005582336665,49.8965307364577,53.43213036156365,44.12403200658317,False,7.843542009068557,2.482864601907579,5.351714936804079,-8.543334318498871,-2.713332074243965,13.546442328832377,124,101,23,1,2026-03-21
0022501024,ORL,243.40833333333333,56.07670033208942,51.57345407237495,58.35812865897497,55.966245335341846,51.44680612140094,65.87840638419746,True,LAL,257.755,68.41369258921587,60.00395918604877,64.16843449528946,47.98000038796532,53.25734321351672,70.82535159356755,False,-12.336992257126447,-8.430505113673817,-5.810305836314491,7.986244947376527,-1.81053709211578,-4.946945209370085,104,105,-1,0,2026-03-21
0022501025,NOP,235.71833333333336,63.59740085271263,52.380596191782566,53.96884275724558,45.423072028056076,56.91756192065388,43.73687954156283,True,CLE,242.0211111111111,60.84691234465313,68.52628696302894,63.92712091231711,58.7647317268007,47.639942337445305,42.578745426248396,False,2.7504885080595045,-16.14569077124637,-9.958278155071525,-13.341659698744621,9.277619583208576,1.1581341153144322,106,111,-5,0,2026-03-21
0022501026,ATL,217.26166666666666,56.995915064016515,53.75571775969069,55.82123169450049,52.00123737121904,47.5949193368979,51.054360717107635,True,GSW,249.78666666666666,50.945263291341945,50.69667783174976,56.60250613857158,61.21558730116366,61.78768749332764,47.03988961808814,False,6.05065177267457,3.0590399279409297,-0.7812744440710873,-9.214349929944618,-14.192768156429736,4.014471099019495,126,110,16,1,2026-03-21
0022501027,HOU,253.385,58.99445113167709,48.209248771632105,52.123639915543535,64.4314797639955,64.0604126789931,53.14340956778551,True,MIA,252.02166666666668,55.91972515590591,54.98158822323478,57.31252603942782,54.32105440669784,49.47642596866671,52.580006086597855,False,3.0747259757711802,-6.772339451602676,-5.188886123884288,10.110425357297657,14.583986710326393,0.563403481187656,123,122,1,1,2026-03-21
0022501028,SAS,238.39833333333334,60.80603961157446,57.34744230594453,57.052997434266175,48.896417061081245,51.64904536525004,46.04711375052503,True,IND,223.96833333333333,57.96177063721806,61.11770488387496,52.499997767541544,50.28594741816179,49.35735855515289,48.02838542860004,False,2.844268974356403,-3.770262577930424,4.552999666724631,-1.3895303570805453,2.291686810097147,-1.9812716780750108,134,119,15,1,2026-03-21
0022501029,DAL,243.06666666666666,58.75307528798684,52.61203304991772,51.16487520570489,46.737247668678,55.47871434448711,48.480077788363445,True,LAC,246.69,61.821721593903284,56.90299566257246,49.33476427905468,59.20239909738268,51.254374586187794,46.348073658987694,False,-3.0686463059164453,-4.290962612654738,1.8301109266502067,-12.46515142870468,4.224339758299315,2.1320041293757512,131,138,-7,0,2026-03-21
0022501030,UTA,230.74,45.08097281211175,44.49212027967987,49.26506963104215,46.581190950853774,51.901525526566694,47.46049287526299,True,PHI,233.54500000000002,58.19742662013745,47.51979347306372,44.256549415887015,48.32579517152297,56.6788777323428,56.74415888268775,False,-13.116453808025696,-3.0276731933838548,5.008520215155137,-1.7446042206691956,-4.777352205776104,-9.283666007424756,116,126,-10,0,2026-03-21
0022501031,PHX,199.58791666666667,50.46780804616177,50.04604570667479,62.52768809067015,45.01598919440263,49.1809365546929,59.958768354180805,True,MIL,204.79666666666665,52.25489103012744,61.381925975357674,46.69183499080389,48.87434040267583,46.384269763505266,47.309843667503046,False,-1.787082983965668,-11.335880268682885,15.835853099866263,-3.8583512082731986,2.796666791187633,12.64892468667776,105,108,-3,0,2026-03-21
0022501032,DEN,281.52833333333336,62.30034573192751,59.942294736468206,60.9258381335212,45.889343286939734,47.568287383744675,59.41449214495761,True,POR,239.30166666666668,54.15279319687145,53.75388178101559,55.46084509788899,54.82992805454761,50.256143222292636,57.87239843766111,False,8.147552535056057,6.188412955452613,5.4649930356322045,-8.940584767607874,-2.6878558385479607,1.5420937072965017,128,112,16,1,2026-03-22
0022501033,SAC,209.345,50.49112788300015,46.9750539380767,53.73384922814812,46.783004928069296,47.80028023915865,58.014382152747466,True,BKN,215.88541666666666,51.0132728588661,52.215195946924005,45.73169872135102,47.30591498190591,48.19059724969843,53.394070664550625,False,-0.5221449758659489,-5.240142008847307,8.002150506797093,-0.5229100538366112,-0.39031701053977486,4.62031148819684,126,122,4,1,2026-03-22
0022501034,NYK,234.875,61.091747383359944,56.755047010821364,60.9305517119035,47.90364378215363,47.713578144403044,55.44366425003227,True,WAS,247.04666666666668,48.515229916075235,50.25542610033192,51.884421296920955,46.97824500094449,50.579692095960276,42.937109089978094,False,12.57651746728471,6.499620910489448,9.046130414982542,0.9253987812091395,-2.8661139515572316,12.506555160054177,145,113,32,1,2026-03-22
0022501035,BOS,254.43261904761906,61.65970511418029,60.220354439429656,56.72354098802471,54.725038250374084,55.49979178695454,54.841477099763644,True,MIN,226.12333333333333,58.428581010363075,53.53102141898963,56.88236802924658,56.924847059864085,51.339159308342055,54.845890928524085,False,3.2311241038172156,6.689333020440024,-0.15882704122186908,-2.1998088094900012,4.160632478612484,-0.004413828760441163,92,102,-10,0,2026-03-22
0022501036,PHX,232.85444444444445,47.80869260243642,52.45954077177445,62.76310260582433,45.8129637494095,50.23500231427357,57.295232231639396,True,TOR,242.18666666666667,58.107802521471044,51.542368833957276,69.4613851574543,45.62184678484915,54.946407729574986,47.82965343536666,False,-10.29910991903462,0.917171937817173,-6.698282551629973,0.19111696456035077,-4.711405415301414,9.465578796272737,120,98,22,1,2026-03-22
0022501037,ATL,222.77833333333334,57.35517667038237,53.02419370525259,55.15957566190608,52.511090246657744,48.74427644818841,51.187574345201135,True,MEM,229.49666666666667,42.219345959999416,49.79356635535737,50.27726256009528,48.09472831849409,52.93280875539224,47.83498356994582,False,15.135830710382955,3.2306273498952223,4.8823131018108015,4.416361928163653,-4.188532307203829,3.3525907752553152,146,107,39,1,2026-03-23
0022501038,DET,209.63666666666666,62.60884069262693,45.44480370800273,54.25524717368145,52.73536515558665,53.97025170533145,49.64689978093538,True,LAL,209.64333333333335,69.86756713783728,59.14504078355302,66.45793252031227,45.830497034646136,60.141390138807175,73.45698666202125,False,-7.258726445210357,-13.700237075550291,-12.202685346630822,6.904868120940513,-6.1711384334757255,-23.810086881085873,113,110,3,1,2026-03-23
0022501039,ORL,219.79888888888888,55.46165054923946,49.14041851389402,57.38810099131024,52.582482976862686,54.60360354667651,65.06103975530796,True,IND,220.24,58.248447148565205,61.72720819711829,52.41814384308027,50.299173628768614,49.296901107882306,47.73759219961354,False,-2.786796599325747,-12.586789683224268,4.969957148229966,2.283309348094072,5.306702438794204,17.323447555694422,126,128,-2,0,2026-03-23
0022501040,PHI,208.28666666666666,57.15529478603207,45.16188506225395,42.36112569215504,49.36651409915821,59.77662116314054,52.49982030126795,True,OKC,317.69,62.80001364013136,68.3607799007418,60.67543779575477,69.39047971292769,48.2180170396718,53.540740660973896,False,-5.644718854099288,-23.198894838487853,-18.314312103599725,-20.023965613769477,11.55860412346874,-1.040920359705943,103,123,-20,0,2026-03-23
0022501041,MIA,251.14499999999998,55.57596939351105,55.427586984942295,57.69922952875829,54.06685380955225,49.121072819818565,51.997847705280996,True,SAS,265.5733333333333,60.32250727984737,54.46514208253841,58.76570438799076,47.356580103424044,49.97573049502962,51.12265231026978,False,-4.74653788633632,0.9624449024038881,-1.0664748592324713,6.710273706128206,-0.8546576752110582,0.8751953950112181,111,136,-25,0,2026-03-23
0022501042,CHI,260.22166666666664,63.008147540878625,54.03165890618896,53.54035405711797,47.36579774935471,57.764938225743435,46.35864249435692,True,HOU,251.72666666666666,59.17530588733812,48.40346606107153,52.09061879287057,64.26820426918086,64.44596983500622,53.78389456818242,False,3.8328416535405054,5.628192845117425,1.4497352642474013,-16.902406519826144,-6.681031609262789,-7.425252073825497,132,124,8,1,2026-03-23
0022501043,UTA,264.995,45.165897469763586,48.25152172682503,48.316142442939174,44.64286621760159,50.915971999471694,41.73192671222894,True,TOR,219.905,52.68328141697552,47.60648916577613,65.77400923125894,47.98187702265372,53.31393404727799,50.25685763198476,False,-7.517383947211933,0.6450325610489003,-17.45786678831977,-3.3390108050521263,-2.3979620478062955,-8.524930919755818,127,143,-16,0,2026-03-23
0022501044,DAL,252.08555555555554,59.48960714395906,53.0369892056048,50.08654160624479,47.11376098061945,55.93360984145595,52.78926510038314,True,GSW,240.2266666666667,50.48236457234834,51.386698673475045,57.91381611811067,60.69775351057335,63.305788283287995,45.50212441904283,False,9.007242571610725,1.6502905321297519,-7.827274511865873,-13.583992529953896,-7.372178441832048,7.287140681340311,131,137,-6,0,2026-03-23
0022501045,POR,245.81333333333333,54.27809245497939,53.28640635170319,55.103538592970274,55.0053963712302,51.35652324256889,58.03350662412613,True,BKN,206.75,52.682730350665054,48.77481257557437,45.27514792422411,48.37856590084643,53.11116082224909,55.27979621766378,False,1.595362104314333,4.511593776128819,9.828390668746167,6.626830470383766,-1.7546375796801996,2.7537104064623534,134,99,35,1,2026-03-23
0022501046,LAC,222.70444444444445,59.78261497550316,56.17148961752996,51.83352200724428,61.831033158047035,46.82843778999571,49.75060000500668,True,MIL,198.36333333333334,51.324861785612256,64.66042363339999,43.88470651498093,53.60054193483338,51.4724419835655,50.59803139020988,False,8.457753189890902,-8.48893401587003,7.94881549226335,8.230491223213654,-4.644004193569792,-0.8474313852032012,129,96,33,1,2026-03-23
0022501047,CHA,250.02666666666667,53.63552087777303,53.57405076791809,55.65655663395904,41.89344936540102,50.63531156676621,56.57580326507396,True,SAC,232.14,53.19501306682749,52.37499784612734,49.64285345050401,46.01383863186009,46.50535021969502,55.03292252620797,False,0.44050781094554026,1.199052921790745,6.0137031834550285,-4.120389266459071,4.129961347071195,1.542880738865989,134,90,44,1,2026-03-24
0022501048,NYK,230.98,60.81044174098768,57.256656420469305,61.851076572286196,47.40969780933414,46.829332986983,55.53189718111933,True,NOP,236.96166666666667,63.908277710178155,52.47386848787075,54.35308031538153,45.51624876034801,56.835230030173655,43.718232573704455,False,-3.097835969190477,4.782787932598552,7.497996256904663,1.8934490489861275,-10.005897043190657,11.813664607414871,121,116,5,1,2026-03-24
0022501049,CLE,246.74333333333334,60.75528957216,68.87493616848818,63.56890628588411,59.02200599813571,47.25226348567337,43.00532661217277,True,ORL,221.25416666666666,55.031233686747896,49.01032861904672,57.13676390275136,52.60831547428485,54.04385755447167,64.52286828664035,False,5.724055885412106,19.86460754944146,6.432142383132749,6.41369052385086,-6.791594068798304,-21.517541674467573,136,131,5,1,2026-03-24
0022501050,PHX,243.41,50.425678210974624,57.68749229694754,65.02314750147214,45.341718362707645,47.34817865603987,57.0108947295081,True,DEN,247.05666666666667,63.32535788010847,62.044247608510865,63.13667647098506,44.83999284914392,48.600372384203354,57.33097823136804,False,-12.899679669133846,-4.356755311563326,1.8864710304870798,0.5017255135637271,-1.2521937281634834,-0.3200835018599406,123,125,-2,0,2026-03-24
0022501051,DET,218.08166666666665,62.88058984019748,45.1277266161759,54.2652882330014,52.58078013588182,54.378798462349735,49.59891438410392,True,ATL,253.69500000000002,58.312245675581565,52.28710328018551,57.0544150784735,53.617516440345035,51.71684634436364,51.45162761058226,False,4.568344164615915,-7.1593766640096135,-2.789126845472097,-1.0367363044632185,2.6619521179860968,-1.8527132264783361,129,130,-1,0,2026-03-25
0022501052,IND,221.23166666666668,58.90718326942345,62.0991856199007,52.52462426265077,50.1082545446327,49.64736739014156,48.05778168907202,True,LAL,183.69833333333332,71.1662344967746,64.19260381603897,71.25386820784075,46.5471524873207,55.08584908228164,72.88245765249185,False,-12.259051227351158,-2.0934181961382663,-18.729243945189985,3.5611020573119987,-5.43848169214008,-24.82467596341983,130,137,-7,0,2026-03-25
0022501053,PHI,286.025,60.48165544969845,50.55213879905603,48.094235935087255,51.261725373656155,59.39509716516622,59.32609424945304,True,CHI,255.075,62.77537586984221,53.63587441602144,53.815496749322094,47.33267078310301,57.91191218269137,46.140774468760355,False,-2.2937204201437567,-3.0837356169654058,-5.721260814234839,3.929054590553143,1.483184982474853,13.185319780692687,157,137,20,1,2026-03-25
0022501054,BOS,251.36541666666668,62.20725752846536,60.11393091399142,56.77640536602589,55.10862721436421,55.720397429373236,54.73121275524072,True,OKC,303.51166666666666,63.104099238359865,68.7112752392824,60.8315995541083,69.61240699149401,48.48457939563004,53.14100226789745,False,-0.8968417098945025,-8.597344325290983,-4.05519418808241,-14.5037797771298,7.235818033743193,1.5902104873432705,119,109,10,1,2026-03-25
0022501055,CLE,223.91333333333333,61.72515631047727,68.44190460594874,62.52641126030905,60.49502858248727,47.64860362640307,43.75012887698389,True,MIA,250.99333333333334,55.692800605593774,55.67571648649366,57.58957210018858,54.075345958724,48.507533400621526,52.18584738621387,False,6.032355704883493,12.766188119455073,4.9368391601204635,6.419682623763272,-0.8589297742184527,-8.435718509229986,103,120,-17,0,2026-03-25
0022501056,MEM,238.45555555555558,46.38254764456456,51.114432458878895,50.511255533292946,50.02640976655328,53.44347351008807,45.63604613773142,True,SAS,216.30333333333334,58.55435499529981,56.59552403260852,55.90460849732628,44.88318950239633,50.025488126242465,52.47674626317892,False,-12.17180735073525,-5.481091573729628,-5.393352964033333,5.143220264156952,3.417985383845604,-6.840700125447498,98,123,-25,0,2026-03-25
0022501057,UTA,252.31055555555557,43.130437357841636,48.32575904033609,47.51930183041622,46.52347481829051,48.87743763747938,41.91334534972967,True,WAS,259.91777777777776,46.75351264929936,49.23068940605149,51.93099356206664,46.213822106136135,48.87849918350248,44.89175870872024,False,-3.623075291457724,-0.9049303657154013,-4.411691731650421,0.3096527121543744,-0.0010615460230951612,-2.978413358990572,110,133,-23,0,2026-03-25
0022501058,MIN,199.26333333333332,58.056451262148926,52.48396510480269,54.85951755633249,60.31136603154954,56.17399504842838,54.45697432690306,True,HOU,249.13333333333333,59.00591584158416,48.834415306395506,52.41807198287396,63.997342119347074,63.709657479261445,53.2583636606904,False,-0.9494645794352365,3.649549798407186,2.4414455734585303,-3.6859760877975347,-7.535662430833064,1.1986106662126588,110,108,2,1,2026-03-25
0022501059,DEN,245.255,60.9773840832331,60.430129185269756,60.21334733236835,47.0351260252934,46.58911269223189,58.5690111629612,True,DAL,248.1925,56.99065711762711,54.59323979035091,52.225586993966374,47.540717386705886,50.24366973216354,50.1355826713653,False,3.986726965605989,5.836889394918849,7.987760338401976,-0.5055913614124847,-3.654557039931646,8.433428491595905,142,135,7,1,2026-03-25
0022501060,GSW,232.90166666666664,52.23705784272333,53.179300992550516,60.41035129274873,62.1602378686284,64.15047409135472,44.99445766229764,True,BKN,212.38166666666666,53.927681297035996,49.874872281819684,45.24839008388985,46.580469123982766,52.084261039480815,48.138068170423445,False,-1.6906234543126644,3.304428710730832,15.161961208858877,15.579768744645634,12.066213051873909,-3.1436105081258034,109,106,3,1,2026-03-25
0022501061,POR,260.34000000000003,53.93113428593377,52.18876213157153,54.7075817520678,54.80034826252848,51.802563954828294,58.121601119603525,True,MIL,181.9988888888889,50.54747678557256,64.99641389752074,43.80386876598758,53.74963369739742,45.617387163535795,46.53638251866885,False,3.3836575003612097,-12.80765176594921,10.903712986080222,1.0507145651310594,6.185176791292498,11.585218600934674,130,99,31,1,2026-03-25
0022501062,LAC,252.13285714285715,63.43493084711576,59.998444980820764,49.01265876455913,55.84833005652727,53.063547562792856,42.84062291969037,True,TOR,253.32833333333332,54.802590840608694,46.86731317065468,64.02695316354928,49.79077152838543,57.33878563392698,52.896633959778384,False,8.632340006507064,13.131131810166082,-15.014294398990153,6.05755852814184,-4.275238071134126,-10.056011040088016,119,94,25,1,2026-03-25
0022501063,CHA,245.19833333333332,53.747185611647716,53.67703151870255,55.96145433288698,41.49034115240044,50.66879736811697,57.829134274683376,True,NYK,237.86833333333334,61.0510898886639,56.661005037801026,61.332336516700416,47.354026387146945,47.2531484504733,55.896039512425766,False,-7.303904277016187,-2.983973519098477,-5.3708821838134355,-5.863685234746505,3.415648917643672,1.9330947622576105,114,103,11,1,2026-03-26
0022501064,DET,220.95333333333332,62.05334686057388,46.51672374257008,53.84296080620342,51.56367106176266,52.653608605135325,44.648658451600745,True,NOP,203.23333333333332,62.102582417582425,48.15836394948336,53.267415942266695,45.379285714285714,59.068778087584064,43.80406219611135,False,-0.04923555700854365,-1.64164020691328,0.5755448639367273,6.1843853474769475,-6.415169482448739,0.8445962554893924,129,108,21,1,2026-03-26
0022501065,ORL,251.46333333333334,55.42588647781651,51.23975861291905,57.797735919086946,55.83028009385066,51.13886517583744,64.9749648587151,True,SAC,239.01,50.8794095086677,52.65089187342232,49.5283956040891,44.80964394795197,43.19265790831626,54.78515786427493,False,4.546476969148813,-1.41113326050327,8.269340314997848,11.020636145898692,7.9462072675211814,10.189806994440168,121,117,4,1,2026-03-26
0022501066,IND,287.3233333333333,57.57942213766141,57.98446001600984,50.59382983166468,48.99955276865784,49.60090374374978,44.86261417389664,True,LAC,280.0075,61.904561484960226,57.35709638729915,48.51079584177805,56.04711064286969,51.58890446386853,44.542091567827164,False,-4.3251393472988156,0.6273636287106896,2.08303398988663,-7.047557874211847,-1.9880007201187482,0.32052260606947414,113,114,-1,0,2026-03-27
0022501067,BOS,213.07814814814813,61.80007083125475,62.99463003488548,55.72753545473665,55.70535970979175,56.005414897333786,53.20534882192454,True,ATL,243.35666666666665,57.691222074595586,52.656239812620704,58.046679085567135,53.06226594710096,50.44931513416521,50.565840261892696,False,4.108848756659164,10.338390222264778,-2.3191436308304816,2.643093762690789,5.556099763168575,2.6395085600318424,109,102,7,1,2026-03-27
0022501068,CLE,257.2133333333333,65.06202892540564,63.82714478254108,64.37341117619616,58.23097817635167,51.971187341247216,43.77614807120007,True,MIA,250.485,55.93924519764989,55.93500143055805,57.569580347459265,53.73674937288327,47.89726929756272,52.16191443002468,False,9.122783727755753,7.89214335198303,6.803830828736892,4.494228803468403,4.073918043684493,-8.385766358824611,149,128,21,1,2026-03-27
0022501069,MEM,238.16416666666666,46.20517790099767,50.845307683425645,50.294043674356274,50.172539049945044,53.68748487312923,46.287098528894695,True,HOU,249.10333333333332,59.25402175803883,49.0628032543389,52.47990793646546,63.752723769252384,64.12791411863886,53.860770630661975,False,-13.048843857041163,1.7825044290867424,-2.1858642621091846,-13.58018471930734,-10.440429245509627,-7.573672101767279,109,119,-10,0,2026-03-27
0022501070,OKC,261.4195238095238,61.0668449363457,69.00130013607028,62.55118765494617,70.0162236944448,44.50375532122241,53.52844182157453,True,CHI,260.915,59.80750308210209,54.50663242818542,57.492493085232105,45.07510619678184,50.949231869893765,47.363313175336245,False,1.2593418542436154,14.494667707884865,5.0586945697140635,24.941117497662965,-6.445476548671358,6.165128646238287,131,113,18,1,2026-03-27
0022501071,TOR,250.36833333333334,54.647656452826176,47.31947996618315,63.963406580970705,49.28903282497121,56.57729345431065,52.12246751007561,True,NOP,180.81666666666666,63.77454788459766,47.97135588533505,48.726195041017604,46.33769287491934,60.77977601622269,45.64106262108478,False,-9.126891431771483,-0.6518759191518981,15.237211539953101,2.9513399500518673,-4.202482561912042,6.481404888990831,119,106,13,1,2026-03-27
0022501072,DEN,263.01,63.06507357134709,60.44596403178586,61.128545809411555,46.62404534681825,48.25312218800299,59.695099366206975,True,UTA,262.7265873015873,45.79231647361083,48.52002987594986,47.408298082834015,45.80669517317629,52.78750052486818,42.02529302120645,False,17.27275709773626,11.925934155836003,13.72024772657754,0.8173501736419624,-4.534378336865188,17.669806345000524,135,129,6,1,2026-03-27
0022501073,GSW,209.3059523809524,52.75617033620184,49.137410375560954,58.140154365050016,60.36235108095349,65.35055836466326,44.584908560060136,True,WAS,247.24571428571429,48.37911909494315,50.27583741641244,52.011949073218084,46.6083454670118,49.76159459646853,41.9174842670222,False,4.377051241258691,-1.1384270408514894,6.128205291831932,13.754005613941686,15.58896376819473,2.667424293037932,131,126,5,1,2026-03-27
0022501074,POR,258.16833333333335,53.94024441417421,51.646748568440486,54.640463909206524,54.757135848057786,52.10182374548905,58.06473524251727,True,DAL,233.14333333333335,57.328630456228645,54.98321704816779,52.2066604234877,47.564508957293796,50.296627253620805,47.89508968239584,False,-3.388386042054435,-3.3364684797273014,2.433803485718826,7.192626890763989,1.8051964918682444,10.169645560121431,93,100,-7,0,2026-03-27
0022501075,LAL,241.73166666666665,69.82880328739166,60.83978654017196,62.99213590827295,45.74672674246237,58.67002323512987,72.14875447293487,True,BKN,264.54761904761904,52.57491386913869,50.786317793177936,44.132997029970305,46.333435784357846,52.32712483124831,43.557228113333764,False,17.253889418252975,10.053468746994021,18.859138878302645,-0.5867090418954746,6.342898403881556,28.591526359601104,116,99,17,1,2026-03-27
0022501076,MIL,209.50166666666667,49.88354428365725,65.2076594458278,43.6781926953644,52.06775841083205,50.640069689183065,52.149785811694336,True,SAS,267.535,60.44737697871306,54.528844824041705,58.82045464456364,47.330815282735585,50.08322587075833,51.08028036640191,False,-10.563832695055808,10.678814621786096,-15.142261949199238,4.736943128096463,0.5568438184247313,1.0695054452924282,95,127,-32,0,2026-03-28
0022501077,CHA,244.37833333333333,53.87982431612186,53.64729620056333,56.09551651469375,41.51845294522837,50.83704297298588,57.55002899323096,True,PHI,342.5683333333333,60.30226718756842,51.407091042663026,51.03645258123684,49.384429383918544,54.58348164113243,58.97417559525055,False,-6.422442871446556,2.2402051579003057,5.059063933456912,-7.865976438690176,-3.7464386681465527,-1.42414660201959,114,118,-4,0,2026-03-28
0022501078,ATL,186.25500000000002,54.52156004760498,57.23804014209908,56.51790198026003,53.49165302050057,44.51840040088408,51.316473102977476,True,SAC,238.39833333333334,52.91823628520893,53.23464579590181,49.90504617621767,44.22824544355036,43.83429903732548,53.36629230945147,False,1.6033237623960517,4.003394346197268,6.612855804042361,9.263407576950215,0.6841013635586037,-2.049819206473991,123,113,10,1,2026-03-28
0022501079,MEM,255.17689814814815,43.42399212528854,47.3645661569924,51.76984020344638,48.00807023667859,51.31252346547539,48.992911107027204,True,CHI,259.58666666666664,59.56139824849761,54.68936386049617,57.69860419127845,45.72863205608917,51.23953336072731,47.75434968044438,False,-16.137406123209068,-7.324797703503769,-5.92876398783207,2.2794381805894233,0.07299010474807943,1.2385614265828266,125,124,1,1,2026-03-28
0022501080,MIN,175.91833333333335,58.00906481227084,53.95047133613134,58.92169662059099,59.26375590946556,57.08971871417609,54.687191066689614,True,DET,241.60333333333332,61.127529283536376,46.286214318235125,56.01985416867869,52.037187676770465,51.208075219712754,47.37388248793736,False,-3.1184644712655327,7.664257017896219,2.9018424519123016,7.226568232695094,5.881643494463333,7.313308578752256,87,109,-22,0,2026-03-28
0022501081,PHX,255.66666666666666,50.20699934810952,56.41272164276401,62.816385267275095,45.54145241199479,48.33362059973925,56.09848331661029,True,UTA,256.6145833333333,45.40589372843515,48.636383032271155,46.88333639131317,46.08253882687234,52.76733038360057,41.781807431934,False,4.801105619674367,7.776338610492857,15.933048875961923,-0.5410864148775474,-4.433709783861325,14.316675884676293,134,109,25,1,2026-03-28
0022501082,MIL,211.77833333333334,49.742649940582524,65.22792857311497,43.750239637356664,51.995450431662036,50.225059220726074,52.074060224340826,True,LAC,258.2146296296296,59.792124625006906,59.74862786412969,49.85302214135671,54.5877093345401,48.46164925962396,45.18916589510227,False,-10.049474684424382,5.479300708985278,-6.1027825040000465,-2.592258902878065,1.7634099611021128,6.884894329238556,113,127,-14,0,2026-03-29
0022501083,IND,226.64333333333335,58.19022105216714,53.517399585251425,52.67678069801303,46.73263571249982,49.1867155442472,44.79961773025654,True,MIA,246.95499999999998,56.1756939523395,56.235524690733136,57.22704676290552,53.50639522720064,47.47200974536521,52.43151167591207,False,2.014527099827639,-2.718125105481711,-4.55026606489249,-6.773759514700821,1.7147057988819867,-7.631893945655527,135,118,17,1,2026-03-29
0022501084,BKN,232.90583333333333,51.62598832861636,49.745466515437215,44.30731590378086,44.76384304100012,52.87011274227424,44.88468265856009,True,SAC,227.72666666666666,49.65355250446442,54.54877850639656,44.52944758336017,45.19578515179016,46.603132410199365,52.478989351984424,False,1.9724358241519369,-4.803311990959344,-0.2221316795793058,-0.43194211079003964,6.266980332074873,-7.594306693424336,116,99,17,1,2026-03-29
0022501085,CHA,233.17333333333335,53.13613120425434,52.257584486505024,56.26017554894784,42.471886436413534,50.83905320791399,56.164404050038165,True,BOS,186.19166666666666,60.551695833146844,59.62415521639887,51.29936266392159,54.209613749272705,59.6751188291635,55.4482138775006,False,-7.415564628892504,-7.366570729893844,4.96081288502625,-11.737727312859171,-8.83606562124951,0.7161901725375657,99,114,-15,0,2026-03-29
0022501086,TOR,237.94277777777776,56.173351436036214,45.59308797399935,65.38856471093658,50.17041468887245,57.555521518945966,52.68116855525444,True,ORL,248.41333333333336,55.622309591540976,51.21930116472546,57.946515887499324,55.84573761472814,51.694085126938965,64.48255403749991,False,0.5510418444952379,-5.626213190726105,7.442048823437254,-5.6753229258556885,5.8614363920070005,-11.801385482245472,139,87,52,1,2026-03-29
0022501087,POR,242.66333333333333,54.159145730023766,51.62069533922169,54.84155208175937,55.17426269591615,52.62028461929422,58.72774764458592,True,WAS,265.14444444444445,48.333094749193314,50.22993693165151,51.77914407241336,46.880929681934376,50.21011691740351,44.46767846841961,False,5.826050980830452,1.390758407570182,3.062408009346008,8.293333013981773,2.410167701890707,14.260069176166311,123,88,35,1,2026-03-29
0022501088,NOP,215.27166666666668,61.47944302935051,48.257065103783596,53.04321671066792,44.89109729566517,58.27740374565472,44.39515050070691,True,HOU,248.94166666666666,59.491947243330095,48.878099956482444,52.67834901081245,63.90413885448398,64.4889445318515,53.889553777658755,False,1.9874957860204177,-0.6210348526988483,0.3648676998554734,-19.013041558818813,-6.211540786196778,-9.494403276951843,102,134,-32,0,2026-03-29
0022501089,OKC,290.43125,62.8682508051963,68.09549247885688,61.03828645620377,69.40513747516266,48.18130509945699,53.787221633051644,True,NYK,267.75,57.418347338935575,58.64336632430749,62.83226268285092,48.24872580143168,42.973355119825705,53.277143111459885,False,5.4499034662607215,9.45212615454939,-1.7939762266471462,21.15641167373098,5.207949979631287,0.5100785215917583,111,100,11,1,2026-03-29
0022501090,DEN,240.75666666666666,61.14906336965401,60.906147285641104,60.69244050008999,47.009285308818036,46.47428247054426,58.39258571922026,True,GSW,268.7915740740741,51.36432861893198,51.201680256869814,56.37777863131594,60.7923622495607,60.45582075330981,45.90851183617617,False,9.78473475072203,9.70446702877129,4.314661868774046,-13.783076940742667,-13.981538282765548,12.48407388304409,116,93,23,1,2026-03-29
0022501091,MIA,227.06190476190474,55.216580332613304,54.283436130277046,59.08500702556468,53.45032852379256,49.93512708931905,51.914384251104124,True,PHI,330.925,60.3282057868097,51.60724635491425,51.6392707310317,49.46099921935987,54.31780967490116,58.845333029677434,False,-5.111625454196393,2.6761897753627935,7.445736294532978,3.9893293044326867,-4.38268258558211,-6.93094877857331,119,109,10,1,2026-03-30
0022501092,ATL,254.47166666666666,57.47917318889465,52.293714427932386,57.659952319511675,53.458157096729835,50.669316819816224,50.86782128461219,True,BOS,220.37041666666667,60.76201925167663,60.45945595389581,53.31931804216008,57.27123536318585,53.069741287869476,53.41834008231309,False,-3.282846062781978,-8.165741525963426,4.340634277351597,-3.813078266456017,-2.4004244680532523,-2.550518797700896,112,102,10,1,2026-03-30
0022501093,MEM,250.93101851851853,44.83376318930796,48.81740639950111,47.952432035512196,50.11009518257009,55.30694823536791,54.92502232531111,True,PHX,227.775,48.46330150367687,51.84152636007756,62.91175575311894,46.604434932133316,50.88934474810668,57.734391397186265,False,-3.629538314368908,-3.0241199605764493,-14.959323717606743,3.505660250436776,4.417603487261232,-2.809369071875153,105,131,-26,0,2026-03-30
0022501094,SAS,265.7,60.53619809308744,54.664149416635304,58.71958098105633,47.62264082298332,50.329452389913435,51.31053627522337,True,CHI,241.60500000000002,57.68693804626008,56.439564578547625,61.37674441064271,47.535780854424914,47.85868669936466,46.43743250740829,False,2.849260046827361,-1.7754151619123206,-2.657163429586376,0.08685996855840727,2.470765690548774,4.873103767815081,129,114,15,1,2026-03-30
0022501095,DAL,213.80444444444444,60.01623264249782,55.22945448592691,50.0905432794246,47.41509894815616,51.23751169292812,53.208415851033294,True,MIN,248.51000000000002,59.33393022413584,57.89797392459056,62.48222472603383,56.7182822958164,49.702172280122866,57.217281352241976,False,0.6823024183619779,-2.668519438663651,-12.391681446609226,-9.303183347660244,1.535339412805257,-4.008865501208682,94,124,-30,0,2026-03-30
0022501096,UTA,248.30925925925928,45.26757209871203,49.07098712030249,46.417298321239194,46.154539291653926,52.78077897186155,41.74191120936263,True,CLE,215.38166666666666,62.90269134636962,67.59240263408368,65.80814213527923,59.3608462496808,46.55986195049099,44.53785229348744,False,-17.63511924765759,-18.521415513781193,-19.390843814040032,-13.206306958026872,6.2209170213705605,-2.795941084124813,113,122,-9,0,2026-03-30
0022501097,OKC,241.7075925925926,60.99178545242529,71.07985567195134,58.918599302340375,67.5698107830015,45.0306153517297,55.27913275695382,True,DET,171.94333333333333,56.88292654556734,42.59112595234864,54.79611693775081,55.03953143477503,47.845074927786285,48.35150951858317,False,4.108858906857954,28.488729719602695,4.122482364589565,12.530279348226472,-2.814459576056585,6.92762323837065,114,110,4,1,2026-03-30
0022501098,LAL,242.55666666666667,69.93845149587038,60.560464221419046,62.82030178514986,45.7952773922245,59.10171575027142,72.16053430813417,True,WAS,230.39166666666665,47.906819546424565,48.06029008572359,51.063099793829345,44.53920570043766,50.052917133866245,44.28612312868515,False,22.031631949445817,12.50017413569546,11.757201991320514,1.2560716917868362,9.048798616405172,27.874411179449027,120,101,19,1,2026-03-30
0022501099,ORL,249.21833333333333,55.69411961399308,51.018822184028735,57.79492279192943,55.99654987928925,51.86489490473548,63.8128677365342,True,PHX,282.88222222222225,48.72138188645451,56.67061713944555,59.817928152273815,45.43235347258772,46.49844497513688,58.38013142464609,False,6.972737727538572,-5.651794955416811,-2.023005360344385,10.564196406701527,5.366449929598602,5.432736311888114,115,111,4,1,2026-03-31
0022501100,BKN,248.11333333333334,51.96410780019883,50.301362280678184,43.30439315366634,48.060454227906604,52.51333799070317,43.24761497862151,True,CHA,248.31333333333333,53.667560474669095,54.093030311166,55.86015316669799,41.222874996644016,50.0810904233898,57.669221060362375,False,-1.7034526744702632,-3.7916680304878128,-12.555760013031652,6.837579231262588,2.432247567313368,-14.421606081740862,86,117,-31,0,2026-03-31
0022501101,DET,247.105,61.47792908547648,46.155260584232074,55.73495005496988,52.05134659355335,51.756536694927256,47.60561771986268,True,TOR,223.20083333333335,56.02819247239967,46.35401674874272,65.17662307115042,49.58292270414164,56.272818575199466,51.83436199742001,False,5.449736613076816,-0.19875616451064815,-9.441673016180538,2.46842388941171,-4.51628188027221,-4.2287442775573325,127,116,11,1,2026-03-31
0022501102,HOU,251.41,58.97084045980669,48.84875104411122,53.63762181297482,64.05893958076449,64.06398512390119,53.21586054651764,True,NYK,269.94666666666666,57.98954546577102,58.32836177516547,62.634446310382295,48.10955991306925,43.46895559616714,53.124972341656765,False,0.9812949940356646,-9.479610731054251,-8.996824497407474,15.94937966769524,20.59502952773405,0.09088820486087457,111,94,17,1,2026-03-31
0022501103,LAL,240.01333333333335,69.46496583523137,60.17000305538581,62.240776901283255,46.1178309538359,58.69264485306372,71.35407746190839,True,CLE,243.84055555555557,67.30911638525174,61.12009418723072,65.57938293010231,58.98376557541016,55.25626308630639,39.83806720518205,False,2.155849449979627,-0.950091131844907,-3.3386060288190578,-12.865934621574262,3.4363817667573286,31.51601025672634,127,113,14,1,2026-03-31
0022501104,LAC,258.7583333333333,59.38144214357026,59.51501916202377,50.005784676822,54.574056874174744,48.108442240185504,45.38414899200918,True,POR,258.8566666666667,53.58847882354456,50.2705016933438,54.265175708564584,55.17782492241523,52.67079593597486,58.62971171982065,False,5.792963320025699,9.244517468679966,-4.259391031742581,-0.6037680482404895,-4.562353695789355,-13.245562727811468,104,114,-10,0,2026-03-31
0022501105,WAS,232.64,48.54827988881247,48.451151994497934,50.67149171824851,44.56780719853278,50.08531708505273,43.72534610825613,True,PHI,288.62166666666667,58.35896877688785,51.02319992146582,49.883029687075926,47.145896877688784,50.362294353045804,56.465776389719196,False,-9.810688888075376,-2.5720479269678833,0.7884620311725854,-2.578089679156001,-0.2769772679930753,-12.740430281463063,131,153,-22,0,2026-04-01
0022501106,MIA,224.5016666666667,55.40205343687129,54.14208209293175,59.94445698250198,52.70332217281238,49.68388579149374,52.61884530299672,True,BOS,259.64,61.56529489549633,59.99686424793303,56.24505212345299,55.508569557849334,55.39270592615416,55.57211877425037,False,-6.163241458625038,-5.854782155001281,3.6994048590489896,-2.8052473850369566,-5.708820134660414,-2.9532734712536524,129,147,-18,0,2026-04-01
0022501107,ORL,273.94166666666666,57.18970887962766,50.11050771149576,59.119550390898304,56.882421440087604,52.063292063395494,64.2297784518232,True,ATL,267.75166666666667,58.10444877405058,51.43961444373206,57.417159557052244,54.74621570983063,52.72765248893565,52.289634388118365,False,-0.9147398944229224,-1.3291067322363048,1.70239083384606,2.1362057302569752,-0.6643604255401527,11.940144063704828,101,130,-29,0,2026-04-01
0022501108,TOR,208.065,54.64656237233557,44.509032433774706,62.718712101186334,51.0252044633488,58.06100737750222,54.53775573687766,True,SAC,242.905,53.141827051728036,53.80849234611611,49.24323432343234,44.68675682537068,44.878675476695285,53.60169318887401,False,1.5047353206075371,-9.299459912341405,13.475477777753994,6.3384476379781205,13.182331900806936,0.9360625480036546,115,123,-8,0,2026-04-01
0022501109,CHI,203.45833333333334,57.37989842310055,56.54760434159328,57.90234200286709,46.08464058980135,42.07982715543723,38.054733214358855,True,IND,285.4580952380952,58.21054578939116,58.06491036963145,51.61605439544125,48.538313771348314,49.985565390299975,45.5373985698697,False,-0.8306473662906129,-1.5173060280381705,6.286287607425834,-2.453673181546961,-7.905738234862746,-7.482665355510846,126,145,-19,0,2026-04-01
0022501110,HOU,250.39833333333334,59.06826389952009,48.936039244137675,53.80050719187428,64.13460286610001,64.3683690652893,53.44940727773747,True,MIL,200.74277777777777,47.96589859327996,58.85027854883392,42.20174269449296,43.97752430556517,54.35097844948068,60.49762953694395,False,11.10236530624013,-9.914239304696245,11.598764497381325,20.157078560534842,10.017390615808623,-7.048222259206476,119,113,6,1,2026-04-01
0022501111,MEM,238.57,44.83123751240028,52.227877212837605,46.453569183049,45.91678193681798,50.18981710469324,48.28086328605544,True,DAL,252.77666666666667,61.00288133134651,50.900180660134765,53.60546925480991,48.67377197262405,54.80937190932707,43.92196493992821,False,-16.17164381894623,1.3276965527028395,-7.151900071760913,-2.7569900358060693,-4.619554804633829,4.3588983461272335,112,120,-8,0,2026-03-12
0022501112,UTA,246.06555555555556,45.55248398123355,49.40438433299166,46.04261556315164,45.98385005802428,52.89302444244758,41.26527372089053,True,DEN,252.28761904761905,63.5157204362368,61.572168953046784,65.80626250462436,42.75172809189814,48.67037206212108,59.23321917161819,False,-17.963236455003248,-12.167784620055123,-19.763646941472715,3.2321219661261438,4.222652380326501,-17.96794545072766,117,130,-13,0,2026-04-01
0022501113,GSW,231.59611111111113,48.68824390161992,48.07737824229441,57.74410000167916,60.71183837763539,59.01382291489254,43.35355959307898,True,SAS,246.18166666666667,59.108160640177644,55.93499177436717,58.92010236343079,45.927829719245274,47.928355076535624,49.42164538841264,False,-10.419916738557724,-7.857613532072762,-1.1760023617516353,14.784008658390114,11.08546783835692,-6.0680857953336655,113,127,-14,0,2026-04-01
0022501114,CHA,241.53,53.771073296622916,53.75841096344139,56.35130901613326,41.51075642777294,50.69477359610262,57.47753800206006,True,PHX,299.6433333333333,51.528611237804945,54.9242571724161,59.50453594829409,45.32722903896855,50.12987051272068,58.612022172584986,False,2.2424620588179707,-1.1658462089747061,-3.153226932160834,-3.816472611195607,0.5649030833819424,-1.134484170524928,127,107,20,1,2026-04-02
0022501115,DET,256.8433333333333,61.43996340181434,45.51847170129651,55.60496541341674,52.274670681219426,52.623880965050034,48.21796360946362,True,MIN,216.63833333333332,58.02496634175239,56.210768331243315,61.58196841125378,56.084894947800876,50.427479747351576,54.14274668243806,False,3.4149970600619497,-10.692296629946803,-5.97700299783704,-3.81022426658145,2.196401217698458,-5.924783072974442,113,108,5,1,2026-04-02
0022501116,OKC,265.16333333333336,63.57148172824295,66.73710857458924,60.672361060478444,68.46295365120868,48.295952180417096,54.46185491688928,True,LAL,269.43833333333333,67.58935934629446,59.19109567433488,63.348697599327,49.25761615211892,52.85310924577671,70.02173904975164,False,-4.017877618051507,7.546012900254361,-2.6763365388485525,19.205337499089758,-4.557157065359611,-15.559884132862365,139,96,43,1,2026-04-02
0022501117,GSW,256.54833333333335,50.8312111427996,49.69219315398658,56.192581644784276,60.45055967361576,60.57993295610313,45.95799642798786,True,CLE,274.1559523809524,64.52767046910213,63.304901971853006,64.54875466257909,57.94629768423429,51.94287062889995,41.74331359451369,False,-13.69645932630253,-13.612708817866427,-8.35617301779481,2.504261989381469,8.637062327203175,4.214682833474171,111,118,-7,0,2026-04-02
0022501118,POR,242.90777777777777,53.901998014792994,50.63530077715823,54.54217718658659,55.88630733200071,53.125167530429934,57.82481598648242,True,NOP,249.23666666666668,61.64248906661674,52.58785357959637,55.35085260328202,45.053690601971354,53.6704825400222,43.85042308854436,False,-7.740491051823746,-1.9525528024381416,-0.8086754166954293,10.832616730029358,-0.5453150095922652,13.97439289793806,118,106,12,1,2026-04-02
0022501119,LAC,258.40999999999997,59.628356100770105,59.680705726042596,49.99001457631929,54.3174522399804,48.31167524476607,44.6333177578765,True,SAS,235.18333333333334,59.05414641060165,54.660549216922966,58.49465098150379,43.872458365813905,45.47828786053433,49.9634596516171,False,0.5742096901684519,5.02015650911963,-8.504636405184499,10.444993874166492,2.8333873842317416,-5.330141893740603,99,118,-19,0,2026-04-02
0022501120,CHA,213.33833333333334,51.12817824582236,58.08945415341828,60.332161746209074,37.78263009460716,44.93852800324992,57.16897934652821,True,IND,192.865,61.5424009886017,61.24841296589152,46.8530949973643,47.130764178743334,53.60274976451577,52.766090121315756,False,-10.414222742779337,-3.1589588124732373,13.479066748844772,-9.348134084136177,-8.66422176126585,4.402889225212455,129,108,21,1,2026-04-03
0022501121,PHI,309.51,60.7116614433567,51.47133479801407,52.03243998578398,49.734328454654126,54.25694215588081,59.25042066114313,True,MIN,255.435,58.97929610272672,58.02022758562192,63.04599735092424,56.760862189337146,49.35374622376207,56.25004562167379,False,1.7323653406299755,-6.548892787607848,-11.013557365140258,-7.026533734683021,4.903195932118734,3.00037503946934,115,103,12,1,2026-04-03
0022501122,BKN,276.25333333333333,52.65569284231864,50.82524494425407,44.20058883150731,47.22719846517689,51.85195774409962,44.696572660729316,True,ATL,244.65166666666667,57.33838450586208,52.13745324985864,58.12729527014599,54.11851271535721,51.24047523349524,50.9358214902381,False,-4.682691663543437,-1.312208305604571,-13.926706438638682,-6.891314250180322,0.6114825106043824,-6.239248829508782,107,141,-34,0,2026-04-03
0022501123,NYK,296.1816666666667,57.7803318909003,59.18011074284364,59.78040842050768,47.71555407998469,40.09323500779364,53.124973221096624,True,CHI,227.67166666666665,57.6513883296853,55.15982225866196,59.952771901056344,49.36737260528685,50.39174249467435,45.86782197839202,False,0.12894356121500294,4.020288484181677,-0.17236348054866113,-1.6518185253021613,-10.298507486880709,7.257151242704602,136,96,40,1,2026-04-03
0022501124,HOU,246.03166666666667,59.07761737987657,49.028504460807895,54.38564005988389,64.44605640195368,64.17549637919238,53.29533528881784,True,UTA,242.6157142857143,45.96321833666017,50.08533728628263,45.72720518240683,46.109428981359905,53.61904766110624,41.46015956361863,False,13.114399043216402,-1.0568328254747357,8.658434877477063,18.33662742059378,10.556448718086145,11.835175725199207,140,106,34,1,2026-04-03
0022501125,MEM,250.78944444444443,44.123569129482235,53.678048872338685,47.08772033201823,46.676432421176685,49.002293203018915,53.889219303519155,True,TOR,244.70833333333334,55.95368159373404,48.06029967648561,62.829336284692666,48.37627856291503,56.49141154435552,51.126150346222765,False,-11.830112464251805,5.617749195853072,-15.741615952674437,-1.6998461417383481,-7.4891183413366065,2.7630689572963902,96,128,-32,0,2026-04-03
0022501126,MIL,202.74690476190474,46.26734293401226,58.98085391474475,43.17683130621453,45.03985440444749,49.33156644984305,53.06807824742385,True,BOS,250.985,62.44960256589039,60.39406206214182,56.232414951756745,56.191493515548736,55.13924470917916,55.365513939128846,False,-16.182259631878125,-1.4132081473970715,-13.055583645542214,-11.151639111101247,-5.807678259336107,-2.2974356917049974,101,133,-32,0,2026-04-03
0022501127,DAL,240.25577380952382,59.18464659562961,55.973617798690235,53.5898570149818,48.49240875981128,48.90590870790727,46.55694790999561,True,ORL,271.61833333333334,57.16713034834418,49.934487730946,58.893195721938255,56.99633063551184,51.9818354185714,63.94034206512757,False,2.017516247285428,6.039130067744232,-5.303338706956453,-8.503921875700556,-3.0759267106641275,-17.38339415513196,127,138,-11,0,2026-04-03
0022501128,SAC,238.455,53.88371949983575,54.498073710623245,46.637370433275315,44.16229966520587,45.76121280744795,55.72265960432033,True,NOP,214.1925,63.52316024137166,53.14327999346382,51.994259836362154,45.667066618423455,54.70566740976769,46.47417990503582,False,-9.639440741535914,1.3547937171594242,-5.356889403086839,-1.5047669532175831,-8.944454602319745,9.248479699284509,117,113,4,1,2026-04-03
0022501129,MIA,222.1440740740741,55.648283312965056,54.41114325204363,60.92255259766351,52.0299311091067,49.145772846784446,52.5585596890572,True,WAS,276.5589947089947,49.82145012449864,51.13397223819176,50.799274445112985,47.42627480765607,49.49676138064824,44.64662222929589,False,5.826833188466416,3.27717101385187,10.123278152550526,4.603656301450627,-0.3509885338637915,7.911937459761305,152,136,16,1,2026-04-04
0022501130,DEN,234.59041666666667,64.80945886181057,63.59310340540339,68.11446208551429,41.249789615588874,49.806027349085376,57.54665946642896,True,SAS,263.99333333333334,60.60866688552741,54.57085532462941,58.55861448521427,47.440519331296244,50.616400666683504,51.8135662038525,False,4.200791976283156,9.022248080773977,9.55584760030002,-6.19072971570737,-0.8103733175981276,5.73309326257646,136,134,2,1,2026-04-04
0022501131,PHI,266.54333333333335,58.67099220889661,50.464540474969674,50.12129672473519,47.477322636719485,50.573038155146754,56.964290234964665,True,DET,262.86,61.55172905729285,45.3106064064521,55.26008711861827,51.92228943163661,52.4196283192574,47.41403962989808,False,-2.8807368483962463,5.153934068517572,-5.138790393883085,-4.444966794917121,-1.8465901641106441,9.550250605066587,93,116,-23,0,2026-04-04
0022501132,BOS,274.245,62.24565139443442,60.12750764219341,57.53909521291789,54.88320540635806,57.19984502907983,54.91009354984208,True,TOR,245.46166666666667,55.78865742784006,48.029561981843734,62.32731723215438,48.52103315521093,56.42808653082287,50.89293536631546,False,6.456993966594361,12.097945660349673,-4.7882220192364855,6.362172251147129,0.7717584982569647,4.017158183526618,115,101,14,1,2026-04-05
0022501133,BKN,206.44166666666666,50.76060226859887,51.9179493803738,44.41904331328463,49.50426593468696,48.07826666128447,47.913665988173825,True,WAS,273.73,49.53730500858511,51.16506654976315,50.83193840645891,46.9568516421291,49.25970725410684,44.0251628182632,False,1.2232972600137657,0.7528828306106519,-6.412895093174278,2.5474142925578604,-1.1814405928223763,3.888503169910628,121,115,6,1,2026-04-05
0022501134,CHI,217.39333333333332,60.203672299058546,52.175816492379404,61.237688214909994,46.94772608788985,52.29774985433469,47.27969535141482,True,PHX,300.18,51.830713793945854,55.442362360361564,59.097929020365555,44.86507762009461,49.16590823283807,58.70811804493899,False,8.372958505112692,-3.2665458679821597,2.139759194544439,2.082648467795238,3.131841621496619,-11.428422693524169,110,120,-10,0,2026-04-05
0022501135,MIL,239.3438888888889,47.39642889473305,60.88871057218925,45.78833895441009,49.193023752434314,47.36811329119653,50.03371972845397,True,MEM,257.7403703703704,41.906875063766435,51.235076354470976,45.0405114822697,46.42270430048039,50.95681126140431,56.83933456139085,False,5.489553830966614,9.65363421771827,0.7478274721403864,2.770319451953924,-3.5886979702077824,-6.805614832936882,131,115,16,1,2026-04-05
0022501136,CLE,188.90708333333333,60.33911027687773,66.03996872360088,67.05149445163737,56.71084858737871,45.20111298102903,43.03704943211521,True,IND,199.22458333333333,55.14798207215893,57.50055757844476,44.49646378981844,48.80771512049843,52.825965461926344,50.38955576046796,False,5.191128204718801,8.539411145156116,22.555030661818925,7.903133466880284,-7.624852480897317,-7.352506328352746,117,108,9,1,2026-04-05
0022501137,MIN,229.37992063492064,57.113287929120155,55.855894134185775,61.87082455218295,55.74794741655125,49.172618761346584,53.34730786710004,True,CHA,242.04166666666666,53.50112859356172,53.66968015148907,56.339475296953005,41.72792976415907,50.566668961955585,58.02383053253436,False,3.612159335558438,2.1862139826967066,5.531349255229948,14.020017652392177,-1.3940502006090014,-4.6765226654343195,108,122,-14,0,2026-04-05
0022501138,NOP,183.76166666666666,60.467501383132145,48.261564345120945,50.078001396736724,44.96594683330764,56.387894646144915,48.13082245476618,True,ORL,253.56,57.670713046221806,50.385342062365254,60.009792554030604,57.13887705736972,53.983636351685334,62.04737399806867,False,2.796788336910339,-2.123777717244309,-9.93179115729388,-12.172930224062078,2.4042582944595807,-13.91655154330249,108,112,-4,0,2026-04-05
0022501139,OKC,271.4,63.25795566199952,67.77865696389094,61.82726971260133,69.88310120363548,47.66178457381479,53.64080335736583,True,UTA,241.1225,46.55799023318023,50.79621907260141,45.58003988290876,46.1509910246175,54.32511137146748,41.97603231900708,False,16.69996542881929,16.98243789128953,16.24722982969257,23.73211017901798,-6.663326797652687,11.66477103835875,146,111,35,1,2026-04-05
0022501140,DAL,288.0565740740741,59.700993214103065,53.92914528428218,51.09550638040174,48.593221753314275,53.05313462408201,49.61082720293494,True,LAL,172.54666666666668,63.70287458465343,55.59564852020709,53.68847461556293,47.145402210030134,60.32285372073256,66.54200262403232,False,-4.001881370550365,-1.666503235924914,-2.5929682351611945,1.4478195432841403,-7.269719096650547,-16.93117542109738,134,128,6,1,2026-04-05
0022501141,SAC,238.41,52.560708443437775,52.681561176125165,50.496879325531644,45.21763278945234,44.48658543405618,53.1225823408822,True,LAC,256.86333333333334,59.65019335833582,59.67578868139996,50.10178369820527,54.31094486043161,48.325904826172156,45.16868044654719,False,-7.089484914898044,-6.994227505274793,0.39509562732637704,-9.093312070979273,-3.839319392115975,7.953901894335004,109,138,-29,0,2026-04-05
0022501142,GSW,243.49,52.29955987241091,56.85276671184306,63.172775062630905,60.28016071844155,59.16556874341177,41.577738391536265,True,HOU,245.55666666666667,59.083948036434215,48.953378717743355,55.01669811448817,64.5410156515129,63.72214627988108,52.796875805991824,False,-6.784388164023305,7.899387994099705,8.156076948142733,-4.260854933071343,-4.556577536469312,-11.21913741445556,116,117,-1,0,2026-04-05
0022501143,ATL,253.195,57.91230672011691,51.57768584161088,57.01898470875544,54.83733551873721,52.80531671899787,50.44639270435123,True,NYK,288.9266666666667,57.45588615334918,58.626200996792726,59.97115473361176,47.848816885484204,40.27537148988209,53.18011200136684,False,0.4564205667677328,-7.048515155181846,-2.952170024856322,6.988518633253008,12.529945229115782,-2.733719297015604,105,108,-3,0,2026-04-06
0022501144,ORL,262.72,54.89865890174583,49.726511114494514,58.958551563134385,58.66006014007308,51.546120077141694,62.91237391333995,True,DET,237.26166666666666,61.873244729799026,40.79216195901852,54.20457301010839,53.36128114528966,56.63670630878707,48.77122794858014,False,-6.974585828053193,8.934349155475992,4.753978553025995,5.298778994783419,-5.090586231645375,14.141145964759808,123,107,16,1,2026-04-06
0022501145,MEM,255.12833333333333,44.51917531699733,53.59494045480379,44.60329311392306,46.73232817470946,49.97748061433135,56.54703940704226,True,CLE,166.67444444444445,64.76700087329257,60.37202163899018,57.92729272633944,58.04957401987907,53.98944649249702,32.70964513214063,False,-20.247825556295247,-6.777081184186386,-13.32399961241638,-11.317245845169609,-4.011965878165668,23.837394274901634,126,142,-16,0,2026-04-06
0022501146,SAS,263.06,60.72510327175042,54.53152829519248,58.655596315162576,47.47744367571403,50.63401188575483,51.982059350116295,True,PHI,290.4133333333333,61.749615490565176,49.73860704283551,51.50606721454479,50.59258929801204,55.72522668839815,59.65050105536211,False,-1.0245122188147562,4.792921252356969,7.149529100617784,-3.1151456222980087,-5.0912148026433215,-7.668441705245819,115,102,13,1,2026-04-06
0022501147,DEN,235.13,65.60134748153504,63.875371071322256,67.95360368023363,41.637366563177814,49.919681311047796,58.40828445677592,True,POR,231.80380952380952,53.74082362342539,49.60156895815016,54.435400215288794,57.38653592528986,55.729692289045744,59.89702160814022,False,11.860523858109651,14.273802113172096,13.518203464944833,-15.749169362112049,-5.810010977997948,-1.4887371513643046,137,132,5,1,2026-04-06
0022501148,WAS,268.41833333333335,49.54088829004477,50.82629539711023,50.71460655320364,47.20150945973636,49.24266350410739,44.07739807227322,True,CHI,208.06166666666667,58.91270376571048,55.719141760856154,63.48133726379198,44.385102173233896,42.07885562773857,37.38579988304749,False,-9.371815475665713,-4.8928463637459245,-12.766730710588341,2.8164072865024607,7.163807876368821,6.691598189225729,98,129,-31,0,2026-04-07
0022501149,BOS,270.75,62.21753216374269,60.20482240689443,57.36496029547553,55.089660203139424,57.08321206525084,55.060513764276294,True,CHA,223.19666666666666,52.81956570438627,51.92684329216386,54.54736405860302,43.50041368598694,53.3181678340477,57.1961360964907,False,9.397966459356418,8.27797911473057,2.817596236872504,11.589246517152482,3.7650442312031416,-2.1356223322144032,113,102,11,1,2026-04-07
0022501150,BKN,213.82666666666668,50.71170964020702,51.87324546361538,44.75485284030679,49.24078848911891,48.18264715969321,47.7179361743439,True,MIL,206.50064814814814,43.22921657047978,56.9530306379632,48.0206559301446,50.5561225482657,47.4932354709675,47.69709848067505,False,7.482493069727241,-5.079785174347819,-3.26580308983781,-1.3153340591467853,0.6894116887257127,0.020837693668845247,96,90,6,1,2026-04-07
0022501151,TOR,273.615,55.54343329130347,50.8825783186838,65.70741613824778,46.342247927440624,52.98770717979643,48.03751807387059,True,MIA,241.88,56.40637919629569,56.38598478584422,58.28104087426272,51.878876577917424,46.45187971997134,52.27728626650596,False,-0.8629459049922161,-5.503406467160424,7.426375263985058,-5.5366286504768,6.535827459825093,-4.239768192635374,121,95,26,1,2026-04-07
0022501152,IND,203.69907407407408,55.32258869519762,57.04489320211823,44.24734971249347,48.436542012318455,53.135625264210546,50.07320196990123,True,MIN,235.41875,56.72863425987381,56.22088211608747,62.22106742418209,55.83414500756631,48.351511933522715,52.864803586153315,False,-1.406045564676191,0.8240110860307581,-17.97371771168862,-7.397602995247858,4.7841133306878305,-2.7916016162520876,104,124,-20,0,2026-04-07
0022501153,NOP,165.88333333333333,59.07070330553602,51.998820456143875,52.159508690846984,45.93947854918115,51.77830905254697,50.03497755532876,True,UTA,226.06055555555557,46.80456195365549,51.55163586944501,44.66818010906615,45.29970927160618,55.159552627245894,43.243553257835146,False,12.266141351880535,0.4471845866988673,7.491328581780834,0.6397692775749704,-3.381243574698921,6.791424297493613,156,137,19,1,2026-04-07
0022501154,GSW,237.37333333333333,52.84604209964613,56.63636395551312,63.93381944054373,60.67593734202101,58.99901491321687,41.04947791587133,True,SAC,233.21,53.13441247516544,56.31721409888083,48.77713648642853,43.917380615468176,45.43815874104884,53.63473086132136,False,-0.2883703755193139,0.31914985663228634,15.156682954115198,16.758556726552833,13.56085617216803,-12.58525294545003,110,105,5,1,2026-04-07
0022501155,LAL,150.41333333333333,58.62952198386668,53.21118362733801,46.86098085276128,47.54158873326833,58.5183028986792,61.2682095075506,True,OKC,249.82500000000002,62.38760999366223,67.32591947696721,59.87023850028353,68.8933219920611,49.26327562627172,56.52624747264606,False,-3.75808800979555,-14.114735849629206,-13.009257647522247,-21.351733258792777,9.255027272407482,4.741962034904539,87,123,-36,0,2026-04-07
0022501156,LAC,257.9866666666667,59.46430694092717,59.255566825158915,50.093369166365186,54.26455113959377,48.32886841697245,44.843589555480754,True,DAL,238.4914814814815,55.457998577478506,54.971312431378095,50.36977281586267,46.91642305727202,51.835665844109656,51.52055418719977,False,4.006308363448667,4.28425439378082,-0.27640364949748175,7.34812808232175,-3.506797427137208,-6.6769646317190166,116,103,13,1,2026-04-07
0022501157,PHX,293.26166666666666,51.69712770733759,55.399311195348865,59.350425388020945,44.84933819058065,49.2033457037799,58.41022899214572,True,HOU,247.97833333333332,59.102411501004795,48.86077748728047,54.859375483073116,64.51516127080995,63.05806286839576,52.14827639511517,False,-7.405283793667202,6.5385337080683925,4.491049904947829,-19.665823080229302,-13.854717164615856,6.26195259703055,105,119,-14,0,2026-04-07
0022501158,CLE,285.10083333333336,62.464339809599515,64.3614349893751,63.91326051309331,58.873385439654385,50.94369068253629,40.38878035200124,True,ATL,253.64666666666668,57.811964149604435,51.494151312849894,57.22324230556943,55.182328435881935,53.018962073225225,50.69306673631907,False,4.65237565999508,12.867283676525204,6.6900182075238845,3.6910570037724497,-2.0752713906889326,-10.304286384317827,122,116,6,1,2026-04-08
0022501159,ORL,281.1878571428571,55.96583372072052,49.21555882400259,60.384733050011484,58.83681947926695,51.715182529219156,63.782529922363764,True,MIN,160.57666666666668,47.08980445477757,58.25025117804579,57.34591576194133,64.59795321030452,40.91684242210366,50.9822783474241,False,8.876029265942947,-9.034692354043194,3.038817288070156,-5.7611337310375745,10.798340107115493,12.800251574939665,132,120,12,1,2026-04-08
0022501160,DET,288.6766666666667,62.1273489371038,45.40434396037088,55.823015368982595,50.89233225176957,54.81598097063612,53.38566681036197,True,MIL,232.90833333333333,43.30651543883502,64.0741421875559,44.71546173387242,50.357891874485674,40.94976850692332,50.753946465947855,False,18.820833498268776,-18.669798227185026,11.107553635110179,0.534440377283893,13.866212463712799,2.631720344414113,137,111,26,1,2026-04-08
0022501161,SAS,198.29666666666665,59.53607305552286,57.999959656407064,56.222423473247154,45.34191279059994,46.73401721326631,44.96217387757155,True,POR,249.28166666666667,53.45623023487487,49.8514819247304,54.063465022832276,57.115435016614406,55.70092599402283,59.220840875542066,False,6.07984282064799,8.148477731676664,2.158958450414879,-11.773522226014464,-8.966908780756519,-14.258666997970515,112,101,11,1,2026-04-08
0022501162,DEN,238.06333333333333,66.23147551771939,64.2348289670816,67.90897380248954,41.82987090270096,50.208462033912554,59.011929980768656,True,MEM,273.1508333333333,45.100708704897485,52.82240032216633,45.487359954766546,47.63866545040744,50.41001502019133,57.38486181904399,False,21.130766812821903,11.412428644915266,22.421613847722995,-5.808794547706476,-0.20155298627877727,1.6270681617246652,136,119,17,1,2026-04-08
0022501163,LAC,225.97166666666666,59.6748146891572,57.47206729457233,45.66898136197016,55.418551735837084,53.46472935397506,47.34229521141485,True,OKC,264.75333333333333,63.33237101201117,67.42114420970464,61.6781469543978,69.71659972804875,48.12712398962556,53.61174059476157,False,-3.6575563228539707,-9.94907691513231,-16.009165592427642,-14.298047992211664,5.3376053643495,-6.269445383346721,110,128,-18,0,2026-04-08
0022501164,PHX,239.99095238095236,47.40461396362165,53.42670557024967,60.19138836583125,45.62473158710348,47.4407500481169,59.63371163082932,True,DAL,232.16500000000002,56.9010531303168,52.76384109002935,50.13810077602854,48.88201207474569,54.682898656846056,47.68914609600145,False,-9.496439166695147,0.6628644802203212,10.053287589802714,-3.2572804876422055,-7.24214860872916,11.944565534827866,112,107,5,1,2026-04-08
0022501165,TOR,270.75666666666666,55.165335418026025,51.17403449591885,65.47843389513339,46.363141566227974,52.5862884262622,47.35596585010068,True,MIA,242.64666666666668,57.01543533807731,55.88461549028766,58.772819875264446,50.80069717284392,46.57918853202187,52.1555932783629,False,-1.850099920051285,-4.710580994368804,6.705614019868946,-4.437555606615945,6.0070998942403335,-4.7996274282622196,128,114,14,1,2026-04-09
0022501166,WAS,264.36,49.571168104100465,50.746443612245926,50.53268144449488,47.27467972966157,49.578307358652346,44.13054787645297,True,CHI,212.695,58.52099876975638,55.495104100550876,63.3491791845914,44.36529772679189,41.864958430303176,36.98350969810337,False,-8.949830665655917,-4.7486604883049495,-12.816497740096523,2.909382002869684,7.71334892834917,7.147038178349604,108,119,-11,0,2026-04-09
0022501167,BKN,226.99666666666667,51.10949206302589,48.52010749056521,46.547267213909166,45.70931144363354,52.18013406951644,53.33883244734616,True,IND,206.595,55.68595480690885,57.12349121066176,43.954372080640866,48.389748057794236,53.334622490057036,49.84338079272632,False,-4.5764627438829635,-8.603383720096552,2.5928951332683,-2.6804366141606977,-1.154488420540595,3.495451654619835,94,123,-29,0,2026-04-09
0022501168,NYK,278.6516666666667,58.657948693410525,59.280113762104406,59.51579391235174,47.298757110131525,40.70358811180027,53.87122719007713,True,BOS,231.68333333333334,61.22955111143083,62.67669304366592,56.352535788792174,55.750412200561115,57.69486439824473,53.88869802930341,False,-2.571602418020305,-3.3965792815615146,3.163258123559565,-8.45165509042959,-16.99127628644446,-0.01747083922628434,112,106,6,1,2026-04-09
0022501169,HOU,248.30666666666667,59.08935456156365,49.017584438597424,54.91910205122698,64.5376986790528,63.05559858776781,52.10985005101219,True,PHI,243.92666666666668,59.289587717620044,50.19968501462188,49.85963677608024,46.991183825739974,51.94947388559403,58.10610500687341,False,-0.2002331560563917,-1.1821005760244532,5.059465275146742,17.54651485331282,11.10612470217378,-5.996254955861225,113,102,11,1,2026-04-09
0022501170,GSW,219.35666666666668,47.72607549348853,47.57707614691446,59.5187647210783,62.20329220295713,58.31100262889965,41.41893739285632,True,LAL,178.06833333333333,58.50885615072865,58.36346159245982,57.826008741962355,44.53129603803783,56.0198453777108,68.3878874225902,False,-10.782780657240117,-10.786385445545363,1.6927559791159439,17.6719961649193,2.2911572511888494,-26.968950029733875,103,119,-16,0,2026-04-09
0022501171,CHA,244.88333333333333,53.66183965153474,53.56343020485946,56.43647927584564,41.724387123119854,50.910645205199756,57.638173560674076,True,DET,306.21500000000003,61.720219453651836,46.57400519243015,56.49871332233887,50.5336784067839,53.415757447109605,51.03531942497689,False,-8.058379802117095,6.989425012429308,-0.06223404649323072,-8.809291283664045,-2.505112241909849,6.602854135697186,100,118,-18,0,2026-04-10
0022501172,WAS,257.6933333333333,49.660845578724064,50.752616805505255,50.305062865421434,47.452506208930515,49.8704222072748,43.65310946614672,True,MIA,246.61833333333334,57.1586418960472,55.750710612214554,58.693705523379585,51.04916774232789,46.383985375512765,52.34584388586103,False,-7.497796317323136,-4.998093806709299,-8.388642657958151,-3.5966615333973735,3.4864368317620347,-8.692734419714313,117,140,-23,0,2026-04-10
0022501173,ATL,251.77166666666668,57.834321442047354,51.4306686614194,57.62768844786612,55.3783375148117,53.11890800526932,50.88090823343192,True,CLE,218.85833333333332,57.581226059475306,63.4435433880364,62.5913878840955,57.77558390130602,53.99858508167384,38.85994790441974,False,0.2530953825720488,-12.012874726617,-4.963699436229376,-2.3972463864943236,-0.8796770764045192,12.020960329012176,124,102,22,1,2026-04-10
0022501174,BOS,235.95000000000002,60.02639471639472,59.95790774881683,54.92957547503001,55.78810270537543,55.80946881401427,53.43264927242997,True,NOP,125.81119047619048,49.64980990032305,49.70685834971906,46.973781384425266,41.98401327007402,41.70732749566149,48.81967974515904,False,10.37658481607167,10.251049399097766,7.955794090604748,13.804089435301407,14.102141318352778,4.612969527270927,144,118,26,1,2026-04-10
0022501175,IND,213.61833333333334,55.893108425462856,57.1029281194654,43.762571096425866,48.47931747431166,53.46286367431009,49.028924525673645,True,PHI,252.165,58.94144045895875,49.40657043338026,50.45365534471477,48.151940197886304,51.395972213960434,56.40570535188658,False,-3.048332033495896,7.696357686085143,-6.691084248288902,0.3273772764253522,2.066891460349659,-7.376780826212936,94,105,-11,0,2026-04-10
0022501176,NYK,231.10000000000002,60.44483484782921,60.8194829078321,62.407459252848696,44.67308163854031,39.178039809606226,56.34473848637964,True,TOR,221.085,55.82073712222298,48.13642415059065,63.773566727729154,48.26869529818848,56.177244046407495,49.0628270370992,False,4.624097725606234,12.683058757241454,-1.366107474880458,-3.5956136596481727,-16.99920423680127,7.281911449280443,112,95,17,1,2026-04-10
0022501177,CHI,218.79666666666665,54.18436600191959,51.264792272886545,57.17860037477719,46.98429896860099,43.17639436920123,34.1683538532188,True,ORL,274.7444047619048,56.07478405253714,49.21781274630576,60.24349332474816,58.75945660317186,51.99117976751552,63.579557001009285,False,-1.8904180506175479,2.0469795265807846,-3.064892949970968,-11.775157634570874,-8.814785398314285,-29.411203147790488,103,127,-24,0,2026-04-10
0022501178,HOU,246.89333333333335,59.57913066371442,48.796034049792084,54.97977534157801,64.61643017227412,63.67529364907923,52.640778068801644,True,MIN,193.22031746031746,53.06991036632252,61.417257460847395,63.365020192427764,58.20155526054639,35.15765644613271,58.539558049254055,False,6.509220297391906,-12.621223411055311,-8.385244850849752,6.414874911727729,28.517637202946517,-5.89877998045241,132,136,-4,0,2026-04-10
0022501179,MIL,200.74444444444447,50.25034897880112,59.05859688935628,43.86316931421929,47.29373083522444,48.39146980683012,51.22352126985724,True,BKN,241.03166666666667,51.27494865819844,48.6594562263603,47.11859783292652,45.49206120910807,50.81978647342327,50.15899369326559,False,-1.024599679397319,10.399140662995983,-3.2554285187072267,1.8016696261163645,-2.4283166665931475,1.0645275765916438,125,108,17,1,2026-04-10
0022501180,SAS,230.63,61.10077179898539,57.242941074448254,56.594222347482976,49.102795964676474,52.16047420832792,47.462124073612614,True,DAL,233.50666666666666,56.82244118654714,52.91410309484383,49.900137041055224,48.85431750699481,54.50935733455148,48.01934714422803,False,4.278330612438253,4.3288379796044225,6.694085306427752,0.24847845768166366,-2.348883126223562,-0.5572230706154144,139,120,19,1,2026-04-10
0022501181,UTA,245.8683333333333,49.61135499352635,52.67397387490595,45.588274889676725,44.210124660217865,55.40481490770806,44.37298264499121,True,MEM,281.6278571428571,42.99784644883446,50.525404049754954,47.42151513691236,46.18640619967079,48.3960733812013,54.353988187901,False,6.613508544691889,2.148569825150993,-1.8332402472356364,-1.976281539452927,7.0087415265067605,-9.981005542909791,147,101,46,1,2026-04-10
0022501182,DEN,134.5625925925926,57.97905944913423,62.01655198324338,55.6069440354069,35.01318483206218,41.448614440753175,49.29956417123807,True,OKC,141.85037037037037,52.00890792593134,73.38355779172629,53.546746702315424,63.10293253715444,39.245206085703245,53.332455632464644,False,5.970151523202894,-11.367005808482908,2.060197333091473,-28.089747705092257,2.2034083550499304,-4.032891461226576,127,107,20,1,2026-04-10
0022501183,POR,237.96041666666667,53.520515491897285,49.88813335551256,54.47728876476304,57.33484735731608,55.65806287810473,59.00216775572455,True,LAC,253.525,59.67667488413372,59.05795417940374,49.9817105479407,54.158975117509776,48.72312263747823,44.31258068993366,False,-6.156159392236432,-9.169820823891179,4.495578216822338,3.175872239806303,6.934940240626503,14.689587065790889,116,97,19,1,2026-04-10
0022501184,SAC,220.30666666666667,51.11072141862857,54.1643655813109,46.49210116201658,46.15067784300672,46.879235762270774,52.995963311830685,True,GSW,256.3333333333333,52.01653185955787,57.54973732119637,63.18464759427829,60.33881859557868,59.85791027308193,38.503240340230725,False,-0.9058104409293009,-3.385371739885464,-16.692546432261707,-14.188140752571961,-12.978674510811153,14.49272297159996,124,118,6,1,2026-04-10
0022501185,LAL,213.05333333333334,57.43740690906815,57.634098660742225,59.30534451467551,47.67465658051192,49.43888932348708,67.00754373018461,True,PHX,223.51625,51.663386890214916,56.591575183758074,53.92485781235145,45.42728996213921,50.015124925667216,55.92477031332282,False,5.774020018853236,1.042523476984151,5.380486702324063,2.247366618372709,-0.5762356021801338,11.08277341686179,101,73,28,1,2026-04-10
0022501186,BOS,170.41541666666666,55.84177170003692,57.70033129827358,47.258855688428035,54.02728797521743,61.233713205720335,53.245215022003144,True,ORL,267.94828703703706,56.10644461695638,49.12663449259401,60.038448667627435,58.87651161958939,52.045702572169205,63.568039825576626,False,-0.2646729169194586,8.573696805679575,-12.7795929791994,-4.849223644371953,9.18801063355113,-10.322824803573482,113,108,5,1,2026-04-12
0022501187,CLE,141.69166666666666,51.22811739104864,61.002240781038644,59.744803858142674,52.65067576310063,48.682570134682116,31.988717130132482,True,WAS,237.43333333333334,50.097268005054055,51.624369647620384,49.25567176751369,47.974309981749265,50.97978941457251,41.05531312830039,False,1.130849385994587,9.37787113341826,10.489132090628985,4.676365781351365,-2.297219279890392,-9.066595998167909,130,117,13,1,2026-04-12
0022501188,IND,232.62333333333333,55.84554788141058,56.2388388954963,47.30064410276986,48.70296401908665,52.90941579377248,46.983393275545126,True,DET,271.52666666666664,58.917100837241286,48.89880613322203,56.35796606840335,51.726497704338435,48.79559588990646,51.283226126002724,False,-3.071552955830704,7.340032762274269,-9.057321965633491,-3.0235336852517847,4.113819903866023,-4.299832850457598,121,133,-12,0,2026-04-12
0022501189,MIA,236.41666666666666,57.949314064152276,54.15932675361297,58.49097426859359,52.373493831512164,48.216095170955235,53.61190362423942,True,ATL,137.05666666666667,50.13023080477661,51.97872534474791,54.365694238392884,60.81014908675243,47.223535277379185,60.97225003097577,False,7.819083259375667,2.1806014088650656,4.125280030200706,-8.436655255240268,0.9925598935760505,-7.360346406736355,143,117,26,1,2026-04-12
0022501190,NYK,100.23833333333333,46.50098930881399,57.22448331476647,66.7028132949803,43.50629167151622,26.979084847779458,42.097911624506345,True,CHA,262.5183333333333,52.647823961501096,52.822300029839184,55.5149564157424,42.17178482772632,51.75503996546273,56.64073009037656,False,-6.1468346526871045,4.40218328492729,11.187856879237906,1.334506843789903,-24.77595511768327,-14.542818465870212,96,110,-14,0,2026-04-12
0022501191,PHI,246.10999999999999,59.17740373545705,49.62226985223409,50.99512616309781,48.41854793926835,51.04913927376648,56.7078945487299,True,MIL,239.55857142857144,43.93143191942322,58.01100675249914,46.93939567418645,49.29353602757453,50.92581325175471,51.20652272927298,False,15.24597181603383,-8.388736900265052,4.055730488911358,-0.874988088306182,0.12332602201176712,5.501371819456914,126,106,20,1,2026-04-12
0022501192,TOR,267.4816666666667,55.85427973256734,50.31515555583248,65.82860569883294,46.949152901444954,53.33394562867236,48.23271377824287,True,BKN,243.92,52.77630780583798,47.144151087788345,47.393183557450534,47.274780665792065,53.95679867716191,47.16055059722773,False,3.0779719267293615,3.1710044680441385,18.43542214138241,-0.3256277643471108,-0.6228530484895529,1.072163181015135,136,101,35,1,2026-04-12
0022501193,DAL,233.225,55.52752492228535,56.2093086075678,50.63300818237039,46.715935255654415,49.802204594990535,51.032682869075515,True,CHI,209.38,54.95142006559047,46.31531107714841,57.0081765211577,46.12310790588085,45.74894052281339,35.59094617214543,False,0.576104856694883,9.89399753041939,-6.3751683387873115,0.5928273497735645,4.053264072177143,15.441736696930086,149,128,21,1,2026-04-12
0022501194,HOU,142.24833333333333,53.82077352985976,43.30426132702199,52.22919424949326,73.87630552203306,60.04867192351404,38.88971751280038,True,MEM,277.74569444444444,43.047829224275404,50.69306984956763,47.77605253406768,46.186667560103196,48.10366037277306,54.501271887840424,False,10.772944305584353,-7.388808522545638,4.453141715425581,27.68963796192987,11.945011550740986,-15.611554375040043,132,101,31,1,2026-04-12
0022501195,MIN,143.78982142857143,47.40912550519132,67.43918856432731,66.40349501525249,53.150754677068754,24.96455449815351,45.74425585705059,True,NOP,142.05375,49.15204632049488,49.583720950696474,47.897366313807275,43.095425733803815,42.87969987886041,48.390412345254596,False,-1.7429208153035631,17.855467613630836,18.506128701445213,10.05532894326494,-17.915145380706896,-2.6461564882040065,132,126,6,1,2026-04-12
0022501196,OKC,148.67833333333334,52.29959756521349,71.52026074187002,52.78685641261336,62.45548667705449,41.28031768807381,54.44931933977567,True,PHX,184.48814814814816,50.295625534511906,46.34466913462272,55.35567435828458,50.74379895928274,58.69717215599517,55.67435878875993,False,2.0039720307015827,25.1755916072473,-2.5688179456712206,11.711687717771746,-17.41685446792136,-1.225039448984262,103,135,-32,0,2026-04-12
0022501197,SAS,212.575,57.802161590027055,55.545111137245684,58.92898506409503,41.02338155160924,42.026880708769454,48.44347240736326,True,DEN,122.72666666666667,58.51243413547721,51.240519582812745,60.16104079526318,51.359044489108584,58.083865228964086,52.11743254835392,False,-0.7102725454501524,4.304591554432939,-1.2320557311681526,-10.335662937499343,-16.056984520194632,-3.6739601409906584,118,128,-10,0,2026-04-12
0022501198,LAL,221.54333333333332,56.94246798970856,57.40819328047184,58.80311225794804,47.40595067932534,49.606630004664254,66.494639553661,True,UTA,217.40166666666667,43.99548148204936,51.058964589354574,44.156912320512724,47.837094931808245,52.183558850361464,48.276259756891875,False,12.946986507659204,6.349228691117268,14.646199937435313,-0.4311442524829019,-2.5769288456972106,18.218379796769128,131,107,24,1,2026-04-12
0022501199,LAC,217.33166666666665,57.73682543577788,57.035059317939556,48.27185407863558,51.85694982323484,46.441181297402586,45.99571264616283,True,GSW,271.6666666666667,52.67282147239263,55.37040674846625,60.68718588957054,60.70647239263803,58.49262392638036,40.48237959494851,False,5.064003963385254,1.6646525694733043,-12.415331810934966,-8.849522569403184,-12.051442628977775,5.5133330512143175,115,110,5,1,2026-04-12
0022501200,POR,250.30462962962963,53.324253335750136,49.80380839643546,54.362257175515765,56.82900007028473,55.1557090064329,59.093674267499146,True,SAC,214.76166666666668,49.77705130493492,53.75239373879571,43.119753680436446,48.300609978503296,50.48602869847971,53.94137825463026,False,3.547202030815214,-3.9485853423602535,11.242503495079319,8.528390091781432,4.669680307953193,5.152296012868888,122,110,12,1,2026-04-12
0022501201,ORL,237.89333333333332,56.09146956619214,51.71438669992153,61.8093284104921,58.24346906176437,51.536896087882525,69.26808568366268,True,MIA,256.92565476190475,57.45658691797771,58.69628341161319,55.714083863893364,54.46833077291444,48.32255300831651,48.69446539213362,False,-1.365117351785571,-6.981896711691654,6.095244546598735,3.7751382888499307,3.2143430795660137,20.573620291529053,117,108,9,1,2025-12-09
0022501202,TOR,213.21583333333334,55.7524026905444,48.45200207927022,62.03261483864159,51.506865890979014,55.93532844261879,53.40095083522803,True,NYK,251.76444444444445,60.89810073790315,55.04405308312885,61.48800995639663,47.281508067505776,49.66433946193091,58.8970311506257,False,-5.145698047358749,-6.592051003858629,0.5446048822449612,4.225357823473239,6.270988980687882,-5.49608031539767,101,117,-16,0,2025-12-09
0022501203,OKC,256.8522222222222,62.30892082347393,68.34416417568251,61.21211288808524,71.95574865789666,48.76424381507741,53.653807208110116,True,PHX,244.9,47.715789437865794,55.35694773376889,54.3025282428202,47.83389206478835,55.04782836531918,52.523710769174194,False,14.593131385608139,12.987216441913617,6.909584645265035,24.121856593108312,-6.28358455024177,1.1300964389359223,138,89,49,1,2025-12-10
0022501204,LAL,267.1257142857143,66.87837312198288,58.133979631491506,59.303027556135504,48.74816476636647,51.946590512047116,66.76824581778834,True,SAS,277.8666666666667,60.80399052303263,54.97982605566219,58.93204654510556,42.99206573896353,47.456097048944336,51.25270178290029,False,6.074382598950244,3.1541535758293193,0.3709810110299472,5.756099027402939,4.49049346310278,15.515544034888052,119,132,-13,0,2025-12-10
0022501205,HOU,257.28333333333336,59.53794649219407,46.801543045928604,55.36664636911317,63.06948370797434,62.94027531256073,53.90723003174192,True,LAC,259.41833333333335,58.3056543163873,58.11152642771328,57.02206474741569,57.82030375648084,59.31667705315096,59.75070202038817,False,1.2322921758067693,-11.309983381784676,-1.655418378302521,5.2491799514935025,3.6235982594097678,-5.84347198864625,115,113,2,1,2025-12-11
0022501206,MIL,219.96333333333334,55.743046568367454,56.84937565351801,49.68182727424268,53.18462092166877,52.78952704238585,51.03544151297943,True,BOS,250.22833333333335,59.82479135722706,61.13236444047769,54.274897593531236,57.344998234945415,48.54843642806237,52.62032864175086,False,-4.081744788859609,-4.282988786959677,-4.593070319288557,-4.160377313276648,4.2410906143234826,-1.5848871287714275,116,101,15,1,2025-12-11
0022501207,NOP,298.762619047619,54.95292551898585,55.67330250246453,51.333360774559836,43.863204662405174,44.974534648068264,43.4756380066519,True,POR,257.71819444444446,56.129669896759545,46.02983550615956,49.82757199805343,52.58130753282952,54.950587932232175,59.2574120850582,False,-1.1767443777736943,9.643466996304973,1.5057887765064066,-8.718102870424346,-9.97605328416391,-15.7817740784063,143,120,23,1,2025-12-11
0022501208,SAC,203.75425925925924,56.89959737265206,49.91162902297885,55.642475094817385,49.27068845641037,52.45746591982172,56.37002359834701,True,DEN,239.35,59.7105375670218,57.61942552747023,58.26961284033145,47.42462850776408,48.34848478518209,52.584786574751064,False,-2.810940194369742,-7.707796504491377,-2.6271377455140623,1.8460599486462854,4.1089811346396345,3.785237023595947,105,136,-31,0,2025-12-11
0022501209,CHA,211.985,50.08430392087491,47.95326005770849,50.37601402614964,45.55614076467675,57.887907949461834,54.372672016014405,True,CHI,262.8390476190476,57.169234476286405,56.44390519637222,59.09467617335976,46.80174667821335,53.60782082824542,42.886820107181286,False,-7.084930555411496,-8.49064513866373,-8.718662147210118,-1.2456059135366004,4.280087121216411,11.48585190883312,126,129,-3,0,2025-12-12
0022501210,DET,261.292037037037,62.83746035548419,48.24460951525079,58.50669266756297,49.82164110400099,54.34461957919939,54.498025835998746,True,ATL,264.6657142857143,57.186854036898296,57.56896831222855,61.33091428900428,54.89211044300268,48.850638721262044,55.4236106375629,False,5.6506063185858935,-9.324358796977762,-2.8242216214413105,-5.07046933900169,5.493980857937345,-0.9255848015641561,142,115,27,1,2025-12-12
0022501211,PHI,241.44972222222222,61.98909101158626,52.349838993395224,47.795480195439815,49.00782115899446,58.590198557555695,62.73768606056686,True,IND,265.05824074074076,61.361831728805925,55.74834070359798,54.07737412008332,52.86751360375375,50.808082360655185,45.82772106468711,False,0.6272592827803365,-3.3985017102027584,-6.281893924643505,-3.8596924447592897,7.78211619690051,16.909964995879747,115,105,10,1,2025-12-12
0022501212,WAS,200.170582010582,50.40105044004796,54.03451059202416,53.11394824890094,44.92686692619839,51.900240099449576,47.544575852759976,True,CLE,249.4051851851852,58.636652613477395,59.225329302013385,58.67497089371155,56.110731607350225,53.771260287439446,40.867955187883275,False,-8.235602173429434,-5.190818709989223,-5.561022644810613,-11.183864681151832,-1.8710201879898705,6.676620664876701,126,130,-4,0,2025-12-12
0022501213,MEM,246.22,58.218712939647475,54.91939728697912,57.212813066904936,55.85662957246906,49.18902472043972,49.117505088240236,True,UTA,242.065,55.750553226061875,54.09060582901287,58.875612610937836,37.39724454175531,55.47952134068674,56.48092387803513,False,2.4681597135855995,0.828791457966247,-1.6627995440329002,18.459385030713747,-6.290496620247019,-7.363418789794892,126,130,-4,0,2025-12-12
0022501214,DAL,241.89333333333332,57.17079291147614,53.309114210120164,54.35426427626502,49.89948737735641,51.61784464226656,42.88106756893279,True,BKN,250.72375,55.24154173667233,52.20624226198488,45.97517254215712,44.03668978307799,62.94179217831045,46.31768011965982,False,1.9292511748038095,1.1028719481352809,8.379091734107902,5.862797594278419,-11.323947536043889,-3.436612550727027,119,111,8,1,2025-12-12
0022501215,GSW,268.84944444444443,54.836764897329985,62.10169384351837,63.1672441618502,57.40305871315834,51.9334177121024,47.91345372253208,True,MIN,192.50833333333333,61.00365352149257,54.47216830440241,50.35075018397471,57.94532184753907,57.008467165923555,53.01414224492446,False,-6.166888624162588,7.62952553911596,12.816493977875488,-0.5422631343807325,-5.075049453821158,-5.100688522392375,120,127,-7,0,2025-12-12
0022501216,IND,249.58999999999997,61.981858915287745,56.10240260694206,54.17141779184529,52.49574836064479,50.74571029822242,45.5391680406549,True,WAS,228.325,52.554376437096245,55.452228913464,56.04052702653382,44.7723340267893,51.99104419869338,47.469784640129376,False,9.4274824781915,0.6501736934780595,-1.8691092346885299,7.723414333855487,-1.2453339004709605,-1.930616599474476,89,108,-19,0,2025-12-14
0022501217,ATL,265.00166666666667,57.13688844724247,57.27952968849252,60.72688096301281,55.214370978798875,49.53200734586575,55.92797998211449,True,PHI,238.54888888888888,62.09146296589565,52.70984680522046,48.37637381575638,49.02679837349903,58.402491220062046,62.43708211842591,False,-4.954574518653182,4.569682883272058,12.35050714725643,6.187572605299849,-8.870483874196296,-6.509102136311419,120,117,3,1,2025-12-14
0022501218,CLE,235.98999999999998,58.542551238046805,57.17559359859881,58.263146037261464,54.55470147040129,52.62367543822478,41.04980074815672,True,CHA,218.65037037037038,49.506107840015176,48.366208694414894,50.5415747447303,44.97356815209806,56.55461086192061,54.75880081558537,False,9.03644339803163,8.809384904183915,7.721571292531166,9.58113331830323,-3.9309354236958285,-13.709000067428647,111,119,-8,0,2025-12-14
0022501219,BKN,250.79185185185185,55.259488390845,52.17998842185788,45.87906733930159,44.109200561776184,62.962404118510555,46.99990574109846,True,MIL,219.75571428571428,55.575682413589114,56.810882971784686,49.58607371388577,53.32918879621745,52.43177857664463,51.29122510493253,False,-0.31619402274411357,-4.630894549926808,-3.707006374584175,-9.219988234441267,10.530625541865923,-4.29131936383407,127,82,45,1,2025-12-14
0022501220,MIN,195.23166666666668,60.85595403751098,54.25441313311536,50.44122025969148,57.89400626605999,56.771248687456776,52.775873108016974,True,SAC,255.88833333333332,56.11717480932438,53.88595090306319,61.19815674806068,43.63583073345796,42.562458885060536,53.26789261807447,False,4.738779228186601,0.3684622300521667,-10.756936488369206,14.258175532602031,14.20878980239624,-0.4920195100574958,117,103,14,1,2025-12-14
0022501221,POR,244.90666666666667,56.019602705792686,47.42068611171603,49.0827628212108,52.088741969729966,56.379015815548776,59.98177958302223,True,GSW,282.5130555555556,53.55899334052409,61.08828107255613,66.01574902634783,58.67863451738218,53.98592975545869,48.49908733538665,False,2.4606093652685956,-13.667594960840098,-16.932986205137034,-6.589892547652212,2.3930860600900843,11.482692247635583,136,131,5,1,2025-12-14
0022501222,BOS,253.10375,59.373770637535,60.8403958192375,53.92836534425112,57.342940065750376,48.6153477905141,53.17651003487195,True,DET,257.39166666666665,62.81185935830609,48.19808916372584,58.543751092692716,49.91863955709522,54.39532554148995,54.53458415196537,False,-3.438088720771084,12.64230665551166,-4.6153857484415965,7.424300508655158,-5.779977750975853,-1.358074117093416,105,112,-7,0,2025-12-15
0022501223,CHI,285.48847222222224,56.710513899909365,56.5725347929499,59.465303619478696,46.860861622647725,52.110678432725194,41.647199317738554,True,NOP,323.78583333333336,57.46433779530194,53.58971516666109,53.38075605531434,44.80353834710701,46.84695670749441,44.75105907322669,False,-0.7538238953925713,2.9828196262888156,6.084547564164353,2.0573232755407176,5.263721725230788,-3.1038597554881378,104,114,-10,0,2025-12-14
0022501224,UTA,231.70499999999998,52.353358796745866,56.781260654711815,55.53125957575365,34.014503355559874,49.82681858397532,53.33341376744989,True,DAL,239.08666666666667,57.95536695201182,53.6948393887851,51.76774530853526,48.99258706745113,50.833026378161335,43.36853167547985,False,-5.602008155265956,3.0864212659267167,3.7635142672183903,-14.978083711891259,-1.0062077941860181,9.96488209197004,140,133,7,1,2025-12-15
0022501225,DEN,246.155,58.78370335764051,57.7094621952293,57.990019838448674,47.01456670255191,47.02419139701949,53.12897429126634,True,HOU,258.4533333333333,59.7421255932728,46.70545682005778,55.49764883408997,63.02370705220801,63.080254333470904,53.96335831097813,False,-0.9584222356322911,11.004005375171516,2.492371004358702,-16.0091403496561,-16.05606293645141,-0.8343840197117913,128,125,3,1,2025-12-15
0022501226,LAC,232.66166666666666,60.24605471464287,56.363199065882505,58.029639605435655,56.83393912476629,60.21281474530255,57.75709957510524,True,MEM,235.87,57.296136996368055,56.365394779610234,58.22642557340908,54.65934271703339,47.594035556309265,49.33289674715092,False,2.9499177182748113,-0.0021957137277297534,-0.19678596797342607,2.174596407732899,12.618779188993287,8.424202827954318,103,121,-18,0,2025-12-15
0022501227,MIA,250.87125,57.4785045782116,58.625943088337145,55.86966853847674,54.384201723659714,48.26157391490654,48.71345521384291,True,TOR,250.72166666666666,54.78191221341063,52.76374798082868,65.28494612219393,47.962240997653446,51.688142229431044,50.07355386129083,False,2.6965923648009706,5.862195107508462,-9.415277583717192,6.421960726006269,-3.426568314524502,-1.36009864744792,96,106,-10,0,2025-12-15
0022501228,PHX,279.00166666666667,50.85853131104354,55.477576597511366,58.13686298170262,45.060681835831325,51.497859033100156,55.115371750140035,True,LAL,229.33083333333335,64.13150470390302,56.33107228639847,56.826890554766216,49.74086963157302,53.48279160019913,66.1665289790172,False,-13.272973392859477,-0.8534956888871008,1.3099724269364046,-4.680187795741695,-1.9849325670989728,-11.051157228877166,114,116,-2,0,2025-12-14
0022501229,ORL,242.73157407407408,55.773471877371016,51.68110479454327,61.86676251506293,58.219244585449324,52.17624998045012,68.35995473836515,True,NYK,242.2840476190476,62.40648697465489,56.48630876981269,62.25177286007274,45.61667749286798,48.6645845637696,57.38505055767884,False,-6.633015097283874,-4.805203975269414,-0.38501034500981035,12.602567092581346,3.511665416680522,10.974904180686309,120,132,-12,0,2025-12-13
0022501230,OKC,271.8046031746032,62.931271910435186,64.6795136153481,62.362978160665136,72.60056328396507,52.48811196652123,55.9039548805849,True,SAS,306.49666666666667,62.225729480472864,54.97249453501397,58.75896801487781,46.79688468607598,52.263834299448604,52.77344307513051,False,0.7055424299623212,9.707019080334128,3.6040101457873277,25.803678597889096,0.2242776670726272,3.1305118054543897,109,111,-2,0,2025-12-13
