personId,firstName,familyName,gamesPlayed,totalMinutes,points,fieldGoalsMade,fieldGoalsAttempted,threePointersMade,threePointersAttempted,freeThrowsMade,freeThrowsAttempted,twoPointersMade,twoPointersAttempted,assists,turnovers,steals,blocks,reboundsOffensive,reboundsDefensive,reboundsTotal,usagePercentageWeighted,assistPercentageWeighted,assistToTurnoverWeighted,assistRatioWeighted,turnoverRatioWeighted,offensiveReboundPercentageWeighted,defensiveReboundPercentageWeighted,reboundPercentageWeighted,offensiveRatingWeighted,defensiveRatingWeighted,netRatingWeighted,PIEWeighted,twoPointPercentage,threePointersPercentage,fieldGoalPercentage,freeThrowPercentage,trueShootingPercentage,effectiveFieldGoalPercentage,pointsPerMinute,assistsPerMinute,stealsPerMinute,blocksPerMinute,threePointAttemptRate,freeThrowRate,usagePercentage,assistPercentage,assistToTurnover,assistRatio,turnoverRatio,offensiveReboundPercentage,defensiveReboundPercentage,reboundPercentage,offensiveRating,defensiveRating,netRating,PIE,finishing,shooting,playmaking,rebounding,defense,position,physicalGroup,heightInches,weight,birthDate,physical
2544,LeBron,James,130,4433.5,2966,1124,2189,226,639,492,647,898,1550,1007,439,142,74,115,795,910,1232.0748,1643.3572833333333,13786.549,113748.18833333334,49046.54833333333,119.68515,774.56685,458.32388333333336,504355.0266666667,502439.955,1925.4666666666667,722.7941333333333,0.5793548387096774,0.3536776212832551,0.5134764732754683,0.7604327666151468,0.599511658743249,0.56509821836455,0.6689974061125522,0.22713431825871208,0.03202887109507161,0.016691101838276757,0.29191411603471906,0.295568752855185,0.2779011616104658,0.3706681590917634,3.109630991316116,25.656521559339875,11.062715311454456,0.02699563550242472,0.1747077591068005,0.10337744069771813,113.76001503702868,113.32806022329989,0.4342994624262246,0.16303014172399533,77.1,50.6,85.6,63.3,47.5,Forward,Forward,81,250.0,1984-12-30,87.4
101108,Chris,Paul,98,2519.7,770,267,639,150,401,86,94,117,238,658,145,114,22,39,285,324,344.45245,876.35455,9530.495166666666,112093.14333333333,25080.488333333335,35.99883333333333,276.76346666666666,157.1919,284600.975,290357.0133333333,-5754.863333333333,252.1667,0.49159663865546216,0.3740648379052369,0.41784037558685444,0.9148936170212766,0.5658768887059792,0.5352112676056338,0.3055919355478827,0.26114219946819067,0.04524348136682939,0.008731198158510934,0.6275430359937402,0.14710485133020346,0.13670375441520816,0.3478011469619399,3.782392811313516,44.48670212062282,9.953759706843408,0.014286952150388273,0.10983984865923192,0.062385164900583406,112.95034131047346,115.23475546030612,-2.2839478244764586,0.10007806484898997,29.6,74.8,90.5,28.0,43.2,Guard,Guard,72,175.0,1985-05-06,4.5
200768,Kyle,Lowry,49,777.4833333333333,155,45,142,33,113,32,39,12,29,107,25,35,13,11,65,76,78.35443333333333,148.63385,725.2471666666667,29193.173333333332,7140.6016666666665,11.519166666666667,64.39201666666666,36.89138333333333,80388.44166666667,85950.81,-5561.243333333333,44.00315,0.41379310344827586,0.2920353982300885,0.31690140845070425,0.8205128205128205,0.4869313897964313,0.43309859154929575,0.19936118673497824,0.13762352890737206,0.04501704216596283,0.016720615661643335,0.795774647887324,0.2746478873239437,0.100779566550194,0.19117303693541127,0.9328137795022401,37.548294711569376,9.184250466247937,0.014815966044288194,0.0828210894124204,0.04744974168792471,103.39571051898218,110.55003537053312,-7.1528778751956095,0.05659690454243392,22.2,47.8,71.5,12.2,67.2,Guard,Guard,72,196.0,1986-03-25,23.9
200782,P.J.,Tucker,3,57.86666666666667,9,3,7,3,6,0,0,0,1,0,1,1,1,4,4,8,3.465733333333333,0.0,0.0,0.0,488.19666666666666,3.452216666666667,5.3322,4.149683333333334,6122.316666666667,7411.653333333334,-1289.3366666666666,0.9397500000000001,0.0,0.5,0.42857142857142855,,0.6428571428571429,0.6428571428571429,0.15552995391705068,0.0,0.01728110599078341,0.01728110599078341,0.8571428571428571,0.0,0.05989170506912442,0.0,0.0,0.0,8.436578341013824,0.05965812211981568,0.09214631336405531,0.07171111751152075,105.80040322580645,128.0815668202765,-22.281163594470044,0.016239919354838712,14.9,97.1,11.5,48.1,20.3,Forward,Forward,77,245.0,1985-05-05,44.6
201142,Kevin,Durant,140,5104.516666666666,3673,1308,2500,346,822,711,828,962,1678,635,436,112,148,64,736,800,1390.3096833333334,984.9792833333333,9325.8995,82156.66,56910.723333333335,65.4658,709.4283333333333,401.3511833333333,598748.405,585990.1566666666,12774.55,749.3119166666667,0.5733015494636472,0.4209245742092457,0.5232,0.8586956521739131,0.6411643950396604,0.5924,0.7195588220889343,0.12439963300475723,0.021941352592965056,0.028993930212132393,0.3288,0.3312,0.2723685265663416,0.19296230136055978,1.8269897247862188,16.094895043931682,11.149091490869198,0.012825073219469033,0.1389805107241626,0.07862667702786096,117.29776668375393,114.79836288776933,2.502597372914837,0.14679390147940877,81.7,75.5,64.2,41.6,39.9,Forward,Forward,83,240.0,1988-09-29,92.9
201143,Al,Horford,105,2627.766666666667,910,333,785,188,519,56,64,145,266,244,88,66,102,123,465,588,382.9075,331.99348333333336,3264.175,53878.24,20321.331666666665,118.73815,456.78163333333333,284.2746833333333,307922.1116666667,289862.83166666667,18063.896666666667,248.91403333333332,0.5451127819548872,0.3622350674373796,0.42420382165605097,0.875,0.5595454769049142,0.5439490445859873,0.34630167569418896,0.09285451524107924,0.02511638527012799,0.038816231781106894,0.6611464968152866,0.08152866242038216,0.1457159438306293,0.12634054900866387,1.2421860134715157,20.50343384115789,7.733309020334123,0.04518595638882194,0.17382884071391422,0.10818109801732775,117.18015742138445,110.30767508530691,6.874239214542133,0.09472455697487092,38.0,70.8,62.3,72.6,61.1,Center-Forward,Big,80,240.0,1986-06-03,17.1
201144,Mike,Conley,125,2747.1833333333334,827,259,683,183,476,126,140,76,207,476,109,114,28,50,225,275,359.2126333333333,633.67425,5505.749,98215.52333333333,21728.025,48.8754,222.90768333333332,136.82696666666666,314831.215,303063.6383333333,11773.503333333334,217.80243333333334,0.3671497584541063,0.38445378151260506,0.37920937042459735,0.9,0.5553317217297878,0.513177159590044,0.3010356061663158,0.17326837791434863,0.0414970484920919,0.010192257524373449,0.6969253294289898,0.20497803806734993,0.13075670231934525,0.23066325509157865,2.004143274020057,35.751353810872956,7.909200939143729,0.017791095121670073,0.08114044688195787,0.04980627430519744,114.6014578568352,110.31795172024678,4.285663497764377,0.0792820889274469,22.5,76.7,86.2,15.2,59.4,Guard,Guard,73,175.0,1987-10-11,7.9
201145,Jeff,Green,62,571.2666666666667,239,86,189,41,123,26,31,45,66,28,13,8,6,18,65,83,88.17516666666667,40.638783333333336,100.54716666666667,6672.136666666667,3384.505,15.128166666666667,61.93566666666667,37.276066666666665,62749.71,65816.04333333333,-3066.601666666667,49.005766666666666,0.6818181818181818,0.3333333333333333,0.455026455026455,0.8387096774193549,0.5897157520726412,0.5634920634920635,0.41836853775236316,0.04901388726805928,0.01400396779087408,0.01050297584315556,0.6507936507936508,0.164021164021164,0.15435027424436926,0.0711380266075388,0.176007410432956,11.679548372038745,5.924562376006535,0.026481794841871863,0.10841813513828918,0.06525160462130937,109.84311471583615,115.21071887034661,-5.368073870930098,0.08578439724588634,66.3,64.0,25.3,35.5,23.1,Forward,Forward,80,235.0,1986-08-28,68.8
201566,Russell,Westbrook,139,3944.95,1965,731,1670,222,670,281,416,509,1000,883,451,189,49,182,536,718,948.2207333333333,1214.6285333333333,9159.6205,109812.91,55310.066666666666,179.16075,520.7187333333334,352.21375,446206.595,469911.62666666665,-23705.786666666667,386.55968333333334,0.509,0.33134328358208953,0.4377245508982036,0.6754807692307693,0.5302098173811682,0.5041916167664671,0.4981051724356456,0.22383046679932572,0.04790935246327584,0.012420943231219662,0.40119760479041916,0.24910179640718563,0.24036318162038386,0.30789453182761084,2.321859719388079,27.836324921735386,14.020473432278399,0.04541521438801506,0.1319962821666519,0.08928218355112233,113.10830175287393,119.11725792891333,-6.009147559960625,0.0979884873910527,48.7,35.7,80.0,61.3,41.4,Guard,Guard,76,200.0,1988-11-12,53.1
201567,Kevin,Love,60,864.25,370,120,314,77,209,53,67,43,105,89,44,29,13,77,232,309,155.9219,122.63433333333333,769.1688333333334,15204.13,7930.0616666666665,66.83493333333334,224.93843333333334,144.41948333333332,98288.42,103745.2,-5457.098333333333,91.77888333333333,0.4095238095238095,0.3684210526315789,0.3821656050955414,0.7910447761194029,0.5386048678234541,0.5047770700636943,0.4281168643332369,0.10297946196123807,0.033555105582875326,0.015041943881978595,0.6656050955414012,0.21337579617834396,0.18041295921319062,0.14189682769260437,0.8899841866743805,17.59228232571594,9.175657120817664,0.07733287050429082,0.2602700993153987,0.1671038279818725,113.72683829910326,120.04072895574197,-6.314258991418378,0.1061948317423585,30.3,65.2,55.2,91.8,33.6,Forward-Center,Big,82,251.0,1988-09-07,50.8
201569,Eric,Gordon,45,842.25,299,99,225,64,151,37,50,35,74,68,31,30,13,9,39,48,118.033,95.0238,704.2928333333333,16429.543333333335,7393.661666666667,8.748216666666668,38.495783333333335,24.1361,92865.27666666667,98327.19833333333,-5472.571666666667,56.7143,0.47297297297297297,0.423841059602649,0.44,0.74,0.6052631578947368,0.5822222222222222,0.3550014841199169,0.08073612347877708,0.03561887800534283,0.01543484713564856,0.6711111111111111,0.2222222222222222,0.14014010092015436,0.1128213713268032,0.8362040170179084,19.506729989116455,8.778464430592658,0.010386722073810232,0.045705887009003666,0.02865669338082517,110.25856535074702,116.74348273473831,-6.49756208568319,0.06733665776194717,39.1,81.1,51.7,2.9,39.6,Guard,Guard,75,215.0,1988-12-25,58.4
201572,Brook,Lopez,155,4181.333333333333,1675,626,1316,253,690,170,212,373,626,240,145,95,235,160,514,674,680.0044666666666,338.8910333333333,3393.2605,56609.784999999996,36634.206666666665,161.74663333333334,493.46006666666665,335.08388333333335,479237.7733333333,471700.99666666664,7532.491666666668,349.0415,0.5958466453674122,0.36666666666666664,0.4756838905775076,0.8018867924528302,0.5942750908265213,0.5718085106382979,0.40058992346938777,0.05739795918367347,0.02272002551020408,0.05620216836734694,0.5243161094224924,0.16109422492401215,0.16262861926020408,0.08104855707908164,0.8115259486607143,13.538692203443878,8.761369579081633,0.03868302774234694,0.11801500318877552,0.08013804607780613,114.6136256377551,112.81114397321429,1.801456871811225,0.08347612404336735,59.4,68.0,35.7,51.7,52.3,Center,Big,85,282.0,1988-04-01,92.7
201587,Nicolas,Batum,152,2662.05,606,200,476,180,431,26,32,20,45,148,71,99,59,70,332,402,238.77741666666665,198.01866666666666,1053.6801666666665,52302.51666666666,25736.948333333334,71.14228333333334,309.92408333333333,196.17326666666668,298781.955,291010.60333333333,7788.251666666667,170.9174,0.4444444444444444,0.4176334106728538,0.42016806722689076,0.8125,0.6182664054848188,0.6092436974789915,0.22764410886346986,0.055596251009560296,0.03718938412125993,0.022163370334892282,0.9054621848739496,0.06722689075630252,0.08969681886766463,0.07438578038228683,0.3958153177688873,19.647458412376423,9.668093511892463,0.0267246232540085,0.11642308872235056,0.07369255523625276,112.23754437369696,109.31823344164584,2.925659422875854,0.06420518021825285,20.8,88.9,32.2,42.4,70.0,Guard-Forward,Wing,79,230.0,1988-12-14,78.8
201599,DeAndre,Jordan,68,889.4833333333333,262,112,172,0,0,38,81,112,172,64,49,20,37,110,250,360,106.10241666666667,85.59406666666666,531.2011666666667,16427.521666666667,14117.675000000001,101.42725,233.35541666666666,170.7249,97345.975,100061.52166666667,-2712.2666666666664,108.41031666666667,0.6511627906976745,,0.6511627906976745,0.4691358024691358,0.6308996339818917,0.6511627906976745,0.29455301766943354,0.07195188217879293,0.022484963180872793,0.04159718188461466,0.0,0.47093023255813954,0.11928544660758118,0.09622897187505855,0.5972019337068336,18.4686109913995,15.871770128726416,0.114029399089359,0.2623493975903614,0.19193715452790944,109.44103318405817,112.49398152485526,-3.0492608068354285,0.121880098933838,76.3,30.9,33.7,97.1,51.4,Center,Big,83,265.0,1988-07-21,69.5
201935,James,Harden,149,5227.516666666666,3454,1018,2418,450,1241,968,1102,568,1177,1244,586,197,83,95,697,792,1482.1246166666667,1863.1047666666666,14152.300166666666,138987.15333333332,65601.81333333334,96.58846666666666,692.6969833333334,399.1184,612562.5033333333,590693.085,21875.603333333333,750.5105666666667,0.4825828377230246,0.36261079774375504,0.42100909842845324,0.8784029038112523,0.5949264179022212,0.5140612076095947,0.6607343831200921,0.23797150335882877,0.03768519787917144,0.01587751991863568,0.5132340777502068,0.4557485525227461,0.28352365208464186,0.3564034101596998,2.707270214346519,26.58760596969243,12.549326480706265,0.018476931366391308,0.13250976084884156,0.07634952223968679,117.18040178414863,112.99688220346819,4.184702742857508,0.1435692345951392,62.6,70.5,82.5,42.2,53.0,Guard,Guard,77,220.0,1989-08-26,83.3
201939,Stephen,Curry,113,3581.2,2860,938,2057,501,1268,483,520,437,789,624,321,129,47,57,407,464,1054.7315833333332,956.3287166666667,8924.493166666667,70107.92166666666,36641.2,53.62018333333333,400.06256666666667,224.64011666666667,423330.2233333333,406469.4083333333,16851.46,520.8543999999999,0.5538656527249683,0.3951104100946372,0.4560038891589694,0.9288461538461539,0.6256015399422521,0.5777831793874575,0.7986149893890316,0.17424327041215237,0.03602144532558919,0.013124092482966605,0.6164316966456004,0.25279533300923673,0.2945190392419673,0.2670414153542574,2.4920398655944007,19.576656334934285,10.231542499720764,0.014972686064261513,0.11171187497673034,0.06272760992590938,118.20904259279943,113.50089588219964,4.705534457723668,0.14544130459064,72.1,86.6,78.8,29.1,47.5,Guard,Guard,74,185.0,1988-03-14,18.6
201942,DeMar,DeRozan,154,5173.166666666667,3129,1123,2313,131,403,752,872,992,1910,658,201,142,55,85,439,524,1211.16345,982.4078166666667,11639.909833333333,96678.71166666667,29629.333333333332,83.03308333333334,447.64245,262.63883333333337,589735.1966666667,613391.8516666667,-23695.81666666667,583.3283666666666,0.5193717277486911,0.3250620347394541,0.485516645049719,0.8623853211009175,0.5801578236943205,0.5138348465196714,0.6048519604368697,0.12719481942072874,0.02744933792970134,0.01063178581784207,0.17423259835711197,0.37699956766104625,0.23412418892361223,0.1899045362286156,2.250055059763523,18.688497374271076,5.727504107735429,0.01605072650536422,0.08653161184316505,0.050769451335416736,113.99887818550854,118.5718325332646,-4.580524501433681,0.11276040465221172,66.1,43.5,78.0,16.6,24.3,Guard-Forward,Wing,78,220.0,1989-08-07,57.5
201949,James,Johnson,12,36.61666666666667,8,4,11,0,3,0,1,4,8,4,4,0,2,0,6,6,5.82265,4.53005,10.825,636.375,545.375,0.0,6.070833333333333,3.5665666666666667,3492.3900000000003,4195.998333333333,-703.9749999999999,1.3135666666666665,0.5,0.0,0.36363636363636365,0.0,0.3496503496503497,0.36363636363636365,0.21847974510696405,0.10923987255348203,0.0,0.05461993627674101,0.2727272727272727,0.09090909090909091,0.15901638598088302,0.12371552116522531,0.2956304050978607,17.37938097405553,14.894173873463814,0.0,0.1657942649066909,0.09740282203004097,95.37705962676378,114.59258079198906,-19.225534820209372,0.03587346381429221,17.5,7.2,34.9,50.4,41.6,Forward,Forward,79,240.0,1987-02-20,58.9
201950,Jrue,Holiday,115,3456.4666666666667,1551,574,1282,245,668,158,182,329,614,561,223,120,33,147,363,510,649.3671833333333,801.7883,7561.556833333333,89250.97166666666,35310.05333333334,136.15083333333334,340.85316666666665,239.567,400792.66833333333,373946.01666666666,26821.375,361.8453666666667,0.5358306188925082,0.36676646706586824,0.44773790951638065,0.8681318681318682,0.5693498179255257,0.5432917316692668,0.448724130615079,0.16230447277566687,0.0347175342835651,0.009547321927980404,0.5210608424336973,0.1419656786271451,0.1878702287499759,0.23196760661176155,2.187655071653133,25.82144723899165,10.21564989295427,0.03939017686654966,0.09861317916176442,0.06930979613092368,115.95444336220032,108.18736378189674,7.759766717457134,0.10468649102165989,47.1,67.9,79.7,42.4,58.1,Guard,Guard,76,220.0,1990-06-12,71.1
201959,Taj,Gibson,47,505.7166666666667,141,59,121,4,8,19,28,55,113,27,26,11,19,62,85,147,66.00465,38.48253333333333,197.61666666666667,7264.456666666667,6353.838333333333,53.562416666666664,81.0821,65.8291,49588.418333333335,55822.83833333333,-6236.623333333333,37.16898333333334,0.48672566371681414,0.5,0.48760330578512395,0.6785714285714286,0.5288028802880288,0.5041322314049587,0.27881224664667303,0.0533895791451076,0.021751310022080875,0.03757044458359424,0.06611570247933884,0.23140495867768596,0.13051705500444913,0.07609504663349041,0.3907655801997166,14.364677190785354,12.564027947137724,0.10591388458623074,0.16033108130376034,0.1301699238704149,98.05573278845203,110.38362390007579,-12.33224796493425,0.07349764360808095,30.3,50.5,21.1,85.2,57.8,Forward,Forward,81,232.0,1985-06-24,78.7
201988,Patty,Mills,29,320.65,111,36,96,26,75,13,14,10,21,26,17,13,3,4,18,22,48.171350000000004,35.12938333333334,84.52016666666667,6419.725,4004.043333333333,3.2464333333333335,16.066383333333334,10.002,33671.44,34826.405,-1156.3483333333334,15.387683333333333,0.47619047619047616,0.3466666666666667,0.375,0.9285714285714286,0.5432654659357871,0.5104166666666666,0.3461718384531421,0.08108529549352878,0.04054264774676439,0.009355995633868705,0.78125,0.14583333333333334,0.15023031342585375,0.10955678569572225,0.26359010343572953,20.020973023545924,12.487270648162587,0.010124538697437497,0.0501056707729092,0.031192889443318265,105.00994854202403,108.61189770778107,-3.60626331929934,0.04798903269400697,26.6,66.3,35.9,3.2,62.5,Guard,Guard,74,180.0,1988-08-11,15.2
202066,Garrett,Temple,50,299.71666666666664,70,22,75,9,40,17,21,13,35,40,17,21,4,10,28,38,40.440083333333334,48.56601666666666,157.51283333333333,6906.6,2685.8566666666666,8.046199999999999,25.831,19.406333333333333,30944.953333333335,32053.796666666665,-1104.6166666666668,10.712883333333332,0.37142857142857144,0.225,0.29333333333333333,0.8095238095238095,0.41547958214624886,0.35333333333333333,0.2335539120280265,0.13345937830172944,0.07006617360840794,0.013345937830172943,0.5333333333333333,0.28,0.13492770950341992,0.16203975977311905,0.5255391202802647,23.04376355446811,8.961319023522217,0.026846021242284378,0.08618473002279932,0.06474892954456987,103.24735583606741,106.9469943835845,-3.685536339876551,0.03574336873714063,21.0,33.3,57.8,30.7,76.4,Guard-Forward,Wing,77,195.0,1986-05-08,14.5
202331,Paul,George,78,2468.633333333333,1306,470,1083,196,523,170,208,274,560,311,170,137,36,44,371,415,570.0400833333333,493.09936666666664,5124.296,45986.151666666665,24964.02,44.42365,371.6089333333333,204.60935,275038.2816666667,276216.55333333334,-1169.3183333333334,273.10953333333333,0.48928571428571427,0.37476099426386233,0.4339796860572484,0.8173076923076923,0.5559718012464666,0.5244690674053555,0.5290376591636399,0.12598063705964163,0.055496293495726386,0.014582967633913502,0.48291782086795937,0.19205909510618652,0.2309132245912043,0.19974589178897906,2.0757622976275676,18.62818226008993,10.112485990899149,0.017995240281397266,0.1505322513131422,0.08288365357350222,111.4131766564496,111.89047381142063,-0.47367031690949113,0.11063187458647836,43.7,63.4,71.2,47.3,63.5,Forward,Forward,80,230.0,1990-05-02,64.6
202681,Kyrie,Irving,50,1803.8333333333333,1234,447,945,144,359,196,214,303,586,231,111,66,23,60,180,240,477.5422,355.32675,4572.9945,30654.433333333334,14783.366666666667,59.15423333333333,169.34905,116.37521666666666,210292.935,205636.72,4652.1016666666665,232.16713333333334,0.5170648464163823,0.4011142061281337,0.473015873015873,0.9158878504672897,0.5937487971053543,0.5492063492063493,0.684098678739721,0.12806061166035296,0.03658874618867227,0.012750623671810036,0.3798941798941799,0.22645502645502646,0.2647374295481844,0.19698424651205768,2.535153561859004,16.994049708953156,8.195528042132496,0.032793624688164096,0.0938828698142844,0.06451550401921834,116.58113369675691,113.99984477501617,2.579008592811605,0.12870764113462071,58.8,73.5,74.7,35.6,45.9,Guard,Guard,74,195.0,1992-03-23,30.4
202684,Tristan,Thompson,40,328.18333333333334,69,31,71,0,3,7,30,31,68,24,14,2,11,32,102,134,40.9388,35.51895,112.67433333333332,7032.128333333333,3831.9350000000004,29.946666666666665,88.92258333333334,58.721716666666666,32307.446666666667,36156.07166666666,-3845.4416666666666,27.733283333333333,0.45588235294117646,0.0,0.43661971830985913,0.23333333333333334,0.40973871733966744,0.43661971830985913,0.21024833680361588,0.07312985627951855,0.00609415468995988,0.03351785079477934,0.04225352112676056,0.4225352112676056,0.12474369001066477,0.10822898786247523,0.3433274084607181,21.427438931491544,11.676202325935709,0.09124980955766593,0.2709539891320908,0.17892961251333095,98.44328881214769,110.17034685897109,-11.717358183941903,0.08450545934690976,31.6,4.6,38.7,94.4,54.1,Center-Forward,Big,81,254.0,1991-03-13,42.5
202685,Jonas,Valančiūnas,146,2394.85,1410,572,1017,16,63,250,301,556,954,242,193,51,83,295,661,956,565.0841166666667,392.1513166666667,2357.4996666666666,37125.90833333333,29184.08,294.4615333333333,664.4346,476.1320666666667,267109.6716666667,282912.3416666667,-15801.121666666668,354.65031666666664,0.5828092243186582,0.25396825396825395,0.5624385447394297,0.8305647840531561,0.6133421492204899,0.5703048180924287,0.588763388103639,0.1010501701567948,0.021295697016514605,0.03465770298766102,0.061946902654867256,0.295968534906588,0.23595804190937497,0.16374775734040406,0.9844038944679904,15.502394026069831,12.186182850700463,0.12295614895852906,0.27744309664488387,0.19881498493294641,111.53503211753,118.13363745815674,-6.597958814400346,0.14808873903028025,78.1,37.0,51.5,98.0,34.5,Center,Big,83,265.0,1992-05-06,69.5
202687,Bismack,Biyombo,53,668.85,167,76,129,0,0,15,32,76,129,36,35,20,25,48,136,184,77.07241666666667,49.39103333333333,309.62533333333334,11498.03,9612.675,46.89693333333334,131.48313333333334,90.4876,70674.91166666667,80563.625,-9893.45,40.06955,0.5891472868217055,,0.5891472868217055,0.46875,0.583589600223651,0.5891472868217055,0.249682290498617,0.05382372729311505,0.029902070718397247,0.03737758839799656,0.0,0.24806201550387597,0.11523124268022227,0.07384470857940245,0.46292193067703274,17.190745309112657,14.371944382148461,0.07011577085046473,0.1965808975604894,0.13528833071690213,105.66631033365726,120.45096060402183,-14.791732077446364,0.05990812588771772,56.5,22.4,24.0,85.5,40.3,Center,Big,80,255.0,1992-08-28,38.2
202691,Klay,Thompson,141,3461.4833333333336,1815,647,1605,418,1080,103,121,229,525,241,151,83,52,62,327,389,740.69865,347.97388333333333,3191.784666666667,39549.378333333334,26309.23,54.761266666666664,308.52888333333334,181.47623333333334,381229.66833333333,392278.995,-11046.461666666666,277.8337833333333,0.4361904761904762,0.387037037037037,0.4031152647975078,0.8512396694214877,0.5472669818602856,0.5333333333333333,0.5243416839601519,0.06962333103823505,0.023978159652172235,0.0150224614688308,0.6728971962616822,0.07538940809968847,0.2139830178776921,0.10052738951027738,0.9220858109962492,11.425557925552146,7.600565268261679,0.0158201734323917,0.08913198580569986,0.0524273023607413,110.13476929447394,113.32684783498402,-3.191250860661855,0.08026437124739393,28.3,74.1,42.9,17.9,38.7,Guard,Guard,77,220.0,1990-02-08,83.3
202692,Alec,Burks,49,863.5,356,115,271,88,207,38,49,27,64,55,29,28,7,15,109,124,137.8308,81.49823333333333,513.7563333333334,11315.861666666666,6198.133333333333,14.209966666666666,104.89353333333334,60.95498333333333,98299.84333333334,93323.23,4979.358333333333,76.40186666666666,0.421875,0.4251207729468599,0.42435424354243545,0.7755102040816326,0.6084222039923435,0.5867158671586716,0.4122756224667053,0.06369426751592357,0.03242617255356109,0.008106543138390272,0.7638376383763837,0.18081180811808117,0.15961876085697743,0.09438127774560895,0.594969696969697,13.104645821270024,7.17791932059448,0.016456243968345878,0.12147485041497781,0.0705906002702181,113.83884578266745,108.07554140127388,5.766483304381393,0.08847928971241073,34.8,85.3,38.2,36.0,55.1,Guard,Guard,77,214.0,1991-07-20,79.0
202693,Markieff,Morris,15,164.43333333333334,56,21,70,9,36,5,6,12,34,21,5,2,3,3,20,23,32.63373333333333,31.794516666666667,98.39999999999999,3638.5299999999997,821.7466666666667,2.9318833333333334,17.698533333333334,10.39855,17414.958333333332,18772.071666666667,-1359.095,6.909316666666666,0.35294117647058826,0.25,0.3,0.8333333333333334,0.3854625550660793,0.36428571428571427,0.34056355159132373,0.1277113318467464,0.012162983985404418,0.01824447597810663,0.5142857142857142,0.08571428571428572,0.19846178795864583,0.19335809852017027,0.5984188120818974,22.127691060206768,4.997445773363065,0.01783022501520373,0.10763348874923981,0.06323869856071355,105.90892965740927,114.16220352726535,-8.26532535982161,0.04201895398337725,10.9,35.1,67.0,29.7,34.1,Forward,Forward,81,245.0,1989-09-02,85.7
202695,Kawhi,Leonard,102,3264.7166666666667,2609,945,1881,250,635,469,537,695,1246,350,205,181,44,106,526,632,1011.7619333333333,578.6915,5991.908,43243.52166666667,25350.991666666665,115.19385,530.6692,329.53368333333333,392760.95666666667,363089.395,29703.761666666665,548.25395,0.557784911717496,0.3937007874015748,0.5023923444976076,0.8733705772811918,0.6161206831406332,0.5688463583200425,0.7991505133166227,0.10720685307045533,0.05544125830214975,0.013477432957428669,0.33758639021796916,0.28548644338118023,0.3099080369404185,0.17725627032463256,1.8353531444791025,13.245719638763957,7.765142967996201,0.03528448614734306,0.1625467855811888,0.10093791191680748,120.30476049478516,111.21620406058719,9.098419464680447,0.16793308760841932,74.7,71.3,66.2,65.4,64.8,Forward,Forward,78,225.0,1991-06-29,36.2
202696,Nikola,Vučević,137,4096.4,2314,944,1837,229,592,197,242,715,1245,469,204,100,93,303,969,1272,890.5674666666666,694.6281166666666,7335.9425,72901.295,31781.251666666667,297.52416666666664,908.5989833333333,610.8216666666667,464815.3383333333,473259.2783333333,-8433.998333333333,540.0103333333333,0.5742971887550201,0.38682432432432434,0.5138813282525857,0.8140495867768595,0.5953238520591928,0.5762112139357648,0.564886241577971,0.11449077238550924,0.024411678547016896,0.022702861048725712,0.3222645617855199,0.1317365269461078,0.2174024672069785,0.16957038293786414,1.790826701493995,17.7964297920125,7.758336995085116,0.07263064316635745,0.22180426309279694,0.14911182176219773,113.46922623116232,115.5305337206653,-2.0588805617940955,0.13182558669400773,61.9,63.6,70.8,89.0,36.8,Center,Big,81,265.0,1990-10-24,47.9
202699,Tobias,Harris,136,4050.9333333333334,1838,693,1464,173,487,279,323,520,977,319,148,132,83,120,635,755,717.0219666666667,429.03855,5176.943,61324.64833333333,28798.226666666666,116.94036666666666,615.53525,366.36763333333334,471852.79333333333,445124.68833333335,26729.395,432.9289,0.5322415557830092,0.35523613963039014,0.4733606557377049,0.8637770897832817,0.5721863870694593,0.5324453551912568,0.4537225989072477,0.07874728457639392,0.03258508327299059,0.02048910539135014,0.3326502732240437,0.22062841530054644,0.17700167039694556,0.10591103696267526,1.277963020867619,15.138399792640378,7.109034954907511,0.028867512013692316,0.15194899529326575,0.0904403018234481,116.48001941939306,109.8820078500428,6.59833001448226,0.10687139589230465,52.8,55.0,52.6,57.2,63.0,Forward,Forward,80,226.0,1992-07-15,61.8
202704,Reggie,Jackson,31,384.0,136,52,133,25,74,7,9,27,59,45,17,16,3,8,34,42,65.86843333333333,66.21106666666667,378.39,8500.655,2768.0266666666666,8.247233333333334,35.59965,21.040466666666667,41850.526666666665,43197.67833333334,-1349.25,25.486316666666667,0.4576271186440678,0.33783783783783783,0.39097744360902253,0.7777777777777778,0.4964953271028037,0.4849624060150376,0.3541666666666667,0.1171875,0.041666666666666664,0.0078125,0.556390977443609,0.06766917293233082,0.17153237847222222,0.17242465277777777,0.985390625,22.137122395833334,7.208402777777778,0.02147717013888889,0.09270742187499999,0.05479288194444445,108.98574652777778,112.49395399305557,-3.513671875,0.06637061631944445,18.1,48.5,68.9,22.6,49.3,Guard,Guard,74,208.0,1990-04-16,45.6
202709,Cory,Joseph,50,611.75,177,62,154,39,107,14,18,23,47,72,18,26,4,17,57,74,77.35208333333333,95.60125,569.9833333333333,15466.241666666667,4382.3966666666665,15.750516666666666,57.107933333333335,36.53998333333333,67872.075,65505.73166666667,2363.0266666666666,19.297633333333337,0.48936170212765956,0.3644859813084112,0.4025974025974026,0.7777777777777778,0.5465662055335969,0.5292207792207793,0.2893338782182264,0.11769513690232938,0.0425010216591745,0.006538618716796077,0.6948051948051948,0.11688311688311688,0.12644394496662578,0.15627503064977522,0.9317259228987876,25.281964310039506,7.163705217272851,0.025746655768968806,0.09335175044271898,0.0597302547336875,110.94740498569676,107.07925078327203,3.8627325977387277,0.03154496662580031,24.4,64.5,67.6,29.1,62.4,Guard,Guard,74,200.0,1991-08-20,36.0
202710,Jimmy,Butler III,93,2927.8333333333335,1724,541,1059,64,189,578,679,477,870,483,134,132,26,213,294,507,619.7413,747.0093333333333,8049.9203333333335,72199.65666666666,19889.633333333335,203.69483333333335,294.36733333333336,249.6979,340360.39166666666,320839.20166666666,19507.738333333335,447.3849166666667,0.5482758620689655,0.3386243386243386,0.5108593012275732,0.8512518409425626,0.6348691963233561,0.5410764872521246,0.5888313314737861,0.16496840667160015,0.045084533500313086,0.00888028690157682,0.17847025495750707,0.6411709159584513,0.21167232879831502,0.2551406614675243,2.749446234416804,24.659756361359364,6.793294244890989,0.06957186770649514,0.10054101440200376,0.08528419195081686,116.24992030511754,109.58246769511014,6.662858200034155,0.15280409290146296,79.5,53.0,88.9,58.5,62.6,Forward,Forward,78,230.0,1989-09-14,41.1
203076,Anthony,Davis,71,2331.1,1668,639,1244,45,161,345,450,594,1083,237,154,81,143,196,615,811,682.62135,382.6241,3913.2518333333333,31185.276666666665,19547.771666666667,205.60515,583.7667666666666,402.37758333333335,262342.67833333334,264467.49333333335,-2142.461666666667,401.14473333333336,0.5484764542936288,0.2795031055900621,0.5136655948553055,0.7666666666666667,0.5783633841886269,0.5317524115755627,0.7155420187894127,0.10166874007979067,0.03474754407790314,0.0613444296683969,0.12942122186495178,0.3617363344051447,0.2928322894770709,0.16413886148170392,1.678714698354139,13.377923155019804,8.385642686571433,0.08820091373171465,0.2504254500736419,0.1726127507757425,112.54029356669956,113.4518010095377,-0.9190775456508374,0.17208388028541607,73.2,30.7,62.6,93.2,61.7,Forward-Center,Big,82,253.0,1993-03-11,51.8
203078,Bradley,Beal,59,1823.1,951,363,742,109,283,116,145,254,459,205,108,61,28,36,146,182,400.92685,313.3696166666667,2823.918,33275.32666666667,17525.301666666666,38.75176666666667,144.77373333333333,94.01253333333334,202589.90833333333,217514.9,-14911.789999999999,158.32791666666668,0.5533769063180828,0.38515901060070673,0.48921832884097033,0.8,0.5900967982129561,0.5626684636118598,0.5216389665953596,0.11244583401897867,0.03345949207393999,0.015358455378201965,0.38140161725067384,0.1954177897574124,0.21991489770171688,0.17188833123068767,1.548964949810762,18.252057850181927,9.612912987036733,0.021255974256303368,0.07941074726198966,0.05156740350684732,111.1238595432688,119.31046020514509,-8.179359333004223,0.0868454372588814,60.7,64.5,65.8,17.0,34.5,Guard,Guard,76,207.0,1993-06-28,62.1
203081,Damian,Lillard,58,2092.883333333333,1447,444,992,197,524,362,393,247,468,410,162,70,10,29,243,272,565.62055,631.0631166666667,6001.088,49347.151666666665,19454.32,28.56275,227.65391666666667,132.34188333333333,241302.43333333335,240133.46833333332,1176.260000000001,301.7150666666667,0.5277777777777778,0.37595419847328243,0.4475806451612903,0.9211195928753181,0.6210726916869828,0.546875,0.6913906651907655,0.19590198529938763,0.03344668041696862,0.004778097202424088,0.5282258064516129,0.3961693548387097,0.2702589967588574,0.3015280912298026,2.8673781784300765,23.57854873260972,9.295463196706299,0.013647559586853862,0.10877525423458866,0.06323423825185351,115.29664816481251,114.73810532518934,0.5620284615323362,0.14416239159691974,73.2,78.1,86.3,27.9,31.9,Guard,Guard,74,200.0,1990-07-15,36.0
203083,Andre,Drummond,103,1981.4333333333334,696,276,571,35,110,109,174,241,461,114,116,77,67,309,533,842,312.2235166666667,158.64038333333335,1203.6191666666666,26524.501666666667,26622.975,275.73545,549.85795,401.2255333333333,213745.64833333335,229032.66166666668,-15279.701666666668,232.32398333333333,0.5227765726681128,0.3181818181818182,0.48336252189141854,0.6264367816091954,0.5374019395886096,0.5140105078809106,0.3512608717595007,0.057534108305435455,0.03886075736419763,0.033813905758457684,0.19264448336252188,0.30472854640980734,0.15757457564389415,0.0800634473361035,0.607448732399105,13.386522382786872,13.43622041283246,0.13915958985919286,0.27750514778863783,0.2024925727167202,107.87425685110105,115.5893856299312,-7.71143868916441,0.11725046683377352,48.1,25.7,23.9,99.0,54.9,Center,Big,83,279.0,1993-08-10,72.9
203084,Harrison,Barnes,159,4216.533333333334,1776,609,1258,295,718,263,322,314,540,284,111,89,26,159,364,523,635.9465,392.74146666666667,2957.6203333333333,65589.43833333334,26412.393333333333,153.64516666666665,343.2911833333333,249.90161666666665,490705.30666666664,478055.70166666666,12666.291666666666,352.2755833333333,0.5814814814814815,0.41086350974930363,0.4841017488076312,0.8167701863354038,0.6344307270233196,0.6013513513513513,0.42119908929926636,0.06735390842398178,0.02110738679483936,0.006166202883885656,0.5707472178060413,0.2559618441971383,0.1508221208575765,0.09314321401467239,0.701434116493802,15.5552993770554,6.264006767012395,0.036438741145965084,0.08141550325701997,0.05926707959144952,116.37647988869212,113.37647870288387,3.0039586231975712,0.0835462583797116,69.1,84.0,44.1,31.1,26.1,Forward,Forward,79,225.0,1992-05-30,46.9
203109,Jae,Crowder,9,102.76666666666667,23,7,22,4,15,5,6,3,7,6,4,3,0,6,14,20,11.5835,7.088683333333334,12.583333333333334,2015.4783333333332,1506.8683333333333,5.71355,14.19845,9.628350000000001,10509.355,11296.393333333333,-786.9133333333332,4.7532,0.42857142857142855,0.26666666666666666,0.3181818181818182,0.8333333333333334,0.4667207792207792,0.4090909090909091,0.22380797924099902,0.058384690236782354,0.029192345118391177,0.0,0.6818181818181818,0.2727272727272727,0.1127165098929614,0.06897843010055142,0.12244566980214078,19.61217969510217,14.663006811547195,0.0555973078170613,0.13816201751540708,0.09369137204022057,102.26423937722997,109.92273759325333,-7.657281868310086,0.04625235160557898,23.1,43.6,20.9,66.7,41.2,Forward,Forward,78,235.0,1990-07-06,45.3
203110,Draymond,Green,136,3852.2166666666667,1183,421,1000,181,556,160,231,240,444,759,355,160,112,129,660,789,605.7062333333333,1029.1468166666666,9781.925666666666,132753.02,61775.425,122.95463333333333,650.9453166666667,386.59568333333334,433449.04333333333,428112.04333333333,5343.188333333333,329.1868166666667,0.5405405405405406,0.3255395683453237,0.421,0.6926406926406926,0.5369267637340691,0.5115,0.30709591447348494,0.1970294159639688,0.04153452773944006,0.029074169417608042,0.556,0.231,0.1572357646895943,0.2671570437799881,2.539297893420671,34.46146244802775,16.036331895488747,0.0319178914304751,0.16897941444968914,0.10035668208347574,112.51938321226307,111.13394712135437,1.3870425252992864,0.08545386855187273,42.6,43.5,80.2,63.6,70.0,Forward,Forward,78,230.0,1990-03-04,41.1
203114,Khris,Middleton,100,2282.2833333333333,1080,387,877,115,319,191,220,272,558,326,164,76,17,64,304,368,460.72138333333334,454.9189666666667,4199.037166666667,49849.93666666667,25559.29333333333,60.771766666666664,285.19505,172.25658333333334,254787.335,269461.53833333333,-14680.26,195.99158333333332,0.4874551971326165,0.3605015673981191,0.4412770809578107,0.8681818181818182,0.5545286506469501,0.5068415051311288,0.47321030838998956,0.14283940790290425,0.033299984664480746,0.007448680780212799,0.3637400228050171,0.2508551881413911,0.20186861841576784,0.19932624491554513,1.839840437573483,21.84213324375443,11.199001000460065,0.02662761707938687,0.12496040514981341,0.07547554714941908,111.63703089741998,118.06664597588671,-6.432268853560396,0.085875219991675,45.8,55.8,70.4,44.9,26.9,Forward,Forward,79,222.0,1991-08-12,44.3
203458,Alex,Len,46,379.81666666666666,74,32,63,2,9,8,17,30,54,38,20,9,21,38,57,95,37.65643333333333,53.59745,192.55,11222.164999999999,5582.113333333333,32.771683333333335,52.655633333333334,42.7997,38622.573333333334,45056.67,-6434.216666666667,21.95521666666667,0.5555555555555556,0.2222222222222222,0.5079365079365079,0.47058823529411764,0.524971623155505,0.5238095238095238,0.19483083944008076,0.10004826890166309,0.023695642634604414,0.05528983281407697,0.14285714285714285,0.2698412698412698,0.0991437096844969,0.14111400236956426,0.5069551099214533,29.546267936285048,14.696862521391898,0.08628289964456537,0.1386343411294923,0.11268515511869762,101.68741059282988,118.62741673614462,-16.940322085216554,0.057804774233182685,45.6,13.8,49.0,77.2,38.6,Center,Big,84,250.0,1993-06-16,70.0
203468,CJ,McCollum,132,4095.15,2607,969,2154,362,969,307,410,607,1185,520,241,110,59,104,360,464,1049.6902833333334,789.18875,8295.5045,69160.865,31675.731666666667,97.28705,343.54581666666667,217.86235,462783.46166666667,472846.31833333336,-10060.163333333334,413.4431333333333,0.5122362869198313,0.3735810113519092,0.44986072423398327,0.748780487804878,0.558387594242632,0.5338904363974002,0.6366067177026482,0.12697947572128004,0.02686104294104001,0.014407286668376006,0.44986072423398327,0.1903435468895079,0.25632523432190113,0.19271302638486992,2.02569002356446,16.888481496404285,7.73493807715631,0.02375665116051915,0.08389089939725447,0.0532000903507808,113.00769487483161,115.46495692058492,-2.4566043571867535,0.10095921598313451,50.2,57.2,73.5,20.6,32.8,Guard,Guard,75,190.0,1991-09-19,31.4
203471,Dennis,Schröder,145,3801.116666666667,1736,591,1456,202,599,352,421,389,857,745,266,121,23,60,328,388,798.5784666666667,1111.6821333333332,9514.813333333334,106282.68166666667,37971.208333333336,57.774483333333336,324.24095,189.34255,423718.66833333333,436383.6716666667,-12648.993333333334,348.8731833333333,0.4539089848308051,0.337228714524207,0.4059065934065934,0.836104513064133,0.5288684165630865,0.47527472527472525,0.4567078972407231,0.19599503654627806,0.031832750902147176,0.006050853477267645,0.4114010989010989,0.2891483516483517,0.21009049095222018,0.2924619870476658,2.5031626671109803,27.96091017113392,9.989487738252356,0.01519934492934094,0.08530149912087237,0.04981234900270534,111.47215555078112,114.80407204900315,-3.3277045780406636,0.0917817614999101,40.8,46.8,85.6,14.8,30.6,Guard,Guard,73,175.0,1993-09-15,7.9
203482,Kelly,Olynyk,85,1251.25,517,181,364,45,126,110,146,136,238,177,100,48,22,86,196,282,221.49165,250.02295,1819.9886666666666,29948.18666666667,16721.211666666666,82.88156666666667,188.03121666666667,136.99221666666668,136543.20833333334,140967.39333333334,-4425.546666666667,123.88401666666667,0.5714285714285714,0.35714285714285715,0.49725274725274726,0.7534246575342466,0.6036334765552027,0.5590659340659341,0.41318681318681316,0.14145854145854145,0.03836163836163836,0.017582417582417582,0.34615384615384615,0.4010989010989011,0.1770163036963037,0.19981854145854147,1.454536396936397,23.93461471861472,13.363605727605727,0.06623901431901433,0.15027469863469864,0.10948428904428906,109.12544122544124,112.66125341325342,-3.5369004329004334,0.09900820512820513,72.7,53.9,66.7,75.3,56.4,Forward-Center,Big,84,240.0,1991-04-19,55.3
203484,Kentavious,Caldwell-Pope,128,3366.65,1101,389,910,168,504,155,175,221,406,275,123,142,42,53,241,294,464.07796666666667,392.87396666666666,3765.6503333333335,62876.71833333333,30483.246666666666,50.2461,251.52488333333332,146.54256666666666,369669.87666666665,372955.3233333333,-3308.851666666667,237.04526666666666,0.5443349753694581,0.3333333333333333,0.42747252747252745,0.8857142857142857,0.5577507598784195,0.5197802197802198,0.32703132193723733,0.08168357269095392,0.042178426625874385,0.012475309283709326,0.5538461538461539,0.19230769230769232,0.13784562299813366,0.11669581532581844,1.1185155372056297,18.67634542745261,9.054474527101618,0.014924658042861598,0.07471073124124376,0.04352771053322046,109.80347724493684,110.7793573235511,-0.9828320932281843,0.07040983371204808,43.9,58.6,54.3,9.3,60.6,Guard,Guard,77,204.0,1993-02-18,69.0
203486,Mason,Plumlee,94,1471.5666666666666,364,136,216,0,4,92,142,136,212,154,71,43,47,133,375,508,147.45675,200.71726666666666,1241.8535,48151.405,19280.35,137.5461,370.7576666666667,258.77113333333335,169829.17833333334,169339.96666666667,487.4099999999992,146.70105,0.6415094339622641,0.0,0.6296296296296297,0.647887323943662,0.6535478310830221,0.6296296296296297,0.24735542618977507,0.104650372618751,0.02922055858835255,0.031938750084943485,0.018518518518518517,0.6574074074074074,0.10020392099123383,0.1363969918680771,0.8438989059279226,32.72118490497655,13.101920855324257,0.09346915985231159,0.25194758420730745,0.17584737354746643,115.40705710467303,115.07461435658144,0.33121842933834633,0.0996903866627404,76.1,24.0,55.5,94.1,46.9,Forward-Center,Big,84,254.0,1990-03-05,74.9
203497,Rudy,Gobert,148,4768.55,1695,676,1001,0,5,343,575,676,996,255,195,114,228,564,1093,1657,607.5579666666666,356.28386666666665,4163.349,71202.02333333333,55887.70333333334,539.54565,1034.0647166666668,792.7074,542374.165,514712.015,27643.006666666668,593.5287,0.678714859437751,0.0,0.6753246753246753,0.5965217391304348,0.6758373205741627,0.6753246753246753,0.3554539639932474,0.05347537511402837,0.023906638286271507,0.047813276572543015,0.004995004995004995,0.5744255744255744,0.12740937321967194,0.07471534673363321,0.8730849000220192,14.931587869128629,11.720062352986409,0.11314669029369515,0.21685097496443714,0.1662365708653574,113.73985068836438,107.93889442283293,5.796941767763086,0.12446733283702592,83.5,23.1,30.2,93.7,66.9,Center,Big,85,258.0,1992-06-26,86.7
203500,Steven,Adams,89,1524.45,412,161,306,0,2,90,174,161,304,114,89,44,48,311,292,603,184.63933333333333,144.11138333333335,1491.1816666666666,28324.293333333335,24380.016666666666,283.29425000000003,279.86716666666666,277.86791666666664,177678.63833333334,161361.46333333335,16311.848333333333,165.03201666666666,0.5296052631578947,0.0,0.5261437908496732,0.5172413793103449,0.5384776244249269,0.5261437908496732,0.2702614057528945,0.07478106858211157,0.02886286857555184,0.031486765718783824,0.006535947712418301,0.5686274509803921,0.1211186548153979,0.09453336175888573,0.9781768288016442,18.580008090349526,15.992664020903714,0.185833743317262,0.18358566477527413,0.18227420818437248,116.55261788404562,105.84897066701653,10.700153060666688,0.10825675926837001,50.8,10.1,39.2,95.2,70.6,Center,Big,83,265.0,1993-07-20,69.5
203501,Tim,Hardaway Jr.,157,4280.116666666667,1923,624,1459,392,1007,283,341,232,452,231,91,80,17,35,354,389,702.9028333333333,308.4454333333333,2492.1498333333334,50348.92833333333,20814.021666666667,35.44148333333333,334.70461666666665,190.1569,499285.0266666667,490473.8466666667,8810.443333333333,327.64068333333336,0.5132743362831859,0.38927507447864945,0.4276901987662783,0.8299120234604106,0.5975612787749217,0.5620287868403016,0.4492868185057261,0.05397049145856616,0.018691079293009925,0.003971854349764609,0.6901987662782728,0.2337217272104181,0.16422515741393343,0.07206472565000174,0.582262126811185,11.763447647455092,4.862956617226166,0.008280494690565287,0.07819988162316448,0.04442797120016199,116.65220029049053,114.59356948992823,2.0584586868738,0.07654947489749112,52.6,81.2,31.8,7.7,19.5,Guard-Forward,Wing,77,205.0,1992-03-16,23.0
203507,Giannis,Antetokounmpo,103,3327.85,3029,1166,1917,29,108,668,1064,1137,1809,629,321,92,102,245,905,1150,1164.5492333333334,1113.49585,8171.9220000000005,62853.705,32017.525,254.17993333333334,855.2827166666667,571.1205666666667,396217.17,375298.83166666667,20915.128333333334,705.2014333333333,0.6285240464344942,0.26851851851851855,0.6082420448617631,0.6278195488721805,0.6349678847540626,0.6158059467918623,0.9101972745165798,0.18901092296828284,0.027645476809351383,0.03065041994080262,0.056338028169014086,0.5550339071465832,0.34994042199418046,0.3345991706356957,2.455616088465526,18.88718091260123,9.621084183481829,0.07637962448227334,0.2570075924896455,0.17161848240355387,119.06100635545472,112.77516464584241,6.284877122867117,0.21190902033845677,92.1,29.9,81.6,91.8,52.1,Forward,Forward,83,243.0,1994-12-06,93.9
203552,Seth,Curry,78,1194.9666666666667,515,188,392,95,207,44,51,93,185,70,34,30,7,28,97,125,184.78366666666668,104.41681666666666,737.825,16359.321666666667,7827.085,25.324816666666667,94.99501666666667,59.091,128471.12166666666,137190.06,-8723.063333333334,101.48605,0.5027027027027027,0.45893719806763283,0.47959183673469385,0.8627450980392157,0.6213203358749155,0.6007653061224489,0.4309743646963653,0.05857903986164188,0.02510530279784652,0.005857903986164189,0.5280612244897959,0.13010204081632654,0.15463499679210022,0.08738052665346313,0.6174440012273704,13.690190800301263,6.550044631649418,0.021192906357220563,0.07949595525677146,0.0494499149209183,107.51021367402159,114.80659990515774,-7.299838210270858,0.08492793383357974,43.5,85.5,38.1,15.6,24.2,Guard,Guard,73,185.0,1990-08-23,13.3
203648,Thanasis,Antetokounmpo,34,147.95,47,15,32,0,4,17,30,15,28,15,10,13,6,12,18,30,22.156183333333335,23.957300000000004,207.31666666666666,2750.8166666666666,1694.3300000000002,9.231983333333334,20.50045,14.570916666666667,14450.77,14207.076666666668,244.2949999999998,18.106066666666667,0.5357142857142857,0.0,0.46875,0.5666666666666667,0.5199115044247787,0.46875,0.3176748901655965,0.10138560324433932,0.08786752281176073,0.04055424129773572,0.125,0.9375,0.14975453418947846,0.16192835417370738,1.4012616875070407,18.592880477638843,11.45204460966543,0.062399346626112434,0.13856336600202773,0.09848541173819986,97.67333558634675,96.02620254590516,1.65119972963839,0.12237963275881493,53.7,10.4,59.6,69.2,94.9,Forward,Forward,79,219.0,1992-07-18,38.6
203897,Zach,LaVine,113,3826.7833333333333,2472,887,1770,338,790,360,427,549,980,399,282,86,22,30,393,423,942.2412166666667,600.69675,5780.4445,57185.915,41348.195,31.031383333333334,379.3795,206.20621666666668,434595.32166666666,453459.395,-18879.701666666668,420.6352,0.560204081632653,0.4278481012658228,0.5011299435028248,0.8430913348946136,0.6312950742639998,0.5966101694915255,0.6459733370498286,0.10426511386847961,0.022473182437817662,0.005748953646883588,0.4463276836158192,0.24124293785310735,0.24622277630908465,0.15697171689016448,1.510523067676508,14.943598844982949,10.804948019877443,0.00810899929009133,0.09913796182172147,0.05388499915072276,113.56674360973315,118.4962292090398,-4.933569534029886,0.10991873941125488,71.7,80.2,56.0,18.3,14.5,Guard,Guard,77,200.0,1995-03-10,65.3
203901,Elfrid,Payton,24,510.81666666666666,85,40,122,1,6,4,7,39,116,166,59,24,11,15,64,79,77.03791666666667,219.34013333333334,1522.122,23093.864999999998,8637.371666666666,13.782133333333334,58.1149,35.730666666666664,51007.386666666665,58031.6,-7020.753333333334,38.62426666666667,0.33620689655172414,0.16666666666666666,0.32786885245901637,0.5714285714285714,0.33978253917492807,0.3319672131147541,0.16640020881594833,0.3249698195699697,0.04698358837156188,0.021534144670299193,0.04918032786885246,0.05737704918032787,0.15081324023622306,0.42939110574570133,2.9797813958041046,45.209693627850825,16.90894645828575,0.026980586642304807,0.11376860582727005,0.06994812228783973,99.85458579399001,113.60553362263043,-13.744174361316848,0.07561277692583772,4.0,7.7,84.5,40.1,61.3,Guard,Guard,75,195.0,1994-02-22,37.5
203903,Jordan,Clarkson,109,2241.9333333333334,1222,438,1019,154,446,192,237,284,573,234,149,61,18,87,158,245,519.3342833333334,367.47035,3134.3828333333336,32550.653333333332,21667.895,84.53375,150.15486666666666,118.01043333333334,251633.525,256470.20666666667,-4830.068333333334,173.24373333333332,0.4956369982547993,0.3452914798206278,0.42983316977428854,0.810126582278481,0.5439427391211452,0.5053974484789009,0.5450652710458236,0.10437420083856196,0.027208659192958458,0.008028784679889382,0.43768400392541706,0.2325809617271835,0.23164572987599988,0.16390779535519936,1.3980713818430521,14.519010377947604,9.664825745636207,0.037705737607422164,0.06697561628356477,0.052637797734098546,112.23952169258675,114.39689256296649,-2.1544210354158615,0.07727425733741711,47.4,50.0,58.7,24.5,30.0,Guard,Guard,77,194.0,1992-06-07,57.3
203914,Gary,Harris,96,1371.4666666666667,273,97,237,64,169,15,21,33,68,81,36,53,21,36,89,125,117.35421666666667,119.4135,456.27500000000003,30670.358333333334,12493.553333333333,34.49,91.711,62.25345,148550.80833333335,149991.77166666667,-1429.7016666666666,66.49816666666666,0.4852941176470588,0.378698224852071,0.4092827004219409,0.7142857142857143,0.5543372319688109,0.5443037974683544,0.19905697063970446,0.05906085942057165,0.03864475986778145,0.01531207466459265,0.7130801687763713,0.08860759493670886,0.08556840608594206,0.0870699251409683,0.3326912794089053,22.36318175189578,9.1096295936224,0.02514825977056193,0.0668707466459265,0.045391879739451683,108.3152889850282,109.36596223021583,-1.0424618413377404,0.048486899669453624,19.8,66.3,38.6,14.0,65.8,Guard,Guard,76,210.0,1994-09-14,64.8
203915,Spencer,Dinwiddie,79,2136.0833333333335,872,284,682,109,326,195,243,175,356,349,102,70,17,18,191,209,375.3666666666667,494.4316166666667,6564.486333333333,60490.48166666667,17798.618333333332,18.50186666666667,183.31743333333333,103.43863333333334,235383.54,246223.575,-10833.068333333333,189.55293333333333,0.49157303370786515,0.3343558282208589,0.41642228739002934,0.8024691358024691,0.5526542615220809,0.4963343108504399,0.4082237740412749,0.1633831389224827,0.03277025709046932,0.007958491007685404,0.4780058651026393,0.3563049853372434,0.1757266024265595,0.231466445597472,3.0731414972886513,28.318409082042677,8.332361409121054,0.00866158467600359,0.08581942027854718,0.04842443724885889,110.1939874380681,115.26871220692077,-5.071463348027932,0.0887385479655132,49.1,50.2,87.1,11.7,32.7,Guard,Guard,77,215.0,1993-04-06,80.6
203924,Jerami,Grant,104,3218.7,1737,545,1304,244,646,403,488,301,658,223,184,83,82,81,280,361,679.78225,335.711,3556.2845,37714.5,30479.253333333334,75.82303333333333,274.2827,170.09985,358676.84,367946.3466666667,-9251.103333333333,271.42758333333336,0.4574468085106383,0.37770897832817335,0.4179447852760736,0.8258196721311475,0.5718631479140328,0.5115030674846626,0.5396588684872775,0.06928262963308168,0.025786808338770312,0.0254761239009538,0.495398773006135,0.37423312883435583,0.2111977661788921,0.10430018330381832,1.1048822505980678,11.717308230030758,9.46942968693365,0.023557036484709148,0.0852153664522944,0.05284737626992264,111.43531239320224,114.31520386077196,-2.874173838299106,0.08432832613581054,53.4,67.3,42.3,20.5,43.8,Forward,Forward,79,213.0,1994-03-12,32.2
203926,Doug,McDermott,71,780.8666666666667,311,104,256,92,224,11,14,12,32,29,19,10,6,10,49,59,115.85205,40.51133333333333,177.96666666666667,6185.861666666667,4299.033333333333,7.810716666666667,48.89978333333333,27.7777,84274.95166666666,88279.52833333334,-4002.601666666667,37.04591666666667,0.375,0.4107142857142857,0.40625,0.7857142857142857,0.5931492218492523,0.5859375,0.39827542047297876,0.03713822248783403,0.012806283616494493,0.007683770169896696,0.875,0.0546875,0.1483634209852301,0.05187996243490139,0.227909160761547,7.921789891573465,5.505464014343037,0.010002625288141382,0.0626224494151797,0.03557291044138991,107.92489328096985,113.05326773670281,-5.125845214718689,0.04744205156663537,23.4,83.8,20.2,4.1,26.6,Forward,Forward,79,225.0,1992-01-03,46.9
203932,Aaron,Gordon,87,2451.6833333333334,1330,462,895,136,329,270,342,326,566,260,111,44,24,131,325,456,483.48895,339.8260333333333,3223.7653333333333,45535.09333333333,19052.766666666666,134.79998333333333,306.39373333333333,226.05455,303067.7816666667,276599.5883333333,26439.675,275.12968333333333,0.5759717314487632,0.4133738601823708,0.5162011173184358,0.7894736842105263,0.6360714695642193,0.5921787709497207,0.5424844154696433,0.10604958497902801,0.017946852842604742,0.009789192459602586,0.3675977653631285,0.38212290502793295,0.1972069326517155,0.13860926846180516,1.3149191371914535,18.572991346081942,7.771299991162534,0.054982624183384204,0.124972801000673,0.092203812346619,123.61620179332567,112.82027518507691,10.784294464347624,0.11222072589581308,81.2,72.9,62.8,63.7,30.7,Forward,Forward,80,235.0,1995-09-16,68.8
203935,Marcus,Smart,96,2449.366666666667,884,289,733,146,434,160,200,143,299,294,146,126,32,54,190,244,402.2699166666667,393.2909333333333,3869.6020000000003,54737.318333333336,28717.443333333333,52.978633333333335,181.20501666666667,119.68568333333333,282502.6483333333,268896.56166666665,13592.446666666667,159.51405,0.4782608695652174,0.33640552995391704,0.3942701227830832,0.8,0.53836784409257,0.49386084583901774,0.36090962289571454,0.12003102842911773,0.05144186932676474,0.01306460173378152,0.592087312414734,0.2728512960436562,0.1642342578353588,0.1605684190471006,1.579837781195139,22.347539500006803,11.724436248826226,0.02162952327812632,0.07398035546603883,0.048863930812046645,115.33701841292306,109.78207767994446,5.549371946489568,0.065124610443516,37.2,54.1,63.6,14.6,68.9,Guard,Guard,75,220.0,1994-03-06,61.1
203937,Kyle,Anderson,104,1855.3666666666668,623,249,505,29,81,96,133,220,424,271,76,85,59,95,261,356,264.61365,379.80676666666665,2849.725,53900.49166666667,16903.788333333334,86.27038333333333,259.8998833333333,171.16461666666666,198641.83000000002,203141.55666666667,-4497.700000000001,191.94106666666667,0.5188679245283019,0.35802469135802467,0.49306930693069306,0.7218045112781954,0.5527754116978989,0.5217821782178218,0.33578268446488563,0.1460627728571172,0.045813046837103175,0.03179964427516573,0.1603960396039604,0.2633663366336634,0.14262067695513914,0.20470711988645549,1.5359362929160452,29.05112646197517,9.110753489876215,0.04649775426240994,0.1400800650365606,0.09225379529652718,107.06338190115162,109.48863117802411,-2.424156950108694,0.10345182443721816,44.4,41.7,77.3,64.1,79.1,Forward-Guard,Wing,80,230.0,1993-09-20,90.6
203939,Dwight,Powell,118,1455.2833333333333,324,107,162,4,12,106,155,103,150,123,59,52,42,143,232,375,117.23065,164.45385000000002,967.866,43094.45333333333,20140.65,134.9914,232.09176666666667,183.75823333333335,159939.84,161228.28833333333,-1283.235,106.51615,0.6866666666666666,0.3333333333333333,0.6604938271604939,0.6838709677419355,0.7037358818418766,0.6728395061728395,0.222637058075747,0.08451962389912618,0.035731873518329765,0.028860359380189424,0.07407407407407407,0.9567901234567902,0.08055520688983818,0.11300469553466108,0.6650704902825337,29.612414535542907,13.839676122633623,0.09275953136273578,0.15948218559959687,0.12626972983496915,109.90288718119038,110.78824627506671,-0.8817767445056518,0.07319272306652772,78.8,42.9,46.6,83.4,66.3,Forward-Center,Big,82,240.0,1991-07-20,32.9
203944,Julius,Randle,148,4835.833333333333,2955,1035,2146,217,660,668,831,818,1486,721,413,133,34,276,743,1019,1222.9774333333332,1096.82105,9030.106,95146.31999999999,55014.32,277.07276666666667,718.0694833333333,503.8364666666667,561999.3866666667,544422.735,17594.583333333332,605.4463666666667,0.550471063257066,0.3287878787878788,0.48229263746505124,0.8038507821901324,0.588261056520839,0.532851817334576,0.6110632431500949,0.14909529553679132,0.02750301568154403,0.0070308461140789254,0.30754892823858343,0.3872320596458527,0.25289900396346715,0.22681117697742548,1.8673319317594348,19.675268654144407,11.37638876443219,0.05729576425986559,0.148489295192142,0.1041881371704291,116.21562364294333,112.58095502326384,3.6383767017060142,0.1252000068929864,74.7,44.9,71.2,72.0,34.9,Forward-Center,Big,81,250.0,1994-11-29,37.6
203952,Andrew,Wiggins,128,3904.9333333333334,2123,766,1660,268,681,323,419,498,979,340,202,136,119,204,394,598,839.9857166666667,500.60795,5355.486166666667,55231.06166666667,32975.57166666667,185.54706666666667,374.0728833333333,278.67125,436552.1533333333,440928.6566666667,-4400.803333333333,383.35948333333334,0.508682328907048,0.3935389133627019,0.4614457831325301,0.7708830548926014,0.5755383981435295,0.5421686746987951,0.5436712534571653,0.08706934817495818,0.03482773926998327,0.03047427186123536,0.4102409638554217,0.2524096385542169,0.2151088494895346,0.1281988467579472,1.3714667343872708,14.143919230375252,8.444592737392018,0.04751606514835934,0.09579494741694267,0.07136389439000239,111.79503363266979,112.91579625772528,-1.1269855225868133,0.09817311861918257,55.0,63.6,55.0,45.9,58.4,Forward,Forward,78,197.0,1995-02-23,11.8
203954,Joel,Embiid,57,1775.0666666666666,1473,481,1012,76,236,435,504,405,776,235,171,35,64,111,337,448,600.5803166666667,413.7690833333333,2820.945,25275.381666666668,18327.09,109.44036666666666,320.0274333333333,218.77998333333332,202851.25666666665,199041.91166666665,3797.126666666667,294.42018333333334,0.5219072164948454,0.3220338983050847,0.475296442687747,0.8630952380952381,0.5969556477759046,0.5128458498023716,0.8298279876812139,0.132389393825584,0.019717569293172088,0.03605498385037182,0.233201581027668,0.4980237154150198,0.33834240028543533,0.2331005877713513,1.589205100277924,14.23911684068204,10.324733343348607,0.06165422894914745,0.18029037407045745,0.1232516994666867,114.27810598662961,112.1320767295125,2.1391459475700447,0.16586429617666942,72.2,46.1,65.8,81.1,50.2,Center-Forward,Big,84,270.0,1994-03-16,82.3
203957,Danté,Exum,20,372.31666666666666,174,64,134,23,53,23,31,41,81,56,22,12,3,4,29,33,71.69056666666667,84.22141666666667,766.6083333333333,9279.636666666667,3531.0133333333333,3.766766666666667,27.8649,15.697066666666666,40804.003333333334,42960.7,-2152.706666666667,31.199616666666667,0.5061728395061729,0.4339622641509434,0.47761194029850745,0.7419354838709677,0.5892712002167435,0.5634328358208955,0.46734410671919063,0.150409597564797,0.03223062804959936,0.00805765701239984,0.39552238805970147,0.23134328358208955,0.19255266574152827,0.2262090961994718,2.0590223376158288,24.92404315322978,9.483898115403555,0.010117104615246878,0.07484193562827342,0.04216052643359148,109.59488786427325,115.38752853753525,-5.781923989435517,0.08379860333945119,50.9,67.8,79.9,7.0,31.9,Guard,Guard,77,214.0,1995-07-13,79.0
203967,Dario,Šarić,21,251.63333333333333,61,22,64,8,29,9,12,14,35,25,17,7,1,15,41,56,37.2571,37.9851,148.25833333333333,5014.243333333334,3119.068333333333,13.3642,37.46541666666667,25.8347,24887.186666666665,27203.433333333334,-2317.3533333333335,13.170516666666668,0.4,0.27586206896551724,0.34375,0.75,0.44024249422632794,0.40625,0.2424162140680885,0.09935090740495431,0.027818254073387203,0.003974036296198172,0.453125,0.1875,0.14806106769108493,0.1509541661147172,0.589183997880514,19.92678500463638,12.395290766989005,0.05310981586965161,0.14888892568552128,0.10266803550139092,98.90258312359252,108.10743144787389,-9.209246257782489,0.0523401112730163,14.5,28.7,47.8,70.7,46.2,Forward-Center,Big,82,225.0,1994-04-08,23.1
203991,Clint,Capela,130,2102.1666666666665,770,336,617,1,3,97,175,335,614,112,88,70,116,334,480,814,308.3768,150.3144,992.0936666666666,26103.691666666666,20962.46,290.35515,449.80268333333333,369.7596,232982.44833333333,228361.65666666668,4613.596666666666,248.11721666666668,0.5456026058631922,0.3333333333333333,0.5445705024311183,0.5542857142857143,0.5547550432276657,0.5453808752025932,0.3662887497026877,0.053278363593118216,0.033298977245698885,0.05518116229287244,0.004862236628849271,0.28363047001620745,0.14669474351859194,0.071504511218584,0.4719386347419329,12.417517640529613,9.971835407912472,0.1381218504717355,0.2139709902481567,0.1758945215254103,110.82967493855547,108.63156584476336,2.1946864346309365,0.11802927931499248,53.7,28.3,23.4,95.7,75.3,Center,Big,82,256.0,1994-05-18,55.4
203992,Bogdan,Bogdanović,77,1799.75,754,269,644,138,384,78,91,131,260,197,101,51,14,30,188,218,329.88918333333334,293.89121666666665,2723.3713333333335,35602.051666666666,17959.108333333334,25.80258333333333,180.55503333333334,105.68473333333333,202074.56666666665,199514.60166666665,2570.985,125.54956666666668,0.5038461538461538,0.359375,0.41770186335403725,0.8571428571428571,0.5511373603882814,0.5248447204968945,0.41894707598277536,0.1094596471732185,0.028337269065147937,0.007778858174746493,0.5962732919254659,0.14130434782608695,0.18329722646663887,0.16329557808954948,1.5131942399407325,19.781665046071215,9.978668333564848,0.0143367597351484,0.10032228550261611,0.058721896559707366,112.2792424873825,110.85684215400286,1.4285234060286152,0.06975944807149141,36.6,65.7,64.7,23.7,42.7,Guard,Guard,77,225.0,1992-08-18,84.4
203994,Jusuf,Nurkić,92,2145.9166666666665,900,348,710,57,176,147,241,291,534,311,198,92,56,191,632,823,417.08596666666665,469.9476666666667,4313.11,47914.331666666665,32355.406666666666,176.22885,609.5471333333334,390.42063333333334,231728.405,249500.69,-17770.9,255.08266666666668,0.5449438202247191,0.32386363636363635,0.49014084507042255,0.6099585062240664,0.5514435566883976,0.530281690140845,0.41940118830336687,0.1449264106248301,0.04287212147101084,0.02609607393887616,0.24788732394366197,0.33943661971830985,0.19436261116073164,0.21899623315599398,2.0099149547590383,22.32814181973516,15.077662226709643,0.08212287678148422,0.284049768941012,0.1819365306201701,107.9857426896043,116.26765096501107,-8.281262863578116,0.11886885946176849,59.9,29.3,70.5,94.0,52.5,Center,Big,83,290.0,1994-08-23,74.4
203995,Vasilije,Micić,41,784.9166666666666,269,95,273,45,125,34,41,50,148,128,77,15,0,20,69,89,157.37063333333333,209.1742,1397.4481666666666,19831.665,12425.11,16.289033333333336,66.09236666666666,40.808883333333334,80131.805,85991.545,-5859.89,46.374916666666664,0.33783783783783783,0.36,0.34798534798534797,0.8292682926829268,0.46213578889499723,0.43040293040293043,0.34271154050323815,0.16307463637328803,0.019110308949994693,0.0,0.45787545787545786,0.15018315018315018,0.20049342817708887,0.2664922390911987,1.7803777471069115,25.265949676186434,15.829846055844571,0.020752563966450796,0.08420303641575538,0.051991357893619285,102.08957001804862,109.55499946915809,-7.46562055419896,0.0590825990020172,16.0,51.7,74.7,18.1,34.5,Guard,Guard,75,188.0,1994-01-13,28.4
203999,Nikola,Jokić,135,4835.666666666667,3870,1430,2496,250,626,760,931,1180,1870,1413,473,219,98,392,1336,1728,1387.6007833333333,2047.1310833333334,19367.475666666665,144188.905,48071.806666666664,414.41045,1256.92025,859.3000833333333,608808.1900000001,557650.42,51129.543333333335,1017.3068166666667,0.6310160427807486,0.3993610223642173,0.5729166666666666,0.8163265306122449,0.6659462287138118,0.6229967948717948,0.8003033018542772,0.2922037637002826,0.04528848142276142,0.020266078444888674,0.25080128205128205,0.3729967948717949,0.28695128903288064,0.42333999103880887,4.0051304197973385,29.817792445026537,9.941091886675396,0.08569872130695526,0.2599269835251947,0.1777004377197215,125.89953608602744,115.32027710760323,10.573421796374165,0.21037571172537395,90.5,69.2,90.2,93.7,53.9,Center,Big,83,284.0,1995-02-19,74.0
204001,Kristaps,Porziņģis,74,1978.9166666666667,1351,450,962,157,410,294,357,293,552,168,94,49,101,108,343,451,510.35658333333333,267.30873333333335,2554.2206666666666,23079.783333333333,13323.186666666666,100.70283333333333,323.96366666666665,213.70001666666667,228455.26166666666,218947.92166666666,9500.236666666668,252.88626666666667,0.5307971014492754,0.3829268292682927,0.4677754677754678,0.8235294117647058,0.6036208313972192,0.5493762993762994,0.6826967616962142,0.08489493409693856,0.02476102244494041,0.05103802585589758,0.4261954261954262,0.3711018711018711,0.2578969554048932,0.13507831726112773,1.290716637891102,11.662837411041394,6.732565797784983,0.05088785951909715,0.16370758411588832,0.10798838590137701,115.44460942434833,110.64029393186507,4.800725986440392,0.1277902556112351,71.7,68.5,55.1,73.3,61.5,Forward-Center,Big,86,240.0,1995-08-02,67.3
204060,Joe,Ingles,46,266.8333333333333,56,22,50,10,31,2,2,12,19,57,23,11,2,2,28,30,29.676133333333333,72.58213333333333,254.073,11577.994999999999,4381.656666666667,6.4148,25.19015,15.01405,29695.636666666665,30807.275,-1107.918333333333,17.428983333333335,0.631578947368421,0.3225806451612903,0.44,1.0,0.550314465408805,0.54,0.2098688319800125,0.2136164896939413,0.041224234853216746,0.007495315427857589,0.62,0.04,0.1112159900062461,0.27201299188007494,0.9521786383510307,43.390362273579015,16.420949406620863,0.02404047470331043,0.09440405996252342,0.05626752029981262,111.28908182386009,115.45512179887572,-4.152098688319799,0.06531786383510307,43.0,57.9,70.7,26.2,38.4,Forward-Guard,Wing,80,220.0,1987-10-02,83.6
204456,T.J.,McConnell,135,2377.9666666666667,1245,566,1074,31,99,82,106,535,975,638,173,139,31,66,251,317,537.86795,956.71785,5809.789333333333,76936.99,20956.411666666667,69.03601666666667,244.70811666666665,157.11993333333334,262731.61,274400.85333333333,-11672.373333333333,333.37631666666664,0.5487179487179488,0.31313131313131315,0.527001862197393,0.7735849056603774,0.555486150770988,0.5414338919925512,0.5235565399010359,0.26829644374045053,0.05845330043875019,0.013036347579865151,0.09217877094972067,0.09869646182495345,0.22618817897643642,0.40232601382133193,2.44317526177827,32.354107851245466,8.812744081077671,0.029031532541807428,0.10290645369293093,0.06607322782769592,110.48582542508305,115.39306129886877,-4.908552124363952,0.1401938560955438,49.8,31.7,91.2,36.1,50.6,Guard,Guard,73,190.0,1992-03-25,19.1
1626143,Jahlil,Okafor,1,3.3666666666666667,0,0,0,0,0,0,0,0,0,1,0,0,0,0,1,1,0.0,0.8416666666666667,0.0,336.6666666666667,0.0,0.0,0.8416666666666667,0.37370000000000003,420.8333333333333,210.41666666666666,210.41666666666666,0.4477666666666667,,,,,,,0.0,0.297029702970297,0.0,0.0,,,0.0,0.25,0.0,100.0,0.0,0.0,0.25,0.11100000000000002,125.0,62.5,62.5,0.133,0.7,,70.7,59.5,41.9,Center-Forward,Big,82,270.0,1995-12-15,59.9
1626145,Tyus,Jones,148,3152.133333333333,1028,382,901,206,538,58,66,176,363,588,116,106,11,52,220,272,449.2430166666667,821.8773833333333,7209.846833333333,113661.87333333334,22036.251666666667,49.662533333333336,220.51826666666668,134.3949,352742.185,364134.085,-11414.113333333333,280.0348,0.48484848484848486,0.3828996282527881,0.4239733629300777,0.8787878787878788,0.552664401531117,0.5382907880133185,0.32612833636479,0.18654033247324564,0.03362801911932659,0.003489700097288609,0.5971143174250833,0.0732519422863485,0.14252030899708135,0.26073687132524004,2.2872911996108454,36.05871367539444,6.99090087136754,0.015755213400448376,0.06995841969459837,0.04263617232773572,111.9058579374815,115.5198865318726,-3.621075673617867,0.08883976989129057,23.2,73.0,90.7,8.8,28.4,Guard,Guard,72,196.0,1996-05-10,23.9
1626153,Delon,Wright,40,634.5166666666667,125,45,131,20,73,15,25,25,58,77,22,35,12,27,39,66,70.54408333333333,107.11808333333333,1011.1416666666667,18608.385,6542.383333333333,25.95315,36.86241666666667,31.646516666666667,67355.78666666667,67669.50666666667,-321.09666666666686,38.781616666666665,0.43103448275862066,0.273972602739726,0.3435114503816794,0.6,0.44014084507042256,0.4198473282442748,0.19700034146725856,0.12135221034383127,0.05516009561083239,0.01891203278085682,0.5572519083969466,0.19083969465648856,0.11117766804129127,0.1688183919518794,1.59356202884085,29.326865593233695,10.310814005410943,0.04090223529720785,0.05809526936513357,0.04987499671666098,106.15290378503323,106.6473273620341,-0.5060492238186549,0.06111993380788527,15.8,29.7,71.1,24.0,80.3,Guard,Guard,77,185.0,1992-04-26,47.9
1626156,D'Angelo,Russell,84,1975.2333333333333,996,343,870,146,472,164,205,197,398,401,157,68,25,28,195,223,468.67005,624.08,6047.510333333334,51730.755,20491.968333333334,26.0215,187.21455,107.66863333333333,216760.03,220371.04,-3618.413333333334,194.87206666666665,0.4949748743718593,0.3093220338983051,0.39425287356321836,0.8,0.5186419495938346,0.4781609195402299,0.5042442243110519,0.20301398990836525,0.034426312503164185,0.012656732537928008,0.542528735632184,0.23563218390804597,0.23727325885549386,0.3159525456908045,3.0616688323742345,26.18969320080328,10.374454494827615,0.013173886629427747,0.094780979462342,0.054509323792969605,109.73894898493005,111.5670924954014,-1.831891590866902,0.09865774507653104,44.5,44.3,86.2,19.3,50.9,Guard,Guard,75,193.0,1996-02-23,34.6
1626157,Karl-Anthony,Towns,147,4838.5,3263,1156,2247,255,645,696,825,901,1602,448,379,136,90,445,1364,1809,1247.1114,657.7205166666666,6623.127166666667,62380.16333333333,54456.28833333333,447.88208333333336,1375.5561833333334,916.8092166666667,576295.1833333333,543279.585,33012.113333333335,765.3759333333334,0.5624219725343321,0.3953488372093023,0.5144637294170005,0.8436363636363636,0.6250957854406131,0.5712060525144638,0.6743825565774517,0.09259067892942027,0.028107884675002585,0.01860080603492818,0.2870493991989319,0.3671562082777036,0.2577475250594192,0.13593479728566016,1.3688389307981124,12.892459095449691,11.254787296338396,0.09256630842892082,0.2842939306258827,0.18948211566945677,119.1061658227412,112.28264648134751,6.822799076848886,0.15818454755261618,79.8,69.1,48.4,95.6,49.0,Center-Forward,Big,84,248.0,1995-11-15,65.6
1626158,Richaun,Holmes,31,534.1166666666667,230,90,139,0,3,50,60,90,136,42,21,9,23,62,115,177,75.95143333333333,61.36666666666667,385.76666666666665,10459.664999999999,5049.24,59.14725,109.05806666666666,84.33685,59006.49333333333,61304.291666666664,-2292.5783333333334,74.66358333333334,0.6617647058823529,0.0,0.6474820143884892,0.8333333333333334,0.6952841596130592,0.6474820143884892,0.4306175305020751,0.07863450556994414,0.01685025119355946,0.043061753050207506,0.02158273381294964,0.4316546762589928,0.14220008113083907,0.11489374980497394,0.7222516928261615,19.5831091833869,9.453440259618684,0.1107384466564733,0.20418397977969854,0.15789967859706056,110.47491496863981,114.7769682029519,-4.292280088619839,0.13978890379754735,86.3,33.8,48.9,92.3,41.5,Forward,Forward,81,235.0,1993-10-15,80.5
1626162,Kelly,Oubre Jr.,110,3652.5333333333333,1611,602,1285,157,481,250,330,445,804,188,149,160,54,147,473,620,666.5312,278.8777,3196.485833333333,38450.85333333333,31000.468333333334,142.9936,482.01786666666663,309.03316666666666,411996.71166666667,426801.945,-14840.813333333334,305.28026666666665,0.5534825870646766,0.3264033264033264,0.46848249027237354,0.7575757575757576,0.5632079429450426,0.5295719844357977,0.4410637365846536,0.0514711250638826,0.043805212820325616,0.014784259326859896,0.3743190661478599,0.25680933852140075,0.18248463167116888,0.07635185624589326,0.875142138789516,10.52717383368621,8.487388205446448,0.039149156749653205,0.1319680952033292,0.08460789771482806,112.79752272395415,116.85093770533693,-4.063156165583704,0.08358041906986931,59.4,41.3,32.8,56.4,44.5,Forward-Guard,Wing,80,210.0,1995-12-09,68.1
1626164,Devin,Booker,139,4941.45,3591,1200,2618,305,921,886,1003,895,1697,915,421,118,34,124,429,553,1451.8616,1467.7317833333334,14293.333333333334,104496.91833333333,47627.09333333333,119.88993333333333,424.02071666666666,272.1825166666667,571579.3483333334,572076.725,-485.1950000000004,646.99475,0.5274012964054213,0.3311617806731813,0.45836516424751717,0.8833499501495513,0.5868951270216911,0.5166157372039725,0.7267097714233677,0.18516832103937103,0.02387963047283692,0.00688057149217335,0.35179526355996943,0.38311688311688313,0.2938128686923879,0.2970245137223555,2.8925382900430714,21.147015214832354,9.638282960129786,0.0242620958085852,0.08580896632904647,0.055081507789548956,115.67036969580455,115.77102368737921,-0.09818879073956033,0.13093216565987717,70.3,51.1,83.8,22.8,21.1,Guard,Guard,77,206.0,1996-10-30,73.4
1626166,Cameron,Payne,94,1464.3166666666666,663,235,595,125,353,68,76,110,242,261,63,63,23,17,131,148,285.6546666666667,355.66541666666666,2024.5008333333333,39740.32833333333,9417.773333333333,15.846833333333334,128.5893,70.75833333333334,166414.37333333332,159961.68333333332,6453.511666666666,128.16393333333335,0.45454545454545453,0.35410764872521244,0.3949579831932773,0.8947368421052632,0.5274966583922093,0.5,0.45277091703752603,0.17824013476137904,0.0430234808044708,0.01570698505560045,0.5932773109243697,0.12773109243697478,0.19507711219112445,0.24288832105988004,1.382556710183362,27.139162749405298,6.431514130595613,0.010821998884576425,0.08781522667000535,0.04832174279242878,113.64643804277307,109.23981606892862,4.40718310019463,0.08752473850146258,28.1,62.9,83.0,12.7,69.3,Guard,Guard,74,183.0,1994-08-08,16.2
1626167,Myles,Turner,143,4085.483333333333,1966,674,1457,303,778,315,415,371,679,214,206,104,259,165,684,849,797.1061833333333,309.10625,3223.59,43332.90666666667,40771.971666666665,163.53538333333333,663.8021,420.0896,462469.18333333335,464082.63166666665,-1586.9433333333334,388.3503,0.5463917525773195,0.38946015424164526,0.4625943719972546,0.7590361445783133,0.5995364723103196,0.5665751544269046,0.481216012793264,0.05238058328471948,0.025455984400050587,0.06339519191935675,0.5339739190116678,0.2848318462594372,0.19510694777035764,0.07565965267267438,0.7890351610784526,10.60655573187995,9.979718026018952,0.040028405451823325,0.16247822983000787,0.10282494523291819,113.19815688882181,113.59307915424124,-0.3884346609336309,0.0950561459476439,65.4,72.2,27.8,68.0,53.0,Center-Forward,Big,83,250.0,1996-03-24,59.1
1626168,Trey,Lyles,69,1349.5333333333333,451,157,374,81,238,56,80,76,136,82,39,41,23,80,236,316,186.53728333333333,115.78868333333332,816.9916666666667,19049.7,10925.975,73.52153333333334,238.77973333333333,153.81516666666667,151204.93333333332,153947.26166666666,-2751.958333333333,117.03656666666667,0.5588235294117647,0.3403361344537815,0.4197860962566845,0.7,0.5510752688172044,0.5280748663101604,0.3341895964036951,0.06076174480067184,0.03038087240033592,0.017042928419700638,0.6363636363636364,0.21390374331550802,0.13822354641110507,0.08579905399397322,0.605388282369214,14.115768413772663,8.09611347132342,0.05447922738724498,0.17693503927283505,0.11397655979844885,112.0423850219829,114.07444178234451,-2.039192560391246,0.08672373166032703,48.5,52.8,35.5,77.4,43.8,Forward,Forward,81,234.0,1995-11-05,79.0
1626171,Bobby,Portis,116,2863.016666666667,1595,643,1345,200,474,109,141,443,871,209,123,76,38,179,660,839,656.67925,320.40505,3083.5178333333333,32794.31166666667,19705.143333333333,172.31121666666667,623.1892666666666,403.95803333333333,320298.0416666667,329690.11666666664,-9389.58,361.75753333333336,0.5086107921928817,0.4219409282700422,0.47806691449814126,0.7730496453900709,0.5667926995678872,0.5524163568773234,0.557104685617152,0.07299992432224751,0.02654542702627182,0.01327271351313591,0.3524163568773234,0.10483271375464684,0.22936619882291986,0.11191169570557861,1.077017074065234,11.454460621372561,6.882650584174035,0.060185195103067274,0.21766875265599803,0.1410952433621879,111.87431962789832,115.15480175339529,-3.279610667070281,0.12635537108294864,43.3,63.6,48.1,85.8,32.7,Forward,Forward,81,250.0,1995-02-10,87.4
1626172,Kevon,Looney,97,1449.7166666666667,403,168,338,4,18,63,109,164,320,152,48,55,47,233,347,580,171.5183,209.20141666666666,981.443,40204.471666666665,10804.596666666666,189.90396666666666,333.6390666666667,256.6949833333333,161100.93166666667,157918.27333333335,3188.008333333334,164.31953333333334,0.5125,0.2222222222222222,0.4970414201183432,0.5779816513761468,0.5220748264068815,0.5029585798816568,0.27798535345987146,0.10484807376153961,0.037938447742662355,0.03242012807100238,0.05325443786982249,0.3224852071005917,0.11831160111745974,0.1443050366163503,0.6769895266891232,27.732640860857867,7.452902291252314,0.13099384937286596,0.23014087810261777,0.17706562201809548,111.1258050423646,108.93043928123888,2.1990561374061603,0.11334596415391514,42.0,13.6,62.7,96.0,75.4,Forward,Forward,81,222.0,1996-02-06,68.8
1626179,Terry,Rozier,64,1658.2666666666667,679,248,635,91,308,92,108,157,327,167,78,37,14,44,194,238,324.03768333333335,247.089,2004.4180000000001,28937.856666666667,13928.933333333332,39.43403333333333,186.41685,113.75858333333333,177949.83333333334,186500.12666666668,-8562.406666666666,131.78043333333332,0.4801223241590214,0.29545454545454547,0.3905511811023622,0.8518518518518519,0.4974213209869308,0.4622047244094488,0.4094636970330466,0.10070756613331189,0.022312454772051137,0.00844255045428962,0.48503937007874015,0.1700787401574803,0.1954074636166278,0.14900438208571198,1.208742864034735,17.45066535338104,8.399694460078797,0.02378027257377181,0.11241669011819572,0.06860089852858406,107.31074616064969,112.46690922248132,-5.163467878105652,0.07946878266462973,30.3,40.9,60.6,36.7,32.8,Guard,Guard,73,190.0,1994-03-17,19.1
1626181,Norman,Powell,118,3674.95,2567,878,1840,335,838,476,583,543,1002,268,219,137,23,43,350,393,948.7624666666667,405.55145,4509.435833333333,37961.973333333335,30825.765,42.13166666666667,335.6764166666667,189.14908333333332,424626.5983333333,406911.705,17740.416666666664,410.58155,0.5419161676646707,0.3997613365155131,0.4771739130434783,0.8164665523156089,0.612204987312308,0.5682065217391304,0.6985129049374822,0.07292616226071104,0.03727941876760228,0.0062585885522252,0.45543478260869563,0.3168478260869565,0.2581701701156932,0.11035563749166656,1.2270740644997438,10.329929205386016,8.38807738880801,0.011464555073311657,0.09134176428704247,0.051469838591908276,115.54622466518819,110.72577994258427,4.827389941813267,0.11172439080803821,72.5,74.7,46.1,16.0,50.5,Guard,Guard,75,215.0,1993-05-25,58.4
1626192,Pat,Connaughton,83,899.3333333333334,326,121,262,47,133,37,51,74,129,88,35,20,12,34,136,170,136.61608333333334,132.82535000000001,601.825,19439.713333333333,7912.336666666666,31.349983333333334,133.09331666666668,84.09171666666667,96242.695,99003.30166666667,-2758.6733333333327,92.82446666666667,0.5736434108527132,0.3533834586466165,0.4618320610687023,0.7254901960784313,0.5730558289973281,0.5515267175572519,0.36249073387694586,0.09785025945144551,0.022238695329873978,0.013343217197924388,0.5076335877862596,0.1946564885496183,0.15190817272053372,0.14769312453669386,0.6691901408450704,21.615693106004446,8.798002223869531,0.034859136397331354,0.14799108598962196,0.0935045033358043,107.01559859154929,110.08521312083023,-3.0674647887323934,0.10321475166790214,54.1,55.1,57.0,61.2,46.2,Guard,Guard,77,209.0,1993-01-06,75.4
1626196,Josh,Richardson,8,149.48333333333335,32,11,38,6,22,4,4,5,16,12,8,8,1,6,6,12,19.98415,18.236666666666665,102.6465,2836.0533333333333,2181.8883333333333,5.7336,7.3875166666666665,6.3362,15655.76,17203.146666666667,-1547.3866666666668,0.7535666666666664,0.3125,0.2727272727272727,0.2894736842105263,1.0,0.4024144869215292,0.3684210526315789,0.21407068792507525,0.08027650797190321,0.05351767198126881,0.0066897089976586015,0.5789473684210527,0.10526315789473684,0.13368814806555912,0.12199799308730068,0.6866752146281636,18.972371501839667,14.59619801538633,0.03835611550897536,0.049420336715352876,0.04238733415096443,104.73247853718362,115.08404504404058,-10.351566506856951,0.005041141710335598,6.7,43.0,42.5,18.8,43.8,Guard,Guard,77,200.0,1993-09-15,65.3
1626204,Larry,Nance Jr.,59,911.9833333333333,334,132,279,55,139,15,26,77,140,72,36,41,19,52,144,196,133.4564,107.53121666666667,547.9146666666667,16707.95,8089.163333333333,48.48408333333333,146.87583333333333,94.37278333333333,98379.47166666666,103754.01666666666,-5372.458333333333,61.95961666666667,0.55,0.39568345323741005,0.4731182795698925,0.5769230769230769,0.5749896708442364,0.5716845878136201,0.36623476306219044,0.07894881119903507,0.04495696193278386,0.020833714066412032,0.4982078853046595,0.0931899641577061,0.14633644620698477,0.11790919059193333,0.6007946051645681,18.320455417679415,8.869858732798479,0.05316334362835578,0.16105100604908715,0.10348082019042745,107.87419908989564,113.76744823553061,-5.890961092125221,0.06793941775251741,43.4,62.8,47.5,72.4,59.4,Forward-Center,Big,78,245.0,1993-01-01,22.4
1626220,Royce,O'Neale,153,4049.9666666666667,1445,504,1195,391,961,46,64,113,234,371,168,151,65,112,609,721,585.8095166666667,525.86875,5778.382666666666,82844.795,37469.221666666665,105.91405,604.6342,352.06211666666667,453275.5833333333,469215.18666666665,-15961.133333333333,340.9094,0.4829059829059829,0.4068678459937565,0.4217573221757322,0.71875,0.5906831485660093,0.5853556485355649,0.3567930600251854,0.09160569222791957,0.03728425748360069,0.016049514810821487,0.80418410041841,0.05355648535564853,0.14464551560095146,0.12984520448727974,1.4267728952501666,20.455673297722615,9.251735816755692,0.02615183252537058,0.14929362381583386,0.08692963316570507,111.92081827833974,115.85655519798516,-3.9410530127819983,0.08417585329920411,28.5,79.2,61.2,53.6,43.4,Forward,Forward,78,226.0,1993-06-05,38.2
1627732,Ben,Simmons,51,1119.7333333333333,256,116,223,0,0,24,33,116,223,285,102,38,23,47,194,241,147.69835,407.80958333333336,2782.051,52190.23333333333,18312.74,50.977983333333334,213.08516666666668,128.2021,124925.65166666667,127190.725,-2272.2700000000004,116.31305,0.5201793721973094,,0.5201793721973094,0.7272727272727273,0.5389019872010777,0.5201793721973094,0.2286258633007859,0.25452488687782804,0.033936651583710405,0.020540604905929984,0.0,0.14798206278026907,0.13190493272207668,0.3642024142653013,2.4845656703977137,46.609520123839005,16.354554655870448,0.04552689628482972,0.1902999226006192,0.11449342105263158,111.56732406525363,113.59019260538224,-2.0292956656346752,0.1038756698023339,29.9,20.1,82.8,76.1,51.6,Guard-Forward,Wing,82,240.0,1996-07-20,98.8
1627734,Domantas,Sabonis,89,2992.5,1638,647,1114,70,183,274,366,577,931,501,253,66,30,331,857,1188,641.8348666666667,725.6048333333333,6178.893333333333,73584.63333333333,37468.456666666665,326.27166666666665,859.6452333333333,592.1264,345227.87333333335,346246.46,-1027.4549999999992,477.26695,0.6197636949516648,0.3825136612021858,0.5807899461400359,0.7486338797814208,0.6423327895595432,0.6122082585278277,0.5473684210526316,0.1674185463659148,0.02205513784461153,0.010025062656641603,0.16427289048473967,0.32854578096947934,0.21448115845168478,0.24247446393762181,2.0647930938457253,24.589685324422167,12.52078752436647,0.10902979671400724,0.28726657755499857,0.19787014202172096,115.3643686995266,115.7047485380117,-0.34334335839598973,0.15948770258980785,84.7,59.0,75.3,97.1,23.5,Forward-Center,Big,82,240.0,1996-05-03,32.9
1627736,Malik,Beasley,82,2282.983333333333,1336,461,1071,319,766,95,140,142,305,139,83,73,5,47,167,214,490.80648333333335,207.08076666666668,2020.9593333333332,23264.181666666667,14327.871666666666,44.573499999999996,164.86363333333333,103.88813333333333,258777.675,251807.46333333332,6970.491666666666,199.47093333333333,0.46557377049180326,0.4164490861618799,0.4304388422035481,0.6785714285714286,0.5897933957266467,0.5793650793650794,0.5851991911168866,0.06088524518356829,0.03197570430503946,0.002190116733221881,0.715219421101774,0.13071895424836602,0.2149846983844239,0.09070621044101652,0.885227370618854,10.190254710576076,6.275942297724469,0.0195242336416531,0.072214120412618,0.045505427839303836,113.35066324035071,110.2975477992977,3.0532380875900684,0.08737292577694392,40.3,77.0,40.0,11.3,44.1,Guard,Guard,76,187.0,1996-11-26,38.2
1627739,Kris,Dunn,156,4012.95,1070,419,914,155,438,77,103,264,476,505,185,259,41,111,411,522,496.64955000000003,680.5266833333334,7394.237166666667,122943.78333333333,44561.77166666667,112.33955,414.74233333333336,266.3521333333333,459050.87833333336,443986.69666666666,15059.61,291.4230333333333,0.5546218487394958,0.3538812785388128,0.45842450765864334,0.7475728155339806,0.557686694742109,0.5432166301969366,0.2666367634782392,0.1258425846322531,0.06454104835594762,0.010216922712717577,0.47921225382932164,0.11269146608315099,0.12376170896721865,0.16958264701362674,1.8425938939350521,30.636759325018584,11.104492123417105,0.02799425609588956,0.10335098452094678,0.06637315025936863,114.39237427162895,110.63848208092966,3.752752962284604,0.07262064898225329,38.1,52.8,72.0,36.1,65.1,Guard,Guard,75,205.0,1994-03-18,48.8
1627741,Buddy,Hield,133,2682.3333333333335,1302,471,1113,277,761,83,101,194,352,205,139,108,32,78,302,380,522.71665,301.50601666666665,2145.090166666667,34700.291666666664,25547.526666666665,71.81915000000001,293.15813333333335,177.58775,300136.85833333334,299661.30666666664,480.9249999999998,229.48251666666667,0.5511363636363636,0.3639947437582129,0.42318059299191374,0.8217821782178217,0.5624481614597733,0.5476190476190477,0.4853982850751833,0.07642599726606188,0.04026345221821797,0.01192991176836088,0.683737646001797,0.09074573225516622,0.1948738598235367,0.11240438051447743,0.7997105132347458,12.9366068099913,9.524366844786876,0.026774878836833604,0.10929220827637628,0.06620644339505405,111.89394494842799,111.71665465390828,0.1792935255374673,0.08555331800671057,48.9,69.6,41.7,36.7,55.0,Guard,Guard,76,220.0,1992-12-17,71.1
1627742,Brandon,Ingram,95,3198.9,2055,769,1621,178,468,339,411,591,1153,377,256,74,66,80,450,530,868.73745,615.5239166666667,5148.578666666666,49329.66333333333,34083.706666666665,76.98986666666667,460.19280000000003,265.42308333333335,362008.60833333334,366633.2833333333,-4622.198333333334,386.73181666666665,0.5125758889852559,0.3803418803418803,0.4743985194324491,0.8248175182481752,0.5702504106912933,0.5293028994447871,0.6424083278627027,0.11785301197286567,0.02313295195223358,0.02063209228172184,0.2887106724244294,0.25354719309068474,0.271573806621026,0.19241736742838683,1.6094840934904706,15.420820698781872,10.654820928027341,0.024067606573092835,0.1438597017724843,0.08297323559140121,113.16659111986412,114.6122990194546,-1.4449336751174884,0.12089525045067574,57.1,58.2,62.7,49.7,38.2,Forward,Forward,80,190.0,1997-09-02,34.2
1627746,Skal,Labissiere,7,49.516666666666666,18,8,14,2,6,0,0,6,8,4,1,2,1,4,8,12,5.93365,5.018783333333333,53.13333333333333,1266.0133333333333,241.75666666666666,4.2645333333333335,6.555499999999999,5.928333333333333,5557.163333333334,5629.013333333332,-74.50666666666666,5.625133333333332,0.75,0.3333333333333333,0.5714285714285714,,0.6428571428571429,0.6428571428571429,0.3635139683608213,0.08078088185796028,0.04039044092898014,0.02019522046449007,0.42857142857142855,0.0,0.11983136990912151,0.10135543588017502,1.0730393806799057,25.567418377650622,4.882329182093571,0.0861231908448334,0.13238976775496464,0.11972399865365196,112.2281386738472,113.67916526422079,-1.5046785594076069,0.11360080780881857,61.1,55.9,60.6,78.0,56.3,Forward-Center,Big,82,235.0,1996-03-18,27.6
1627747,Caris,LeVert,124,2750.5666666666666,1219,443,990,166,464,167,239,277,526,374,158,108,74,64,256,320,509.49246666666664,509.7146333333333,5246.328333333333,61759.903333333335,27399.601666666666,59.77653333333333,246.01226666666668,153.58535,318396.16833333333,306103.25,12290.108333333334,238.79135,0.526615969581749,0.3577586206896552,0.44747474747474747,0.698744769874477,0.5565396836991855,0.5313131313131313,0.44318140504380915,0.13597198153107845,0.03926463637795848,0.026903547147860443,0.4686868686868687,0.24141414141414141,0.18523181889792406,0.1853125901329423,1.9073627252566137,22.453519880751845,9.961438855023813,0.021732443011743034,0.08944057588133354,0.05583771222899524,115.75657197910733,111.28734079038259,4.468209581056025,0.08681532896251681,51.6,51.3,72.5,22.9,66.3,Guard,Guard,79,205.0,1994-08-25,83.4
1627749,Dejounte,Murray,45,1401.5666666666666,776,282,676,71,236,141,169,211,440,317,153,86,15,21,254,275,369.7502,485.42203333333333,4455.379333333333,36422.435,17625.63,19.115166666666667,261.11816666666664,135.15443333333334,155622.85666666666,164516.28833333333,-8891.199999999999,174.636,0.47954545454545455,0.3008474576271186,0.4171597633136095,0.834319526627219,0.5170851324697479,0.46967455621301774,0.553666135515019,0.22617547030703739,0.061359906770994364,0.010702309320522274,0.34911242603550297,0.25,0.26381206744833163,0.34634245011534714,3.178856517706376,25.98694437177444,12.575662948605133,0.013638428425333556,0.18630449259162365,0.09643097010488265,111.03492995933122,117.3802804005042,-6.343758175375175,0.12460056603324851,44.4,35.3,83.1,54.7,44.9,Guard,Guard,76,180.0,1996-09-19,32.3
1627750,Jamal,Murray,142,5070.283333333333,3341,1188,2481,401,960,564,636,787,1521,938,309,157,62,77,514,591,1284.29925,1339.5477166666667,16905.859333333334,120315.3,39773.181666666664,80.43728333333334,496.49508333333335,296.3185833333333,625315.9566666667,592274.1816666666,32986.698333333334,645.69295,0.517422748191979,0.41770833333333335,0.4788391777509069,0.8867924528301887,0.6050694716100896,0.5596533655783958,0.6589375347202819,0.1849995233665443,0.030964738985658265,0.012228113484782246,0.38694074969770254,0.25634824667472794,0.25329930608743106,0.264195830607757,3.334302685254276,23.72950229605841,7.844370630175171,0.01586445530657393,0.09792255199413578,0.05844221394596621,123.32958841879318,116.81283721816993,6.505888559810925,0.12734849466006173,62.3,76.7,88.7,23.8,31.3,Guard,Guard,76,215.0,1997-02-23,68.4
1627751,Jakob,Poeltl,103,2834.866666666667,1317,580,889,1,3,156,242,579,886,251,168,106,103,303,567,870,482.46646666666663,355.59118333333333,3833.1763333333333,51309.25166666666,33878.979999999996,301.5042666666667,564.4779333333333,433.653,319279.25333333336,318479.5183333333,785.7750000000005,361.2724166666667,0.6534988713318285,0.3333333333333333,0.6524184476940382,0.6446280991735537,0.6614899345039579,0.6529808773903262,0.46457211391482256,0.08854031935658349,0.037391529290031277,0.036333278461068125,0.003374578177727784,0.2722159730033746,0.17019017943230721,0.1254348881781624,1.3521540107706418,18.09935270324295,11.950819556475317,0.10635571337864215,0.19911974696046844,0.1529712155774522,112.6258448369118,112.34373809467816,0.27718234837617306,0.1274389448063401,80.0,39.8,51.6,91.4,65.6,Center,Big,84,253.0,1995-10-15,74.2
1627752,Taurean,Prince,106,2777.1833333333334,895,321,705,208,475,45,54,113,230,201,113,92,21,38,330,368,362.72588333333334,267.95235,2694.1438333333335,52969.81166666667,29526.16,38.13205,322.9428833333333,183.75363333333334,316832.5333333333,320208.515,-3341.965,178.88751666666667,0.49130434782608695,0.4378947368421053,0.4553191489361702,0.8333333333333334,0.6140567539381964,0.6028368794326241,0.32226896555862955,0.07237548835450787,0.03312708919708818,0.0075616181862918665,0.6737588652482269,0.07659574468085106,0.13060926838343406,0.09648349346760207,0.9700993812675913,19.073213867767702,10.631692782255403,0.013730476321932894,0.11628432284508884,0.06616546741002574,114.08412600296462,115.29973954426248,-1.2033649200929,0.06441329044415504,30.9,88.8,44.9,31.3,32.3,Forward,Forward,78,218.0,1994-03-22,27.4
1627759,Jaylen,Brown,134,4600.783333333334,3436,1254,2661,256,762,672,858,998,1899,650,421,145,46,163,697,860,1467.67415,1061.9702833333333,8760.547666666667,73856.91833333333,47423.565,156.6569,653.49335,408.2488833333333,553919.83,517890.005,36052.57166666667,621.1812666666667,0.5255397577672459,0.3359580052493438,0.47125140924464487,0.7832167832167832,0.5654068428050498,0.5193536264562195,0.7468293442783294,0.14128028922611002,0.031516372211978394,0.009998297391386248,0.28635851183765504,0.322435174746336,0.31900527446413107,0.23082379812133438,1.9041426278858309,16.05311812843465,10.307715352820352,0.03405004944810123,0.1420395838389839,0.0887346466362612,120.3968519853503,112.56561491340241,7.836181157556503,0.13501641387155086,65.2,42.2,70.0,58.0,42.5,Guard-Forward,Wing,78,223.0,1996-10-24,61.4
1627763,Malcolm,Brogdon,24,564.0833333333334,305,104,240,16,56,81,92,88,184,98,38,13,5,21,70,91,130.7292,152.40876666666668,1582.7083333333333,12512.01,5200.778333333334,19.99315,67.41191666666667,43.493116666666666,60172.28666666667,66116.745,-5946.128333333334,62.74913333333333,0.4782608695652174,0.2857142857142857,0.43333333333333335,0.8804347826086957,0.5437107815173987,0.4666666666666667,0.5407002511449254,0.17373319544984486,0.023046240212734524,0.008863938543359432,0.23333333333333334,0.38333333333333336,0.23175511892450876,0.2701883882405082,2.8058058797459,22.18113753877973,9.219875904860393,0.035443610577633324,0.11950701728468016,0.07710406263849903,106.6726902053479,117.2109528733934,-10.541223223518983,0.1112408923031467,53.3,34.1,84.4,49.5,20.5,Guard,Guard,76,229.0,1992-12-11,72.7
1627777,Georges,Niang,79,1697.25,784,286,620,166,409,46,58,120,211,111,82,28,14,47,225,272,299.82085,148.1518,1265.7866666666666,22613.658333333333,15484.735,47.5773,216.88996666666668,131.85471666666666,201739.32,193324.97,8416.465,119.02286666666667,0.5687203791469194,0.4058679706601467,0.4612903225806452,0.7931034482758621,0.6072623621266576,0.5951612903225807,0.46192370010310796,0.06539991162174105,0.016497275003682428,0.008248637501841214,0.6596774193548387,0.0935483870967742,0.17665096479599351,0.08728932096037709,0.7457868119998036,13.323705013011244,9.12342613050523,0.028031992929739284,0.12778905091569698,0.07768726862080817,118.86246575342466,113.90482839888054,4.958883487995287,0.07012689154023666,55.6,82.7,35.5,47.1,25.6,Forward,Forward,78,230.0,1993-06-17,41.1
1627780,Gary,Payton II,135,2069.483333333333,947,413,713,68,222,53,78,345,491,206,101,119,38,154,296,450,348.53903333333335,307.5401166666667,1457.1923333333334,41300.68833333333,19013.225,143.6843,295.6585166666667,219.83856666666668,232636.15,231944.84666666668,690.4199999999996,223.55368333333334,0.7026476578411406,0.3063063063063063,0.5792426367461431,0.6794871794871795,0.6335973879997858,0.6269284712482468,0.45760213902020636,0.09954175357778512,0.05750227512503121,0.018362071048329296,0.31136044880785413,0.1093969144460028,0.16841838139954418,0.1486071966432846,0.7041333988354582,19.957004566357142,9.18742600810186,0.06943003487182792,0.14286586023886802,0.10622872053411078,112.41267143973134,112.07862509966257,0.33361950245230276,0.1080239109600625,68.6,39.3,55.6,74.0,67.0,Guard,Guard,74,195.0,1992-12-01,30.4
1627783,Pascal,Siakam,140,4604.533333333334,3063,1172,2337,231,617,488,686,941,1720,499,247,139,67,222,729,951,1205.7841833333334,788.7290333333333,8064.268666666667,67754.88,33304.346666666665,219.51983333333334,712.4329,464.72571666666664,521557.56833333336,518709.3066666667,2860.0533333333333,601.5169166666667,0.547093023255814,0.37439222042139386,0.501497646555413,0.7113702623906706,0.5803686468296676,0.5509199828840393,0.6652139920078762,0.1083714600104245,0.030187641165228467,0.014550877396189262,0.2640136927685066,0.2935387248609328,0.26186892265593326,0.1712940218335553,1.7513758904268255,14.714820177216655,7.2329472404007635,0.04767471911739155,0.15472423553599352,0.10092786456825156,113.27045122198413,112.65187351595529,0.6211385880581455,0.13063580456940985,68.9,51.1,67.3,69.1,45.4,Forward,Forward,80,245.0,1994-04-02,74.1
1627814,Damion,Lee,25,144.01666666666665,83,27,74,9,37,20,21,18,37,11,10,6,0,3,17,20,38.58725,18.035183333333332,67.63333333333334,1859.0216666666665,1370.5900000000001,2.26795,14.173383333333334,9.253583333333333,15132.818333333333,14111.654999999999,1021.0916666666666,12.550633333333334,0.4864864864864865,0.24324324324324326,0.36486486486486486,0.9523809523809523,0.49855838539163866,0.42567567567567566,0.5763221849322996,0.07638004860548549,0.041661844693901176,0.0,0.5,0.28378378378378377,0.26793600277745633,0.1252298345098947,0.46962157157736384,12.908378659877329,9.51688461983567,0.01574783011225553,0.09841488253674345,0.06425355861590094,105.07685453072561,97.98626316398565,7.090093739150562,0.08714708945723876,47.5,39.2,39.0,27.5,62.4,Guard-Forward,Wing,78,210.0,1992-10-21,42.0
1627824,Guerschon,Yabusele,137,2901.8166666666666,1141,407,875,173,470,154,210,234,405,211,128,84,40,190,439,629,464.7214333333333,307.75506666666666,3311.6663333333336,45775.168333333335,28000.56,185.33431666666667,454.9830333333333,315.85375,323731.8516666667,337509.99333333335,-13776.769999999999,252.58538333333334,0.5777777777777777,0.3680851063829787,0.46514285714285714,0.7333333333333333,0.58972503617945,0.564,0.3932019596919171,0.07271307054776031,0.02894738353560126,0.013784468350286315,0.5371428571428571,0.24,0.16014844723707564,0.10605599940267305,1.1412389939635517,15.774658977996543,9.649320827757325,0.06386837555784021,0.1567924805725149,0.10884690050485615,111.56178658196878,116.30989552521697,-4.74763625085435,0.08704388055758175,61.8,64.5,47.7,75.5,32.0,Forward,Forward,79,265.0,1995-12-17,63.9
1627826,Ivica,Zubac,128,4070.983333333333,2017,880,1424,0,0,257,378,880,1424,319,213,73,130,462,1057,1519,773.5580833333333,473.4103333333333,5867.726,60598.07833333333,40827.01833333333,482.70325,1057.9698,780.5652833333334,473414.34,452650.87166666664,20770.16,609.0759833333333,0.6179775280898876,,0.6179775280898876,0.6798941798941799,0.6341491020675084,0.6179775280898876,0.49545769040240073,0.07835944632541687,0.0179317855227443,0.031933316684339165,0.0,0.2654494382022472,0.190017501913952,0.11628893919978384,1.4413534813456208,14.885366352928655,10.028785428581957,0.11857165959084416,0.2598806512758998,0.19173875681141742,116.28992340098011,111.18956640287564,5.102000745110723,0.1496139712354509,77.6,35.8,49.5,97.1,51.5,Center,Big,84,240.0,1997-03-18,55.3
1627827,Dorian,Finney-Smith,100,2438.9666666666667,672,239,567,156,414,38,54,83,153,126,78,74,29,115,225,340,289.00508333333335,167.26475,1476.979,35098.825,23634.32,114.94593333333333,222.02083333333334,171.86978333333334,284562.60833333334,267560.46,16996.926666666666,128.00095,0.5424836601307189,0.37681159420289856,0.42151675485008816,0.7037037037037037,0.5687588868576071,0.5590828924162258,0.27552652079432544,0.05166122264893602,0.03034071806366084,0.011890281403326545,0.7301587301587301,0.09523809523809523,0.11849488854569558,0.06858017056403667,0.6055757219587531,14.390858833659061,9.690300537112712,0.04712894805177056,0.09103069605980675,0.07046827891593435,116.67343068785961,109.70238488977573,6.968904864081783,0.05248163156528037,35.1,68.0,27.3,44.1,53.3,Forward,Forward,79,220.0,1993-05-04,41.2
1627832,Fred,VanVleet,60,2111.3333333333335,844,287,759,159,461,111,137,128,298,333,87,94,25,32,189,221,371.4655333333333,457.5835666666667,6601.9563333333335,57865.996666666666,14735.246666666666,28.3845,185.55035,103.60391666666666,242595.535,230152.60166666665,12445.5,189.8543,0.42953020134228187,0.34490238611713664,0.37812911725955206,0.8102189781021898,0.5150864173420564,0.48287220026350464,0.39974739501105144,0.1577202399747395,0.04452162930217871,0.011840858856962424,0.6073781291172595,0.18050065876152832,0.17593883801705082,0.21672729712661826,3.126913324913167,27.407323965898325,6.9791190401010414,0.013443874329017997,0.08788302020839911,0.04907037417113987,114.90157957057151,109.00817887590779,5.894616356173034,0.08992151878749605,25.8,55.8,87.9,14.6,66.4,Guard,Guard,72,197.0,1994-02-25,24.2
1627884,Derrick,Jones Jr.,127,3222.9,1285,499,968,133,372,154,211,366,596,129,106,124,83,154,282,436,495.29645,182.41628333333333,1843.6508333333334,32003.97,27703.951666666664,158.88933333333333,285.2411,221.87046666666666,375755.12,357347.13166666665,18414.739999999998,242.89526666666666,0.6140939597315436,0.3575268817204301,0.515495867768595,0.7298578199052133,0.605652124731345,0.5841942148760331,0.39870923702255734,0.040026063483198364,0.038474665673772064,0.025753203636476464,0.384297520661157,0.21797520661157024,0.1536803655093239,0.05660004447340387,0.5720471728360587,9.93017779018896,8.595969985623713,0.04930011273490748,0.08850448353966925,0.0688418711926112,116.58913400974278,110.87751145448715,5.7137174594309466,0.07536543692533638,66.0,55.2,22.2,43.3,67.0,Forward,Forward,78,210.0,1997-02-15,19.6
1627936,Alex,Caruso,110,2061.016666666667,730,267,614,113,351,83,102,154,263,247,85,159,47,66,248,314,308.75983333333335,325.55975,2672.5416666666665,51388.93,17867.24,62.49678333333333,222.34821666666667,146.65913333333333,241575.19,208339.68166666667,33248.91333333333,196.39298333333335,0.5855513307984791,0.32193732193732194,0.43485342019543977,0.8137254901960784,0.5539703739679456,0.5268729641693811,0.3541941274937126,0.11984376642595482,0.07714639215274015,0.02280427944137602,0.5716612377850163,0.16612377850162866,0.1498094791405536,0.15796075561413864,1.2967103613912225,24.933777019432156,8.669139017151728,0.030323278964265205,0.10788278438634653,0.07115863530134803,117.21166252901075,101.08587913731895,16.13228746330694,0.095289371750188,51.5,51.8,68.3,40.6,88.2,Guard,Guard,77,186.0,1994-02-28,50.2
1628365,Markelle,Fultz,26,219.83333333333334,65,30,78,4,8,1,1,26,70,35,19,12,2,6,15,21,41.53326666666667,53.29891666666667,190.79516666666666,6215.991666666667,3193.7033333333334,5.3906,16.266616666666668,10.766983333333334,23497.96,24169.01166666667,-673.4333333333334,14.803033333333333,0.37142857142857144,0.5,0.38461538461538464,1.0,0.41432942376338605,0.41025641025641024,0.29567854435178165,0.15921152388172857,0.054586808188021224,0.009097801364670205,0.10256410256410256,0.01282051282051282,0.18893070507960577,0.24245147839272177,0.8679082638362395,28.27592873388931,14.52783927217589,0.024521304018195602,0.07399522365428354,0.048977937831690674,106.88988627748293,109.94243366186505,-3.0633813495072024,0.06733752843062926,7.3,58.3,66.2,16.8,64.5,Guard,Guard,76,209.0,1998-05-29,63.2
1628366,Lonzo,Ball,70,1504.75,427,142,419,107,342,36,48,35,77,251,93,92,26,51,207,258,212.95135,318.26805,2824.7878333333333,48081.02,16996.113333333335,45.01303333333333,188.46395,116.99993333333333,169308.67666666667,163554.11833333332,5753.815,116.75471666666667,0.45454545454545453,0.3128654970760234,0.33890214797136037,0.75,0.48509497409797325,0.4665871121718377,0.2837680677853464,0.1668051171290912,0.06113972420667885,0.017278617710583154,0.8162291169451074,0.11455847255369929,0.1415194218308689,0.21150892174779864,1.8772472725258902,31.952829373650104,11.29497480201584,0.02991396134463089,0.12524602093370993,0.07775373539347621,112.5161499695409,108.69188791050561,3.823768067785346,0.07759077366118403,15.3,46.1,76.3,47.7,77.0,Guard,Guard,77,190.0,1997-10-27,53.7
1628368,De'Aaron,Fox,134,4472.216666666666,2795,1048,2210,249,776,450,564,799,1434,837,338,180,44,96,472,568,1156.6092833333335,1228.1937666666668,11786.956333333334,102732.555,41130.666666666664,91.65531666666666,447.65555,268.824,519729.83,500993.43,18741.083333333336,531.4792333333334,0.5571827057182706,0.32087628865979384,0.47420814479638007,0.7978723404255319,0.5685146613727341,0.5305429864253394,0.6249697204592801,0.18715551199442484,0.04024849720310212,0.009838521538536074,0.351131221719457,0.25520361990950224,0.2586210305851312,0.27462751879194885,2.635595994529186,22.971283069916858,9.196930679416994,0.020494381980598737,0.10009701751182301,0.06010978895625958,116.21302560624301,112.02351481181965,4.190558000693169,0.11884022464624182,66.6,41.7,84.8,27.3,52.1,Guard,Guard,75,185.0,1997-12-20,25.7
1628369,Jayson,Tatum,88,3145.65,2280,780,1752,297,871,423,519,483,881,516,248,98,41,56,727,783,944.2468833333334,811.31265,8408.635333333334,59105.14333333333,28999.603333333333,52.71906666666667,686.0334666666666,371.70508333333333,377570.33666666667,346604.0233333333,30961.196666666667,495.68098333333336,0.5482406356413166,0.3409873708381171,0.4452054794520548,0.815028901734104,0.5756529115918317,0.5299657534246576,0.7248104525296838,0.1640360497830337,0.031154133485925006,0.013033872172682912,0.4971461187214612,0.2962328767123288,0.3001754433370951,0.25791574078489343,2.673099465399308,18.789484950116297,9.218954217199412,0.016759355512109317,0.21808957343209404,0.1181647937098321,120.02935376366304,110.18518377229931,9.842543406503161,0.1575766481755228,69.7,57.1,80.1,64.5,53.5,Forward-Guard,Wing,80,210.0,1998-03-03,68.1
1628370,Malik,Monk,127,3417.766666666667,1889,689,1571,263,742,248,285,426,829,547,250,98,62,45,317,362,803.3711,788.53845,6991.502,72912.76,33744.89833333333,43.995599999999996,309.86011666666667,175.28401666666667,391028.2633333333,396622.56,-5614.1883333333335,332.84411666666665,0.5138721351025332,0.35444743935309975,0.4385741565881604,0.8701754385964913,0.556767271869842,0.5222788033099937,0.5527001063072376,0.1600460339597983,0.028673695298099145,0.018140501106960683,0.47231063017186503,0.18141311266709104,0.235057327884681,0.23071746169525909,2.045634673714804,21.333451669218686,9.873376864034016,0.012872616620990313,0.09066157724830054,0.051286127393131965,114.41046199760076,116.04729014073517,-1.6426482205728887,0.09738643656188738,48.9,59.9,77.1,16.3,36.6,Guard,Guard,75,200.0,1998-02-04,43.1
1628371,Jonathan,Isaac,123,1610.9666666666667,514,180,433,46,189,108,165,134,244,62,51,81,111,163,283,446,230.04776666666666,93.6194,327.8416666666667,15360.996666666666,12047.483333333334,148.63813333333334,292.18,214.66398333333333,170590.685,171861.87,-1271.1866666666674,163.86496666666667,0.5491803278688525,0.24338624338624337,0.41570438799076215,0.6545454545454545,0.5083069620253164,0.46882217090069284,0.3190630884148234,0.03848620910840282,0.05028036996420369,0.06890272921020506,0.43648960739030024,0.3810623556581986,0.14280107182023216,0.05811380330650334,0.20350617641581661,9.535266610109872,7.4784187547849115,0.09226642388627947,0.1813693641498893,0.13325166049369944,105.89336733638189,106.68244946098615,-0.789083159179789,0.10171840923669019,53.8,24.4,19.4,86.9,89.9,Forward,Forward,82,230.0,1997-10-03,83.1
1628374,Lauri,Markkanen,89,2918.4666666666667,2015,680,1505,253,723,402,453,427,782,159,129,75,38,156,411,567,728.8799833333334,258.37538333333333,3254.779666666667,23653.358333333334,19399.768333333333,146.32033333333334,385.16769999999997,267.05665,328772.2683333333,340017.0316666667,-11230.818333333333,356.57581666666664,0.5460358056265985,0.3499308437067773,0.45182724252491696,0.8874172185430463,0.5911448554262111,0.5358803986710964,0.690431048267355,0.054480663362039425,0.025698426114169542,0.013020535897845902,0.48039867109634554,0.3009966777408638,0.24974757863718391,0.08853120931082532,1.1152361970897962,8.10472108641524,6.647246841948968,0.05013603033556434,0.13197604906686158,0.0915058078443018,112.65239794869451,116.50536754460104,-3.848191401877698,0.12217916371610663,70.7,63.9,40.4,63.6,28.0,Forward-Center,Big,85,240.0,1997-05-22,63.5
1628378,Donovan,Mitchell,141,4574.116666666667,3653,1263,2723,457,1249,670,792,806,1474,752,347,199,37,107,531,638,1393.9591166666667,1160.42095,11894.453833333333,83330.555,38235.40833333333,100.472,505.57785,305.8849666666667,546211.3716666667,506515.89666666667,39705.19,665.1425666666667,0.5468113975576662,0.36589271417133706,0.4638266617701065,0.8459595959595959,0.5946644614322737,0.5477414616232097,0.7986241423662856,0.16440332741840866,0.04350566776098846,0.008088993503299361,0.4586852735952993,0.2908556738890929,0.30474935779950224,0.2536929060984452,2.6003826968412844,18.217846433008923,8.35908025957653,0.021965333926040363,0.11053016065032593,0.0668730137330705,119.41351991459189,110.73523776904102,8.680406052899103,0.14541442974417645,71.1,66.6,80.6,34.2,56.9,Guard,Guard,74,215.0,1996-09-07,51.3
1628379,Luke,Kennard,143,3152.25,1228,442,874,230,506,114,126,212,368,389,132,105,13,69,296,365,426.84663333333333,499.99988333333334,5288.3385,82471.29166666667,29376.746666666666,68.15113333333333,285.08416666666665,176.99316666666667,365427.98333333334,359414.19166666665,6024.946666666666,291.39613333333335,0.5760869565217391,0.45454545454545453,0.505720823798627,0.9047619047619048,0.6606128421415045,0.6372997711670481,0.3895630105480213,0.12340391783646601,0.033309540804187486,0.004124038385280355,0.5789473684210527,0.14416475972540047,0.13541014619187353,0.15861682396172047,1.6776393052581489,26.162674808998865,9.319294683691544,0.021619837682078938,0.09043831125915351,0.05614820102043514,115.92607925555821,114.01830174214186,1.911316255584635,0.09244067993761071,58.1,91.3,71.0,23.3,33.9,Guard,Guard,77,206.0,1996-06-24,73.4
1628380,Zach,Collins,74,1160.8,504,190,366,41,127,83,98,149,239,126,70,31,33,118,226,344,194.96718333333334,167.56128333333334,1163.0411666666666,23311.146666666667,13422.516666666666,106.07083333333333,213.787,158.087,128141.54833333332,128242.85166666667,-109.53166666666719,120.75086666666667,0.6234309623430963,0.3228346456692913,0.5191256830601093,0.8469387755102041,0.6159561986703168,0.575136612021858,0.4341833218470021,0.10854583046175052,0.026705720192970368,0.028428669882839423,0.3469945355191257,0.2677595628415301,0.16795932402940503,0.14434983057661382,1.0019307087066391,20.081966459912707,11.563160464047783,0.09137735469790949,0.18417212267401792,0.1361879738111647,110.39072048012865,110.47799075350333,-0.09435877555708752,0.10402383413737652,74.2,51.1,54.4,87.4,58.4,Forward-Center,Big,81,240.0,1997-11-19,22.9
1628381,John,Collins,109,3091.95,1693,644,1190,148,367,257,318,496,823,150,198,99,91,199,495,694,635.8624666666667,240.92201666666668,2201.8558333333335,26106.125,36751.111666666664,198.04745,471.19995,340.61061666666666,351007.5316666667,354248.335,-3246.478333333333,345.3612166666667,0.6026731470230863,0.4032697547683924,0.5411764705882353,0.8081761006289309,0.6365044513955727,0.6033613445378151,0.5475508983004254,0.04851307427351671,0.03201862902052103,0.02943126505926681,0.30840336134453783,0.2672268907563025,0.20565095382094367,0.07791911792450289,0.712125303880507,8.443255874124743,11.886062732795377,0.06405260434353725,0.15239572114684907,0.11016045429798886,113.52302969539181,114.57117191416421,-1.0499776300824182,0.11169689570228067,78.5,70.3,22.0,75.8,50.2,Forward-Center,Big,81,226.0,1997-09-23,13.6
1628384,OG,Anunoby,141,4929.65,2450,878,1831,328,867,366,447,550,964,309,225,214,113,182,527,709,957.5829333333334,436.32006666666666,6154.7045,57828.07,45638.725,181.77603333333334,524.8089833333333,356.7735,584008.3666666667,549519.1966666667,34485.795,468.64776666666666,0.5705394190871369,0.37831603229527105,0.4795193883123976,0.8187919463087249,0.6041387201136273,0.5690879300928454,0.496992687107604,0.06268193482295904,0.04341078981266419,0.022922519854350717,0.4735117422173676,0.24412889131622065,0.1942496796594755,0.08850933974352473,1.2485073991054132,11.73066444879454,9.258005132210197,0.036874024186977446,0.10645968442654821,0.07237298794032032,118.46852548693451,111.4722539463586,6.995586907792642,0.09506714810720167,68.3,70.2,39.4,44.3,66.9,Forward-Guard,Wing,79,240.0,1997-07-17,82.2
1628386,Jarrett,Allen,138,3815.266666666667,1963,789,1168,1,15,384,538,788,1153,258,172,132,120,360,914,1274,654.4209,349.45775,3832.9853333333335,53229.808333333334,37437.985,368.7224166666667,859.8312833333333,620.8093333333334,461437.525,427699.69333333336,33729.223333333335,560.66465,0.6834345186470078,0.06666666666666667,0.675513698630137,0.7137546468401487,0.6987157583005866,0.6759417808219178,0.5145118733509234,0.06762305823970365,0.03459784375054605,0.031452585227769135,0.012842465753424657,0.4606164383561644,0.17152690943402818,0.09159458054482866,1.0046441489454647,13.95179236051652,9.812678449737021,0.0966439436299778,0.22536597267119815,0.16271715389051006,120.94502568627793,112.10217547047826,8.840593929651051,0.14695293906935294,91.8,28.1,39.4,92.6,61.3,Center,Big,81,243.0,1998-04-21,27.4
1628389,Bam,Adebayo,151,5038.45,2878,1046,2258,206,621,580,751,840,1637,569,281,184,102,334,1147,1481,1204.4931666666666,878.2132333333333,10459.593666666668,83898.25666666667,42048.31166666667,318.2036166666667,1133.9960166666667,723.4016666666666,573682.2716666667,559651.8983333333,14032.113333333333,693.7751333333333,0.5131337813072694,0.33172302737520126,0.4632418069087688,0.7723035952063915,0.5559333034569084,0.5088573959255979,0.571207414978813,0.1129315563318084,0.03651916760114718,0.020244321170201154,0.275022143489814,0.33259521700620015,0.23906025993443752,0.1743022622698118,2.075954642135313,16.651600525293826,8.345485549458003,0.06315506091489777,0.22506842712871356,0.14357623210841958,113.86086428696657,111.0762036605173,2.785005970751587,0.13769614332450125,60.5,38.0,70.5,87.0,62.3,Center-Forward,Big,81,255.0,1997-07-18,44.0
1628392,Isaiah,Hartenstein,104,2727.133333333333,1069,463,776,0,26,143,222,463,750,385,178,95,98,312,742,1054,435.82851666666664,490.91276666666664,5338.368666666666,70850.22166666666,35138.815,308.03340000000003,692.7194,508.5181,323204.4683333333,285269.17,37933.096666666665,382.81376666666665,0.6173333333333333,0.0,0.5966494845360825,0.6441441441441441,0.6117800567713579,0.5966494845360825,0.3919867015425233,0.14117388222064683,0.034835113794705067,0.03593517001980101,0.03350515463917526,0.2860824742268041,0.1598119576111668,0.180010548316914,1.9575018945412765,25.97974246461486,12.884890727748308,0.11295135306915688,0.254010096071577,0.18646616715965483,118.51436245630332,104.60404209548489,13.909513041777691,0.14037222235803162,72.3,21.6,69.5,96.4,79.0,Center-Forward,Big,84,250.0,1998-05-05,70.0
1628396,Tony,Bradley,53,563.4333333333333,223,93,162,3,7,34,49,90,155,28,23,8,16,78,79,157,80.82795,47.147866666666665,114.8315,6049.7283333333335,4643.518333333333,64.00376666666666,83.03461666666666,73.72541666666666,59949.99,64027.57833333333,-4071.5616666666665,55.3309,0.5806451612903226,0.42857142857142855,0.5740740740740741,0.6938775510204082,0.6074308128132491,0.5833333333333334,0.39578772998875944,0.049695320357333025,0.014198662959238006,0.02839732591847601,0.043209876543209874,0.30246913580246915,0.1434561024670177,0.08367958350588653,0.2038067207004674,10.737256699994084,8.241468970005325,0.11359598887771402,0.14737256699994086,0.13085029284742353,106.4012128024611,113.63825060640124,-7.22634147784417,0.09820310004141278,69.2,59.9,25.5,84.4,40.9,Center-Forward,Big,82,248.0,1998-01-08,43.2
1628398,Kyle,Kuzma,134,3742.233333333333,1860,709,1537,179,552,263,388,530,985,336,265,82,47,111,572,683,833.0342,513.2852166666667,4575.220833333334,55630.291666666664,43924.74166666667,107.556,548.4714,329.12715000000003,404646.9733333333,436565.5,-31916.095,329.04805,0.5380710659898477,0.3242753623188406,0.46128822381262197,0.6778350515463918,0.5445857634741058,0.5195185426154847,0.49702940311934946,0.08978595669252765,0.021912048954724008,0.012559345132585711,0.3591411841249187,0.2524398178269356,0.22260348989462622,0.13716013165044047,1.2225910107155267,14.86553261421433,11.737574264922017,0.028741126065540187,0.14656258740324407,0.08794939296498527,108.1298084031817,116.65908058467761,-8.528622391263685,0.08792825585434723,56.2,33.7,48.9,55.3,24.0,Forward,Forward,80,221.0,1995-07-24,56.7
1628401,Derrick,White,153,5198.583333333333,2515,861,2067,474,1331,319,365,387,736,775,265,160,178,153,527,680,1072.34355,1088.4525666666666,14198.216,124584.26166666667,42248.668333333335,147.94188333333332,492.47345,324.41225000000003,622012.23,566133.7166666667,55833.10666666667,556.7721833333334,0.5258152173913043,0.35612321562734783,0.41654571843251087,0.873972602739726,0.5645088884898546,0.5312046444121916,0.48378564673067986,0.14907907603032877,0.030777615696584007,0.03424009746244971,0.6439283986453798,0.17658442186744072,0.20627611047881636,0.2093748425051697,2.731170222656814,23.965040796370808,8.126957985348573,0.028458115191638746,0.094732241155443,0.06240397223602585,119.65033358447013,108.90153727778402,10.740061875831557,0.10710075180738343,48.8,68.9,82.8,32.6,69.1,Guard,Guard,76,190.0,1994-07-02,41.5
1628404,Josh,Hart,143,4890.45,1843,705,1362,184,494,249,330,521,868,770,286,194,44,254,969,1223,763.14265,1017.3566500000001,14643.340666666667,147984.84,54438.14166666667,258.4120833333333,990.4091,623.05135,576595.3716666667,556094.505,20505.17,586.1657166666666,0.6002304147465438,0.3724696356275304,0.5176211453744494,0.7545454545454545,0.6113986199575371,0.5851688693098385,0.3768569354558374,0.1574497234405832,0.03966915110061446,0.008997127053747611,0.36270190895741555,0.2422907488986784,0.15604753141326463,0.20802925088693272,2.9942726470297556,30.259963807011626,11.13151993511163,0.052840144226673075,0.20251901154290505,0.1274016399308857,117.90231403381422,113.71029353127014,4.192900448833952,0.11985925971365961,66.1,60.5,79.3,81.5,45.3,Guard,Guard,77,215.0,1995-03-06,80.6
1628408,PJ,Dozier,9,34.916666666666664,7,2,3,2,3,1,6,0,0,5,1,1,0,1,4,5,3.4563,4.526266666666666,5.566666666666666,1002.6666666666665,278.3333333333333,1.0291666666666666,2.8028166666666667,2.4508,3477.2216666666664,3678.3133333333335,-200.52666666666673,3.5267333333333335,,0.6666666666666666,0.6666666666666666,0.16666666666666666,0.6205673758865248,1.0,0.20047732696897377,0.1431980906921241,0.028639618138424822,0.0,1.0,2.0,0.09898711217183773,0.12963054892601433,0.1594272076372315,28.71599045346062,7.971360381861575,0.02947494033412888,0.08027159904534607,0.07018997613365156,99.58630071599045,105.34548926014321,-5.743007159904537,0.10100429594272077,64.4,81.8,52.7,33.5,48.4,Guard-Forward,Wing,78,205.0,1996-10-25,35.8
1628415,Dillon,Brooks,131,4089.9166666666665,2184,801,1854,313,838,269,323,488,1016,227,174,117,25,118,360,478,897.64445,347.3089,3386.9743333333336,39676.58833333333,28930.585,104.84325,356.4938333333333,227.63768333333334,464988.32666666666,455966.9633333333,9034.496666666666,304.5592833333333,0.48031496062992124,0.373508353221957,0.4320388349514563,0.8328173374613003,0.5470612989199046,0.5164509169363538,0.5339962101917317,0.05550235334868274,0.028606939831699915,0.00611259398113246,0.4519956850053937,0.17421790722761596,0.2194774424906783,0.08491833166934942,0.8281279569673384,9.70107500152815,7.073636789665641,0.02563456875649463,0.08716408239776686,0.05565826932089081,113.69139387518084,111.48563662666314,2.2089683978891173,0.07446588968805395,39.7,60.7,36.2,24.8,38.7,Guard-Forward,Wing,79,225.0,1996-01-22,76.8
1628418,Thomas,Bryant,126,1694.8833333333332,799,298,588,95,279,108,130,203,309,86,58,46,67,142,314,456,288.81791666666663,121.80303333333333,743.2853333333333,17400.683333333334,11574.711666666666,134.61871666666667,302.35581666666667,219.35853333333333,190246.09666666665,190381.68333333332,-138.691666666667,190.98796666666667,0.656957928802589,0.34050179211469533,0.5068027210884354,0.8307692307692308,0.6191878487290762,0.5875850340136054,0.47141887838887636,0.05074095562133087,0.027140511146293258,0.039530744495688004,0.4744897959183674,0.22108843537414966,0.17040578014219268,0.07186514312686222,0.4385466059610789,10.266596520901144,6.829208500093419,0.07942653869981219,0.178393291573658,0.12942397215147552,112.24731102435763,112.32730866431318,-0.08182962445792749,0.11268502256792504,74.8,62.0,27.1,85.0,55.9,Center-Forward,Big,81,248.0,1997-07-31,33.2
1628420,Monté,Morris,51,635.4166666666666,251,90,215,33,94,38,46,57,121,82,23,21,4,13,61,74,107.58868333333334,124.39533333333334,392.01666666666665,14609.045,3516.8416666666667,14.418650000000001,56.779333333333334,35.635083333333334,68877.52666666667,68574.51333333334,306.8683333333334,59.81003333333333,0.47107438016528924,0.35106382978723405,0.4186046511627907,0.8260869565217391,0.5334977044720286,0.49534883720930234,0.39501639344262296,0.12904918032786886,0.033049180327868855,0.006295081967213115,0.4372093023255814,0.21395348837209302,0.16931989508196724,0.1957697049180328,0.616944262295082,22.99128393442623,5.534701639344263,0.022691645901639346,0.0893576393442623,0.056081442622950825,108.39741901639346,107.9205455737705,0.4829403278688526,0.09412726557377049,32.9,51.2,68.0,23.6,53.6,Guard,Guard,74,183.0,1995-06-27,16.2
1628427,Vlatko,Čančar,13,135.83333333333334,24,10,26,4,15,0,0,6,11,9,11,3,2,6,26,32,14.590966666666667,11.662466666666667,99.89633333333335,2204.29,2822.2016666666664,5.18975,22.676450000000003,13.548,12660.685000000001,13715.773333333334,-1051.8366666666666,-2.5413333333333323,0.5454545454545454,0.26666666666666666,0.38461538461538464,,0.46153846153846156,0.46153846153846156,0.17668711656441716,0.06625766871165643,0.022085889570552145,0.014723926380368096,0.5769230769230769,0.0,0.10741815950920244,0.08585865030674847,0.7354331288343559,16.227901840490794,20.77694478527607,0.03820674846625767,0.1669431901840491,0.0997398773006135,93.20749693251534,100.97501840490797,-7.743582822085888,-0.01870920245398772,25.2,34.1,29.9,66.1,57.5,Forward,Forward,80,236.0,1997-04-10,70.4
1628436,Luke,Kornet,141,2791.233333333333,885,362,552,0,3,161,211,362,549,243,59,68,136,371,431,802,294.4270833333333,323.48366666666664,1621.3936666666666,69684.59,19295.886666666665,337.0577333333333,402.35226666666665,370.9861333333333,329266.4733333333,303668.9433333333,25604.33,315.87795,0.6593806921675774,0.0,0.6557971014492754,0.7630331753554502,0.6862167359344954,0.6557971014492754,0.317064141299545,0.08705828964495982,0.024361990517931142,0.048723981035862285,0.005434782608695652,0.3822463768115942,0.10548279135865866,0.11589273558880782,0.5808878990171609,24.965519423910578,6.9130324707118715,0.12075584269797103,0.14414856037355053,0.1329111862139795,117.96451031204845,108.79382232465935,9.173124186440882,0.11316787680475776,77.7,28.8,54.8,84.6,65.9,Center-Forward,Big,85,250.0,1995-07-15,78.2
1628449,Chris,Boucher,59,956.4333333333333,523,190,395,72,208,71,91,118,187,36,30,29,32,72,170,242,191.3607,56.75091666666667,204.975,6743.866666666667,5235.798333333333,68.17938333333333,166.56485,117.15386666666666,108964.71833333334,108102.72666666667,857.6866666666665,126.75888333333333,0.6310160427807486,0.34615384615384615,0.4810126582278481,0.7802197802197802,0.6010941522618609,0.5721518987341773,0.5468232669989196,0.037639842470288926,0.030320984212177188,0.03345763775136793,0.5265822784810127,0.23037974683544304,0.20007740563900606,0.05933598787160632,0.21431185306520756,7.051057749276827,5.474295124246332,0.07128503467744747,0.17415207541909178,0.12249036350329348,113.92818980239083,113.02693339838986,0.896755306172237,0.1325329000104555,75.5,60.9,21.0,81.8,55.1,Forward,Forward,80,200.0,1993-01-11,36.3
1628464,Daniel,Theis,38,621.25,162,61,129,9,37,31,37,52,92,60,25,18,20,44,120,164,69.22361666666667,84.94283333333334,640.45,16697.785,6593.415,36.619166666666665,118.67853333333333,74.78333333333333,67984.17333333334,71488.82166666667,-3499.856666666667,53.15175,0.5652173913043478,0.24324324324324326,0.4728682170542636,0.8378378378378378,0.5575440528634361,0.5077519379844961,0.2607645875251509,0.096579476861167,0.0289738430583501,0.03219315895372234,0.2868217054263566,0.2868217054263566,0.11142634473507713,0.1367289067739772,1.0309054325955735,26.877722334004023,10.613142857142858,0.05894433266264252,0.19103184439973173,0.12037558685446009,109.43126492287057,115.07254996646546,-5.633572099262241,0.08555613682092555,53.4,32.0,59.8,80.9,46.8,Forward-Center,Big,80,245.0,1992-04-04,24.4
1628467,Maxi,Kleber,77,1097.9166666666667,189,70,169,19,75,30,47,51,94,70,40,27,28,61,118,179,97.55476666666667,92.28898333333333,686.3583333333332,24019.796666666665,16112.485,64.16241666666666,116.98756666666667,91.74715,123625.70666666667,122441.31333333332,1184.7916666666667,36.560050000000004,0.5425531914893617,0.25333333333333335,0.41420118343195267,0.6382978723404256,0.49820750738085195,0.47041420118343197,0.17214421252371914,0.06375711574952561,0.024592030360531307,0.025502846299810245,0.4437869822485207,0.2781065088757396,0.08885443643263756,0.0840582770398482,0.6251461100569259,21.877613662239085,14.67550815939279,0.058440151802656534,0.1065541404174573,0.08356476660341555,112.60026413662239,111.52149981024667,1.0791271347248577,0.03329947628083492,41.3,24.9,33.8,56.7,51.5,Forward,Forward,82,240.0,1992-01-29,90.2
1628470,Torrey,Craig,26,313.93333333333334,108,38,90,24,66,8,12,14,24,17,8,8,12,27,46,73,43.489733333333334,22.115716666666668,66.79533333333333,4681.778333333334,2247.9733333333334,23.910033333333335,40.85993333333333,32.716033333333336,33101.723333333335,34475.77333333333,-1374.3633333333332,23.9634,0.5833333333333334,0.36363636363636365,0.4222222222222222,0.6666666666666666,0.5667506297229219,0.5555555555555556,0.3440220853684434,0.05415162454873646,0.025483117434699512,0.03822467615204927,0.7333333333333333,0.13333333333333333,0.1385317477171374,0.07044717562115099,0.212769165427904,14.913288383945638,7.16067105542578,0.07616277341261414,0.1301548099384158,0.10421331492885963,105.4418878742833,109.81877256317689,-4.3778827776598,0.07633276704183478,49.3,63.0,28.0,72.0,63.4,Forward,Forward,77,221.0,1990-12-19,27.3
1628502,Nigel,Hayes-Davis,27,195.2,34,15,46,2,16,2,4,13,30,7,8,8,2,12,21,33,22.2824,13.731466666666666,70.41666666666667,1532.9466666666667,2014.5666666666666,9.839183333333333,22.9654,16.34615,18613.803333333333,22082.963333333333,-3469.5066666666667,1.4293,0.43333333333333335,0.125,0.32608695652173914,0.5,0.3559463986599665,0.34782608695652173,0.17418032786885246,0.03586065573770492,0.04098360655737705,0.010245901639344263,0.34782608695652173,0.08695652173913043,0.1141516393442623,0.07034562841530055,0.3607411202185793,7.853210382513662,10.320525956284154,0.05040565232240437,0.11765061475409837,0.08374052254098362,95.35759904371585,113.12993510928962,-17.774112021857924,0.007322233606557377,7.9,12.3,17.0,57.1,49.6,Forward,Forward,79,254.0,1994-12-16,63.5
1628960,Grayson,Allen,115,3011.0333333333333,1521,488,1156,308,805,237,282,180,351,332,158,123,32,71,278,349,600.4087833333333,497.4477166666667,5071.826333333333,56884.345,28544.906666666666,68.58568333333334,284.7949,173.97471666666667,344533.6383333333,349477.0366666667,-4947.408333333334,280.7007,0.5128205128205128,0.3826086956521739,0.42214532871972316,0.8404255319148937,0.5941034935316543,0.5553633217993079,0.5051421992449989,0.11026115065702805,0.040849763647031474,0.01062758078621957,0.6963667820069204,0.24394463667820068,0.19940290155096257,0.16520830611860823,1.6844138778492435,18.891967873708914,9.480103176096799,0.022778121575096035,0.09458377522666636,0.05777907362920814,114.42372109242673,116.0654825032381,-1.6430931795286228,0.0932240426874495,55.9,79.5,67.1,26.0,40.3,Guard,Guard,75,198.0,1995-10-08,40.3
1628963,Marvin,Bagley III,91,1466.1166666666666,763,309,517,27,71,118,179,282,446,96,73,37,51,188,262,450,267.06006666666667,148.559,1049.7603333333334,17421.728333333333,14101.391666666666,165.1679,251.23278333333334,209.15191666666666,161177.97833333333,171531.165,-10349.605,185.01653333333334,0.6322869955156951,0.38028169014084506,0.597678916827853,0.659217877094972,0.6403585336377065,0.6237911025145068,0.5204224311389499,0.06547910011708936,0.02523673650346153,0.034785771937203724,0.13733075435203096,0.34622823984526113,0.18215471710982528,0.10132822535723625,0.7160141871383588,11.882907226573602,9.618192049291212,0.1126567235440563,0.1713593392976912,0.1426570759489354,109.9353018745666,116.99694089829141,-7.059196062159674,0.12619495947343892,85.5,55.0,36.6,88.9,39.3,Forward,Forward,82,235.0,1999-03-14,87.3
1628964,Mo,Bamba,36,457.28333333333336,148,57,123,15,54,19,27,42,69,19,22,9,34,42,125,167,67.46415,32.75685,109.5905,4470.6016666666665,5398.066666666667,44.25118333333333,122.17495,81.83175,47505.35,51471.66666666667,-3969.3216666666667,49.92568333333333,0.6086956521739131,0.2777777777777778,0.4634146341463415,0.7037037037037037,0.5486358244365362,0.524390243902439,0.3236505448846448,0.041549732113569264,0.019681452053795966,0.07435215220322922,0.43902439024390244,0.21951219512195122,0.14753249261945547,0.0716335969675985,0.23965557458905856,9.776436928235594,11.804643364799357,0.09676972701097057,0.26717560228887993,0.17895196267813535,103.88602981375514,112.55968218099648,-8.680223785399278,0.10917888253088893,55.1,32.1,14.4,95.0,52.4,Center,Big,84,231.0,1998-05-12,48.8
1628969,Mikal,Bridges,164,5728.066666666667,2625,1064,2146,320,883,177,216,744,1263,610,215,182,105,150,421,571,1041.2776166666667,849.1439166666667,11986.206833333334,114586.39,39765.675,145.9306,418.3783,283.36791666666664,677464.45,645125.8333333334,32342.005,538.22225,0.5890736342042755,0.362400906002265,0.4958061509785648,0.8194444444444444,0.5856655838360761,0.570363466915191,0.45826980598456724,0.106493173962128,0.03177337321492999,0.01833079223938269,0.4114631873252563,0.10065237651444547,0.18178517766320226,0.14824267350240336,2.092539687620023,20.00437436715122,6.942250730322041,0.025476414380651995,0.07304005423586783,0.04947008007355594,118.2710484049301,112.62540589611388,5.646234040572153,0.09396228803202943,57.1,60.5,72.0,17.4,50.9,Guard-Forward,Wing,78,209.0,1996-08-30,38.9
1628970,Miles,Bridges,141,4415.966666666666,2614,948,2131,289,895,429,507,659,1236,494,243,90,79,147,784,931,1085.2415666666666,776.3275833333333,7762.9585,69696.18333333333,34794.638333333336,142.33055,752.6240166666666,443.4623833333333,502349.38333333336,504906.43333333335,-2568.35,543.3889,0.5331715210355987,0.3229050279329609,0.44486156733927734,0.8461538461538461,0.5552062801604024,0.512670107930549,0.5919428739649304,0.11186678643407635,0.02038058862159286,0.01788962779006484,0.41999061473486626,0.23791647114030973,0.2457540213920697,0.17580014568346683,1.7579295963888617,15.78276934457537,7.87928011231969,0.03223089319816726,0.17043244967126867,0.10042249337630871,113.75751251141692,114.33655900180408,-0.5816053865140891,0.123050951471554,58.0,46.5,68.6,64.1,35.2,Forward,Forward,79,225.0,1998-03-21,46.9
1628971,Bruce,Brown,123,2919.3333333333335,989,378,831,84,229,149,191,294,602,258,130,119,30,125,357,482,439.93513333333334,367.1632833333333,3385.501333333333,54081.136666666665,28430.226666666666,122.07693333333333,341.0573,232.19310000000002,325324.565,338368.66833333333,-13058.401666666667,211.53558333333334,0.4883720930232558,0.36681222707423583,0.4548736462093863,0.7801047120418848,0.5404135338345865,0.5054151624548736,0.33877597625028544,0.08837634163050924,0.040762731217172866,0.010276318794245261,0.27557160048134777,0.22984356197352587,0.15069712263073762,0.12576956496917102,1.1596830326558574,18.525166704727106,9.738602420643982,0.04181671614523864,0.11682711806348481,0.07953634391413565,111.43796471797214,115.90614352591915,-4.4730766156656765,0.07246023635533226,34.4,47.4,54.9,53.1,40.2,Guard-Forward,Wing,76,202.0,1996-08-15,10.2
1628973,Jalen,Brunson,139,4890.633333333333,3617,1274,2675,347,925,722,869,927,1750,978,339,117,16,58,376,434,1433.4002,1522.09125,16458.6825,109904.28666666667,38644.62333333334,58.445483333333335,387.89771666666667,220.94056666666665,583703.3916666667,561941.61,21745.395,669.6542333333333,0.5297142857142857,0.37513513513513513,0.47626168224299065,0.8308400460299195,0.5915234058141664,0.5411214953271029,0.7395770145652574,0.19997410015062808,0.023923281919860415,0.003271559920664672,0.34579439252336447,0.32485981308411216,0.29309091528704534,0.31122579556839947,3.365347875871564,22.47240371049421,7.901762552907259,0.011950493801075527,0.07931441394775046,0.045176268922225475,119.35128885829376,114.90160306436113,4.446335171313872,0.1369258719047976,69.1,62.3,89.6,9.1,21.1,Guard,Guard,74,190.0,1996-08-31,24.4
1628975,Jevon,Carter,89,1188.0,492,178,453,113,320,23,29,65,133,127,47,53,13,18,110,128,209.40451666666667,188.06948333333332,1191.9943333333333,24616.208333333332,8272.303333333333,15.900216666666667,103.38133333333333,58.19533333333333,132752.24333333335,136434.79666666666,-3673.0433333333335,89.17048333333334,0.48872180451127817,0.353125,0.39293598233995586,0.7931034482758621,0.528169014084507,0.5176600441501104,0.41414141414141414,0.1069023569023569,0.04461279461279461,0.010942760942760943,0.7064017660044151,0.0640176600441501,0.17626642817059485,0.15830764590347923,1.0033622334455667,20.720714085297416,6.963218294051627,0.01338402076318743,0.08702132435465769,0.04898597081930415,111.74431257014591,114.8441049382716,-3.091787317620651,0.07505932940516274,27.3,60.1,66.1,14.2,46.7,Guard,Guard,72,190.0,1995-09-14,15.7
1628976,Wendell,Carter Jr.,146,4046.6833333333334,1540,552,1128,109,384,327,425,443,744,288,177,112,90,313,756,1069,636.0527666666667,425.1340166666667,3778.0155,65839.86833333333,39141.208333333336,310.42755,760.61055,530.9059833333333,449872.8433333333,445061.46166666667,4825.703333333333,391.7671833333333,0.5954301075268817,0.2838541666666667,0.48936170212765956,0.7694117647058824,0.5855513307984791,0.537677304964539,0.3805585644210691,0.07116939386575838,0.02767698650335048,0.022240435583049493,0.3404255319148936,0.37677304964539005,0.15717878427189344,0.105057396798201,0.9336078928834725,16.270081671821778,9.672416917558001,0.07671159921087639,0.18795899934514274,0.13119533692200608,111.17075547464796,109.98178631883724,1.1925082680878578,0.09681192004975267,71.3,36.3,45.6,85.6,58.5,Center-Forward,Big,82,270.0,1999-04-16,59.9
1628978,Donte,DiVincenzo,144,4099.816666666667,1723,589,1428,418,1082,127,168,171,346,538,217,177,51,99,465,564,712.6118833333334,733.7039333333333,9041.2505,97232.74166666667,39973.25166666666,98.63196666666667,436.10695,271.9285,473991.325,450205.25166666665,23778.93666666667,372.30005,0.49421965317919075,0.38632162661737524,0.41246498599439774,0.7559523809523809,0.5735991264514754,0.5588235294117647,0.42026269467333904,0.13122537999666653,0.043172662192211844,0.01243958063165426,0.757703081232493,0.11764705882352941,0.1738155486627451,0.17896018114631143,2.2052816589359687,23.716363333319784,9.750009553272706,0.024057652984483046,0.10637230526568262,0.0663269902312705,115.6128099223949,109.81106919415096,5.800000000000001,0.0908089508067434,36.2,73.6,74.5,34.4,64.4,Guard,Guard,76,203.0,1997-01-31,56.3
1628981,Bruno,Fernando,17,146.58333333333334,58,26,49,0,0,6,8,26,49,18,14,4,9,21,30,51,27.36385,26.761083333333332,41.746833333333335,2593.8433333333332,2565.2766666666666,18.475266666666666,31.196516666666668,23.760883333333336,15344.431666666667,16116.691666666666,-774.725,14.12715,0.5306122448979592,,0.5306122448979592,0.75,0.5521706016755521,0.5306122448979592,0.3956793632745878,0.12279704377487208,0.027288231949971573,0.06139852188743604,0.0,0.16326530612244897,0.1866777714610574,0.1825656623081296,0.28479931779420126,17.695349630471856,17.500466173962476,0.12603934053439453,0.2128244457077885,0.16209812393405346,104.68060261512223,109.94900511654347,-5.285218874360432,0.09637623649801023,42.6,24.6,44.2,93.8,66.4,Forward-Center,Big,81,240.0,1998-08-15,22.9
1628983,Shai,Gilgeous-Alexander,144,4856.6,4601,1591,2977,278,733,1141,1283,1313,2244,934,334,226,129,105,566,671,1603.5195166666667,1521.4463,14966.170833333334,94758.68,34436.45,102.91786666666667,518.2650666666667,317.64931666666666,592176.14,513069.31,79130.23666666666,991.91945,0.5851158645276292,0.3792633015006821,0.5344306348673161,0.8893219017926735,0.6495798414240214,0.5811219348337252,0.9473705884775356,0.19231561174484205,0.046534612692006753,0.02656179220030474,0.24622102788041653,0.4309707759489419,0.33017327279715575,0.31327395708932176,3.0816148814671442,19.51132067701684,7.09064983733476,0.021191340993012942,0.10671355818199289,0.06540569877417672,121.93224478029897,105.64372400444755,16.293340334115772,0.20424153728946173,87.6,67.7,88.0,31.8,83.1,Guard,Guard,78,195.0,1998-07-12,68.3
1628988,Aaron,Holiday,119,1573.0,652,222,520,139,351,69,82,83,169,143,75,46,16,26,110,136,253.42804999999998,198.3898,1239.9941666666666,28482.578333333335,13587.168333333333,23.555966666666666,96.11081666666666,61.55126666666666,176665.10666666666,165718.51833333334,10944.456666666667,111.74638333333333,0.4911242603550296,0.396011396011396,0.4269230769230769,0.8414634146341463,0.5862465832254351,0.5605769230769231,0.41449459631277813,0.09090909090909091,0.029243483788938335,0.010171646535282899,0.675,0.1576923076923077,0.16111128417037507,0.12612193261284171,0.7882988980716253,18.10716995126086,8.63774210637847,0.014975185420639966,0.061100328459419366,0.03912985802076711,112.31093875821148,105.3518870523416,6.957696545878364,0.07104029455393092,39.0,81.6,52.7,6.6,57.4,Guard,Guard,72,185.0,1996-09-30,9.9
1628989,Kevin,Huerter,138,3228.116666666667,1374,526,1200,232,716,90,120,294,484,334,139,129,56,64,381,445,572.5424666666667,454.8706666666667,4312.335166666667,60346.98333333333,24520.756666666668,62.5659,361.68933333333337,213.44383333333334,367727.25166666665,359928.2033333333,7796.338333333332,264.6841,0.6074380165289256,0.3240223463687151,0.43833333333333335,0.75,0.5483716475095786,0.535,0.42563517427602265,0.1034659011704451,0.03996138099098029,0.017347576244146484,0.5966666666666667,0.1,0.17736114452699459,0.1409089923433168,1.3358671981082881,18.694176687129232,7.595994568556486,0.019381548580957936,0.11204345154811629,0.06612023522487312,113.91386670246324,111.49789195970818,2.4151352439761054,0.08199335009577308,53.2,48.8,63.9,32.8,61.1,Guard-Forward,Wing,78,190.0,1998-08-27,25.0
1628991,Jaren,Jackson Jr.,122,3661.6666666666665,2572,934,1932,230,624,474,601,704,1308,242,260,145,182,133,556,689,971.08305,386.0004666666667,3581.6538333333333,32002.308333333334,35369.98333333333,122.94371666666667,496.7758,312.63115,412830.42666666664,402038.225,10788.895,427.7602,0.5382262996941896,0.3685897435897436,0.4834368530020704,0.7886855241264559,0.5854928884922875,0.5429606625258799,0.7024123805188894,0.06609012289485662,0.03959945380063724,0.049704142011834325,0.32298136645962733,0.3110766045548654,0.2652024715521165,0.10541660446062814,0.9781485207100592,8.739820209376424,9.659531178880291,0.033575889849795176,0.13566931269913518,0.0853794674556213,112.74385798816567,109.79651115157031,2.9464437869822486,0.11682117432862996,68.9,56.5,38.5,55.0,77.8,Forward-Center,Big,82,242.0,1999-09-15,36.5
1628995,Kevin,Knox II,14,83.65,46,18,36,4,15,6,8,14,21,5,4,2,4,7,10,17,16.38886666666667,7.0825,0.0,808.6933333333333,370.0,5.653583333333334,14.061399999999999,8.675666666666668,9532.616666666667,9656.53,-125.38666666666663,7.036133333333333,0.6666666666666666,0.26666666666666666,0.5,0.75,0.5819838056680161,0.5555555555555556,0.5499103407053197,0.05977286312014345,0.02390914524805738,0.04781829049611476,0.4166666666666667,0.2222222222222222,0.1959218967921897,0.08466826060968319,0.0,9.667583183901174,4.423191870890616,0.06758617254433154,0.168098027495517,0.10371388722853159,113.95835823869297,115.43968918111177,-1.4989440127515437,0.08411396692568239,75.2,37.1,26.8,76.0,43.8,Forward,Forward,80,215.0,1999-08-11,47.3
1628997,Caleb,Martin,103,2074.25,583,214,493,57,160,98,159,157,333,176,96,86,38,81,239,320,279.75691666666665,245.98358333333334,2264.1766666666667,43082.496666666666,25419.195,76.78736666666667,236.0901,155.48038333333332,218212.525,233652.65833333333,-15450.631666666666,126.59725,0.47147147147147145,0.35625,0.4340770791075051,0.6163522012578616,0.5177987778883046,0.4918864097363083,0.28106544534168976,0.08484994576352899,0.04146076895263348,0.018319874653489214,0.32454361054766734,0.3225152129817444,0.13487135912578843,0.11858916877586277,1.091564019123378,20.770156281386846,12.254643847173677,0.03701934032381182,0.11381950102446668,0.07495739825639788,105.2006869952995,112.64440560845286,-7.448779880278012,0.061032782933590456,34.3,37.8,50.0,47.6,59.2,Forward,Forward,77,205.0,1995-09-28,9.5
1628998,Cody,Martin,57,1228.3833333333334,365,138,335,43,156,46,67,95,179,107,55,60,34,54,184,238,173.39585,154.99771666666666,1123.0493333333334,23219.365,13082.026666666667,48.30468333333334,171.8717,108.1264,131305.30000000002,136143.88166666665,-4844.63,105.06401666666666,0.5307262569832403,0.27564102564102566,0.41194029850746267,0.6865671641791045,0.5007133450395083,0.4761194029850746,0.2971385153928605,0.08710635930694816,0.048844687461840085,0.027678656228376047,0.46567164179104475,0.2,0.14115776834050173,0.1261802504647029,0.9142498948482423,18.902377108123144,10.64979173167985,0.03932378600599704,0.13991699116725234,0.08802333690623176,106.89277234305253,110.83175583083455,-3.9439073036375722,0.08553031762614818,36.2,28.7,51.2,59.4,73.9,Forward,Forward,78,205.0,1995-09-28,15.4
1629001,De'Anthony,Melton,55,1246.2833333333333,664,237,582,85,280,105,129,152,302,142,101,84,22,45,133,178,300.32871666666665,210.34038333333334,1810.1106666666667,20369.428333333333,14550.306666666667,43.811566666666664,138.21425,89.83936666666666,141762.58666666667,136220.155,5549.738333333334,113.04181666666666,0.5033112582781457,0.30357142857142855,0.4072164948453608,0.813953488372093,0.5197570292441606,0.4802405498281787,0.5327841448573759,0.11393877796648702,0.06740040386749936,0.017652486727202214,0.48109965635738833,0.22164948453608246,0.24097948567072763,0.16877412840846784,1.4524070235500222,16.34413924067561,11.674958877729784,0.03515377723096674,0.11090114607432766,0.07208582853016302,113.7482808885085,109.30111264158765,4.453031012209637,0.09070314401487088,45.9,41.1,58.0,44.6,77.0,Guard,Guard,74,200.0,1998-05-28,36.0
1629003,Shake,Milton,57,836.2666666666667,315,115,254,38,106,47,59,77,148,102,40,25,4,31,73,104,135.26163333333332,145.34953333333334,1236.8121666666666,20340.14,7414.8949999999995,27.982016666666667,71.76128333333334,49.398983333333334,88615.88,94685.605,-6073.525,67.82138333333333,0.5202702702702703,0.3584905660377358,0.452755905511811,0.7966101694915254,0.5625803686240892,0.5275590551181102,0.37667410714285715,0.12197066326530613,0.029894770408163265,0.0047831632653061226,0.41732283464566927,0.23228346456692914,0.16174461894132652,0.17380763711734695,1.4789686304209184,24.322552614795917,8.86666334502551,0.03346063855229592,0.08581148357780613,0.05907085060586735,105.96605548469388,113.22417689732143,-7.2626654177295915,0.08110018734056122,45.6,54.7,72.1,30.5,33.1,Guard,Guard,77,205.0,1996-09-26,71.0
1629004,Svi,Mykhailiuk,88,1915.9333333333334,803,291,664,168,443,53,63,123,221,169,94,45,10,58,156,214,315.96753333333334,233.56715,1959.4,35089.53833333333,18533.873333333333,54.838166666666666,148.90981666666667,101.8832,216963.51166666666,225952.61,-8995.143333333333,132.64915,0.5565610859728507,0.3792325056433409,0.4382530120481928,0.8412698412698413,0.5804371711096975,0.5647590361445783,0.4191168795017224,0.08820766206200634,0.02348724729461707,0.005219388287692682,0.6671686746987951,0.09487951807228916,0.1649157242771147,0.12190776470997598,1.0226869410905042,18.31459253975434,9.673548140157973,0.028622168481853925,0.07772181530324646,0.05317679807926511,113.24168116496746,117.93344062075924,-4.6949145760116915,0.06923474198823897,48.2,76.5,52.6,22.1,15.9,Guard-Forward,Wing,79,205.0,1997-06-10,50.0
1629006,Josh,Okogie,118,1978.7666666666667,636,219,506,94,253,104,154,125,253,102,72,111,35,126,187,313,266.89158333333336,143.68501666666666,812.6998333333333,27489.465,18836.261666666665,115.4816,177.29838333333333,149.06015,224537.39,217486.79666666666,7044.889999999999,137.87226666666666,0.49407114624505927,0.3715415019762846,0.43280632411067194,0.6753246753246753,0.5542387060791969,0.525691699604743,0.3214123275440931,0.05154726007782626,0.0560955477317521,0.017687785320822734,0.5,0.30434782608695654,0.13487774371241346,0.07261342081768105,0.41071029092195477,13.892221585836296,9.519192931624074,0.05836039283728922,0.08960044977511245,0.07532982665970385,113.47340430908142,109.91027913009788,3.560242912251739,0.06967585869986355,41.9,55.8,25.9,49.5,74.0,Guard,Guard,76,213.0,1998-09-01,66.5
1629008,Michael,Porter Jr.,129,4281.916666666667,2657,972,2006,369,974,344,421,603,1032,323,226,105,51,207,700,907,1005.1285,492.78825,5455.456166666667,50527.75166666666,34450.125,209.79701666666668,696.18595,451.95365,502314.2083333333,501795.55833333335,492.1516666666673,504.14005,0.5843023255813954,0.3788501026694045,0.48454636091724823,0.8171021377672208,0.6062777240284041,0.5765204386839482,0.6205165132436797,0.0754335091372633,0.024521728976509737,0.011910554074304731,0.48554336989032904,0.2098703888334995,0.23473798727205494,0.11508590389817644,1.2740687386878928,11.800265068213221,8.045491699589357,0.04899605316933616,0.1625874588871806,0.1055493801451842,117.31059883619095,117.1894731720608,0.11493723605083409,0.11773700640289589,71.0,71.3,49.0,72.0,24.7,Forward,Forward,82,218.0,1998-06-29,69.4
1629011,Mitchell,Robinson,77,1464.6833333333334,427,186,262,0,0,55,122,186,262,65,51,72,88,304,322,626,149.39753333333334,81.81095,604.325,24357.19,17193.763333333332,281.1356166666667,317.7052166666667,300.06958333333336,171622.595,160599.675,11011.628333333332,189.95213333333334,0.7099236641221374,,0.7099236641221374,0.45081967213114754,0.676317790167258,0.7099236641221374,0.29153059250577484,0.04437819323858399,0.04915738327966227,0.060081246230698326,0.0,0.46564885496183206,0.10199988620976093,0.055855725355878974,0.4125977173678042,16.629662839521625,11.738894641617641,0.19194293419510475,0.21691051535599276,0.20486993775673923,117.17385669257291,109.64805248005825,7.518094923817434,0.12968819198689135,79.7,33.5,20.7,98.1,84.0,Center-Forward,Big,84,240.0,1998-04-01,55.3
1629012,Collin,Sexton,131,3371.0,2209,776,1609,222,550,435,506,554,1059,487,301,123,16,101,225,326,864.3809333333334,787.21375,5920.717333333333,60732.51833333333,38464.831666666665,97.11705,211.90046666666666,154.73731666666666,372952.31666666665,390513.0933333333,-17559.755,369.7144333333333,0.5231350330500472,0.4036363636363636,0.48228713486637664,0.8596837944664032,0.6030115088117752,0.5512740832815414,0.6552951646395728,0.14446751705725305,0.036487689113022845,0.004746366063482646,0.3418272218769422,0.31448104412678685,0.2564167704934243,0.233525289231682,1.7563682389004251,18.016172747948186,11.410510728764956,0.028809566894096708,0.06285982398892515,0.04590249678631464,110.63551369524374,115.84488084643527,-5.209064075941857,0.10967500247206566,67.4,71.2,69.4,16.0,30.9,Guard,Guard,75,190.0,1999-01-04,31.4
1629013,Landry,Shamet,101,1932.7,761,265,594,165,419,66,94,100,175,99,52,54,11,34,119,153,286.33813333333336,136.34206666666665,775.2471666666667,23691.901666666665,13033.548333333334,31.129099999999998,116.0553,74.42091666666667,220000.36833333335,206506.86333333334,13511.778333333334,132.22958333333332,0.5714285714285714,0.3937947494033413,0.44612794612794615,0.7021276595744681,0.5988730798287585,0.585016835016835,0.3937496766182025,0.05122367672168469,0.027940187302737104,0.005691519635742743,0.7053872053872053,0.15824915824915825,0.14815446439350824,0.07054486814646177,0.4011213156033873,12.258447594901776,6.743699660233525,0.016106534899363582,0.06004827443472862,0.03850619168348252,113.83058329452753,106.84889705248271,6.9911410634518205,0.06841702454252255,55.4,75.6,27.9,7.2,48.9,Guard,Guard,77,190.0,1997-03-13,53.7
1629014,Anfernee,Simons,125,3663.866666666667,2133,764,1773,361,972,244,271,403,801,471,211,87,13,56,268,324,864.61725,762.33375,6622.582833333333,66835.605,30207.81,49.318466666666666,262.3783666666667,153.20708333333334,410758.36833333335,416571.75,-5820.243333333332,374.41805,0.5031210986267166,0.3713991769547325,0.43090806542583193,0.9003690036900369,0.563617722910413,0.5327129159616469,0.5821718403144219,0.12855271298082172,0.023745405582444774,0.0035481640525492192,0.5482233502538071,0.15284827975183304,0.23598491120492013,0.20806809290731104,1.8075392572509914,18.241822391644526,8.24478965755668,0.013460770042577968,0.07161242221332655,0.04181568197532661,112.11062129262346,113.6973006659631,-1.5885521671094287,0.10219205120273663,45.7,70.8,74.4,7.6,25.3,Guard,Guard,75,200.0,1999-06-08,43.1
1629018,Gary,Trent Jr.,139,3270.8333333333335,1353,466,1130,303,775,118,144,163,355,166,83,106,7,28,207,235,544.9001,236.49348333333333,1872.1056666666666,39342.621666666666,17674.34,27.831033333333334,203.80061666666666,116.38743333333333,368426.435,382120.13666666666,-13725.653333333332,202.18958333333333,0.4591549295774648,0.3909677419354839,0.41238938053097346,0.8194444444444444,0.5668867734799223,0.5464601769911505,0.41365605095541397,0.05075159235668789,0.03240764331210191,0.0021401273885350318,0.6858407079646017,0.12743362831858407,0.1665936611464968,0.07230374012738854,0.5723635159235668,12.028317452229299,5.403619872611465,0.008508850955414012,0.06230846878980891,0.03558341910828025,112.63992917197452,116.8265385987261,-4.196378089171974,0.061815923566878976,30.3,76.5,31.7,4.0,23.7,Guard,Guard,77,204.0,1999-01-18,69.0
1629020,Jarred,Vanderbilt,101,1708.6333333333334,435,172,361,38,131,53,92,134,230,125,85,90,29,148,326,474,199.82991666666666,182.13495,1023.8406666666667,34460.92333333333,23072.255,148.26303333333334,333.13463333333334,239.35835,195748.52833333332,193572.98666666666,2172.2233333333343,138.06318333333334,0.5826086956521739,0.2900763358778626,0.47645429362880887,0.5760869565217391,0.541745541496463,0.5290858725761773,0.25458943795235955,0.07315788446906885,0.05267367681772957,0.01697262919682397,0.3628808864265928,0.2548476454293629,0.11695307165570923,0.10659686103903704,0.5992161376538754,20.16870598333951,13.503338925847167,0.08677287890906962,0.19497140014436487,0.14008760412805554,114.56438576640198,113.29112155914082,1.2713221092881255,0.08080328332585497,51.8,26.7,39.3,88.3,60.8,Forward,Forward,80,214.0,1999-04-03,45.4
1629021,Moritz,Wagner,66,990.7666666666667,633,223,444,49,145,138,182,174,299,69,68,39,14,67,196,263,244.7834,125.4465,560.1408333333333,10156.188333333334,10383.47,61.13763333333333,202.82448333333335,127.07311666666666,106125.4,110479.65666666666,-4351.661666666667,143.37988333333334,0.5819397993311036,0.33793103448275863,0.5022522522522522,0.7582417582417582,0.6039154327583575,0.5574324324324325,0.6388991689937086,0.06964303737846113,0.039363455909564984,0.014130471352151532,0.32657657657657657,0.4099099099099099,0.2470646300844464,0.12661558389126265,0.565360999899068,10.250837735087307,10.480237526494633,0.061707398311072234,0.2047146822326145,0.12825735962049592,107.11442317397301,111.50925882313359,-4.392216465363523,0.14471609527974968,82.4,48.0,36.0,83.6,57.5,Forward-Center,Big,83,245.0,1997-04-26,51.7
1629022,Lonnie,Walker IV,20,476.68333333333334,247,89,212,45,127,24,30,44,85,50,25,10,5,6,57,63,101.28063333333334,78.22255,627.0126666666666,7924.231666666667,3789.445,5.456933333333334,53.61703333333333,29.162100000000002,49989.505,56777.11,-6787.713333333333,43.15898333333333,0.5176470588235295,0.3543307086614173,0.419811320754717,0.8,0.5484014209591475,0.5259433962264151,0.5181637005699101,0.10489143736232999,0.020978287472466,0.010489143736233,0.5990566037735849,0.14150943396226415,0.2124694241460089,0.16409751407293452,1.3153651970210831,16.623680990175167,7.949606657109891,0.011447711618474878,0.11247935386874584,0.061177091710080074,104.86942064962763,119.10865354358239,-14.239460158735708,0.09054015593860354,44.1,60.8,64.5,26.8,18.2,Guard-Forward,Wing,76,204.0,1998-12-14,12.2
1629023,P.J.,Washington,113,3570.4666666666667,1629,597,1323,167,473,268,380,430,850,229,212,118,120,166,670,836,698.83385,327.6929666666667,3317.3995,43049.388333333336,38050.72666666667,156.61223333333334,625.0338333333333,392.1648333333333,395552.47833333333,406531.185,-10980.208333333334,340.94345,0.5058823529411764,0.35306553911205074,0.4512471655328798,0.7052631578947368,0.5465709300764998,0.5143613000755858,0.4562428814160614,0.06413727430587972,0.033048901170715315,0.03360905203801557,0.35752078609221466,0.2872260015117158,0.19572619358813972,0.09177874974326419,0.9291221035532237,12.057076105831172,10.657073771869223,0.04386323916574864,0.17505662191683624,0.10983573575816419,110.78453190059189,113.85939793117613,-3.075286610527102,0.09548988460892133,50.4,42.9,34.7,73.1,55.4,Forward,Forward,79,230.0,1998-08-23,51.7
1629026,Kenrich,Williams,125,1986.7833333333333,799,311,650,116,300,61,91,195,350,176,82,74,15,124,304,428,322.3387,231.44531666666666,1949.8725,35222.175,17134.295,113.53881666666666,288.2961666666667,203.23251666666667,230878.11833333335,211743.14333333334,19146.27666666667,185.64851666666667,0.5571428571428572,0.38666666666666666,0.47846153846153844,0.6703296703296703,0.5789519448147934,0.5676923076923077,0.40215759141661145,0.0885854018639845,0.03724613487462985,0.007549892204316861,0.46153846153846156,0.14,0.16224149588530876,0.11649247946848759,0.9814218124774552,17.728241630105618,8.624138683131024,0.05714705512260186,0.1451069987500734,0.10229223954969088,116.20699371681194,106.57586047799207,9.636821663157367,0.0934417525816437,49.8,60.4,52.5,70.8,60.6,Guard-Forward,Wing,79,210.0,1994-12-02,56.3
1629027,Trae,Young,91,3122.8333333333335,2110,647,1553,245,722,571,658,402,831,1000,394,104,14,40,226,266,880.5302666666666,1397.7099166666667,10692.708333333334,97062.995,38852.526666666665,37.66401666666667,221.91231666666667,127.8348,360423.37166666664,361695.235,-1233.658333333333,401.09811666666667,0.48375451263537905,0.33933518005540164,0.41661300708306503,0.8677811550151976,0.5725853722076287,0.49549259497746295,0.6756684634680045,0.32022202060094995,0.0333030901424988,0.0044831082884133,0.46490663232453316,0.42369607211848037,0.2819651811922933,0.4475774937289854,3.4240406681966165,31.081708384479903,12.441434594652291,0.012060847520947857,0.07106121043923787,0.04093551795911832,115.41550034690718,115.82277899343543,-0.3950445642312002,0.12844044937823557,60.4,57.0,86.1,6.3,27.9,Guard,Guard,74,164.0,1998-09-19,11.5
1629028,Deandre,Ayton,112,3164.016666666667,1473,668,1069,6,32,131,201,662,1037,123,152,72,109,309,672,981,559.2448166666667,188.12556666666666,2138.0026666666668,25331.443333333333,34301.073333333334,325.0952833333333,677.5366166666666,500.24668333333335,359464.6666666667,367210.70166666666,-7732.031666666665,381.41353333333336,0.6383799421407907,0.1875,0.6248830682881198,0.6517412935323383,0.6363180812828311,0.627689429373246,0.46554748447384914,0.038874637196390664,0.02275588518813112,0.034449881743142945,0.029934518241347054,0.1880261927034612,0.1767515394461681,0.05945783050026074,0.6757242113136783,8.006103001985872,10.840990091708324,0.10274765198244847,0.21413813138363155,0.1581049457177322,113.61023172022904,116.05839676360743,-2.4437392344119546,0.12054725796851049,71.9,26.0,19.1,92.2,38.9,Center,Big,84,252.0,1998-07-23,73.6
1629029,Luka,Dončić,114,4057.1833333333334,3551,1154,2482,431,1175,812,1040,723,1307,913,434,194,55,81,823,904,1422.8304,1485.2924,11071.354,85914.88166666667,41030.445,82.62528333333333,798.7450833333334,450.22555,484962.61,460564.555,24402.138333333332,730.9684666666667,0.5531752104055088,0.3668085106382979,0.4649476228847704,0.7807692307692308,0.6039937406449857,0.5517727639000806,0.875237747041256,0.22503296622040742,0.04781642436665831,0.013556202784361893,0.4734085414987913,0.41901692183722805,0.35069413509372266,0.3660895448813011,2.7288276349355667,21.175991964868896,10.113036959138318,0.02036518356330952,0.19687182404870374,0.110969979172743,119.53184516351655,113.51830005217084,6.014551556703953,0.18016648660195292,79.0,65.0,83.6,62.8,55.7,Forward-Guard,Wing,80,230.0,1999-02-28,90.6
1629048,Goga,Bitadze,134,2401.483333333333,877,359,564,5,39,154,230,354,525,221,115,86,159,304,479,783,326.92334999999997,322.58098333333334,2594.1208333333334,52794.03333333333,27512.698333333334,288.4299833333333,500.62401666666665,394.5337,266663.13,261814.83833333335,4856.298333333333,310.99531666666667,0.6742857142857143,0.1282051282051282,0.6365248226950354,0.6695652173913044,0.6592002405291641,0.6409574468085106,0.36519095836600995,0.09202645587102416,0.0358112000222085,0.06620907911082734,0.06914893617021277,0.4078014184397163,0.136133924171866,0.1343257222966361,1.0802160470264908,21.983926600920267,11.456543525182354,0.12010492820409609,0.20846449763687722,0.16428750286281396,111.04100798811847,109.02213423647886,2.0222078021222996,0.12950134292000084,82.1,27.3,55.0,93.6,77.6,Center-Forward,Big,83,250.0,1999-07-20,59.1
1629052,Oshae,Brissett,6,142.25,52,19,39,6,18,8,14,13,21,4,8,4,3,7,15,22,21.70265,5.117916666666667,33.925,1145.8616666666667,1902.635,6.679333333333333,16.8588,11.211866666666667,16122.68,17697.636666666665,-1574.9566666666667,6.826666666666667,0.6190476190476191,0.3333333333333333,0.48717948717948717,0.5714285714285714,0.5757307351638619,0.5641025641025641,0.3655536028119508,0.028119507908611598,0.028119507908611598,0.0210896309314587,0.46153846153846156,0.358974358974359,0.15256695957820737,0.035978324545987116,0.23848857644991212,8.05526654950205,13.375289982425308,0.046954891622729936,0.1185152899824253,0.07881804335090803,113.34045694200351,124.41220855301698,-11.071751611013473,0.04799062683069713,71.4,43.8,7.1,54.5,30.8,Forward-Guard,Wing,79,210.0,1998-06-20,56.3
1629056,Terence,Davis,1,7.883333333333333,0,0,2,0,1,0,0,0,1,1,0,0,0,0,1,1,0.87505,1.3165166666666666,0.0,262.515,0.0,0.0,0.87505,0.4651166666666666,683.485,841.1516666666666,-157.66666666666666,0.0,0.0,0.0,0.0,,0.0,0.0,0.0,0.12684989429175478,0.0,0.0,0.5,0.0,0.111,0.167,0.0,33.3,0.0,0.0,0.111,0.059,86.7,106.7,-20.0,0.0,0.8,19.8,62.1,23.6,36.4,Guard,Guard,76,201.0,1997-05-16,55.4
1629057,Robert,Williams III,79,1359.5666666666666,513,227,328,10,26,49,74,217,302,81,66,48,120,176,357,533,171.76225,123.77956666666667,679.4713333333333,22594.366666666665,15488.911666666667,168.10533333333333,334.07466666666664,250.8006,148974.19333333333,146326.96166666667,2656.618333333333,213.7109,0.7185430463576159,0.38461538461538464,0.6920731707317073,0.6621621621621622,0.7113933880630131,0.7073170731707317,0.37732610880917944,0.05957780665408096,0.03530536690612205,0.08826341726530512,0.07926829268292683,0.22560975609756098,0.1263360261848138,0.09104339618015544,0.4997705151151102,16.618800107877508,11.392535611837106,0.1236462598376934,0.24572143084806433,0.18447098340157403,109.5747615661853,107.62764728957757,1.9540184372471618,0.1571904528403658,73.9,56.7,31.4,96.7,80.4,Center-Forward,Big,81,249.0,1997-10-17,34.3
1629060,Rui,Hachimura,127,3795.4333333333334,1555,600,1173,218,509,137,185,382,664,140,91,84,47,120,401,521,579.5006,199.77446666666665,2467.24,35381.401666666665,22707.513333333332,124.38071666666667,390.71498333333335,264.01408333333336,439051.1016666667,427799.11333333334,11249.265,303.93125,0.5753012048192772,0.42829076620825146,0.5115089514066496,0.7405405405405405,0.6198182397959183,0.6044330775788577,0.4097028885590578,0.03688643369663543,0.022131860217981258,0.012383302741013322,0.4339300937766411,0.1577152600170503,0.15268364613614605,0.052635482992719314,0.6500548905263343,9.322098047653759,5.982851321324749,0.03277115041760713,0.10294344519290727,0.06956098557037844,115.67878107901602,112.71416878178161,2.963894768274154,0.08007814215328947,58.7,72.5,26.7,40.3,35.6,Forward,Forward,80,230.0,1998-02-08,64.6
1629098,Jack,McVeigh,9,43.25,14,5,17,4,13,0,0,1,4,1,2,0,2,2,3,5,7.5899833333333335,3.9833333333333334,0.0,132.64499999999998,441.465,1.7926666666666669,1.9127166666666666,1.9858666666666667,3608.41,4181.4,-572.99,6.052616666666666,0.25,0.3076923076923077,0.29411764705882354,,0.4117647058823529,0.4117647058823529,0.3236994219653179,0.023121387283236993,0.0,0.046242774566473986,0.7647058823529411,0.0,0.17549094412331406,0.09210019267822736,0.0,3.0669364161849706,10.207283236994218,0.041448940269749525,0.04422466281310212,0.045915992292870904,83.4314450867052,96.67976878612716,-13.248323699421965,0.13994489402697494,7.3,43.8,19.7,21.4,66.4,Guard-Forward,Wing,80,215.0,1996-06-27,76.2
1629111,Jock,Landale,110,2006.15,918,363,700,85,219,107,166,278,481,152,81,48,46,239,285,524,339.87241666666665,225.22005000000001,1447.879,31024.753333333334,15791.288333333334,220.19306666666665,285.6254,247.58375,228172.28,232484.64166666666,-4303.169999999999,198.94525,0.577962577962578,0.3881278538812785,0.5185714285714286,0.6445783132530121,0.5937597019559143,0.5792857142857143,0.45759290182688234,0.07576701642449468,0.023926426239314107,0.02292949181267602,0.31285714285714283,0.23714285714285716,0.1694152564198423,0.11226481070707574,0.7217202103531639,15.464822337977386,7.871439490234196,0.10975902433350779,0.14237489719113725,0.12341238192557884,113.73640056825262,115.88597147105982,-2.14498915833811,0.09916768437056052,66.0,55.5,47.1,81.9,35.6,Center,Big,83,255.0,1995-10-25,65.5
1629130,Duncan,Robinson,151,3898.7833333333333,1756,608,1361,410,1019,130,163,198,342,335,140,84,28,47,325,372,655.4173666666667,462.2688166666667,4768.6900000000005,67251.25333333333,28603.81166666667,47.39516666666667,325.10381666666666,187.41395,452535.9683333333,428041.37666666665,24474.303333333333,297.1544333333333,0.5789473684210527,0.4023552502453386,0.446730345334313,0.7975460122699386,0.6128203696465464,0.5973548861131521,0.45039691869685844,0.08592424132314783,0.02154518289893856,0.007181727632979519,0.748714180749449,0.11976487876561352,0.16810817904730962,0.11856745480427655,1.223122598075468,17.2492923005895,7.3365994519657844,0.012156399218559637,0.08338596656221813,0.048069855125744354,116.07107388202303,109.78844938805696,6.27742073381867,0.07621722161187036,58.7,84.8,57.0,11.6,40.0,Forward,Forward,79,215.0,1994-04-22,34.5
1629162,Jordan,McLaughlin,90,595.9,187,64,151,36,86,23,29,28,65,89,31,36,3,13,49,62,82.76286666666667,119.31776666666667,471.26666666666665,17623.95,5830.455,12.933,51.13721666666667,32.67058333333333,65331.94666666667,66150.99333333333,-822.4050000000001,42.0827,0.4307692307692308,0.4186046511627907,0.423841059602649,0.7931034482758621,0.5709574987787006,0.543046357615894,0.3138110421211613,0.14935391844269172,0.06041282094311126,0.005034401745259272,0.5695364238410596,0.19205298013245034,0.13888717346310903,0.20023119091570177,0.790848576383062,29.575348212787382,9.784284275885216,0.02170330592381272,0.08581509761145606,0.054825613917323934,109.63575543995078,111.01022542932259,-1.3801057224366506,0.07062040610840746,26.2,76.1,68.0,20.9,57.2,Guard,Guard,71,185.0,1996-04-09,8.1
1629216,Gabe,Vincent,125,2406.3333333333335,691,244,636,168,482,35,44,76,154,174,68,78,16,37,109,146,303.2088166666667,233.67951666666667,1094.8220000000001,43292.06,18951.676666666666,37.21915,107.93278333333333,71.45118333333333,273980.72833333333,271697.555,2301.2016666666664,86.34476666666667,0.4935064935064935,0.34854771784232363,0.3836477987421384,0.7954545454545454,0.527191162109375,0.5157232704402516,0.2871588862723369,0.07230918409752042,0.0324144618368195,0.006649120376783488,0.7578616352201258,0.06918238993710692,0.1260044950824214,0.09711020224407813,0.4549752043219283,17.990882393683332,7.875748718659094,0.01546716304197257,0.04485362931153899,0.029692969940434962,113.85817772544674,112.90935932954702,0.9563104308075909,0.03588229671699682,21.0,59.6,42.2,5.2,38.4,Guard,Guard,74,200.0,1996-06-14,36.0
1629234,Drew,Eubanks,103,1298.3166666666666,499,208,350,4,13,79,128,204,337,73,71,27,65,99,254,353,199.59083333333334,114.76821666666666,577.1996666666666,15527.533333333333,18097.066666666666,92.89923333333333,238.15113333333335,168.58156666666667,138872.755,150919.26666666666,-12044.145,125.23405,0.6053412462908012,0.3076923076923077,0.5942857142857143,0.6171875,0.6140480409529435,0.6,0.38434382983093496,0.056226652460236975,0.020796159129128744,0.05006482753308772,0.037142857142857144,0.3657142857142857,0.15373047150797828,0.0883977072876417,0.44457541175111365,11.959742743809292,13.938869561868573,0.07155360145829856,0.18343069872527248,0.12984626246806763,106.96370043261146,116.24226241671909,-9.276739110900012,0.09645878637723206,74.9,32.5,22.0,84.2,39.2,Forward-Center,Big,82,245.0,1997-02-01,40.1
1629312,Haywood,Highsmith,81,1909.15,516,191,414,97,247,37,50,94,167,119,54,72,37,78,187,265,213.17066666666668,162.28108333333333,1521.9001666666666,36837.528333333335,17290.045,76.99681666666666,188.64025,132.48156666666668,214347.18,211050.54333333333,3300.4950000000003,111.28148333333333,0.562874251497006,0.39271255060728744,0.4613526570048309,0.74,0.591743119266055,0.5785024154589372,0.2702773485582589,0.062331404027970556,0.037713118403477984,0.019380352512898408,0.5966183574879227,0.12077294685990338,0.11165736933539358,0.08500174597770385,0.7971611275524011,19.295250940645488,9.056409920645311,0.040330417550567876,0.09880850116544011,0.06939295847192031,112.27361914988344,110.54686291456058,1.7287772045150984,0.05828849662589808,44.3,73.1,43.0,43.1,64.8,Forward,Forward,77,220.0,1996-12-09,24.6
1629599,Amir,Coffey,118,2238.016666666667,845,295,623,118,296,137,157,177,327,104,54,49,12,51,167,218,317.17336666666665,150.72803333333334,894.0033333333333,27105.538333333334,13524.598333333333,52.4811,162.84281666666666,109.0423,244106.06833333333,247303.40333333332,-3208.2883333333325,156.70133333333334,0.5412844036697247,0.39864864864864863,0.47351524879614765,0.8726114649681529,0.6104785573922089,0.5682182985553772,0.3775664464816318,0.04646971649004698,0.021894385653964444,0.005361890364236191,0.4751203852327448,0.2520064205457464,0.14172073487686268,0.06734893246252262,0.3994623215495863,12.111410400577892,6.043117790305404,0.02344982536620966,0.07276211079750672,0.04872273813867933,109.07249797067342,110.50114461465135,-1.433540858349282,0.07001794743858028,56.4,78.4,27.2,15.3,35.8,Guard-Forward,Wing,79,210.0,1997-06-17,56.3
1629610,DaQuan,Jeffries,50,1131.3833333333334,346,129,310,59,173,29,35,70,137,54,35,28,25,40,100,140,154.98816666666667,79.88481666666667,502.8565,15883.325,8853.22,36.973216666666666,93.79628333333334,66.2974,121946.90833333334,133840.11833333335,-11899.593333333334,55.56355,0.5109489051094891,0.34104046242774566,0.4161290322580645,0.8285714285714286,0.5316533497234174,0.5112903225806451,0.3058203084719296,0.0477291810909948,0.024748464269404708,0.022096843097682776,0.5580645161290323,0.11290322580645161,0.13698996803323366,0.07060809039081949,0.44446164724599674,14.038853615780091,7.825128529970684,0.03267965469999852,0.08290407023849859,0.05859852982337256,107.78566798756684,118.29776379947852,-10.517737872515946,0.049111161852010074,27.9,55.4,29.2,28.8,32.1,Guard-Forward,Wing,77,222.0,1997-08-30,47.8
1629611,Terance,Mann,130,2943.2833333333333,972,373,781,116,317,110,148,257,464,311,118,88,30,138,261,399,409.06865,446.9139333333333,4170.680166666667,69854.14,26678.278333333332,133.27993333333333,271.5769,199.62086666666667,327246.7133333333,343463.4116666667,-16216.768333333333,202.5838,0.5538793103448276,0.3659305993690852,0.47759282970550576,0.7432432432432432,0.5743866118281095,0.5518565941101152,0.33024343561895164,0.10566430913322424,0.029898582648629365,0.010192698630214556,0.4058898847631242,0.18950064020486557,0.13898378228395725,0.15184196787034887,1.4170162007282119,23.73340656976053,9.064121700821644,0.0452827397973918,0.0922700498875972,0.06782251114118587,111.1842375578294,116.69396818745506,-5.509754412589116,0.06882918735878865,48.3,55.1,67.4,42.5,28.6,Guard-Forward,Wing,78,215.0,1996-10-18,50.2
1629614,Andrew,Nembhard,122,3666.3333333333335,1619,580,1292,158,471,301,370,422,821,763,249,130,19,59,317,376,720.7977666666667,1096.5697333333333,11516.099833333334,113818.72666666667,37478.11666666667,58.72186666666666,309.32460000000003,185.2397,412599.33666666667,420284.31666666665,-7703.935,343.0335,0.5140073081607796,0.3354564755838641,0.44891640866873067,0.8135135135135135,0.5564338740720374,0.510061919504644,0.44158559869079006,0.20810982816619691,0.035457768888080735,0.005182289299027184,0.36455108359133126,0.28637770897832815,0.19659908173470314,0.29909166287844346,3.1410400490953725,31.04429311755614,10.22223383943995,0.016016510591871987,0.08436892444767706,0.05052451131921083,112.53732248386217,114.63341667424311,-2.101264205836894,0.09356309664514956,52.7,45.9,87.6,15.6,34.3,Guard-Forward,Wing,76,191.0,2000-01-16,4.4
1629618,Jalen,Pickett,99,1472.7166666666667,460,175,412,89,228,21,27,86,184,222,58,32,10,33,152,185,207.41011666666665,325.2830666666667,2115.1678333333334,44580.371666666666,11718.075,30.91316666666667,136.1629,87.1239,165373.82,163879.19,1488.8683333333333,123.83091666666667,0.4673913043478261,0.39035087719298245,0.42475728155339804,0.7777777777777778,0.5426063980371804,0.5327669902912622,0.3123479284315833,0.150741826330025,0.021728551543066667,0.006790172357208334,0.5533980582524272,0.06553398058252427,0.14083504407953554,0.22087280875479556,1.4362354152756245,30.27084073650736,7.956774894469405,0.02099057297737741,0.09245695596573227,0.05915862974321832,112.29167411699467,111.27679458596924,1.0109672600522843,0.08408332673177688,18.6,66.0,80.8,25.2,33.9,Guard,Guard,74,202.0,1999-10-22,38.7
1629622,Max,Strus,62,1561.0333333333333,605,212,479,146,375,35,43,66,104,182,63,29,12,62,220,282,230.90598333333332,227.1387,1823.2236666666668,38449.845,12976.703333333333,62.38665,202.48163333333335,134.81186666666667,186950.285,177088.31,9844.65,128.40931666666665,0.6346153846153846,0.3893333333333333,0.44258872651356995,0.813953488372093,0.6075273136246786,0.5949895615866388,0.3875637932138968,0.11658943861971771,0.018577438021823153,0.0076872157331682005,0.7828810020876826,0.08977035490605428,0.14791867566355618,0.14550534902094767,1.1679594712903847,24.63102111848989,8.312893169054686,0.039964969784971494,0.12970999978646625,0.08636065853814781,119.76059768102326,113.44300356601397,6.306495697294527,0.08225917661378146,58.3,82.9,66.1,57.1,27.0,Guard-Forward,Wing,77,215.0,1996-03-28,37.4
1629626,Bol,Bol,36,448.48333333333335,244,96,183,32,93,20,26,64,90,22,20,9,25,20,84,104,91.55845,34.62305,171.125,3974.2533333333336,3158.505,21.883616666666665,74.95701666666666,51.0806,50446.77166666667,52150.15,-1706.156666666667,50.439566666666664,0.7111111111111111,0.34408602150537637,0.5245901639344263,0.7692307692307693,0.6274429129808682,0.6120218579234973,0.5440558920807165,0.04905421977776952,0.020067635363632985,0.05574343156564718,0.5081967213114754,0.14207650273224043,0.20415128767326915,0.07720030473075921,0.38156378906685495,8.861540748448475,7.042636292690178,0.04879471552268757,0.1671344531569363,0.11389631721728788,112.4830465643465,116.28113270652942,-3.8042810955442423,0.11246698130736928,74.0,61.2,26.3,74.6,39.4,Center-Forward,Big,87,220.0,1999-11-16,57.6
1629627,Zion,Williamson,92,2698.35,2039,772,1315,4,17,491,706,768,1298,358,216,97,61,201,368,569,738.10125,598.3853333333333,5369.3758333333335,43073.035,26781.108333333334,182.84113333333335,346.61265000000003,264.77393333333333,306182.255,311097.08,-4933.253333333333,404.1596,0.5916795069337443,0.23529411764705882,0.5870722433460076,0.6954674220963173,0.627137619645186,0.5885931558935361,0.7556469694442901,0.13267367094706026,0.035947894083421354,0.02260640761947116,0.012927756653992395,0.5368821292775665,0.2735379954416588,0.2217597173581386,1.9898737500077208,15.962730928159804,9.924994286631955,0.0677603473727772,0.12845355495024738,0.09812438465481993,113.47017807178462,115.29159671651195,-1.828248126941773,0.14978027312987569,88.0,27.8,70.5,68.1,48.6,Forward,Forward,78,284.0,2000-07-06,53.5
1629628,RJ,Barrett,115,3594.5333333333333,2321,861,1798,203,589,396,590,658,1209,503,265,88,36,116,550,666,962.0847,746.4709333333334,8026.908,62010.13166666667,33723.98166666667,113.67341666666667,548.54835,328.51048333333335,410027.8566666667,408080.1666666667,1943.0049999999997,421.8265166666667,0.544251447477254,0.34465195246179964,0.4788654060066741,0.6711864406779661,0.5640066096423018,0.5353170189098999,0.6457027337809266,0.13993471567936497,0.024481620238139396,0.010015208279238845,0.3275862068965517,0.3281423804226919,0.26765218479913944,0.2076683853258652,2.2330876516191256,17.251232890685856,9.382019455469417,0.03162397065914908,0.15260627712452243,0.09139169201379874,114.0698440224044,113.52799621647688,0.5405444378500686,0.11735223394784673,67.9,40.7,72.7,58.9,33.0,Forward-Guard,Wing,78,214.0,2000-06-14,45.9
1629629,Cam,Reddish,33,589.4333333333333,105,38,94,13,47,16,26,25,47,22,12,33,10,17,49,66,49.761849999999995,27.822516666666665,182.275,7989.695,4732.886666666666,16.2286,45.40245,31.920983333333332,63524.615,68302.095,-4770.9,23.730683333333335,0.5319148936170213,0.2765957446808511,0.40425531914893614,0.6153846153846154,0.4979135053110774,0.4734042553191489,0.17813719391505967,0.03732398348696488,0.05598597523044733,0.016965447039529492,0.5,0.2765957446808511,0.08442320307640107,0.047202143301476,0.30923768591302386,13.554874738449358,8.029553808742861,0.027532545382570835,0.07702728609398858,0.05415537521913703,107.77234914890008,115.87755754114121,-8.094045128089125,0.04026016513035119,39.4,28.9,22.5,22.2,52.6,Forward-Guard,Wing,79,217.0,1999-09-01,69.4
1629630,Ja,Morant,70,2087.616666666667,1548,536,1211,108,370,368,436,428,841,525,256,81,18,42,228,270,648.5425666666666,786.6091,5182.19,50391.27166666667,24193.211666666666,39.181266666666666,212.76735,125.42323333333333,239485.785,231274.09166666667,8228.678333333333,285.39861666666667,0.5089179548156956,0.2918918918918919,0.4426094137076796,0.8440366972477065,0.5517379031108324,0.48720066061106526,0.7415154442466289,0.25148295105263574,0.038800226733835236,0.00862227260751894,0.305532617671346,0.36003303055326175,0.31066171152111255,0.37679767198639597,2.482347493553254,24.138182297196963,11.588914791189314,0.018768420128216386,0.10191878298218861,0.06007962828424758,114.71731799420391,110.78379252257359,3.941661543865812,0.13671025970604436,61.6,36.3,82.4,27.3,54.2,Guard,Guard,74,174.0,1999-08-10,12.6
1629631,De'Andre,Hunter,109,2915.516666666667,1703,566,1263,232,634,339,397,334,629,182,157,80,19,74,369,443,640.5969833333334,267.63956666666667,2485.0118333333335,29646.373333333333,24703.829999999998,69.41266666666667,353.84251666666665,210.43276666666665,335999.97000000003,333708.12333333335,2277.016666666666,265.0317166666667,0.5310015898251192,0.3659305993690852,0.44813935075217737,0.853904282115869,0.5922736631239218,0.5399841646872525,0.5841160228890248,0.06242461313317822,0.027439390388210208,0.006516855217199924,0.5019794140934284,0.3143309580364212,0.219719883839914,0.09179833191372598,0.8523401226769411,10.168480143599476,8.473225443174735,0.023808015731917154,0.12136528688454304,0.07217683543797268,115.24542934071148,114.45934339825416,0.780999365464097,0.09090385923592731,67.1,69.1,36.9,40.2,28.2,Forward-Guard,Wing,79,221.0,1997-12-02,74.1
1629632,Coby,White,124,3700.0833333333335,2377,786,1744,331,902,474,548,455,842,530,305,94,21,42,401,443,934.8954333333334,786.0788333333334,6577.439666666666,69762.805,40270.62666666666,39.9917,373.0435166666667,209.54736666666668,420290.05333333334,421900.01,-1623.028333333332,393.0301166666667,0.5403800475059383,0.3669623059866962,0.4506880733944954,0.864963503649635,0.5987043604416862,0.5455848623853211,0.6424179635593793,0.1432400171167316,0.025404833224476925,0.005675547848021441,0.5172018348623854,0.31422018348623854,0.25266875070381295,0.2124489538523907,1.7776463593162315,18.85438751379473,10.88370802459404,0.010808324136843765,0.10082030134456431,0.05663314790207428,113.58934798765793,114.02446161122496,-0.43864642688227706,0.10622196346929123,69.9,71.8,69.7,21.2,27.5,Guard,Guard,76,210.0,2000-02-16,64.8
1629634,Brandon,Clarke,66,1227.3333333333333,542,239,389,1,17,63,91,238,372,67,41,54,36,131,201,332,185.56825,90.75951666666667,647.5083333333333,14432.756666666666,9487.441666666666,124.15,178.72968333333333,153.22918333333334,142489.28166666668,133303.96,9184.921666666665,133.19326666666666,0.6397849462365591,0.058823529411764705,0.6143958868894601,0.6923076923076923,0.6316427372739138,0.615681233933162,0.44160782183595876,0.05458989679521999,0.043997827267789245,0.02933188484519283,0.043701799485861184,0.23393316195372751,0.1511962927756654,0.07394854698533407,0.527573329712113,11.759443237370995,7.73012629005975,0.10115426398696362,0.14562440249864206,0.12484724334600762,116.09664448669203,108.61267789244975,7.483640684410646,0.10852248777838132,74.0,25.8,28.7,82.2,78.9,Forward,Forward,80,215.0,1996-09-19,47.3
1629636,Darius,Garland,120,3645.1,2389,863,1846,334,837,329,377,529,1009,807,319,134,19,65,256,321,968.3521166666667,1152.0838333333334,9979.233833333334,93368.82,37107.71666666667,65.43703333333333,239.91555,155.39021666666667,442063.8016666667,416366.235,25698.891666666666,441.20895,0.5242814667988107,0.39904420549581837,0.4674972914409534,0.8726790450928382,0.5937232836948525,0.5579631635969664,0.6554004005377082,0.22139310306987464,0.036761680063647086,0.00521247702394996,0.45341278439869986,0.20422535211267606,0.26565858732727954,0.31606371110074716,2.7377119512038997,25.61488573701682,10.180164238749738,0.017952054356076195,0.06581864695070094,0.042629891269558226,121.27617943723538,114.22628597294998,7.050256965972585,0.12104165866505721,57.8,75.1,85.7,9.4,37.2,Guard,Guard,73,192.0,2000-01-26,21.9
1629637,Jaxson,Hayes,122,2299.3,880,359,485,3,6,159,248,356,479,117,74,60,103,177,363,540,281.11033333333336,179.58921666666666,1274.6133333333332,31968.0,23010.445,178.13851666666667,343.29286666666667,266.09471666666667,262478.6016666667,256517.81166666668,5961.41,238.26313333333334,0.7432150313152401,0.5,0.7402061855670103,0.6411290322580645,0.7405911263717767,0.743298969072165,0.38272517722785193,0.050885051972339404,0.02609489844735354,0.04479624233462358,0.012371134020618556,0.511340206185567,0.12225909334725062,0.07810603951927397,0.5543484248829353,13.903361892749967,10.007587091723567,0.07747510836631438,0.14930320822279244,0.11572857681323301,114.15587425158381,111.5634374229838,2.5927064758839644,0.10362420446802649,86.3,62.9,27.6,78.7,57.7,Center-Forward,Big,84,220.0,2000-05-23,44.0
1629638,Nickeil,Alexander-Walker,160,4676.35,2397,818,1811,392,999,369,425,426,812,509,261,152,76,106,427,533,920.6436833333333,712.8202833333334,7779.188666666667,88211.47666666667,44357.61666666667,101.45728333333334,417.7156166666667,256.12493333333333,541493.1166666667,516963.5,24517.336666666666,440.87198333333333,0.5246305418719212,0.3923923923923924,0.45168415240198784,0.8682352941176471,0.5998498498498499,0.5599116510215351,0.5125792551883412,0.10884557400536743,0.03250398280710383,0.016251991403551914,0.5516289342904472,0.23467697404748758,0.196872279306154,0.15243090943435228,1.6635172018062518,18.863317901069564,9.485521115114707,0.021695827586329795,0.08932513962100071,0.0547702659837979,115.79396680459475,110.54850470986987,5.242836115061247,0.09427694320000285,58.2,79.7,64.3,21.8,57.2,Guard,Guard,77,205.0,1998-09-02,71.0
1629639,Tyler,Herro,110,3757.7833333333333,2517,898,1893,335,892,386,435,563,1001,560,262,92,29,49,508,557,994.26885,908.8563833333334,9202.748833333333,72373.22166666666,34044.03,48.714150000000004,492.2133333333333,271.42996666666664,429307.8516666667,427521.79833333334,1821.250000000001,507.25048333333336,0.5624375624375625,0.3755605381165919,0.47437929212889596,0.8873563218390804,0.6037708693149108,0.5628631801373482,0.6698097726053036,0.14902402568890347,0.024482518506034143,0.007717315616032502,0.4712097200211305,0.22979397781299524,0.26458919043585094,0.24185970895962602,2.448983354548559,19.2595515086465,9.059604287988929,0.012963533466094818,0.1309850221983705,0.07223140415227061,114.2449719914666,113.76967760248728,0.4846607264034207,0.13498662331959888,69.5,72.8,79.1,36.9,29.5,Guard,Guard,77,195.0,2000-01-20,59.7
1629640,Keldon,Johnson,159,3749.4666666666667,2060,785,1567,186,547,304,388,599,1020,236,147,95,33,249,562,811,766.5884,350.48991666666666,2980.3651666666665,40731.931666666664,26483.213333333333,228.53283333333334,531.5855,380.30556666666666,424953.92,419788.62,5162.018333333334,416.61423333333335,0.5872549019607843,0.340036563071298,0.5009572431397575,0.7835051546391752,0.5927307046014317,0.5603063178047224,0.5494114718537747,0.06294228512499556,0.025336936808790584,0.008801251733579887,0.3490746649649011,0.24760689215060624,0.204452651043704,0.09347727232317485,0.7948770936310942,10.863393460403257,7.063194765477757,0.06095075744105829,0.14177629707336156,0.10142924327015397,113.3371643967142,111.95955513673056,1.376734024394581,0.11111293161694108,72.2,49.4,39.5,70.9,37.9,Forward-Guard,Wing,78,220.0,1999-10-11,57.5
1629643,Chuma,Okeke,9,196.68333333333334,53,20,40,11,28,2,3,9,12,15,3,5,4,21,26,47,18.344533333333334,20.774483333333333,52.199999999999996,5162.391666666666,1015.4683333333334,18.633016666666666,28.92043333333333,23.60723333333333,22780.838333333333,23988.143333333333,-1204.5333333333333,17.128333333333334,0.75,0.39285714285714285,0.5,0.6666666666666666,0.6413359148112294,0.6375,0.26946868909414456,0.07626472332853147,0.025421574442843826,0.02033725955427506,0.7,0.075,0.09326938395051267,0.10562401491399033,0.2654012371832895,26.247224811456654,5.162960766036776,0.09473612405728328,0.14704058978052706,0.12002660791458349,115.82495551224473,121.96327429878824,-6.12422676044403,0.08708584018303533,57.1,77.7,50.5,81.1,28.9,Forward,Forward,79,229.0,1998-08-18,49.4
1629645,Kevin,Porter Jr.,113,2743.0666666666666,1432,532,1166,101,320,267,325,431,846,536,246,164,32,76,400,476,665.1974666666666,833.4918833333334,7686.2328333333335,69700.745,32147.233333333334,77.52183333333333,381.2619833333333,234.59663333333333,302570.31666666665,306684.86,-4119.366666666668,336.1349666666667,0.5094562647754137,0.315625,0.4562607204116638,0.8215384615384616,0.5469824293353706,0.4995711835334477,0.5220434550138531,0.19540174014485004,0.0597870995965586,0.011665775531035824,0.274442538593482,0.2787307032590051,0.2425013853108443,0.3038540380595927,2.802058341029505,25.409788922373984,11.7194502503281,0.028261009575657414,0.13899114737763088,0.08552348952510572,110.30366864336752,111.80364798522335,-1.5017377144801443,0.12253984591454821,53.3,36.5,82.3,52.7,61.3,Guard-Forward,Wing,77,203.0,2000-05-04,19.9
1629646,Charles,Bassey,49,528.25,233,99,164,0,0,35,53,99,164,24,29,18,41,79,130,209,85.64966666666666,36.451966666666664,265.53333333333336,5192.46,6379.541666666667,70.49778333333333,127.3656,97.47426666666667,54366.431666666664,62435.615000000005,-8068.511666666667,67.30411666666667,0.6036585365853658,,0.6036585365853658,0.660377358490566,0.6219303865043776,0.6036585365853658,0.441079034548036,0.04543303360151443,0.034074775201135825,0.0776147657359205,0.0,0.3231707317073171,0.16213850765104906,0.06900514276699794,0.5026660356523112,9.829550402271652,12.076747120997004,0.13345533995898406,0.24110856601987696,0.18452298469790188,102.91799652942103,118.19330809275912,-15.27404006941158,0.12740959141820477,77.2,33.5,16.5,97.1,50.5,Center-Forward,Big,82,230.0,2000-10-28,25.3
1629650,Moses,Brown,13,118.56666666666666,76,34,49,0,0,8,11,34,49,2,11,6,4,12,32,44,25.79488333333333,3.298533333333333,11.533333333333333,384.05999999999995,1983.4599999999998,12.067133333333334,25.816499999999998,19.302966666666666,12131.423333333332,12535.428333333333,-402.9716666666665,16.071083333333334,0.6938775510204082,,0.6938775510204082,0.7272727272727273,0.7057949479940564,0.6938775510204082,0.6409895979758223,0.01686814731515322,0.05060444194545966,0.03373629463030644,0.0,0.22448979591836735,0.21755594602192857,0.02782007309530503,0.0972729828507169,3.2391903289288724,16.7286477368569,0.10177509136913131,0.2177382625808265,0.1628026426764127,102.31731796457689,105.72472589260613,-3.3986927185830744,0.13554470059038518,83.4,42.1,3.7,92.7,87.4,Center,Big,86,258.0,1999-10-13,90.5
1629651,Nic,Claxton,139,3802.116666666667,1534,653,1151,8,40,220,383,645,1111,410,183,107,177,325,668,993,646.1096833333334,674.8237833333334,6236.945333333333,80696.76666666666,36973.205,311.0613,707.6949,498.625,401946.725,449943.7166666667,-47989.16333333333,442.06696666666664,0.5805580558055805,0.2,0.5673327541268463,0.5744125326370757,0.5812719776888565,0.5708079930495221,0.4034594765196579,0.10783467103850049,0.028142219027120857,0.046553016521498986,0.03475238922675934,0.3327541268462207,0.16993420770009687,0.17748634313343006,1.640387678792953,21.224168993586904,9.724374142473271,0.08181266575197149,0.18613182131005973,0.13114405572334709,105.71656796433565,118.34032359168357,-12.621696686494802,0.11626864860362868,68.9,19.8,69.6,86.0,41.8,Center,Big,83,215.0,1999-04-17,31.7
1629652,Luguentz,Dort,140,3922.0333333333333,1295,460,1117,298,785,77,104,162,332,200,105,141,66,145,393,538,535.2644333333334,253.2366,2761.7095,53475.64833333333,27381.898333333334,138.15915,368.03558333333336,256.20980000000003,464376.0233333333,423498.29833333334,40859.94666666667,220.83581666666666,0.4879518072289157,0.3796178343949045,0.41181736794986573,0.7403846153846154,0.5568647012281124,0.5452103849597135,0.33018587297405255,0.0509939572160699,0.03595073983732928,0.016828005881303065,0.702775290957923,0.09310653536257833,0.1364762580634195,0.06456768172971503,0.7041524804310689,13.634674616057996,6.981556760523878,0.03522640892054292,0.09383795395245664,0.06532575789768913,118.40185533014338,107.97927053144203,10.41805186085449,0.05630646093437928,25.7,68.0,32.7,37.5,67.5,Guard,Guard,76,220.0,1999-04-19,71.1
1629655,Daniel,Gafford,112,2420.6,1225,490,719,0,0,245,357,490,719,138,129,65,171,293,473,766,407.37655,208.59171666666666,1876.7503333333334,28704.93,30025.873333333333,281.1934,425.84225,356.9079,267618.01,274376.025,-6779.388333333333,311.14775000000003,0.6815020862308763,,0.6815020862308763,0.6862745098039216,0.6991370651082093,0.6815020862308763,0.5060728744939271,0.05701065851441792,0.02685284640171858,0.0706436420722135,0.0,0.4965229485396384,0.16829569115095433,0.08617355889724311,0.7753244374672946,11.858601173262828,12.404310226114738,0.11616681814426176,0.17592425431711145,0.14744604643476825,110.55854333636289,113.3504193175246,-2.800705747886199,0.1285415805998513,91.6,39.0,27.6,90.0,55.2,Forward-Center,Big,82,265.0,1998-10-01,57.9
1629656,Quentin,Grimes,150,4218.866666666667,2098,724,1578,289,801,361,451,435,777,472,274,138,50,105,492,597,840.8232833333333,708.0323,6555.094166666667,79561.60666666667,45539.69666666667,101.47603333333333,469.6491833333333,284.14476666666667,473191.81666666665,486062.555,-12860.73,412.87448333333333,0.5598455598455598,0.36079900124843944,0.458808618504436,0.8004434589800443,0.5905068564094481,0.5503802281368821,0.49728995148776134,0.1118783875606403,0.032710206532560085,0.011851524106000032,0.5076045627376425,0.2858048162230672,0.19930074822622187,0.1678252374255329,1.5537571306670037,18.858525986441858,10.794296256498587,0.024052913104625255,0.11132117235276456,0.06735097103487508,112.16088443973895,115.21164175212932,-3.0483850323151556,0.09786383783954616,68.9,64.7,63.3,36.2,37.0,Guard,Guard,77,207.0,2000-05-08,74.3
1629659,Talen,Horton-Tucker,58,723.7,379,133,291,41,122,72,98,92,169,83,40,21,11,19,81,100,149.3664,119.91266666666667,887.2036666666667,12635.008333333333,5770.57,16.080183333333334,72.89041666666667,45.08506666666667,80766.17,79185.89333333334,1576.9533333333331,64.65941666666667,0.5443786982248521,0.3360655737704918,0.4570446735395189,0.7346938775510204,0.5671614988626841,0.5274914089347079,0.523697664778223,0.11468840679839712,0.029017548708028185,0.015199668370871907,0.41924398625429554,0.33676975945017185,0.20639270415918196,0.16569388789093084,1.2259274100686288,17.45890332089724,7.973704573718391,0.02221940490995348,0.10071910552254616,0.06229800561927134,111.60172723504213,109.41811984708212,2.1790152457279715,0.08934560821703284,66.7,45.4,64.8,29.8,56.3,Guard,Guard,76,234.0,2000-11-25,73.0
1629660,Ty,Jerome,85,1731.1,1173,421,833,153,353,178,204,268,480,322,119,94,7,61,154,215,431.84073333333333,473.34775,3437.4004999999997,40544.56166666667,15120.913333333334,60.95911666666667,144.5316,105.1786,209577.80666666667,196858.845,12718.948333333334,241.08473333333333,0.5583333333333333,0.43342776203966005,0.5054021608643458,0.8725490196078431,0.635593220338983,0.5972388955582233,0.6776038357113974,0.1860088960776385,0.05430073363757149,0.0040436716538617065,0.4237695078031212,0.24489795918367346,0.2494603046232646,0.2734375541563168,1.9856741378314366,23.42127067567828,8.73485837521422,0.03521409315849267,0.08349119057246837,0.060758246201836986,121.06626229950129,113.71893304835076,7.3473215489188,0.13926678605125836,72.3,80.8,84.0,32.2,46.1,Guard-Forward,Wing,77,195.0,1997-07-08,14.5
1629661,Cameron,Johnson,111,3446.8166666666666,1730,583,1222,269,664,295,337,314,558,326,146,93,46,97,356,453,639.8516166666667,481.99515,4409.667833333333,60864.65,25475.478333333333,96.8364,360.27438333333333,228.11628333333334,404418.94666666666,398925.5133333333,5499.968333333334,349.00596666666667,0.5627240143369175,0.40512048192771083,0.47708674304418985,0.8753709198813057,0.6312578451119479,0.587152209492635,0.5019123925941328,0.09458002311311403,0.026981417636563206,0.013345647433138791,0.5433715220949263,0.27577741407528644,0.18563552359906968,0.13983776818223578,1.2793450478460802,17.65822087046502,7.3910163484181055,0.02809444463248698,0.10452380215561219,0.06618172806792741,117.33114516292811,115.73737506588203,1.5956660493498835,0.10125457789554614,71.4,85.0,62.1,36.2,31.1,Forward,Forward,80,210.0,1996-03-03,43.1
1629667,Jalen,McDaniels,4,7.3500000000000005,0,0,0,0,0,0,0,0,0,1,0,1,0,0,0,0,0.0,1.5458333333333334,0.0,618.3333333333334,0.0,0.0,0.0,0.0,574.4316666666667,591.5783333333334,-17.765000000000008,0.6678000000000001,,,,,,,0.0,0.13605442176870747,0.13605442176870747,0.0,,,0.0,0.21031746031746032,0.0,84.12698412698413,0.0,0.0,0.0,0.0,78.15396825396826,80.48684807256235,-2.4170068027210894,0.09085714285714286,0.7,,67.6,0.9,70.8,Forward,Forward,81,190.0,1998-01-31,45.9
1629669,Jaylen,Nowell,8,168.06666666666666,67,26,73,8,27,7,11,18,46,18,8,1,4,6,14,20,36.40475,31.328966666666666,194.413,2878.24,1359.7150000000001,5.4328666666666665,13.459266666666666,9.322383333333335,17078.56,19126.893333333333,-2051.7633333333333,9.99215,0.391304347826087,0.2962962962962963,0.3561643835616438,0.6363636363636364,0.4303699897225077,0.410958904109589,0.3986513288377628,0.10710035700119,0.005950019833399445,0.02380007933359778,0.3698630136986301,0.1506849315068493,0.21660898452994845,0.18640797302657675,1.1567612058706864,17.125585085283618,8.090331217770727,0.0323256644188814,0.0800829036096787,0.05546836572788577,101.61777072590243,113.80539468464895,-12.208032526775089,0.059453490678302266,19.5,23.1,66.1,26.1,37.7,Guard,Guard,76,201.0,1999-07-09,55.4
1629673,Jordan,Poole,107,2934.15,1915,622,1501,331,910,340,388,291,591,422,273,108,42,40,240,280,782.8849833333334,684.0070666666667,5706.405833333333,52798.28,34045.965,36.24413333333333,226.26208333333332,128.28588333333335,312101.1433333333,346006.58666666667,-33884.32666666667,274.90863333333334,0.49238578680203043,0.3637362637362637,0.41439040639573615,0.8762886597938144,0.5727633814275118,0.5246502331778814,0.6526592028355742,0.14382359456742155,0.03680793415469557,0.014314196615714942,0.6062624916722186,0.25849433710859426,0.2668183233077155,0.2331193247334549,1.9448241682713334,17.994403830751665,11.60334849956546,0.01235251549284574,0.07711333208368124,0.04372165135842862,106.36850308720867,117.92395980664473,-11.548259859470942,0.09369276735454334,54.0,71.7,70.1,8.7,38.2,Guard,Guard,76,194.0,1999-06-19,45.1
1629674,Neemias,Queta,138,2789.35,1086,458,702,1,11,169,236,457,691,171,115,78,142,319,553,872,397.55553333333336,239.8447,1582.9765,42826.25166666666,31656.596666666665,313.5975833333333,513.6673333333333,415.8181833333333,330577.0233333333,297748.01166666666,32818.92333333333,340.1856,0.6613603473227206,0.09090909090909091,0.6524216524216524,0.7161016949152542,0.6738310334557728,0.6531339031339032,0.38933801781777116,0.06130460501550541,0.027963504042160362,0.050907917615215015,0.01566951566951567,0.33618233618233617,0.14252622773525495,0.08598587484539409,0.5675073045691649,15.353487969120643,11.349094472427865,0.11242676011735112,0.1841530583588769,0.14907350577494158,118.51399907983341,106.74458625366722,11.765796093474584,0.12195873590621473,80.5,28.2,29.4,90.6,72.2,Center,Big,84,248.0,1999-07-13,65.6
1629675,Naz,Reid,157,4207.45,2184,823,1794,337,910,201,266,486,884,351,234,134,150,182,775,957,888.7154166666667,525.7557833333333,4879.846333333333,60020.825,39188.638333333336,172.39825,754.6487,460.7871333333333,483352.81666666665,460814.915,22562.635000000002,471.56735000000003,0.5497737556561086,0.37032967032967035,0.45875139353400224,0.7556390977443609,0.5714166108506363,0.552675585284281,0.5190792522786961,0.08342345125907617,0.031848269141641614,0.035651047546613746,0.5072463768115942,0.14827201783723523,0.2112242371666132,0.12495829619682547,1.1598108909989027,14.26536857241322,9.314106723391445,0.040974521384686685,0.17936011123126835,0.10951695999556342,114.8802283251534,109.52356296569181,5.362543821079277,0.11207913344187098,54.8,61.9,50.6,72.4,69.4,Center-Forward,Big,81,264.0,1999-08-26,46.7
1629680,Matisse,Thybulle,45,791.9666666666667,286,100,222,58,141,28,40,42,81,55,41,93,25,31,80,111,111.6421,80.58421666666666,632.7716666666666,12445.744999999999,9334.618333333334,26.845483333333334,77.96303333333333,51.703133333333334,85429.90333333334,80750.52833333334,4677.583333333333,83.65073333333333,0.5185185185185185,0.41134751773049644,0.45045045045045046,0.7,0.5968280467445743,0.581081081081081,0.3611263100298834,0.06944736731343912,0.11742918472999705,0.031566985142472324,0.6351351351351351,0.18018018018018017,0.14096818047897638,0.10175203080937749,0.7989877520097647,15.714985900079968,11.786630329559324,0.03389723894103287,0.09844231659581631,0.06528448167010396,107.87057956984721,101.96202912580496,5.90628814344038,0.10562405825160992,43.7,76.5,38.3,37.5,91.8,Guard-Forward,Wing,77,202.0,1997-03-04,18.8
1629684,Grant,Williams,52,1190.4666666666667,418,132,306,79,208,75,91,53,98,93,59,35,31,64,160,224,163.72586666666666,123.56283333333333,1309.4875,21993.046666666665,13925.831666666667,59.05935,154.97023333333334,106.10893333333333,139676.59333333332,130285.21666666666,9402.591666666667,96.1215,0.5408163265306123,0.3798076923076923,0.43137254901960786,0.8241758241758241,0.6039764189111085,0.5604575163398693,0.35112280898247183,0.07812062496499972,0.029400235201881616,0.026040208321666574,0.6797385620915033,0.2973856209150327,0.13753082824662596,0.10379361034888279,1.0999782998263985,18.474306994455954,11.697792182337459,0.04961025088200706,0.13017603740829928,0.08913221705773645,117.32927703421626,109.44045752366019,7.8982401859214875,0.08074270594164754,57.7,79.2,45.4,62.0,63.5,Forward,Forward,79,236.0,1998-11-30,57.5
1629723,John,Konchar,102,1672.9166666666667,360,135,290,51,161,39,52,84,129,160,51,113,52,111,280,391,141.6483,201.15706666666668,1551.2585000000001,47621.24166666667,15939.003333333334,96.94488333333334,262.22705,177.27801666666667,181871.515,185417.73166666666,-3556.5183333333334,153.68421666666666,0.6511627906976745,0.3167701863354037,0.46551724137931033,0.75,0.5753004346714395,0.553448275862069,0.21519302615193026,0.09564134495641345,0.06754669987546699,0.03108343711083437,0.5551724137931034,0.1793103448275862,0.08467146201743463,0.12024332752179327,0.9272778082191782,28.465997509339974,9.527673225404731,0.05794961892901619,0.15674842341220424,0.10596942465753424,108.71522689912827,110.83500772104607,-2.125938729763387,0.09186603237858032,54.3,49.9,58.1,73.6,78.1,Guard,Guard,77,210.0,1996-03-22,77.0
1629726,Garrison,Mathews,62,1025.6333333333334,431,123,309,102,264,83,101,21,45,70,34,32,18,15,89,104,154.41653333333335,96.239,392.26666666666665,15822.158333333333,7318.7,13.006616666666666,87.92316666666667,49.39496666666667,110873.78166666666,113974.13,-3102.728333333334,66.87905,0.4666666666666667,0.38636363636363635,0.39805825242718446,0.8217821782178217,0.6097215934812132,0.5631067961165048,0.4202281517111378,0.06825051187883908,0.03120023400175501,0.017550131625987193,0.8543689320388349,0.3268608414239482,0.15055724917936886,0.09383372875296564,0.3824628684715135,15.426720075400564,7.135786018395137,0.01268154636159771,0.08572573044297832,0.04816045370340277,108.1027478956092,111.12561019207644,-3.0251828138711043,0.06520756280672105,50.4,83.3,38.0,12.4,55.0,Guard,Guard,77,215.0,1996-10-24,80.6
1629731,Dean,Wade,118,2570.15,662,234,549,151,418,43,68,83,131,164,38,86,43,104,392,496,255.351,199.938,1233.3416666666667,50845.75166666666,12898.833333333332,100.11051666666667,368.55115,238.12043333333332,305158.63,283262.89666666667,21903.878333333334,187.15825,0.6335877862595419,0.361244019138756,0.4262295081967213,0.6323529411764706,0.5717543011124163,0.563752276867031,0.2575725152228469,0.06380950528179288,0.033461082038013346,0.016730541019006673,0.761384335154827,0.12386156648451731,0.09935256697079936,0.07779234675018967,0.47987147313062145,19.78318450933473,5.018708376294509,0.03895123501222367,0.14339674727156002,0.09264845761272039,118.73183666322977,110.212593298705,8.522412440259648,0.0728199715969885,50.1,62.7,40.7,61.8,59.7,Forward-Center,Big,81,228.0,1996-11-20,14.4
1629750,Javonte,Green,150,2703.9666666666667,916,308,701,140,388,160,201,168,313,112,77,167,56,121,327,448,349.30621666666667,155.18638333333334,1048.3916666666667,32922.695,22183.281666666666,110.92296666666667,320.2845,213.72096666666667,301347.23,299796.285,1558.0199999999995,218.8494,0.536741214057508,0.36082474226804123,0.43937232524964337,0.7960199004975125,0.5801580867450344,0.5392296718972895,0.338761572504592,0.04142062895252654,0.06176111638457082,0.02071031447626327,0.5534950071326676,0.2867332382310984,0.12918288563715036,0.057392121451201324,0.3877235912671507,12.17570297957322,8.203977489860575,0.041022312898334544,0.11844986994415611,0.07903979338995797,111.44635535447921,110.87277394938299,0.5761979314340658,0.08093642673109876,53.4,65.5,22.7,52.7,73.1,Guard,Guard,77,205.0,1993-07-23,71.0
1630162,Anthony,Edwards,140,5007.65,3934,1323,2843,525,1325,763,933,798,1518,585,423,174,100,97,655,752,1538.2608500000001,984.6858,8206.187666666667,70036.96166666667,50097.3,97.55773333333333,635.9233666666667,369.8957,585633.1266666667,564854.55,20783.445,716.2211,0.525691699604743,0.39622641509433965,0.46535349982412944,0.8177920685959271,0.6045759669527159,0.5576855434400282,0.7855980350064402,0.11682126346689566,0.03474683733887153,0.01996944674647789,0.46605698206120294,0.32817446359479424,0.30718218126266816,0.19663630645112978,1.6387302760110365,13.985993762876134,10.004153644923269,0.019481739605070908,0.12699037805490934,0.07386612482901161,116.94769535943341,112.79832855730734,4.150338981358522,0.14302539115153814,69.7,74.1,62.7,40.1,53.8,Guard,Guard,76,225.0,2001-08-05,72.2
1630163,LaMelo,Ball,119,3521.9666666666667,2629,912,2247,451,1268,354,408,461,979,860,369,141,30,112,467,579,1132.9162166666667,1380.5847333333334,9535.128333333334,83394.2,35349.47,104.06445,468.3516,278.1479,418193.9,405642.7266666667,12540.793333333335,462.42155,0.47088866189989786,0.3556782334384858,0.40587449933244324,0.8676470588235294,0.5417223018973675,0.5062305295950156,0.7464579448982103,0.24418175451215704,0.04003445044908621,0.008517968180656641,0.5643079661771251,0.18157543391188252,0.32167147616388575,0.39199256097445556,2.707330658060364,23.678304735043866,10.036855355435884,0.029547255794584462,0.1329801342053209,0.07897516539054884,118.73874445149018,115.17506128204886,3.560735952450809,0.13129640163166414,41.4,62.6,85.7,49.7,40.0,Guard,Guard,79,180.0,2001-08-22,56.9
1630164,James,Wiseman,5,63.1,19,8,14,0,1,3,4,8,13,3,5,0,1,5,4,9,8.726383333333333,3.7081166666666663,11.683333333333334,1105.8233333333333,1530.63,3.76675,4.130466666666667,4.02165,5975.615,6638.846666666666,-663.2316666666668,1.3389499999999999,0.6153846153846154,0.0,0.5714285714285714,0.75,0.6027918781725888,0.5714285714285714,0.3011093502377179,0.04754358161648178,0.0,0.01584786053882726,0.07142857142857142,0.2857142857142857,0.1382945060750132,0.058765715795034326,0.18515583729529847,17.524933967247755,24.25721077654517,0.05969492868462757,0.06545905969360803,0.06373454833597464,94.70071315372424,105.21151611199154,-10.510802958267302,0.021219492868462756,65.5,25.0,16.4,38.3,52.8,Center,Big,83,240.0,2001-03-31,44.4
1630165,Killian,Hayes,29,567.8666666666667,181,60,181,25,84,36,40,35,97,112,37,25,8,9,63,72,95.91331666666667,151.252,1115.0333333333333,18181.031666666666,5634.361666666667,8.765516666666667,60.342999999999996,34.32075,61604.83,63862.566666666666,-2253.8616666666667,42.35361666666667,0.36082474226804123,0.2976190476190476,0.3314917127071823,0.9,0.4556898288016113,0.4005524861878453,0.3187367926743367,0.19722939657196525,0.044024418877670814,0.01408781404085466,0.46408839779005523,0.22099447513812154,0.16890112115520076,0.26635125616341865,1.9635477811692885,32.01637414886123,9.921979924864992,0.015435871096501526,0.10626262033341159,0.06043804296783282,108.48467363230806,112.46049542146044,-3.968998004226344,0.07458373444470533,19.6,40.2,83.9,26.5,57.6,Guard,Guard,76,195.0,2001-07-27,47.5
1630166,Deni,Avdija,138,4360.533333333334,2817,894,1908,250,735,779,982,644,1173,723,449,122,76,184,792,976,1119.818,1112.28315,8762.444166666666,88208.13666666667,55795.46,167.94895,786.5939166666667,466.7954833333333,500405.68833333335,501813.62333333335,-1384.974999999999,601.6462333333334,0.5490196078431373,0.3401360544217687,0.46855345911949686,0.7932790224032586,0.6019024990598613,0.5340670859538784,0.6460218933463796,0.16580540606653618,0.027978228962818,0.017429060665362033,0.38522012578616355,0.5146750524109015,0.2568075770547945,0.25507961182118394,2.009489091548434,20.22874954134051,12.795558647260272,0.03851568997676125,0.18038938279721134,0.10705008943860077,114.75790920070939,115.08079057607631,-0.3176159644080232,0.13797537762964776,77.8,53.4,72.9,70.4,38.4,Forward,Forward,80,228.0,2001-01-03,62.1
1630167,Obi,Toppin,103,1968.5333333333333,1112,417,798,147,406,131,160,270,392,183,96,58,29,69,355,424,397.09388333333334,257.06435,1950.8991666666666,30949.173333333332,16283.398333333333,66.12716666666667,347.05921666666666,205.82498333333334,224200.8,229768.80333333334,-5569.8600000000015,238.34086666666667,0.6887755102040817,0.3620689655172414,0.5225563909774437,0.81875,0.6402579456471672,0.6146616541353384,0.5648875643457058,0.09296261175833108,0.02946356001083717,0.014731780005418586,0.5087719298245614,0.20050125313283207,0.20172068037117313,0.13058673970468707,0.9910419771064752,15.721945272283934,8.271842827147115,0.03359209902465456,0.17630344926849092,0.10455753014088323,113.89230560823624,116.72080906258468,-2.829446626930372,0.1210753522080737,79.5,71.1,54.5,67.2,32.7,Forward,Forward,81,220.0,1998-03-04,65.8
1630168,Onyeka,Okongwu,148,4360.916666666667,2111,801,1544,192,531,317,418,609,1013,399,217,151,147,360,862,1222,785.5937166666666,550.1390666666666,6350.448166666667,73476.20166666666,39410.456666666665,345.68188333333336,849.22145,592.9348833333333,498460.8383333333,490356.82,8110.048333333334,490.28186666666664,0.6011846001974334,0.3615819209039548,0.5187823834196891,0.7583732057416268,0.6108500393536738,0.5809585492227979,0.4840725382660373,0.09149452523360914,0.03462574764479945,0.03370850929659284,0.3439119170984456,0.2707253886010363,0.1801441707592058,0.12615216219831454,1.4562186466912537,16.848797462307235,9.037195543750357,0.079268169918404,0.1947346200149051,0.1359656532456861,114.30184899963692,112.44351990216124,1.8597118342856052,0.11242633238424642,74.6,56.6,57.4,86.9,61.5,Forward-Center,Big,82,240.0,2000-12-11,32.9
1630169,Tyrese,Haliburton,73,2450.4333333333334,1359,476,1006,218,562,189,222,258,444,673,120,105,49,42,216,258,516.1292166666667,935.82425,13322.0105,87681.36,16007.213333333333,40.348483333333334,212.61886666666666,127.22895,288700.575,279754.66333333333,8938.116666666667,344.02091666666666,0.581081081081081,0.3879003558718861,0.4731610337972167,0.8513513513513513,0.6156675848071904,0.5815109343936382,0.554595785779386,0.2746453008311455,0.042849564022689864,0.0199964632105886,0.558648111332008,0.220675944333996,0.21062773250989622,0.3819015344224831,5.4365937317209205,35.781981418252556,6.532401071919252,0.016465856379143825,0.0867678641872866,0.05192100036728198,117.81613116047502,114.16538435378776,3.6475657366724255,0.14039186946526463,70.7,79.9,97.2,17.4,56.3,Guard,Guard,77,185.0,2000-02-29,47.9
1630170,Devin,Vassell,131,4027.45,1973,724,1644,324,861,201,250,400,783,350,148,141,58,73,451,524,790.1553333333334,496.84633333333335,5530.858666666667,62299.746666666666,25350.215,72.86175,429.37475,252.78275,469958.77,458864.8416666667,11108.186666666666,360.51301666666666,0.5108556832694764,0.37630662020905925,0.44038929440389296,0.804,0.5624287343215507,0.5389294403892944,0.4898881426212616,0.08690362388111585,0.0350097456206781,0.014401171957442055,0.5237226277372263,0.15206812652068127,0.19619246255902206,0.12336499108203289,1.3732904608788854,15.468782149168002,6.294358713329775,0.018091286049485407,0.1066120622229947,0.06276496294181182,116.68891482203381,113.93433603562221,2.7581190745177886,0.08951396458470413,44.1,66.1,58.7,29.4,46.1,Guard-Forward,Wing,77,200.0,2000-08-23,16.8
1630171,Isaac,Okoro,118,2748.133333333333,921,335,726,129,372,122,158,206,354,168,69,78,45,118,185,303,361.67673333333335,214.26128333333332,1870.0076666666666,45069.63,16903.968333333334,116.63781666666667,169.82883333333334,144.30395,318675.5233333333,319680.86333333334,-1002.7983333333328,145.24515,0.5819209039548022,0.3467741935483871,0.46143250688705234,0.7721518987341772,0.5788666532582462,0.550275482093664,0.33513657755567416,0.061132405026442196,0.028382902333705304,0.016374751346368444,0.512396694214876,0.21763085399449036,0.13160814613555868,0.07796611639415846,0.6804646790548736,16.400088544951725,6.151072849449323,0.042442561011110574,0.06179788705060405,0.05250980665663966,115.96072121682596,116.32654771723837,-0.3649016301974672,0.05285229367813304,55.7,57.0,40.0,26.4,33.9,Forward-Guard,Wing,76,225.0,2001-01-26,41.2
1630172,Patrick,Williams,135,3050.116666666667,1071,383,994,191,546,114,158,192,448,229,161,97,58,92,360,452,493.6662166666667,312.4170833333333,3295.197166666667,46299.511666666665,32602.936666666665,83.17815,333.61295,207.35246666666666,325285.645,348578.8833333333,-23307.046666666665,178.66386666666668,0.42857142857142855,0.3498168498168498,0.3853118712273642,0.7215189873417721,0.5035166240409207,0.4813883299798793,0.35113410962422203,0.07507909533515111,0.03180206221619938,0.019015666067418186,0.5492957746478874,0.158953722334004,0.16185158491205254,0.10242791259350735,1.0803511887523427,15.179587119618374,10.689078559836508,0.02727048145699345,0.10937711125803931,0.06798181490325506,106.64695175594376,114.28378695896876,-7.6413623522597485,0.05857607632494932,21.0,48.7,43.0,37.9,46.1,Forward,Forward,78,235.0,2001-08-26,45.3
1630173,Precious,Achiuwa,130,2914.866666666667,1115,480,925,37,133,118,208,443,792,156,110,112,92,278,531,809,469.14463333333333,221.42695,1890.3696666666667,34692.378333333334,25121.785,272.24286666666666,544.9024666666667,403.67216666666667,322652.93166666664,337136.8566666667,-14473.823333333334,288.02551666666665,0.5593434343434344,0.2781954887218045,0.518918918918919,0.5673076923076923,0.5484397749183488,0.538918918918919,0.38252178487295013,0.05351874299567733,0.03842371291997347,0.03156233561283535,0.1437837837837838,0.22486486486486487,0.16094891704594835,0.07596469249594034,0.6485269766484459,11.901874871349175,8.61850227569014,0.09339805136884477,0.1869390709695126,0.13848735219449718,110.69217517096264,115.66115888662718,-4.965518148342977,0.09881258719666994,52.4,20.5,29.9,88.3,53.2,Forward,Forward,80,243.0,1999-09-19,72.7
1630174,Aaron,Nesmith,90,2456.5833333333335,1162,404,891,189,472,165,191,215,419,140,100,61,40,85,280,365,445.7445666666667,193.48656666666668,1812.1078333333332,28140.465,19580.6,80.3166,270.56561666666664,177.24956666666665,283091.595,283617.4666666667,-526.03,184.94031666666666,0.513126491646778,0.4004237288135593,0.45342312008978675,0.8638743455497382,0.5958729898260584,0.5594837261503928,0.4730146884222667,0.05698972149665864,0.024831235794972692,0.016282777570473896,0.5297418630751964,0.2143658810325477,0.18144899080701515,0.07876246819770005,0.7376537195970012,11.455123308117642,7.970663862410529,0.03269443332541809,0.11013899386003594,0.07215288171240543,115.237936836392,115.4520031208657,-0.21413073713490957,0.07528355100240848,52.1,79.8,33.1,43.0,33.3,Guard-Forward,Wing,77,215.0,1999-10-16,37.4
1630175,Cole,Anthony,102,1760.7666666666667,864,328,774,99,290,109,139,229,484,312,168,65,43,62,229,291,423.0995833333333,493.1465666666667,3003.6305,41219.840000000004,22711.671666666665,58.25311666666666,228.04753333333332,139.56245,187359.56666666668,194461.70333333334,-7106.888333333333,171.38613333333333,0.4731404958677686,0.3413793103448276,0.42377260981912146,0.7841726618705036,0.517266152593515,0.4877260981912145,0.4906953410446207,0.17719553982166858,0.036915737462847625,0.024421180167729966,0.37467700258397935,0.17958656330749354,0.24029281752267004,0.28007491055032846,1.70586515343695,23.410166026162848,12.898740132139409,0.033083950173219995,0.12951604414743578,0.07926231944418152,106.4079472956856,110.44149518202299,-4.0362465214016625,0.09733608466009125,35.2,42.2,74.8,51.1,67.0,Guard,Guard,74,185.0,2000-05-15,18.6
1630178,Tyrese,Maxey,122,4621.433333333333,3349,1171,2592,381,1077,626,706,790,1515,778,295,221,76,39,425,464,1336.40335,1300.8773333333334,13690.587666666666,90791.28666666667,34844.511666666665,38.78843333333333,425.36033333333336,225.76275,529455.7433333333,531961.33,-2513.7566666666653,647.59885,0.5214521452145214,0.35376044568245124,0.45177469135802467,0.886685552407932,0.5768886255271064,0.5252700617283951,0.7246669503689331,0.1683460398289131,0.047820661699472744,0.016445114430587913,0.41550925925925924,0.27237654320987653,0.2891750791601451,0.281487850089799,2.9624115894780116,19.645698664916367,7.539762916266959,0.008393160851972331,0.09204078099868007,0.04885124023571331,114.56526690853485,115.1074334802334,-0.543934421499823,0.14012943675483075,61.7,59.6,86.5,13.7,53.0,Guard,Guard,74,200.0,2000-11-04,36.0
1630180,Saddiq,Bey,72,2245.633333333333,1271,436,967,151,412,248,295,285,555,182,68,68,7,121,279,400,478.52275000000003,275.1369833333333,2936.9088333333334,29412.073333333334,11026.985,111.60113333333334,267.01773333333335,189.93236666666667,254483.64166666666,262347.2216666667,-7830.844999999999,253.9992,0.5135135135135135,0.36650485436893204,0.45087900723888313,0.8406779661016949,0.5794128373450037,0.5289555325749742,0.5659873235464383,0.08104617850940343,0.03028098977274414,0.0031171607119001325,0.42605997931747674,0.3050672182006205,0.21309033086434415,0.12252088497676973,1.307830975671303,13.09745135002746,4.910412058958869,0.04969695260431356,0.11890531253247044,0.08457853018450623,113.32377280351497,116.8254931793555,-3.4871431964256554,0.11310804672772344,61.5,62.6,55.5,57.7,21.9,Guard-Forward,Wing,80,215.0,1999-04-09,76.2
1630182,Josh,Green,126,2795.5166666666664,755,263,602,155,386,74,100,108,216,155,105,109,21,101,173,274,313.06163333333336,220.16496666666666,1585.6638333333333,46512.38333333333,35472.06,90.75750000000001,171.96238333333332,131.01721666666666,306699.7966666667,312017.98,-5308.833333333333,107.87603333333334,0.5,0.4015544041450777,0.4368770764119601,0.74,0.5843653250773994,0.5656146179401993,0.2700752991396939,0.05544592233993716,0.038991003451955816,0.007512028187991487,0.6411960132890365,0.16611295681063123,0.11198703877041216,0.07875644931467649,0.5672167339370778,16.63820641384121,12.688910219339299,0.03246537610817321,0.061513631946390354,0.04686690593867562,109.71131037196466,111.61370766286495,-1.8990526497785145,0.03858894300993854,32.6,75.2,26.8,18.0,49.5,Guard,Guard,78,200.0,2000-11-16,73.9
1630183,Jaden,McDaniels,155,4930.85,2084,815,1643,203,553,251,304,612,1090,362,226,191,147,205,575,780,843.0908333333333,520.94735,5981.030166666666,75366.50166666666,47061.39166666667,202.33151666666666,545.4952833333333,377.5254,565851.1166666667,548400.2816666666,17461.553333333333,425.63525,0.5614678899082569,0.3670886075949367,0.4960438222763238,0.8256578947368421,0.5864607487786758,0.5578210590383444,0.4226451828792196,0.07341533407019073,0.038735714937586825,0.029812304166624413,0.3365794278758369,0.18502738892270237,0.1709828596151441,0.10565061804759829,1.212981568424646,15.28468756232022,9.544275665791226,0.041033800798374855,0.11062905651831495,0.07656395956072481,114.7573170278282,111.21820409598072,3.541286661190937,0.08632086759889268,56.7,59.1,47.4,50.0,67.6,Forward,Forward,81,185.0,2000-09-29,44.8
1630188,Jalen,Smith,117,2057.7833333333333,1065,385,812,154,442,141,182,231,370,130,90,41,86,187,525,712,393.80845,188.88741666666667,1470.4838333333332,23441.225,17097.18833333333,173.00485,473.52065,328.1881333333333,234485.43333333332,231473.305,3014.8083333333325,251.66123333333334,0.6243243243243243,0.34841628959276016,0.47413793103448276,0.7747252747252747,0.5969195587839655,0.5689655172413793,0.5175471988466553,0.06317477544607061,0.019924352256068423,0.04179254375663133,0.5443349753694581,0.22413793103448276,0.19137507998088557,0.09179169332696187,0.7145960459070034,11.391493273506281,8.308546413211626,0.08407340422947022,0.2301120056371338,0.1594862432876801,113.95049689390687,112.4867235779601,1.4650756882405822,0.12229724541780396,73.1,61.5,36.0,91.4,49.9,Forward-Center,Big,80,244.0,2000-03-16,22.4
1630191,Isaiah,Stewart,130,2751.016666666667,1016,397,717,57,173,165,218,340,544,189,135,44,194,226,463,689,388.31623333333334,274.8167833333333,1983.4168333333334,45013.683333333334,31701.629999999997,206.93728333333334,417.86545,317.54156666666665,305613.74,302608.5333333333,2986.0033333333326,265.79998333333333,0.625,0.32947976878612717,0.5536959553695955,0.7568807339449541,0.6249077399990159,0.5934449093444909,0.36931800970550277,0.06870187385269688,0.01599408703449028,0.07051938374297986,0.2412831241283124,0.30404463040446306,0.14115371892815382,0.09989644434481797,0.7209759422274189,16.36256293127995,11.523605212618364,0.07522211182532518,0.15189491763651014,0.11542698759852417,111.09119901127461,109.9988004434724,1.0854181181502593,0.09661881970907724,73.7,44.4,37.5,78.4,59.9,Forward-Center,Big,80,250.0,2001-05-22,31.8
1630192,Zeke,Nnaji,109,1234.0166666666667,374,141,292,31,106,61,88,110,186,52,41,42,62,66,160,226,158.32578333333333,69.95708333333333,312.07616666666667,14630.358333333334,9671.64,62.16453333333333,145.11436666666665,105.34853333333334,132757.34333333332,137304.84166666667,-4535.8966666666665,95.5851,0.5913978494623656,0.29245283018867924,0.4828767123287671,0.6931818181818182,0.5654329946782777,0.535958904109589,0.3030753231317783,0.04213881498088897,0.03403519671533339,0.05024243324644454,0.363013698630137,0.3013698630136986,0.12830117097283938,0.056690549830499315,0.25289461244445643,11.855883902162315,7.837527856187788,0.05037576477897381,0.11759514323145284,0.08537042989694898,107.5814832322632,111.26660228792157,-3.6757175078672626,0.07745851622749557,60.9,32.5,21.3,58.1,67.4,Forward-Center,Big,82,240.0,2001-01-09,32.9
1630193,Immanuel,Quickley,103,3149.1,1714,585,1343,263,701,281,335,322,642,606,160,115,9,54,345,399,685.90495,871.1679833333334,11600.083833333334,83623.11166666666,22607.17,50.2973,339.86738333333335,192.87563333333333,356677.6483333333,352477.70666666667,4210.058333333333,380.68623333333335,0.5015576323987538,0.3751783166904422,0.4355919583023083,0.8388059701492537,0.5750134192163178,0.5335070737155622,0.5442824934108158,0.19243593407640278,0.03651837032803023,0.0028579594169762792,0.5219657483246463,0.24944154877140728,0.21780983455590486,0.2766403046373038,3.6836187587988105,26.55460660717877,7.178930488075958,0.015971960242609,0.10792524319117633,0.061247859176695986,113.26336043102262,111.92966456024473,1.336908428863273,0.12088731171869212,53.5,69.8,91.9,28.0,43.2,Guard,Guard,74,190.0,1999-06-17,24.4
1630194,Paul,Reed,110,1338.1833333333334,688,281,481,21,68,105,152,260,413,124,84,96,85,170,247,417,257.9315,186.00583333333333,907.9355,21513.306666666667,14376.213333333333,165.59733333333332,252.58013333333332,206.47995,150288.67,140551.63166666665,9732.713333333333,198.183,0.6295399515738499,0.3088235294117647,0.5841995841995842,0.6907894736842105,0.6278747170913339,0.606029106029106,0.5141298526609458,0.09266293856098441,0.07173904920850406,0.06351894982002963,0.14137214137214138,0.316008316008316,0.19274750594711737,0.13899876698509173,0.6784836407567474,16.0765017249754,10.743082039082836,0.1237478671333026,0.18874852723219288,0.1542987009752027,112.30798221469405,105.03167104656809,7.273079174502746,0.14809854155509333,82.8,36.6,46.2,92.2,94.6,Forward,Forward,81,210.0,1999-06-14,54.8
1630198,Isaiah,Joe,145,3111.4333333333334,1541,506,1131,373,894,156,179,133,237,213,83,98,20,74,303,377,534.44115,286.18646666666666,2082.5636666666664,43976.835,17121.193333333333,69.4169,282.44008333333335,179.74806666666666,368333.58666666667,326030.4,42308.74833333334,293.1594,0.5611814345991561,0.4172259507829978,0.4473916887709991,0.8715083798882681,0.6369031874090729,0.612290008841733,0.4952701327362523,0.0684571955047513,0.031496737837866794,0.0064279056811973045,0.7904509283819628,0.15826702033598586,0.17176686521753104,0.09197898074842248,0.6693261412210877,14.133947376878822,5.502670794810538,0.02231026429405526,0.09077491081280868,0.057770180945544924,118.38067771552232,104.78463302015149,13.597832188809017,0.09422004863781966,62.4,92.8,41.8,24.8,55.6,Guard,Guard,76,165.0,1999-07-02,28.9
1630200,Tre,Jones,111,2657.366666666667,1244,469,855,60,178,246,294,409,677,542,127,113,21,69,251,320,447.65315,754.7267166666667,8278.367833333334,86868.805,20474.828333333335,66.34036666666667,230.17638333333332,148.0907,296312.59,304057.74333333335,-7718.711666666667,323.7735333333333,0.604135893648449,0.33707865168539325,0.5485380116959064,0.8367346938775511,0.631882644560933,0.583625730994152,0.46813261248604504,0.20396131508636367,0.04252330000878062,0.007902560178622947,0.20818713450292398,0.34385964912280703,0.16845742652500595,0.2840130141368021,3.115252380175863,32.68980757893152,7.70493157386385,0.024964701897868816,0.08661822480902145,0.055728365173542724,111.50609876945849,114.42069592704557,-2.9046468308224935,0.12183999197200235,80.2,52.1,93.1,24.2,43.5,Guard,Guard,73,190.0,2000-01-08,19.1
1630201,Malachi,Flynn,4,43.68333333333334,16,5,13,1,4,5,6,4,9,7,4,3,0,3,4,7,8.570966666666667,9.995366666666666,85.91666666666666,1059.7466666666667,658.4366666666667,2.9934333333333334,3.4925333333333333,3.2062333333333335,4932.7733333333335,4763.028333333334,167.42999999999998,3.751316666666667,0.4444444444444444,0.25,0.38461538461538464,0.8333333333333334,0.5115089514066496,0.4230769230769231,0.3662724151087371,0.16024418161007248,0.0686760778328882,0.0,0.3076923076923077,0.46153846153846156,0.19620679130103014,0.2288141930560854,1.9668065623807702,24.25974818771461,15.072949256009156,0.06852575352918733,0.07995116367798549,0.07339717665013354,112.92117512399847,109.03536818008394,3.8328119038534902,0.08587523845860358,39.8,28.4,72.4,47.5,61.2,Guard,Guard,73,185.0,1998-05-09,13.3
1630202,Payton,Pritchard,159,4826.466666666667,2489,915,1957,467,1188,192,220,448,769,687,192,128,24,171,448,619,958.80505,1018.7992833333333,11571.4485,112408.685,31332.36,162.7378,431.21641666666665,296.81515,576302.4933333333,533991.0716666667,42312.598333333335,565.2957666666666,0.5825747724317295,0.3930976430976431,0.46755237608584566,0.8727272727272727,0.605949946440744,0.5868676545733266,0.5156981642885754,0.14234015221625204,0.02652043592966559,0.004972581736812298,0.6070516096065406,0.11241696474195197,0.1986556866997251,0.2110859462408663,2.3974988949818363,23.290057253753606,6.491780046134508,0.03371779217370885,0.0893441199220962,0.06149739975413346,119.40463555119685,110.6380937746039,8.766785571225327,0.1171241418843322,61.2,83.0,83.9,33.6,39.1,Guard,Guard,73,195.0,1998-01-28,25.1
1630205,Lamar,Stevens,17,155.53333333333333,74,29,63,8,27,8,11,21,36,8,10,5,3,4,34,38,31.911516666666667,10.906033333333333,103.06666666666666,1477.2433333333333,1482.4666666666667,4.132750000000001,27.73721666666667,17.306583333333336,20087.195,15888.561666666668,4198.3150000000005,13.248133333333332,0.5833333333333334,0.2962962962962963,0.4603174603174603,0.7272727272727273,0.5454009433962264,0.5238095238095238,0.4757822546078011,0.05143591941705958,0.03214744963566224,0.01928846978139734,0.42857142857142855,0.1746031746031746,0.20517477496785255,0.07012023146163737,0.6626660951564509,9.497921131590227,9.53150450064295,0.026571474496356627,0.1783361551650236,0.11127250321474498,129.15041791684527,102.15534719245608,26.993024003429063,0.08517873981997427,57.8,34.3,24.2,66.1,70.6,Forward,Forward,79,230.0,1997-07-09,51.7
1630208,Nick,Richards,104,1956.9666666666667,805,308,548,5,20,184,261,303,528,65,140,24,87,225,484,709,334.86085,99.92896666666667,882.7961666666666,13746.455,32504.605,215.03653333333332,458.7081,342.9043833333333,217526.37166666667,234604.225,-17093.575,190.59575,0.5738636363636364,0.25,0.5620437956204379,0.7049808429118773,0.6072355319534125,0.5666058394160584,0.41135090020269466,0.03321466896046603,0.012263877770018226,0.044456556916316066,0.0364963503649635,0.4762773722627737,0.17111218893185032,0.05106319303684273,0.45110434516002657,7.024368495460662,16.609687611780135,0.10988257337035207,0.2343975029382207,0.17522239350014476,111.15486807814816,119.88156415541059,-8.734729768859971,0.09739345756187297,74.5,28.4,9.6,94.7,31.8,Center,Big,83,245.0,1997-11-29,51.7
1630209,Omer,Yurtseven,9,103.95,34,11,26,0,4,12,18,11,22,8,9,2,1,13,17,30,17.378733333333333,10.5147,137.61433333333332,1327.25,2385.623333333333,14.06355,18.222716666666667,16.129483333333333,11222.001666666667,11891.383333333333,-673.3816666666667,5.37665,0.5,0.0,0.4230769230769231,0.6666666666666666,0.5011792452830188,0.4230769230769231,0.3270803270803271,0.07696007696007696,0.01924001924001924,0.00962000962000962,0.15384615384615385,0.6923076923076923,0.1671835818502485,0.10115151515151515,1.323851210517877,12.768157768157767,22.949719416386078,0.13529148629148627,0.17530270963604297,0.1551657848324515,107.95576398909732,114.39522206188873,-6.4779381112714445,0.05172342472342472,45.9,11.1,36.8,91.7,26.0,Center,Big,83,275.0,1998-06-19,72.5
1630214,Xavier,Tillman,63,414.8,78,33,99,8,50,4,8,25,49,20,22,20,10,29,57,86,52.28308333333333,32.74036666666667,58.13333333333333,5094.651666666667,6898.98,25.355366666666665,58.79398333333334,41.06228333333333,43856.22666666667,45292.40666666667,-1436.1933333333334,12.815883333333334,0.5102040816326531,0.16,0.3333333333333333,0.5,0.3804135778384706,0.37373737373737376,0.1880424300867888,0.048216007714561235,0.048216007714561235,0.024108003857280617,0.5050505050505051,0.08080808080808081,0.12604407746705237,0.07893048858887818,0.14014786242365798,12.282188203150112,16.63206364513018,0.061126727740276436,0.14174055769848923,0.09899296849887496,105.72860816457731,109.19095146255223,-3.462375441980071,0.030896536483445838,18.9,20.8,14.9,69.9,77.7,Forward,Forward,80,245.0,1999-01-12,74.1
1630215,Jared,Butler,60,1043.7666666666667,541,203,453,60,169,75,91,143,284,220,80,42,13,25,85,110,233.81915,337.96686666666665,1938.2385,29218.873333333333,10660.06,21.042066666666667,83.23656666666666,50.3579,113540.155,119679.65166666667,-6131.79,110.57695,0.5035211267605634,0.35502958579881655,0.4481236203090508,0.8241758241758241,0.5486370274217102,0.5143487858719646,0.5183150768051608,0.21077507744387317,0.040238878421103054,0.012454890939865232,0.3730684326710817,0.20088300220750552,0.22401477022323,0.3237954204324083,1.856965317919075,27.993683134800243,10.21306805480152,0.02015974196020822,0.07974633538785808,0.048246319420049186,108.77924983233801,114.66130840226104,-5.87467505508894,0.10594029636253313,46.1,51.6,83.6,14.5,45.8,Guard,Guard,75,193.0,2000-08-25,34.6
1630217,Desmond,Bane,151,4961.316666666667,2974,1076,2223,331,845,491,544,745,1378,707,333,166,65,160,596,756,1120.3392833333332,1039.1287333333332,11358.2015,99727.76166666667,46802.96666666667,148.54846666666666,568.79485,359.4705666666667,569684.8766666667,557899.43,11780.696666666667,598.11465,0.5406386066763426,0.39171597633136096,0.4840305892937472,0.9025735294117647,0.6038922009779236,0.5584795321637427,0.599437649279929,0.14250249429754872,0.033458860047232086,0.013101360861867986,0.38011695906432746,0.24471434997750788,0.22581491136425477,0.20944616180516595,2.289352255281696,20.10106759294408,9.433577780091978,0.02994133949657181,0.11464594748033956,0.07245467097107959,114.8253407193655,112.44987318554551,2.3745101266800814,0.12055562871415182,64.8,72.3,76.2,42.9,48.6,Guard,Guard,78,215.0,1998-06-25,89.2
1630222,Mason,Jones,10,45.4,23,9,18,1,8,4,5,8,10,11,1,0,1,2,7,9,8.334666666666667,14.27235,14.1,1429.7966666666666,100.815,1.7873,6.385249999999999,4.090683333333334,4862.373333333333,4802.208333333333,60.164999999999935,7.813766666666666,0.8,0.125,0.5,0.8,0.5693069306930694,0.5277777777777778,0.5066079295154186,0.2422907488986784,0.0,0.022026431718061675,0.4444444444444444,0.2777777777777778,0.18358296622613804,0.3143689427312775,0.31057268722466963,31.49331864904552,2.2205947136563875,0.039367841409691635,0.1406442731277533,0.09010315712187959,107.1007342143906,105.77551395007342,1.3252202643171793,0.1721093979441997,79.3,35.3,75.6,60.5,56.5,Guard,Guard,76,200.0,1998-07-21,53.1
1630224,Jalen,Green,114,3525.516666666667,2291,824,1949,305,888,338,423,519,1061,373,275,105,35,61,432,493,979.7938,577.0761333333334,5571.168333333333,47101.46,34871.97666666667,54.73015,426.9032833333333,233.04813333333334,401276.30833333335,394238.87666666665,7050.215,381.4533833333333,0.4891611687087653,0.34346846846846846,0.4227809132888661,0.7990543735224587,0.5365038030649332,0.5010261672652643,0.649833830502385,0.10580009549427742,0.029782868704823405,0.009927622901607801,0.45561826577732173,0.21703437660338634,0.27791495336380956,0.1636855496357508,1.580241666706062,13.360158085576108,9.891309548009511,0.01552400830138372,0.12108956606833039,0.06610325673305567,113.82056767093239,111.82442573428952,1.9997678827216814,0.10819786697930799,45.6,48.8,58.2,32.7,42.9,Guard,Guard,76,186.0,2002-02-09,38.0
1630227,Daishen,Nix,3,13.233333333333334,1,0,1,0,1,1,2,0,0,3,4,0,0,0,4,4,2.3616666666666664,2.7428333333333335,11.033333333333333,389.16666666666663,609.1666666666667,0.0,5.0633333333333335,2.9963333333333333,1398.2,1047.7166666666667,350.48333333333335,0.16439999999999994,,0.0,0.0,0.5,0.26595744680851063,0.0,0.07556675062972291,0.22670025188916876,0.0,0.0,1.0,2.0,0.17846347607052893,0.20726700251889169,0.8337531486146095,29.4080604534005,46.03274559193955,0.0,0.3826196473551637,0.22642317380352642,105.65743073047858,79.17254408060452,26.484886649874056,0.012423173803526442,42.6,27.3,61.9,70.4,41.5,Guard,Guard,76,238.0,2002-02-13,73.2
1630228,Jonathan,Kuminga,83,1974.6166666666668,1157,415,907,81,256,246,358,334,651,187,138,60,32,105,314,419,498.4051,306.97066666666666,2391.318166666667,26491.073333333334,19605.008333333335,97.41581666666667,307.13076666666666,198.69121666666666,218707.67,214702.54,4013.6450000000004,216.15746666666666,0.5130568356374808,0.31640625,0.45755237045203967,0.6871508379888268,0.5434374178033292,0.5022050716648291,0.585936510883969,0.09470192526819551,0.030385644471078773,0.016205677051242012,0.2822491730981257,0.3947078280044101,0.2524060028528744,0.1554583590063894,1.2110290604927538,13.41580559939904,9.928513551153388,0.04933403951821873,0.1555394380343864,0.10062267781932357,110.75955839530036,108.73125079129282,2.032619833385383,0.10946806553170657,61.3,29.3,53.3,69.6,60.0,Forward,Forward,79,225.0,2002-10-06,46.9
1630230,Naji,Marshall,143,4102.883333333333,2042,781,1533,122,431,358,460,659,1102,449,231,152,17,141,535,676,814.3008,658.0985333333333,6915.64,76546.80333333333,40034.345,139.33373333333333,505.63245,324.59855,454128.70666666667,469980.29833333334,-15847.081666666667,431.3555333333333,0.5980036297640653,0.28306264501160094,0.5094585779517287,0.7782608695652173,0.5883369828281664,0.5492498369210698,0.4976987728142404,0.10943523457080996,0.037047117271187334,0.004143427589540689,0.2811480756686236,0.30006523157208087,0.19847037652382674,0.16039903644997625,1.6855560926665396,18.656831577792854,9.757612329540608,0.03395995499100226,0.123238320205709,0.07911474044675898,110.68525955324101,114.54878439146455,-3.862425611257124,0.10513473045378656,75.2,35.1,65.0,50.2,35.6,Forward,Forward,78,220.0,1998-01-24,30.6
1630231,KJ,Martin,43,911.5,274,111,201,15,58,37,47,96,143,48,24,17,22,30,95,125,102.02656666666667,72.11193333333333,403.3498333333333,15033.418333333333,8624.186666666666,29.286166666666666,94.65281666666667,61.982166666666664,99992.49166666667,106989.73666666666,-7003.36,56.250733333333336,0.6713286713286714,0.25862068965517243,0.5522388059701493,0.7872340425531915,0.6180079393720678,0.5895522388059702,0.3006034009873834,0.052660449808008776,0.018650575973669776,0.024136039495337356,0.2885572139303483,0.23383084577114427,0.11193260193819711,0.07911347595538488,0.4425121594441397,16.49305357469373,9.461532272810386,0.03212963978789541,0.10384291460961785,0.06800018284878405,109.70103309562991,117.37765953556409,-7.683335161821174,0.06171226915341013,66.4,38.1,31.1,39.2,30.3,Forward,Forward,78,215.0,2001-01-06,23.8
1630241,Sam,Merrill,123,2778.4166666666665,1172,395,908,295,743,87,98,100,165,233,77,86,21,66,224,290,424.40256666666664,303.4291,2287.0191666666665,49315.91333333333,16472.533333333333,64.5775,211.04188333333335,139.06743333333333,330709.52999999997,305595.18833333335,25110.575,202.89808333333335,0.6060606060606061,0.39703903095558546,0.43502202643171806,0.8877551020408163,0.6161157372361006,0.5974669603524229,0.4218229807144357,0.08386071203623167,0.0309528808374074,0.007558261599832039,0.8182819383259912,0.10792951541850221,0.15274979154794396,0.10920935784769503,0.8231375783569779,17.749646381332294,5.92874838787079,0.02324255421253112,0.07595760775021745,0.050052763864311206,119.02805434750007,109.98897033682255,9.03772832248583,0.07302651390180259,60.0,89.6,53.2,16.6,47.8,Guard,Guard,76,205.0,1996-05-15,58.9
1630243,Trevelin,Queen,31,430.28333333333336,152,56,147,22,77,18,21,34,70,38,22,31,10,26,28,54,76.12293333333334,60.37071666666667,485.31666666666666,7860.528333333334,4053.3766666666666,23.834000000000003,33.279183333333336,27.40335,43688.545,48067.45166666667,-4381.035,30.2342,0.4857142857142857,0.2857142857142857,0.38095238095238093,0.8571428571428571,0.4864311315924219,0.4557823129251701,0.3532556067707324,0.0883139016926831,0.07204555138087307,0.023240500445442923,0.5238095238095238,0.14285714285714285,0.17691350660417554,0.14030456675833752,1.1279002207847542,18.268261223225007,9.420250222721462,0.05539140876166867,0.07734248750823101,0.06368675678816284,101.53436495332532,111.71116318704729,-10.181744586900104,0.07026579385676104,25.3,41.2,57.7,39.2,72.2,Guard,Guard,77,190.0,1997-02-25,53.7
1630245,Ayo,Dosunmu,115,3275.0,1588,607,1196,185,469,189,224,422,727,457,165,101,36,73,325,398,597.1349833333334,676.3357833333333,8365.1235,76972.75333333333,27940.858333333334,69.40295,297.24145,185.31025,363742.005,377565.47000000003,-13808.813333333335,329.27265,0.5804676753782668,0.39445628997867804,0.5075250836120402,0.84375,0.6133358052156718,0.584866220735786,0.4848854961832061,0.13954198473282442,0.03083969465648855,0.01099236641221374,0.39214046822742477,0.18729096989966554,0.18233129262086514,0.20651474300254452,2.5542361832061067,23.503130788804068,8.531559796437659,0.02119174045801527,0.09076074809160305,0.056583282442748094,111.06626106870229,115.28716641221375,-4.216431552162851,0.10054126717557252,65.3,72.7,80.9,23.4,34.1,Guard,Guard,76,201.0,2000-01-17,55.4
1630249,Vít,Krejčí,122,2544.7666666666664,962,337,721,218,534,70,96,119,187,247,91,83,44,53,251,304,348.32106666666664,335.80415,2922.8605,55884.83833333333,20502.296666666665,50.82025,246.48203333333333,146.11821666666665,279935.9483333333,283314.54833333334,-3370.383333333333,185.90141666666668,0.6363636363636364,0.40823970037453183,0.46740638002773927,0.7291666666666666,0.6302080603741942,0.6185852981969486,0.37803072973291596,0.09706194412061356,0.03261595693121832,0.017290386806910918,0.7406380027739251,0.13314840499306518,0.13687740853778343,0.13195871920149851,1.148577014264569,21.96069253238673,8.056650904470613,0.019970495002816238,0.09685840221107371,0.05741910194778827,110.00456426915369,111.33223019792254,-1.3244370800204341,0.0730524409572587,61.8,82.8,62.8,24.7,54.8,Guard,Guard,80,195.0,2000-06-19,73.8
1630256,Jae'Sean,Tate,98,992.8333333333334,317,126,257,26,78,39,58,100,179,72,38,36,10,83,107,190,127.4497,98.78813333333333,321.14283333333333,15848.255,8360.105,75.96033333333334,102.65913333333333,88.74158333333334,109194.49,106724.625,2465.25,77.37261666666667,0.5586592178770949,0.3333333333333333,0.490272373540856,0.6724137931034483,0.5610222285147954,0.5408560311284046,0.31928823233171055,0.07251972469363774,0.03625986234681887,0.010072183985227462,0.3035019455252918,0.22568093385214008,0.12836968272620447,0.09950122544905153,0.3234609702870572,15.962654020480105,8.420451569582003,0.076508645291254,0.10340016786973308,0.08938215544737284,109.98269934530805,107.49500587544065,2.4830451569582004,0.07793112304851435,49.9,35.8,37.3,61.9,61.6,Forward,Forward,76,230.0,1995-10-28,33.1
1630264,Anthony,Gill,106,1348.5333333333333,450,178,303,27,79,67,96,151,224,85,46,40,23,76,148,224,160.38175,116.23146666666666,996.35,21169.163333333334,12264.111666666666,71.25931666666666,150.14241666666666,110.07978333333334,142504.76333333334,159390.38666666666,-16875.923333333332,102.87233333333333,0.6741071428571429,0.34177215189873417,0.5874587458745875,0.6979166666666666,0.6517205422314911,0.6320132013201321,0.33369586711489024,0.06303144156614594,0.029661854854656913,0.017055566541427723,0.2607260726072607,0.31683168316831684,0.11893050474589678,0.08619102234526399,0.7388397271109354,15.69791625469646,9.094407504449277,0.05284208770021752,0.11133756426735218,0.08162926389163536,105.67389015226419,118.19536286335772,-12.514279711291278,0.07628460549733043,76.6,47.6,38.3,55.9,33.0,Forward,Forward,79,230.0,1992-10-17,51.7
1630283,Kylor,Kelley,11,125.96666666666667,34,14,22,0,0,6,10,14,22,5,4,1,3,12,27,39,12.09605,7.2688500000000005,61.141666666666666,1699.1116666666667,1693.2416666666668,9.677533333333333,24.715933333333336,17.044766666666668,12738.225,16455.153333333332,-3717.2233333333334,9.076966666666667,0.6363636363636364,,0.6363636363636364,0.6,0.6439393939393939,0.6363636363636364,0.26991267531092883,0.039693040486901296,0.00793860809738026,0.023815824292140776,0.0,0.45454545454545453,0.09602580047631648,0.0577045514686425,0.48537973008732466,13.488581635353269,13.441982005821647,0.07682614448266736,0.19621010849431067,0.13531172267795713,101.12377613125166,130.63101349563374,-29.509579253770838,0.07205848107965071,74.9,34.4,16.5,86.5,22.9,Center,Big,84,215.0,1997-08-26,42.6
1630286,Trevon,Scott,6,182.23333333333335,48,19,50,6,19,4,6,13,31,10,4,8,5,10,21,31,24.723016666666666,14.83965,52.75833333333333,2986.3366666666666,1197.2566666666667,9.303716666666666,24.1102,16.014366666666668,19292.073333333334,22366.065000000002,-3076.5966666666664,9.79855,0.41935483870967744,0.3157894736842105,0.38,0.6666666666666666,0.45592705167173253,0.44,0.26339857325772814,0.0548747027620267,0.043899762209621364,0.02743735138101335,0.38,0.12,0.13566681909639655,0.08143213828425096,0.2895097859886592,16.387433693067493,6.569910371318821,0.05105386866654472,0.1323040058533016,0.08787836107554417,105.86467898298883,122.73311688311689,-16.882732760197545,0.053769251874885675,11.7,27.8,34.8,62.3,47.4,Forward,Forward,80,225.0,1996-11-25,59.8
1630288,Jeff,Dowtin Jr.,41,620.8,285,112,230,28,70,33,45,84,160,78,15,24,12,12,48,60,109.21178333333333,117.4187,487.164,14038.096666666666,2368.4383333333335,10.557466666666667,53.47788333333333,30.33725,66519.94833333333,72523.675,-6000.761666666666,67.12626666666667,0.525,0.4,0.48695652173913045,0.7333333333333333,0.5704563650920736,0.5478260869565217,0.4590850515463918,0.12564432989690721,0.03865979381443299,0.019329896907216496,0.30434782608695654,0.1956521739130435,0.17592104274054984,0.18914094716494848,0.7847358247422681,22.612913445017185,3.815139067869416,0.01700622852233677,0.08614349763745704,0.048867992912371136,107.1519786297251,116.8229300902062,-9.666175365120274,0.10812865120274914,49.6,57.6,70.4,15.6,45.4,Guard,Guard,75,177.0,1997-05-10,20.9
1630296,Braxton,Key,3,10.833333333333334,3,0,4,0,1,3,6,0,3,0,1,2,0,1,1,2,2.3570666666666664,0.0,0.0,0.0,106.56,0.6112166666666666,3.2,1.48875,986.39,1236.8683333333333,-251.15,-0.2283666666666667,0.0,0.0,0.0,0.5,0.2259036144578313,0.0,0.2769230769230769,0.0,0.1846153846153846,0.0,0.25,1.5,0.2175753846153846,0.0,0.0,0.0,9.836307692307692,0.05641999999999999,0.2953846153846154,0.13742307692307693,91.0513846153846,114.17246153846153,-23.18307692307692,-0.02108,28.2,7.1,8.4,86.0,45.8,Forward,Forward,80,225.0,1997-02-14,59.8
1630311,Pat,Spencer,105,1478.5833333333333,574,227,537,65,190,55,72,162,347,280,103,62,8,66,138,204,278.16363333333334,402.75081666666665,2706.1845,42774.36666666667,15902.856666666667,64.86323333333333,149.58608333333333,104.61908333333334,165072.615,169239.91,-4183.295,133.13288333333333,0.4668587896253602,0.34210526315789475,0.4227188081936685,0.7638888888888888,0.5046774987690793,0.48324022346368717,0.3882094347066449,0.18937045595446092,0.04193202953277349,0.005410584455841741,0.3538175046554935,0.1340782122905028,0.18812847883672434,0.2723896635292792,1.8302549737924816,28.929290424392722,10.755468635518232,0.04386850025362114,0.10116851716169757,0.07075629825846813,111.64241560051852,114.46085329425689,-2.829258862650059,0.09004083864059065,24.7,39.3,81.0,45.6,40.3,Guard,Guard,74,205.0,1996-07-04,41.8
1630314,Brandon,Williams,99,1949.7833333333333,1134,389,805,60,215,296,370,329,590,332,164,86,25,42,207,249,459.42425000000003,495.7137833333333,3760.2698333333333,43382.70333333333,21698.98,41.57565,202.3174,118.63995,216312.14166666666,221843.65666666668,-5525.77,221.26575,0.5576271186440678,0.27906976744186046,0.4832298136645963,0.8,0.5858648481091134,0.5204968944099378,0.5816030841033619,0.1702753297374922,0.04410746493200099,0.012821937480232847,0.2670807453416149,0.45962732919254656,0.23562836041611462,0.25424044551958763,1.9285577884722234,22.250012394539564,11.128918597792918,0.021323215400001712,0.10376404215853043,0.06084776086231804,110.94163026661082,113.77861984664963,-2.8340430988058505,0.11348222452067323,76.3,35.6,76.0,29.0,51.8,Guard,Guard,73,190.0,1999-11-22,19.1
1630322,Lindy,Waters III,92,1063.0833333333333,351,125,337,91,265,10,14,34,72,71,27,33,12,23,116,139,154.64041666666665,96.13413333333334,310.771,16918.77,6087.7716666666665,18.118116666666666,119.7763,65.95323333333333,117521.255,117411.67166666666,109.14166666666662,58.045183333333334,0.4722222222222222,0.3433962264150943,0.37091988130563797,0.7142857142857143,0.5114232428021913,0.5059347181008902,0.3301716704554363,0.0667868621149173,0.031041780982989733,0.011287920357450812,0.7863501483679525,0.04154302670623145,0.14546405894802852,0.09042953672493534,0.2923298581171122,15.914810692169008,5.726523477306577,0.017042988163361292,0.11266877792584465,0.06203957043191973,110.54754722897233,110.44446656737477,0.1026652034177314,0.05460078388335816,18.1,53.3,37.6,30.2,51.0,Forward,Forward,77,210.0,1997-07-28,13.7
1630346,Matt,Ryan,19,67.81666666666666,28,10,31,6,19,2,2,4,12,3,3,2,0,0,8,8,13.97815,3.6951500000000004,0.0,290.16666666666663,341.66666666666663,0.0,8.067450000000001,3.9012166666666666,5414.785,7346.610000000001,-1932.1433333333334,2.6625499999999995,0.3333333333333333,0.3157894736842105,0.3225806451612903,1.0,0.4391468005018821,0.41935483870967744,0.4128778569673139,0.044236913246497915,0.029491275497665274,0.0,0.6129032258064516,0.06451612903225806,0.20611673629884492,0.05448734332759893,0.0,4.278692553452936,5.038092897517817,0.0,0.11895969525681988,0.057525927746375036,79.84445809781273,108.33044974195136,-28.490685672155323,0.03926099778815433,14.7,50.4,18.0,24.2,45.3,Forward,Forward,78,215.0,1997-04-17,23.8
1630526,Jeremiah,Robinson-Earl,88,1599.5666666666666,519,195,447,66,205,63,73,129,242,103,63,48,8,146,272,418,220.054,141.76371666666665,1001.841,25377.683333333334,15474.421666666667,133.9983,268.35423333333335,197.91443333333333,172477.32333333333,190529.36833333335,-18047.651666666665,134.84706666666668,0.5330578512396694,0.32195121951219513,0.436241610738255,0.863013698630137,0.5416179662714977,0.5100671140939598,0.32446287536207724,0.0643924396190635,0.03000812720111697,0.0050013545335194955,0.45861297539149887,0.16331096196868009,0.13757100881488737,0.0886263258799258,0.6263202534019631,15.865348948673601,9.674133619521955,0.08377162564861317,0.1677668326838519,0.12373003105007607,107.8275303728093,119.11311501031531,-11.282838060307999,0.08430224852564237,37.8,46.9,35.7,83.1,19.8,Forward,Forward,81,240.0,2000-11-03,83.4
1630527,Brandon,Boston,42,992.7833333333333,448,166,381,49,140,67,85,117,241,92,52,53,9,28,106,134,196.58898333333332,139.9494,1488.2856666666667,16201.141666666666,8599.373333333333,25.854616666666665,105.63845,64.40506666666667,107913.45666666667,113805.63,-5899.3533333333335,85.40291666666667,0.4854771784232365,0.35,0.4356955380577428,0.788235294117647,0.5353728489483748,0.5,0.4512565682340894,0.09266875954807192,0.05338526365269361,0.009065422129702688,0.3674540682414698,0.2230971128608924,0.1980180133295281,0.1409667097554015,1.4991042019910354,16.31890979904981,8.661883257508352,0.026042557120553325,0.10640634915305455,0.06487323518055299,108.69789312874579,114.63289740963957,-5.9422364732150355,0.08602372118790606,39.5,45.6,60.3,34.7,48.3,Guard,Guard,78,188.0,2001-11-28,59.2
1630528,Josh,Christopher,14,69.35,28,11,31,2,11,4,6,9,20,8,6,5,3,0,9,9,16.419133333333335,8.391,106.225,1250.7216666666668,852.73,0.0,7.23,4.07095,7305.413333333334,7531.638333333333,-227.62000000000003,3.45435,0.45,0.18181818181818182,0.3548387096774194,0.6666666666666666,0.4161712247324614,0.3870967741935484,0.4037490987743331,0.11535688536409518,0.07209805335255949,0.04325883201153569,0.3548387096774194,0.1935483870967742,0.23675751021389094,0.12099495313626533,1.5317231434751262,18.034919490507093,12.29603460706561,0.0,0.10425378514780102,0.058701514059120406,105.34121605383324,108.60329247776977,-3.2821917808219188,0.04981038211968277,26.6,15.9,51.7,21.6,88.2,Guard,Guard,76,215.0,2001-12-08,68.4
1630529,Herbert,Jones,76,2236.55,701,258,650,102,331,83,102,156,319,220,108,125,36,69,199,268,337.1351666666667,293.23355,4037.7891666666665,47310.8,23706.391666666666,65.77551666666666,198.99105,130.90255,252843.15833333333,254836.78,-1978.0066666666667,123.24323333333334,0.4890282131661442,0.3081570996978852,0.39692307692307693,0.8137254901960784,0.5044036380382224,0.4753846153846154,0.3134291654557242,0.09836578659095481,0.055889651472133414,0.016096219623974423,0.5092307692307693,0.15692307692307692,0.1507389357119969,0.13110976727549126,1.805365033943648,21.15347298294248,10.599535743295103,0.02940936561519602,0.088972323444591,0.05852878317050814,113.05052797090757,113.94191053184592,-0.884400825676451,0.055104170858390526,25.2,42.4,61.9,28.7,58.4,Forward,Forward,79,206.0,1998-10-06,27.3
1630530,Trey,Murphy III,119,4194.85,2544,875,1889,372,1003,422,476,503,886,438,223,155,63,110,535,645,951.0126333333334,663.8279166666666,7992.112833333334,65615.36666666667,33882.65833333333,103.46288333333334,528.9160333333333,312.76576666666665,467805.83666666667,495299.05666666664,-27482.101666666666,490.19,0.5677200902934537,0.3708873379860419,0.46320804658549497,0.8865546218487395,0.6061645794018413,0.5616728427739545,0.6064579186383303,0.10441374542593894,0.03695006972835739,0.015018415437977519,0.5309687665431445,0.25198517734250925,0.22670956847880933,0.15824830844170032,1.9052201707649459,15.641886281194003,8.077203793540491,0.024664262925571435,0.1260869955620185,0.0745594637869451,111.51908570429613,118.07312696918045,-6.551390792678323,0.11685519148479682,71.7,75.2,66.0,43.4,38.7,Forward,Forward,80,206.0,2000-06-18,40.2
1630531,Jaden,Springer,43,365.15,109,35,90,12,48,27,38,23,42,33,16,24,4,17,41,58,50.91996666666667,47.7558,374.7083333333333,7250.225,3667.6666666666665,14.640283333333333,40.28546666666667,26.918366666666667,38934.03333333333,40013.99,-1077.1033333333335,23.576483333333332,0.5476190476190477,0.25,0.3888888888888889,0.7105263157894737,0.5106821589205397,0.45555555555555555,0.2985074626865672,0.090373818978502,0.0657264138025469,0.010954402300424484,0.5333333333333333,0.4222222222222222,0.13944944999771786,0.1307840613446529,1.0261764571637226,19.855470354648777,10.044274042630882,0.04009388835638322,0.11032580218175181,0.07371865443425077,106.62476607786755,109.58233602629056,-2.9497558081153867,0.06456657081564654,53.2,32.3,55.4,47.8,69.5,Guard,Guard,76,202.0,2002-09-25,55.8
1630532,Franz,Wagner,94,3042.3333333333335,2148,781,1668,152,491,434,509,629,1177,397,196,107,32,99,420,519,880.10025,671.0398333333334,6000.5526666666665,48448.98333333333,23611.44,96.51161666666667,430.3294,260.6575833333333,343032.4166666667,327267.9216666667,15768.01,447.61836666666665,0.5344095157179269,0.3095723014256619,0.46822541966426856,0.8526522593320236,0.5676652783356941,0.5137889688249401,0.706037032979073,0.130491946970527,0.03517037361674154,0.010518242576969431,0.2943645083932854,0.3051558752997602,0.2892846225484825,0.22056749205653556,1.9723521419962746,15.924942478360906,7.760964172236221,0.031722893612358936,0.1414471567875534,0.085676865344582,112.75306782075161,107.57135586720719,5.182867316752493,0.14712995507833898,66.3,41.1,74.9,54.8,60.9,Forward,Forward,82,220.0,2001-08-27,72.6
1630533,Ziaire,Williams,119,2822.6666666666665,1205,398,953,189,553,220,263,209,400,144,126,138,49,91,330,421,505.49265,226.59663333333333,1905.0465,30472.038333333334,26277.89,85.81715,353.05221666666665,208.42006666666666,296834.7266666667,324446.77,-27598.541666666664,223.8835,0.5225,0.34177215189873417,0.4176285414480588,0.8365019011406845,0.5637585148588966,0.5167890870933893,0.4269012753897024,0.05101558809636278,0.048889938592347665,0.01735947094945678,0.5802728226652676,0.2759706190975866,0.1790833667926311,0.08027750354274918,0.6749101913084554,10.7954788615966,9.309597307510629,0.030402863722248465,0.12507754487482287,0.07383800188946622,105.16109825224375,114.9433526216344,-9.777471067548417,0.07931630845536136,53.0,61.1,29.1,45.8,54.5,Forward,Forward,81,185.0,2001-09-12,44.8
1630534,Ochai,Agbaji,126,2711.9,981,388,814,135,381,70,91,253,433,145,85,82,47,107,276,383,389.55826666666667,207.94541666666666,1380.4211666666667,36869.17166666667,19719.866666666665,103.74001666666666,263.7662833333333,184.37715,288914.23333333334,301395.06333333335,-12491.058333333332,200.60481666666666,0.5842956120092379,0.3543307086614173,0.47665847665847666,0.7692307692307693,0.5743290712378811,0.5595823095823096,0.36173900217559646,0.05346804823186695,0.03023710313802131,0.01733102253032929,0.4680589680589681,0.11179361179361179,0.14364772545693671,0.07667886598571727,0.5090236242732648,13.595328613395283,7.271605393512543,0.03825362906695182,0.0972625404083238,0.06798818171761495,106.53572526027263,111.13797091829836,-4.60601730643952,0.07397205526260801,50.1,56.2,31.9,40.7,53.6,Guard,Guard,77,215.0,2000-04-20,80.6
1630536,Sharife,Cooper,41,700.0,333,127,247,29,76,50,60,98,171,124,61,16,5,18,68,86,136.69956666666667,180.39263333333335,1101.0981666666667,18608.076666666668,9165.191666666666,17.227833333333333,70.18038333333334,42.476483333333334,75631.15166666667,84208.89833333333,-8581.976666666667,63.040216666666666,0.5730994152046783,0.3815789473684211,0.5141700404858299,0.8333333333333334,0.6089978054133138,0.5728744939271255,0.4757142857142857,0.17714285714285713,0.022857142857142857,0.007142857142857143,0.3076923076923077,0.242914979757085,0.19528509523809523,0.2577037619047619,1.572997380952381,26.582966666666668,13.093130952380951,0.024611190476190474,0.10025769047619049,0.06068069047619048,108.0445023809524,120.29842619047619,-12.259966666666667,0.09005745238095238,68.3,64.6,73.9,30.4,14.7,Guard,Guard,72,176.0,2001-06-11,5.0
1630537,Chris,Duarte,17,74.46666666666667,36,12,26,6,15,6,8,6,11,9,1,0,0,5,15,20,11.189316666666667,15.790733333333334,4.433333333333334,1309.485,147.63,4.448283333333333,13.82385,9.013133333333334,7871.1866666666665,7458.865,410.435,15.454783333333333,0.5454545454545454,0.4,0.46153846153846156,0.75,0.6097560975609756,0.5769230769230769,0.4834377797672336,0.1208594449418084,0.0,0.0,0.5769230769230769,0.3076923076923077,0.150259400179051,0.21205102954341987,0.05953446732318711,17.584847806624886,1.9824977618621307,0.05973522829006267,0.18563809310653537,0.12103581020590869,105.70080572963295,100.16380931065353,5.511660698299015,0.20753961504028648,68.1,76.9,58.9,80.8,40.4,Guard,Guard,77,190.0,1997-06-13,53.7
1630538,Bones,Hyland,95,1415.6833333333334,753,259,586,148,381,87,108,111,205,220,95,62,21,28,124,152,296.4357,318.14598333333333,2329.7491666666665,33188.67333333333,13784.128333333334,25.883883333333333,121.22553333333333,72.12036666666667,158889.58333333334,154169.11,4723.590000000001,140.70338333333333,0.5414634146341464,0.3884514435695538,0.44197952218430037,0.8055555555555556,0.5942985225407249,0.568259385665529,0.5318986119777257,0.15540198490717086,0.043795104837475424,0.014833825832048127,0.6501706484641638,0.18430034129692832,0.20939407353339376,0.2247296240920168,1.6456711128901236,23.44357142016223,9.736731378250786,0.01828366748684381,0.0856304022792291,0.050943855146513464,112.2352574139697,108.90084411532709,3.336614826762106,0.09938902296888429,57.6,78.2,75.8,17.1,69.4,Guard,Guard,74,169.0,2000-09-14,12.0
1630539,Kai,Jones,40,468.3666666666667,198,87,109,1,5,23,32,86,104,25,18,15,23,40,85,125,60.087583333333335,37.10261666666667,144.28333333333333,6451.07,5133.533333333333,40.26755,79.88026666666667,62.2786,50126.443333333336,51234.71,-1104.5466666666666,60.20343333333334,0.8269230769230769,0.2,0.7981651376146789,0.71875,0.8043548911277218,0.8027522935779816,0.4227457120489645,0.053376983844566225,0.032026190306739734,0.049106825137000924,0.045871559633027525,0.29357798165137616,0.1282917585936944,0.07921703081631201,0.30805636609493986,13.773546366806633,10.960501031955019,0.0859744146324105,0.17055070813465234,0.13296975304248806,107.02393423955591,109.39017151804141,-2.3582947832894456,0.12853910753683012,83.7,31.2,22.8,85.1,72.1,Center-Forward,Big,83,221.0,2001-01-19,34.1
1630540,Miles,McBride,105,2673.55,1102,393,951,227,583,89,111,166,368,293,74,102,26,71,190,261,445.56331666666665,401.4123166666667,3194.007,56327.065,14285.98,64.03246666666666,187.34691666666666,125.21916666666667,315897.5466666667,294385.8433333333,21512.833333333332,210.10615,0.45108695652173914,0.3893653516295026,0.41324921135646686,0.8018018018018018,0.5510881741078573,0.5325972660357519,0.41218604477193244,0.109592115352247,0.038151521385423874,0.009724897608049222,0.6130389064143007,0.1167192429022082,0.16665606278792863,0.1501420645458909,1.194668885938172,21.068266911035888,5.343449720409193,0.023950353150929162,0.0700742146833486,0.046836291323022444,118.15658830643402,110.1104686029187,8.046542362526727,0.07858695367582427,26.8,71.1,68.1,14.0,57.0,Guard,Guard,74,195.0,2000-09-08,30.4
1630541,Moses,Moody,134,3189.116666666667,1452,491,1125,277,714,193,246,214,411,194,111,117,65,103,286,389,547.9172,279.11448333333334,2396.4313333333334,39977.46666666667,22943.045,95.23546666666667,284.44371666666666,186.0792,357855.2916666667,347730.8833333333,10121.099999999999,247.15711666666667,0.5206812652068127,0.38795518207282914,0.43644444444444447,0.7845528455284553,0.5886931984042035,0.5595555555555556,0.45529848913230936,0.06083189179866943,0.036687274950743934,0.020381819417079963,0.6346666666666667,0.21866666666666668,0.17180845270633976,0.0875209383998704,0.7514404720220332,12.535592405420518,7.194169231814452,0.029862647441559052,0.08919200719112397,0.05834819464114932,112.21141434148431,109.03673953602616,3.1736374231108924,0.07750018030071022,51.9,75.2,38.2,28.8,68.7,Guard,Guard,77,211.0,2002-05-31,78.4
1630542,Marcus,Bagley,10,253.16666666666669,67,27,69,5,32,8,10,22,37,10,7,9,12,23,47,70,32.19116666666667,13.569483333333332,267.7,2416.2266666666665,1966.68,19.112166666666667,44.555550000000004,31.1581,25567.17,29742.743333333332,-4173.591666666667,19.5956,0.5945945945945946,0.15625,0.391304347826087,0.8,0.45640326975476836,0.427536231884058,0.2646477946017116,0.03949967083607636,0.03554970375246873,0.047399605003291635,0.463768115942029,0.14492753623188406,0.12715404871626068,0.05359901250822909,1.0574061882817642,9.544015799868333,7.768321263989466,0.07549242922975641,0.17599295589203423,0.1230734693877551,100.98947992100064,117.48285714285713,-16.48554970375247,0.0774019749835418,41.3,28.1,30.5,82.6,50.5,Forward,Forward,78,217.0,2001-10-23,26.5
1630543,Isaiah,Jackson,60,992.2166666666667,405,165,260,0,3,75,119,165,257,57,63,39,57,124,194,318,151.89013333333332,79.09286666666667,637.8875,12721.44,14154.574999999999,117.08508333333333,184.0457,153.91778333333332,111427.30500000001,113351.27833333334,-1924.1966666666672,93.37571666666666,0.642023346303502,0.0,0.6346153846153846,0.6302521008403361,0.6482904341144833,0.6346153846153846,0.4081769774746779,0.057447130163102815,0.039305931164228244,0.057447130163102815,0.011538461538461539,0.4576923076923077,0.15308161859808844,0.07971330186619185,0.6428913375774781,12.821231921791275,14.265608989971946,0.11800354425276736,0.18548942603262056,0.15512517427309222,112.301384106294,114.24044983454554,-1.9392908134983964,0.0941081920951405,83.4,23.3,23.2,91.6,63.3,Forward,Forward,80,205.0,2002-01-10,38.9
1630544,Tre,Mann,66,987.5166666666667,474,179,464,74,215,42,48,105,249,125,79,32,9,32,98,130,234.31878333333333,219.61361666666667,1252.6148333333333,16785.173333333332,11203.528333333334,28.57875,104.21305,63.0331,104986.47166666666,113947.23999999999,-8963.911666666667,69.51958333333333,0.42168674698795183,0.34418604651162793,0.3857758620689655,0.875,0.48853891820580475,0.46551724137931033,0.47999189887090515,0.1265801421073062,0.03240451637947039,0.009113770231726047,0.46336206896551724,0.10344827586206896,0.2372808391419554,0.2223897824509291,1.268449308872424,16.9973570066328,11.345153668292518,0.028940017889993418,0.10553042142748645,0.06382991004371234,106.31362002329075,115.3876626554826,-9.077225700832054,0.0703983899005924,23.8,50.5,63.6,35.4,33.2,Guard,Guard,76,178.0,2001-02-03,31.1
1630545,Terrence,Shannon Jr.,75,876.5333333333333,379,132,285,42,107,73,91,90,178,70,39,21,6,20,76,96,148.51235,102.42439999999999,552.4928333333334,13227.721666666666,7521.355,17.9746,72.7167,44.435116666666666,97182.61666666667,101241.74666666667,-4058.8233333333337,88.17523333333332,0.5056179775280899,0.3925233644859813,0.4631578947368421,0.8021978021978022,0.5830051685946345,0.5368421052631579,0.4323851536355339,0.07986005476118041,0.02395801642835412,0.006845147550958321,0.37543859649122807,0.3192982456140351,0.16943149148159417,0.11685168846972924,0.6303158275022818,15.090951095223609,8.580797459689686,0.020506464861575903,0.08295942348646182,0.05069415500456343,110.87155841192578,115.50244904167936,-4.630540766656527,0.10059541375114085,54.9,65.0,44.5,17.0,22.1,Guard-Forward,Wing,78,215.0,2000-07-30,50.2
1630548,Johnny,Juzang,85,1357.55,614,220,513,124,338,50,61,96,175,74,41,41,9,47,154,201,238.62753333333333,112.32575,492.60833333333335,14039.92,8690.18,43.4914,156.29611666666668,96.87115,145704.39,162487.23666666666,-16794.665,91.87371666666667,0.5485714285714286,0.3668639053254438,0.42884990253411304,0.819672131147541,0.568687018375815,0.5497076023391813,0.45228536702147254,0.0545099628006335,0.030201465876026668,0.006629590070347317,0.6588693957115009,0.1189083820662768,0.17577808061090444,0.08274151964936835,0.3628657016930009,10.3421015800523,6.401370115281206,0.03203668373172259,0.11513102034301992,0.07135733490479172,107.3289307944459,119.6915300848342,-12.37130492431218,0.06767611997102624,49.1,70.5,29.5,43.3,21.1,Guard,Guard,79,226.0,2001-03-17,97.1
1630549,Day'Ron,Sharpe,112,2067.4333333333334,937,379,673,20,84,159,226,359,589,236,169,108,68,320,423,743,388.3482833333333,376.82148333333333,2312.4263333333333,40427.85,29365.181666666667,294.2880666666667,449.05348333333336,367.3827166666667,224137.52166666667,227103.07166666666,-2955.8150000000005,283.13455,0.6095076400679117,0.23809523809523808,0.563150074294205,0.7035398230088495,0.6065196002278493,0.5780089153046062,0.45321896715734483,0.11415120197346146,0.05223868564887219,0.032891024297438044,0.12481426448736999,0.33580980683506684,0.18784077680860325,0.18226536123696047,1.1185010399367976,19.55460877416442,14.20368976025023,0.14234464634087354,0.21720336810538027,0.1776999097109137,108.41342163391,109.84783306192863,-1.4297026909372332,0.13694978475726746,78.1,28.3,58.3,96.2,80.4,Center,Big,82,265.0,2001-11-06,57.9
1630550,JT,Thor,20,249.31666666666666,71,25,59,6,21,15,22,19,38,6,9,8,9,20,28,48,32.47155,9.380683333333334,16.075,1742.4266666666667,2466.085,15.957633333333334,25.179633333333335,20.956216666666666,23925.32,28779.75,-4851.988333333334,15.8854,0.5,0.2857142857142857,0.423728813559322,0.6818181818181818,0.5168899242865462,0.4745762711864407,0.28477839427769236,0.024065779798114847,0.03208770639748646,0.03609866969717227,0.3559322033898305,0.3728813559322034,0.1302421953339127,0.03762557657597433,0.06447623504244936,6.988809412393877,9.891376428905676,0.0640054816498429,0.10099458519954543,0.08405461595026406,95.96358045323885,115.43452102413264,-19.461147135503712,0.06371575640082894,41.2,25.2,10.9,56.9,49.8,Forward,Forward,81,203.0,2002-08-26,49.4
1630551,Justin,Champagnie,131,2718.0333333333333,1141,442,873,127,359,130,175,315,514,144,99,124,82,257,478,735,423.15885,207.22586666666666,1498.4666666666667,33007.11666666667,22483.345,235.2921,449.22481666666664,341.78291666666667,296052.845,321101.825,-25058.193333333333,283.7446166666667,0.6128404669260701,0.35376044568245124,0.5063001145475372,0.7428571428571429,0.6005263157894737,0.5790378006872853,0.41978881789529193,0.05297948271421739,0.04562122122613164,0.03016887210115157,0.41122565864833904,0.2004581901489118,0.15568567346488268,0.07624110570142628,0.5513054782256779,12.14374977005433,8.271916581842264,0.08656703989404103,0.1652756833985357,0.1257464036496977,108.92171239008596,118.13755963257748,-9.219236948283685,0.10439335426349934,65.7,54.6,29.0,83.5,53.3,Guard-Forward,Wing,78,206.0,2001-06-29,38.1
1630552,Jalen,Johnson,108,3815.766666666667,2301,871,1770,164,482,395,508,707,1288,747,350,145,67,163,936,1099,944.1617333333334,1083.7735833333334,9306.498166666666,90430.26166666667,44051.068333333336,152.97795,892.7030666666667,523.5693833333333,436506.7183333333,425528.68,11012.696666666667,584.2763333333334,0.5489130434782609,0.34024896265560167,0.492090395480226,0.7775590551181102,0.5771198683735302,0.5384180790960452,0.6030242939383086,0.19576668734111974,0.03800022712779433,0.017558725638360136,0.27231638418079096,0.28700564971751413,0.24743696766923204,0.28402511946048414,2.4389589248119643,23.699106776270387,11.54448690957693,0.040091012727892165,0.23395116752421968,0.13721210678500606,114.39554785844696,111.518527513038,2.8861032732609435,0.15312160946249334,68.3,44.3,80.2,80.0,59.9,Forward,Forward,80,219.0,2001-12-18,51.4
1630553,Keon,Johnson,79,1925.2833333333333,839,303,779,126,401,107,139,177,378,175,116,82,30,63,234,297,407.47818333333333,297.2452666666667,2449.6035,30626.846666666665,18979.818333333333,58.115249999999996,243.1791,146.62628333333333,200739.06166666668,220260.44666666666,-19530.828333333335,131.56786666666667,0.46825396825396826,0.314214463840399,0.3889602053915276,0.7697841726618705,0.4993096553037517,0.46983311938382544,0.4357800150627181,0.09089571231939887,0.04259113377251833,0.01558212211189695,0.5147625160462131,0.17843388960205392,0.2116458270211311,0.15439040141277907,1.272334028757672,15.907708822078135,9.858194897720681,0.030185297402113974,0.12630821437537332,0.07615828839045335,104.26468571725374,114.40417254603219,-10.144391734549894,0.06833688548005921,30.9,40.5,56.9,47.1,51.6,Guard,Guard,77,185.0,2002-03-10,47.9
1630556,Kessler,Edwards,40,608.4666666666667,168,67,135,22,54,12,13,45,81,42,16,19,20,22,93,115,66.85131666666666,54.19615,377.9,12798.128333333334,4644.403333333334,23.519233333333332,101.50663333333333,58.81883333333333,66889.48,74409.295,-7524.755,40.79496666666667,0.5555555555555556,0.4074074074074074,0.4962962962962963,0.9230769230769231,0.5969300739056282,0.5777777777777777,0.2761038676454476,0.0690259669113619,0.031226032650378,0.03286950805302947,0.4,0.0962962962962963,0.10986849457653115,0.08907003944340966,0.6210693546619919,21.033409115810233,7.632962638325846,0.03865328147255396,0.16682365508929548,0.09666730579598991,109.93121507614768,122.28984606113728,-12.36674975347869,0.06704552426865344,41.6,75.8,45.6,65.4,39.4,Forward,Forward,79,203.0,2000-08-09,24.8
1630557,Corey,Kispert,119,2681.1666666666665,1237,439,959,207,567,152,185,232,392,195,109,42,23,63,250,313,464.9894,286.1703333333333,2747.331,38208.58833333333,21077.65,58.93115,233.59411666666668,145.91361666666666,291701.68,313033.1433333333,-21335.148333333334,213.10976666666667,0.5918367346938775,0.36507936507936506,0.45776850886339937,0.8216216216216217,0.5944828911956939,0.5656934306569343,0.4613663206315659,0.07272953316342388,0.015664822527506683,0.008578355193634613,0.5912408759124088,0.19290928050052136,0.17342801019456705,0.10673351153104992,1.0246774414123205,14.250732268291168,7.861372536830983,0.02197966681171132,0.08712405669173869,0.0544216883197613,108.79654876608441,116.75258656057686,-7.957412196183254,0.07948396842170698,65.0,71.6,48.8,21.2,17.1,Forward,Forward,78,224.0,1999-03-03,34.1
1630558,Davion,Mitchell,144,4027.616666666667,1242,484,1009,174,439,100,149,310,570,816,236,140,27,67,286,353,549.9329166666666,1056.4382666666668,12281.9505,153939.73333333334,44990.635,66.97106666666667,273.5400666666667,171.64361666666667,459768.58,451086.9816666667,8694.836666666666,306.08913333333334,0.543859649122807,0.39635535307517084,0.4796828543111992,0.6711409395973155,0.5779109589041096,0.5659068384539148,0.3083709555278763,0.20260120749657573,0.034760011090098776,0.0067037164245190494,0.43508424182358774,0.14767096134786917,0.1365405305867407,0.2622986133238433,3.0494338256288875,38.221048841953674,11.170535511075615,0.016627964428921987,0.06791611250656923,0.04261667156341426,114.15400671199262,111.99848918094655,2.1588044211423627,0.07599758335160993,41.4,61.5,84.7,9.1,43.7,Guard,Guard,72,202.0,1998-09-05,30.0
1630559,Austin,Reaves,124,4311.816666666667,2662,850,1799,318,859,644,737,532,940,701,328,137,42,94,475,569,1038.7158166666666,1034.1036,10863.673166666667,94507.725,45152.85666666667,100.10608333333333,470.8605166666667,292.30808333333334,505728.675,486761.07666666666,18947.036666666667,535.98825,0.5659574468085107,0.370197904540163,0.4724847137298499,0.8738127544097694,0.6268603293018349,0.5608671484157866,0.6173731876355287,0.16257648554940107,0.03177315052819964,0.009740673884557554,0.4774874930516954,0.40967204002223456,0.2408998102114731,0.23983014120111784,2.5195118453552063,21.918307828486835,10.47188694633739,0.02321668360977005,0.10920235090391135,0.06779232651357317,117.28900231534271,112.8900216072885,4.394212029732247,0.12430682736201679,81.1,73.3,78.2,34.8,41.0,Guard,Guard,77,197.0,1998-05-29,62.2
1630560,Cam,Thomas,67,1661.7166666666667,1166,388,915,120,363,270,320,268,552,202,136,24,6,26,128,154,514.7643666666667,353.75626666666665,2864.6213333333335,23709.33,16592.646666666667,24.728616666666667,131.6268,78.295,188090.99666666667,203223.33833333335,-15136.826666666666,169.66225,0.4855072463768116,0.3305785123966942,0.4240437158469945,0.84375,0.5521879143777231,0.4896174863387978,0.7016840014844087,0.1215610362777449,0.014442895399336029,0.003610723849834007,0.39672131147540984,0.34972677595628415,0.3097786626280052,0.21288603151359536,1.72389276150166,14.26797388243082,9.985244175200345,0.01488136766195601,0.07921133767288847,0.04711693730379226,113.19077460056367,122.29722576050872,-9.109150176022787,0.10210058874858328,56.3,46.7,65.8,11.2,6.8,Guard,Guard,75,210.0,2001-10-13,54.8
1630561,David,Duke Jr.,6,33.71666666666667,16,6,14,3,6,1,2,3,8,4,2,1,0,1,4,5,7.38515,5.548666666666667,11.933333333333334,617.02,337.5,0.8266666666666668,3.897266666666667,2.8077666666666667,4270.82,3069.961666666667,1200.8583333333333,2.9896833333333332,0.375,0.5,0.42857142857142855,0.5,0.5376344086021505,0.5357142857142857,0.4745427582797825,0.11863568956994562,0.029658922392486405,0.0,0.42857142857142855,0.14285714285714285,0.21903559070687098,0.1645674740484429,0.35392980721700446,18.30014829461196,10.009886307464162,0.024518042511122096,0.11558872960949086,0.08327533366287691,126.66791893227878,91.0517548195749,35.616164112703906,0.0886707859614434,26.9,58.0,49.3,45.2,51.9,Guard,Guard,76,204.0,1999-10-13,56.8
1630567,Scottie,Barnes,145,4814.916666666667,2700,1043,2186,144,504,470,599,899,1682,852,394,207,179,258,844,1102,1163.5752333333332,1263.47705,12530.272166666668,109470.34166666666,51140.986666666664,240.95991666666666,814.9779666666667,527.9830333333333,536356.3116666666,530646.5933333334,5716.496666666666,673.2384500000001,0.5344827586206896,0.2857142857142857,0.47712717291857276,0.7846410684474123,0.5511193847058248,0.510064043915828,0.5607573685941258,0.17695010297859082,0.042991398258882985,0.0371761366586476,0.23055809698078683,0.27401646843549865,0.24166051333529479,0.26240891327298843,2.6023860918326727,22.735666937814774,10.621364855743435,0.05004446252098513,0.16926107409266342,0.1096556949756832,111.39472368853734,110.20888419668046,1.187247269769293,0.13982348950310666,59.8,29.7,80.7,74.3,76.7,Forward-Guard,Wing,80,237.0,2001-08-01,92.9
1630568,Luka,Garza,107,1337.2333333333333,695,258,462,65,163,114,152,193,299,77,58,33,31,187,148,335,239.42186666666666,110.04313333333333,526.05,15855.621666666666,10875.145,169.88448333333332,142.21813333333333,158.7447,157813.29333333333,150795.81166666668,7013.31,139.48566666666667,0.6454849498327759,0.3987730061349693,0.5584415584415584,0.75,0.6570488579639994,0.6287878787878788,0.5197297903631877,0.05758157389635317,0.024677817384151358,0.023182192088142185,0.3528138528138528,0.329004329004329,0.17904270010220105,0.08229164693272178,0.3933868434828127,11.857034424308896,8.13257097988384,0.12704176533639105,0.10635251888226936,0.11871129446369369,118.01477677792457,112.76701523045094,5.244641922377047,0.1043091457486851,86.0,68.1,28.7,75.2,46.6,Center,Big,82,243.0,1998-12-27,37.4
1630570,Trendon,Watford,96,1776.4,796,302,618,39,138,153,199,263,480,247,147,43,34,75,260,335,352.5413,391.7566,2695.1721666666667,39852.19,23184.463333333333,68.75818333333333,249.95945,158.8036,188196.80666666667,199594.59833333333,-11399.08,170.94808333333333,0.5479166666666667,0.2826086956521739,0.4886731391585761,0.7688442211055276,0.5640909348602529,0.5202265372168284,0.44809727538842603,0.13904526007655932,0.02420625985138482,0.01913983337086242,0.22330097087378642,0.3220064724919094,0.19845828642197702,0.22053400135104703,1.5172101816407715,22.434243413645575,13.051375440966748,0.038706475643623804,0.140711241837424,0.08939630713803197,105.94280942730616,112.35903981835922,-6.416955640621481,0.09623287735495008,63.1,30.0,68.4,60.0,45.5,Guard-Forward,Wing,80,245.0,2000-11-09,95.3
1630572,Sandro,Mamukelashvili,141,2431.983333333333,1278,471,912,175,457,161,216,296,455,199,93,86,58,170,412,582,455.49925,285.822,1991.5738333333334,36828.42,18201.46,166.14341666666667,408.1332,287.3686833333333,277239.94666666666,269949.80666666664,7306.98,298.4780166666667,0.6505494505494506,0.38293216630196936,0.5164473684210527,0.7453703703703703,0.634532888465205,0.612390350877193,0.5254970223206026,0.08182621865555549,0.035362084444109404,0.023848847648352857,0.5010964912280702,0.23684210526315788,0.18729538305498258,0.11752629883702603,0.8189093264071163,15.143368581199159,7.484204250303251,0.0683160177906921,0.16781907770749527,0.11816227496076591,113.9974698291518,110.9998588257869,3.0045353929234713,0.12273028872182515,79.1,70.6,49.8,79.8,63.2,Forward-Center,Big,81,240.0,1999-05-23,22.9
1630573,Sam,Hauser,149,3475.366666666667,1324,466,1075,364,903,28,31,102,172,178,58,79,36,100,424,524,487.8600166666667,243.66903333333335,1082.1105,45529.67166666667,14140.551666666666,95.25463333333333,408.9548,250.66948333333335,416953.1066666667,385100.855,31877.588333333333,280.5694,0.5930232558139535,0.40310077519379844,0.43348837209302327,0.9032258064516129,0.608098177542622,0.6027906976744186,0.38096699628816144,0.0512176173257498,0.022731414431091203,0.010358619234421308,0.84,0.02883720930232558,0.14037655978745647,0.07011318709776426,0.31136585108525716,13.100681462867227,4.068794179990601,0.027408513250400435,0.11767241825802552,0.07212749254275329,119.9738464046959,110.80869788319697,9.17243887935086,0.08073087731750125,52.7,90.5,28.7,41.9,41.3,Forward,Forward,79,217.0,1997-12-08,37.1
1630574,Ariel,Hukporti,79,715.3666666666667,165,66,111,1,4,32,46,65,107,40,53,10,41,70,140,210,75.54375,59.66676666666667,400.01383333333337,12374.298333333334,15147.164999999999,64.45488333333333,132.24451666666667,98.00418333333333,74551.51333333334,75502.585,-952.0250000000001,58.7655,0.6074766355140186,0.25,0.5945945945945946,0.6956521739130435,0.6286193233770192,0.5990990990990991,0.23065094823167606,0.055915381389497226,0.013978845347374307,0.057313265924234656,0.036036036036036036,0.4144144144144144,0.10560143982107079,0.08340725036112018,0.5591731512977028,17.29784026839383,21.17398769861609,0.09010048459997204,0.18486256465215972,0.1369985322212385,104.21440752993803,105.54389590419832,-1.3308210241834026,0.08214738362611249,70.5,29.6,26.9,87.5,66.4,Center,Big,84,246.0,2002-04-12,64.5
1630577,Julian,Champagnie,164,4198.083333333333,1726,577,1354,373,992,199,229,204,362,238,143,123,73,141,650,791,650.0884833333333,312.09456666666665,3500.706,55346.585,33480.775,134.02908333333332,604.7824333333333,374.15583333333336,489899.56666666665,466692.185,23199.795000000002,359.9044,0.56353591160221,0.37600806451612906,0.4261447562776957,0.868995633187773,0.5932249993126014,0.5638847858197932,0.4111400043670723,0.05669253826150823,0.029299084899855096,0.01738888778609286,0.7326440177252584,0.16912850812407682,0.15485363955773468,0.07434215614268416,0.8338819699466027,13.183774738471923,7.975252595430455,0.03192625602953729,0.14406155983881533,0.0891253945252794,116.69600809893404,111.1679182960478,5.52628262897751,0.08573064692220657,55.7,80.2,35.2,57.1,52.7,Forward,Forward,79,217.0,2001-06-29,37.1
1630578,Alperen,Sengun,148,4792.766666666666,2917,1150,2266,61,221,556,804,1089,2045,817,421,169,138,477,949,1426,1243.5614333333333,1250.3354666666667,11151.378333333334,102553.10833333334,52605.49166666667,442.89325,926.99115,681.0701166666666,556254.1683333333,530614.015,25654.7,701.7999833333333,0.532518337408313,0.27601809954751133,0.5075022065313327,0.6915422885572139,0.5567303875164137,0.5209620476610768,0.6086254981465125,0.17046521494196115,0.035261470410271036,0.02879339003915623,0.09752868490732568,0.35481023830538394,0.2594662999102815,0.26087968675017215,2.326710042216396,21.397475709923985,10.976017679419682,0.09240868183304007,0.19341462133910128,0.14210375009563023,116.0611828241169,110.71142242128764,5.3527955321560965,0.14642899021442035,65.9,23.2,78.0,89.1,66.3,Center,Big,83,243.0,2002-07-25,49.0
1630579,Jericho,Sims,120,1949.1,432,190,256,0,0,52,84,190,256,137,108,29,36,218,349,567,171.36976666666666,188.99036666666666,1788.1308333333334,49113.51,37036.70333333333,221.02536666666666,353.7429333333333,288.8691,215947.71,227856.41333333333,-11898.788333333332,158.37476666666666,0.7421875,,0.7421875,0.6190476190476191,0.7373020207536866,0.7421875,0.22164075727258736,0.07028885126468627,0.01487866194653943,0.018470063106048946,0.0,0.328125,0.08792251124450601,0.09696288885468507,0.9174135925982932,25.198045251654612,19.001951327963333,0.11339867973252613,0.1814903972773759,0.1482064029552101,110.79355086963214,116.9033981495733,-6.104760316727378,0.08125533152053084,74.9,36.9,44.1,90.6,26.6,Center,Big,82,250.0,1998-10-20,47.6
1630581,Josh,Giddey,124,3847.983333333333,1941,692,1515,208,561,349,452,484,954,997,398,139,72,194,820,1014,864.81005,1386.0620666666666,10946.492666666667,122420.77,49773.0,184.41378333333333,752.8491,476.53985,433730.10333333333,445376.81,-11683.101666666667,520.4904666666666,0.5073375262054507,0.37076648841354726,0.45676567656765676,0.7721238938053098,0.5662590146334632,0.5254125412541254,0.5044200641894673,0.25909675630958207,0.036122817579771226,0.01871109975355056,0.3702970297029703,0.2983498349834984,0.22474370990865347,0.36020479991683957,2.8447349477431905,31.814267213562086,12.934827333798225,0.04792478744277306,0.19564770290931616,0.12384145374850031,112.71621152205269,115.74291555316854,-3.0361622321649007,0.1352631811468345,55.9,55.3,84.1,78.9,45.2,Guard,Guard,79,214.0,2002-10-10,91.4
1630583,Santi,Aldama,108,2857.75,1413,541,1124,190,526,141,208,351,598,314,126,89,60,161,542,703,525.6917833333333,428.5724833333333,4963.888666666667,54407.71666666667,21887.033333333333,145.693,512.5495333333333,326.12471666666664,329044.94833333336,326225.33666666667,2820.6516666666676,339.9595,0.5869565217391305,0.3612167300380228,0.48131672597864766,0.6778846153846154,0.5812327234434645,0.5658362989323843,0.4944449304522789,0.10987665121161753,0.031143382031318344,0.020995538448079783,0.4679715302491103,0.18505338078291814,0.18395303414691044,0.14996850086023386,1.7369919225497916,19.03865511912052,7.65883416440673,0.05098171638526813,0.17935422389408917,0.11411940046073542,115.14126439798211,114.15460997871286,0.9870183419356723,0.11896054588399965,63.8,55.1,68.4,76.7,47.3,Forward-Center,Big,84,215.0,2001-01-10,42.6
1630585,Marcus,Garrett,4,79.38333333333333,28,11,27,3,8,3,4,8,19,13,6,3,2,1,5,6,15.33545,20.029783333333334,124.92483333333334,2144.056666666667,883.8516666666667,0.9064,4.912000000000001,2.9360500000000003,7599.131666666667,9447.913333333334,-1848.7816666666668,4.485833333333334,0.42105263157894735,0.375,0.4074074074074074,0.75,0.48678720445062584,0.46296296296296297,0.3527188746588285,0.16376233466302753,0.037791307999160195,0.025194205332773466,0.2962962962962963,0.14814814814814814,0.1931822380852404,0.25231723703548187,1.5736909510812516,27.008901952550918,11.133970186857024,0.011418013856812934,0.06187696829729164,0.036985723283644766,95.72704178039052,119.0163342431241,-23.289292462733574,0.05650850304429982,19.1,44.6,76.3,4.6,45.2,Guard,Guard,77,205.0,1998-11-09,71.0
1630587,Isaiah,Livers,36,347.4,65,22,64,12,40,9,12,10,24,21,12,13,8,19,42,61,32.52721666666667,31.3636,49.13333333333333,5758.405,3315.3983333333335,18.845683333333334,40.38056666666667,29.102516666666666,38210.96166666667,37715.543333333335,496.5250000000003,19.12411666666667,0.4166666666666667,0.3,0.34375,0.75,0.4691108545034642,0.4375,0.18710420264824412,0.06044905008635579,0.03742084052964882,0.023028209556706966,0.625,0.1875,0.09363044521205144,0.09028094415659184,0.14143158702744196,16.575719631548647,9.543460947994628,0.05424779312991749,0.11623651890232202,0.08377235655344464,109.99125407791213,108.56517942813281,1.4292602187679917,0.05504927077336405,14.9,40.5,30.8,57.9,72.3,Forward,Forward,78,232.0,1998-07-28,43.5
1630590,Scotty,Pippen Jr.,89,1894.8,893,328,690,97,251,140,194,231,439,394,165,122,34,73,208,281,371.50536666666665,536.6639,4539.523166666667,55049.541666666664,23327.871666666666,65.73306666666667,191.37805,129.61466666666666,209960.71166666667,210271.69333333333,-314.76333333333264,192.15063333333333,0.5261958997722096,0.38645418326693226,0.4753623188405797,0.7216494845360825,0.5758615352868345,0.5456521739130434,0.4712898458940258,0.20793751319400464,0.06438674266413343,0.017943846316233903,0.36376811594202896,0.2811594202898551,0.19606574132714094,0.28322983956090353,2.3957795897544156,29.05295633664063,12.311521884455702,0.03469129547533601,0.10100171522060376,0.06840546055872211,110.80890419393428,110.97302793610584,-0.1661195552740831,0.10140945394412779,58.0,57.5,81.1,40.5,71.3,Guard,Guard,74,170.0,2000-11-10,12.2
1630591,Jalen,Suggs,92,2576.05,1353,479,1130,198,602,197,227,281,528,441,254,156,73,59,302,361,615.3181500000001,669.29585,6044.006333333334,59139.565,34203.948333333334,58.568333333333335,303.25655,178.6076,285005.3416666667,275920.33,9089.018333333333,278.77045,0.5321969696969697,0.3289036544850498,0.42389380530973453,0.8678414096916299,0.5500536637720753,0.511504424778761,0.5252227247141942,0.17119232934143358,0.06055783078744589,0.028337959278740707,0.5327433628318584,0.20088495575221238,0.23886110518041187,0.2598147745579472,2.3462302103349444,22.957460064827934,13.277672534823987,0.0227357129455303,0.11772153102618349,0.06933390268046039,110.63657214210386,107.10985035228353,3.5282771426538044,0.10821624192077016,52.5,53.9,76.0,37.3,84.9,Guard,Guard,77,205.0,2001-06-03,71.0
1630592,Jalen,Wilson,133,2890.5833333333335,1092,356,898,176,514,204,261,180,384,195,117,62,7,92,292,384,480.1629,307.7567,2551.436833333333,41223.27166666667,25988.36666666667,89.91345,316.46538333333336,193.5434,307717.68666666665,330469.7966666667,-22739.165,181.99708333333334,0.46875,0.3424124513618677,0.39643652561247217,0.7816091954022989,0.5390782354567355,0.49443207126948774,0.377778418427653,0.0674604318620809,0.021448957822815463,0.002421656528382391,0.5723830734966593,0.2906458797327394,0.1661128030674316,0.1064687173869173,0.8826719520281372,14.261229278980597,8.990699685761236,0.031105641883126242,0.10948149450802895,0.06695651973361777,106.45522068786576,114.32633436157639,-7.866635338887767,0.06296206071438867,38.6,54.0,44.8,39.1,21.1,Forward,Forward,78,220.0,2000-11-04,30.6
1630595,Cade,Cunningham,134,4623.666666666667,3361,1232,2646,274,784,623,752,958,1862,1272,545,163,107,112,668,780,1434.2201,1930.5656666666666,12921.068166666666,123913.65666666666,53288.605,111.68846666666667,645.5400333333333,381.95983333333334,543751.83,512362.1616666667,31385.261666666665,716.6218166666666,0.514500537056928,0.3494897959183674,0.4656084656084656,0.8284574468085106,0.5645172126521727,0.517384731670446,0.7269122629947372,0.27510633696200704,0.035253406387427,0.023141806646961284,0.2962962962962963,0.2842025699168556,0.3101910676951914,0.4175399754884291,2.79455010453464,26.799868070074254,11.525183115853219,0.02415582149808954,0.13961647321750414,0.08260972532622017,117.60186648403142,110.81295400475813,6.787959411722298,0.1549899394420013,60.2,48.6,84.9,48.7,63.2,Guard,Guard,78,220.0,2001-09-25,91.9
1630596,Evan,Mobley,136,4240.916666666667,2496,974,1765,147,439,401,602,827,1326,460,267,109,226,320,925,1245,950.22355,672.4811333333333,7109.7305,70271.755,41968.541666666664,312.97476666666665,868.30815,601.2184833333333,503924.27999999997,466742.585,37188.105,608.7057833333333,0.6236802413273002,0.3348519362186788,0.5518413597733711,0.6661129568106312,0.6148146688474195,0.5934844192634561,0.5885520033011731,0.10846711599300465,0.02570199052877719,0.05329036568351968,0.24872521246458923,0.34107648725212464,0.224060886993771,0.158569758896465,1.6764607887445715,16.56994478395001,9.896101471773004,0.07379884851938456,0.20474539309504625,0.14176616297577174,118.82437680532902,110.05700457841269,8.768883692597905,0.1435316539270205,85.1,42.1,61.7,87.4,64.3,Center,Big,83,215.0,2001-06-18,31.7
1630598,Aaron,Wiggins,141,3157.9,1525,586,1264,226,609,127,161,360,655,243,150,120,46,122,372,494,620.7781833333333,337.9552166666667,3281.958,43069.581666666665,26754.873333333333,118.31005,346.76621666666665,234.97545,370150.02166666667,337149.0466666667,32997.63,303.19741666666664,0.549618320610687,0.37110016420361247,0.46360759493670883,0.7888198757763976,0.5712295106529622,0.553006329113924,0.482915861806897,0.07694987175021374,0.03799993666677222,0.014566642388929352,0.48180379746835444,0.127373417721519,0.19657943042317153,0.10701897357948847,1.0392849678583869,13.638678129980894,8.472362434951497,0.037464786725355456,0.10980911892924622,0.07440876848538586,117.21397817114749,106.76368683829972,10.449232084613191,0.09601235525718567,51.7,62.9,47.0,46.5,68.3,Guard,Guard,77,190.0,1999-01-02,53.7
1630600,Isaiah,Mobley,1,17.366666666666667,6,2,7,1,3,1,2,1,4,5,0,1,1,1,3,4,2.9523333333333337,9.655866666666668,0.0,668.6166666666667,0.0,0.6946666666666667,2.7439333333333336,1.5803666666666667,1609.89,1910.3333333333335,-300.4433333333333,1.7193,0.25,0.3333333333333333,0.2857142857142857,0.5,0.3807106598984772,0.35714285714285715,0.345489443378119,0.28790786948176583,0.05758157389635316,0.05758157389635316,0.42857142857142855,0.2857142857142857,0.17,0.556,0.0,38.5,0.0,0.04,0.158,0.091,92.7,110.0,-17.3,0.099,24.9,30.7,75.2,63.6,84.4,Forward,Forward,80,238.0,1999-09-24,70.9
1630604,E.J.,Liddell,38,402.05,168,62,126,21,62,23,28,41,64,27,17,7,11,17,61,78,65.89066666666668,37.6074,294.3156666666667,5749.1033333333335,3677.4733333333334,17.324816666666667,65.27856666666668,40.286950000000004,44216.67166666667,46439.08666666667,-2230.201666666667,34.50578333333333,0.640625,0.3387096774193548,0.49206349206349204,0.8214285714285714,0.6072874493927126,0.5753968253968254,0.41785847531401565,0.06715582638975251,0.01741076980475065,0.027359781121751026,0.49206349206349204,0.2222222222222222,0.16388674708784148,0.09353911205073995,0.732037474609294,14.299473531484475,9.146805952825105,0.04309119927040583,0.16236429963105753,0.10020383036935705,109.97804170293911,115.50574969945696,-5.54707540521494,0.08582460722132404,70.1,60.7,38.6,68.1,34.6,Forward,Forward,78,240.0,2000-12-18,48.2
1630610,DeJon,Jarreau,11,230.73333333333335,88,33,83,4,30,18,23,29,53,36,26,10,8,12,39,51,49.99993333333333,59.63856666666666,322.8701666666667,5796.751666666667,4063.7900000000004,9.357099999999999,40.26096666666667,23.89805,22892.553333333333,28198.755,-5309.5616666666665,16.506700000000002,0.5471698113207547,0.13333333333333333,0.39759036144578314,0.782608695652174,0.4725085910652921,0.42168674698795183,0.38139266108061254,0.15602427044206876,0.043340075122796876,0.0346720600982375,0.3614457831325301,0.27710843373493976,0.21670008668015023,0.25847399595492626,1.3993217278243284,25.123165270153134,17.612496388327074,0.04055374169315226,0.17449133198497543,0.1035743282288356,99.21649812193007,122.2136160069344,-23.011680150245592,0.07154016180294713,49.8,22.3,70.5,70.0,50.3,Guard,Guard,77,185.0,1998-01-23,47.9
1630611,Gui,Santos,124,2156.9166666666665,852,312,639,112,325,116,162,200,314,239,144,86,32,147,291,438,350.78476666666666,341.07986666666665,2641.107,46645.45,27750.368333333332,134.3339,291.70965,210.00011666666666,246172.745,236376.80166666667,9804.095,187.65678333333332,0.6369426751592356,0.3446153846153846,0.48826291079812206,0.7160493827160493,0.5997634735597229,0.5758998435054773,0.39500830661051656,0.11080632075107213,0.03987173047946529,0.014835992736545223,0.5086071987480438,0.2535211267605634,0.16263250782366806,0.158133075764015,1.2244826333887109,21.625986168527604,12.865758219680872,0.06228052389599351,0.13524382026812967,0.09736125642313488,114.13178302360623,109.5901410192018,4.545421319012479,0.08700233357802419,70.5,56.4,57.8,68.3,65.4,Forward,Forward,79,185.0,2002-06-22,20.3
1630618,D.J.,Carton,4,33.38333333333333,3,1,7,0,3,1,1,1,4,3,4,2,0,0,4,4,4.2357,3.363366666666667,47.15,674.245,790.7483333333333,0.0,3.0055833333333335,1.7920166666666666,3631.8633333333332,3219.1583333333338,412.70499999999987,0.18289999999999995,0.25,0.0,0.14285714285714285,1.0,0.20161290322580644,0.14285714285714285,0.08986520219670495,0.08986520219670495,0.05991013479780329,0.0,0.42857142857142855,0.14285714285714285,0.1268806789815277,0.10074987518721917,1.4123814278582127,20.197054418372442,23.686919620569146,0.0,0.09003245132301549,0.05367998002995507,108.7927109335996,96.43010484273591,12.3626060908637,0.00547878182725911,7.2,27.8,46.0,15.6,68.2,Guard,Guard,75,200.0,2000-08-05,43.1
1630619,Moussa,Cisse,38,529.5833333333334,170,66,115,0,0,38,81,66,115,9,30,19,45,89,127,216,71.04873333333333,11.04995,85.909,2811.71,8676.383333333333,80.07556666666667,115.69705,97.23898333333334,58994.871666666666,58560.43833333333,434.59000000000043,45.88268333333333,0.5739130434782609,,0.5739130434782609,0.4691358024691358,0.5642591609134361,0.5739130434782609,0.3210070810385523,0.016994492525570417,0.03587726199842643,0.08497246262785207,0.0,0.7043478260869566,0.13415968528717545,0.020865365853658537,0.16221998426435877,5.3092871754524,16.38341463414634,0.15120484657749803,0.21846807238394964,0.18361413060582218,111.39865617623917,110.57832572777339,0.8206262785208505,0.08663921321793862,65.6,18.2,4.3,97.1,74.1,Center,Big,83,220.0,2002-09-10,33.2
1630621,Hunter,Dickinson,5,42.46666666666667,12,5,14,0,4,2,2,5,10,2,3,1,2,2,3,5,6.955333333333333,2.7287166666666667,0.0,410.3333333333333,455.0,1.456683333333333,2.3733500000000003,1.9025666666666665,4241.448333333334,5734.495,-1493.555,0.21558333333333302,0.5,0.0,0.35714285714285715,1.0,0.4032258064516129,0.35714285714285715,0.28257456828885397,0.04709576138147566,0.02354788069073783,0.04709576138147566,0.2857142857142857,0.14285714285714285,0.1637833594976452,0.0642554945054945,0.0,9.66248037676609,10.714285714285714,0.034301805337519614,0.055887362637362645,0.04480141287284144,99.87711930926217,135.03520408163266,-35.17005494505494,0.00507653061224489,22.7,22.5,12.2,18.1,33.7,Center,Big,85,255.0,2000-11-25,84.5
1630623,Tyson,Etienne,31,531.1,244,75,197,56,152,38,46,19,45,52,24,14,1,8,28,36,101.53231666666666,84.11395,642.9195,9394.106666666667,4295.0216666666665,7.2890999999999995,29.26025,17.7944,55307.28666666667,63037.958333333336,-7731.378333333334,30.545633333333335,0.4222222222222222,0.3684210526315789,0.38071065989847713,0.8260869565217391,0.5615908672436015,0.5228426395939086,0.45942383731877234,0.09790999811711541,0.02636038410845415,0.0018828845791752965,0.7715736040609137,0.233502538071066,0.1911736333396096,0.15837685934852194,1.210543212201092,17.688018577794512,8.087030063390447,0.013724533986066653,0.05509367350781397,0.03350480135567689,104.13723718069416,118.6931996485282,-14.557293039603339,0.05751390196447624,37.1,72.6,63.1,5.1,15.3,Guard,Guard,72,200.0,1999-09-17,27.3
1630625,Dalano,Banton,73,1181.6,571,202,519,72,223,95,129,130,296,171,94,45,39,32,108,140,272.49385,260.1186,1718.3965,25866.416666666668,12891.653333333334,30.8375,102.07773333333333,65.5061,130640.005,132372.28666666668,-1732.5166666666667,104.29895,0.4391891891891892,0.32286995515695066,0.3892100192678227,0.7364341085271318,0.49586633319438655,0.45857418111753373,0.4832430602572783,0.1447190250507786,0.038083953960731214,0.03300609343263372,0.4296724470134875,0.24855491329479767,0.23061429417738663,0.22014099526066352,1.4542962931618146,21.891009365831643,10.910336267208306,0.026098087339201083,0.08638941548183254,0.05543847325660123,110.56195412999324,112.02800157977885,-1.4662463326562853,0.08826925355450238,36.1,35.2,70.3,24.4,65.9,Forward,Forward,80,203.0,1999-11-07,37.7
1630631,Jose,Alvarado,125,2736.1833333333334,1089,391,970,212,596,95,120,179,374,493,163,140,22,53,254,307,493.35106666666667,709.46105,5975.958166666666,81193.69666666667,25937.923333333332,49.56896666666667,244.58541666666667,146.8601,301605.16333333333,312469.265,-10869.358333333334,230.84911666666667,0.4786096256684492,0.35570469798657717,0.40309278350515465,0.7916666666666666,0.5323621431364881,0.5123711340206185,0.397999646709833,0.18017798514963057,0.051166162111456956,0.00804039690322895,0.6144329896907217,0.12371134020618557,0.1803062903923348,0.25928856497188907,2.1840488880496554,29.674070329108066,9.479599929341965,0.018116098458314807,0.08938926485189223,0.053673340602176996,110.22841914832705,114.19895048455574,-3.972452503791778,0.08436902376180934,28.0,59.5,84.7,20.0,48.3,Guard,Guard,72,179.0,1998-04-12,5.5
1630639,A.J.,Lawson,50,712.55,337,114,268,52,146,57,81,62,122,38,21,25,10,29,100,129,131.1172,50.90396666666666,305.7275,6995.516666666666,4010.0499999999997,24.80845,99.56031666666667,60.20265,77777.62833333333,79317.18166666667,-1544.9066666666663,59.21928333333334,0.5081967213114754,0.3561643835616438,0.4253731343283582,0.7037037037037037,0.5549334738506126,0.5223880597014925,0.4729492667181251,0.05332959090590134,0.035085257174935096,0.014034102869974037,0.5447761194029851,0.30223880597014924,0.184011227282296,0.07143915046897294,0.4290611185179988,9.817580052861787,5.627745421373938,0.034816433934460746,0.13972397258671906,0.08448901831450426,109.15392370126072,111.31454868664188,-2.1681379084508685,0.08310895141861391,53.7,55.0,27.3,55.7,53.9,Guard,Guard,78,179.0,2000-07-15,52.1
1630643,Jay,Huff,146,2467.3,1222,448,916,200,573,126,155,248,343,159,110,57,209,103,350,453,449.90498333333335,235.60913333333335,1833.2586666666666,31252.76,20469.513333333332,97.06375,317.4601666666667,210.03986666666665,268303.2316666667,278518.00166666665,-10232.26,239.81658333333334,0.7230320699708455,0.34904013961605584,0.4890829694323144,0.8129032258064516,0.6208087787035155,0.5982532751091703,0.49527823937097226,0.06444291330604304,0.02310217646820411,0.08470798038341507,0.6255458515283843,0.16921397379912664,0.18234709331387886,0.09549269782082978,0.743022197003472,12.666785555060185,8.29632121482322,0.039340068090625374,0.12866703143787406,0.08512943973844553,108.74365973601373,112.88371972061226,-4.147148705062214,0.09719798295032356,74.2,69.5,39.2,56.0,54.0,Center,Big,85,240.0,1997-08-25,63.5
1630644,Mac,McClung,13,145.4,67,23,61,7,31,14,18,16,30,13,9,11,3,2,9,11,27.910016666666667,17.864516666666667,28.815333333333335,2459.358333333333,1250.5516666666667,1.6914333333333331,9.3194,5.162066666666666,16350.494999999999,17795.239999999998,-1446.02,3.7962000000000002,0.5333333333333333,0.22580645161290322,0.3770491803278688,0.7777777777777778,0.4860708067324434,0.4344262295081967,0.4607977991746905,0.08940852819807428,0.07565337001375516,0.02063273727647868,0.5081967213114754,0.29508196721311475,0.19195334708849152,0.12286462631820265,0.19817973406694178,16.914431453461713,8.600767996331959,0.011632966529115083,0.0640949105914718,0.03550252177900046,112.45182255845941,122.38817056396147,-9.945116918844565,0.02610866574965612,53.8,31.5,42.0,4.7,50.3,Guard,Guard,74,185.0,1999-01-06,18.6
1630649,Stanley,Umude,24,92.35,17,6,28,3,16,2,4,3,12,5,3,4,6,4,13,17,12.2684,6.813066666666667,0.0,1359.46,503.75,1.9556499999999999,11.529,7.080066666666667,7765.443333333334,9335.305,-1569.1466666666665,-0.04648333333333332,0.25,0.1875,0.21428571428571427,0.5,0.28561827956989244,0.26785714285714285,0.18408229561451003,0.05414185165132648,0.043313481321061185,0.06497022198159177,0.5714285714285714,0.14285714285714285,0.13284677855982674,0.07377440895145282,0.0,14.72073632918246,5.454791553871143,0.021176502436383325,0.12484028153762859,0.07666558382963365,84.08709619202311,101.08613968597727,-16.99130120916802,-0.0005033387475184984,7.7,24.0,28.4,41.6,90.2,Guard,Guard,78,210.0,1999-04-12,85.6
1630658,Colin,Castleton,30,453.3666666666667,128,48,103,2,16,30,39,46,87,29,25,9,10,55,75,130,57.303716666666666,42.155950000000004,284.31333333333333,6990.118333333333,5699.891666666666,46.1651,68.9265,57.34155,48229.175,49200.71333333333,-966.1066666666668,36.97806666666667,0.5287356321839081,0.125,0.46601941747572817,0.7692307692307693,0.5326231691078562,0.47572815533980584,0.2823321814572458,0.06396588486140725,0.019851481508712594,0.022057201676347327,0.1553398058252427,0.3786407766990291,0.12639596353209323,0.09298422910080142,0.6271156532607897,15.418244981986618,12.572366002499816,0.1018272921108742,0.1520325711344754,0.1264794132784354,106.38006396588487,108.52300566134844,-2.130960958753033,0.08156326740680833,48.3,19.6,31.4,83.4,56.0,Center,Big,82,250.0,2000-05-25,47.6
1630678,Terry,Taylor,3,6.333333333333334,0,0,1,0,0,0,0,0,1,2,0,0,0,1,0,1,0.52,2.3208333333333333,0.0,373.33333333333337,0.0,1.85,0.0,0.4625,807.3333333333333,450.1666666666667,357.1666666666667,0.2600166666666667,0.0,,0.0,,0.0,0.0,0.0,0.3157894736842105,0.0,0.0,0.0,0.0,0.08210526315789474,0.3664473684210526,0.0,58.94736842105263,0.0,0.2921052631578947,0.0,0.07302631578947368,127.47368421052629,71.07894736842105,56.39473684210526,0.041055263157894734,0.8,1.5,74.6,49.9,41.7,Forward,Forward,76,230.0,1999-09-23,33.1
1630679,Ethan,Thompson,32,653.2166666666667,223,74,196,38,116,37,47,36,80,57,25,20,9,17,52,69,100.30528333333334,79.89738333333334,412.14166666666665,11356.711666666666,5964.131666666666,16.1581,49.904916666666665,32.98373333333333,71905.01833333334,71966.66166666667,-59.42333333333323,29.998933333333333,0.45,0.3275862068965517,0.37755102040816324,0.7872340425531915,0.5145837179250508,0.4744897959183674,0.3413874926645064,0.08726048018778863,0.030617712346592503,0.013777970555966626,0.5918367346938775,0.23979591836734693,0.15355591559717297,0.12231375500727171,0.6309417498022606,17.385826550659555,9.130403388360165,0.024736202893373818,0.0763987191590335,0.05049432296583573,110.07835838032302,110.17272727272727,-0.09097032633378394,0.045924935575230266,28.8,48.4,47.3,18.1,53.8,Guard,Guard,76,195.0,1999-05-04,47.5
1630692,Jordan,Goodwin,99,2114.3333333333335,770,292,699,138,370,48,67,154,329,193,94,136,25,176,277,453,333.5815333333333,268.24331666666666,2418.9855000000002,40379.488333333335,18790.303333333333,158.69173333333333,284.78001666666665,218.52303333333333,238362.00166666668,234130.74,4233.048333333332,189.93463333333332,0.46808510638297873,0.372972972972973,0.4177396280400572,0.7164179104477612,0.5284976938282451,0.5164520743919886,0.3641809869147091,0.0912817278890115,0.06432287561090966,0.011824058016711334,0.5293276108726752,0.09585121602288985,0.15777149613747435,0.1268689815544695,1.144088995743339,19.09797650953807,8.887105470597508,0.07505521046823269,0.1346902175626675,0.10335316096484312,112.73624546744442,110.73501813022229,2.0020723632350617,0.0898319249566451,22.5,56.5,57.9,72.2,65.9,Guard,Guard,75,215.0,1998-10-23,58.4
1630695,Micah,Potter,85,1613.4833333333333,620,208,428,102,266,102,121,106,162,100,78,36,29,101,296,397,229.7935,135.4596,1099.301,22923.516666666666,20174.968333333334,90.897,285.3245333333333,187.86346666666668,175231.76166666666,186615.57833333334,-11379.678333333333,153.88316666666668,0.654320987654321,0.38345864661654133,0.48598130841121495,0.8429752066115702,0.6441692294904829,0.6051401869158879,0.3842617938414817,0.06197770868410995,0.022311975126279582,0.017973535518391884,0.6214953271028038,0.2827102803738318,0.1424207460050202,0.0839547562726606,0.6813215713415075,14.207470379820057,12.503983100744765,0.056335877862595425,0.1768376080736295,0.11643347209453667,108.60463076780051,115.66005949860033,-7.052863886622111,0.09537326075055005,75.6,82.7,28.1,78.3,32.0,Center,Big,81,248.0,1998-04-06,33.2
1630696,Dru,Smith,84,1409.55,482,166,386,54,159,96,117,112,227,203,72,121,27,74,135,209,197.48883333333333,285.5149666666667,2143.631,38284.40666666667,14873.545,63.43678333333333,121.28975,92.06013333333333,151221.13333333333,153276.965,-2047.0016666666666,128.7753,0.4933920704845815,0.33962264150943394,0.43005181347150256,0.8205128205128205,0.5508823260491909,0.5,0.3419531056010784,0.14401759426767408,0.08584299953885992,0.019155049483877834,0.4119170984455959,0.30310880829015546,0.14010771759308527,0.20255753018102707,1.5207910325990563,27.16072978373713,10.551981128729027,0.045004989772149506,0.08604856159767302,0.06531171887008856,107.28327007437362,108.7417721968004,-1.452237711799274,0.0913591571778227,42.7,48.7,73.2,39.1,79.7,Guard,Guard,74,203.0,1997-12-30,39.2
1630699,MarJon,Beauchamp,49,352.4,174,60,141,26,76,28,39,34,65,26,28,13,5,18,58,76,74.43126666666666,41.38628333333334,109.08966666666667,4677.0233333333335,3934.71,15.582066666666666,56.26785,37.047000000000004,36028.418333333335,36242.065,-213.54499999999985,41.7678,0.5230769230769231,0.34210526315789475,0.425531914893617,0.717948717948718,0.5500758725341427,0.5177304964539007,0.49375709421112374,0.07377979568671963,0.03688989784335982,0.014188422247446085,0.5390070921985816,0.2765957446808511,0.2112124479757851,0.11744121263715478,0.3095620506999622,13.271916382898223,11.165465380249717,0.04421698827090428,0.15967040295119184,0.10512769580022703,102.23728244419222,102.84354426787742,-0.6059733257661744,0.11852383654937572,54.9,50.6,31.9,69.9,70.1,Forward,Forward,79,199.0,2000-10-12,22.7
1630700,Dyson,Daniels,152,5090.766666666666,1974,857,1700,102,352,158,262,755,1348,782,290,378,86,308,661,969,851.7989166666666,1025.7272833333334,14264.565,136130.37166666667,50879.25666666667,290.88495,659.5657333333334,471.81943333333334,586562.3516666667,572426.8416666667,14152.025,522.09665,0.5600890207715133,0.2897727272727273,0.5041176470588236,0.6030534351145038,0.5437177735666123,0.5341176470588235,0.38776084807134487,0.15361144032005658,0.07425207729025753,0.016893329753868116,0.20705882352941177,0.15411764705882353,0.16732232538648403,0.2014877818010385,2.8020465155870435,26.74064253583285,9.994419308159218,0.0571397137300865,0.1295611793901377,0.0926814101346883,115.2208282315041,112.44413251442154,2.7799398256975048,0.10255756827720774,47.2,22.5,79.4,65.1,66.0,Guard,Guard,79,199.0,2003-03-17,75.6
1630702,Jaden,Hardy,114,1805.5,1019,362,843,180,459,115,161,182,384,139,144,44,11,24,151,175,435.6842,205.17115,1321.4056666666665,20755.16,21787.8,23.75125,146.17675,86.06071666666666,199422.24666666667,205931.66333333333,-6501.016666666666,112.84278333333333,0.4739583333333333,0.39215686274509803,0.4294187425860024,0.7142857142857143,0.557537424494441,0.5361803084223014,0.5643865965106619,0.07698698421489893,0.024369980614788147,0.006092495153697037,0.5444839857651246,0.19098457888493475,0.24130944336748822,0.11363674882304071,0.7318779654758607,11.495519246746055,12.0674605372473,0.01315494322902243,0.08096192190528939,0.047665863565032766,110.45264285054925,114.0579691682821,-3.600673866888212,0.06249946459891073,42.3,65.0,34.3,11.5,26.7,Guard,Guard,75,198.0,2002-07-05,40.3
1630703,Scoot,Henderson,96,2506.95,1264,430,1027,162,459,242,306,268,568,447,250,95,22,70,208,278,570.9905,652.9514833333333,4980.574833333333,60191.823333333334,33462.931666666664,65.82736666666666,202.4053,132.72601666666668,282264.61333333334,281904.7216666667,344.2933333333339,212.74793333333332,0.47183098591549294,0.35294117647058826,0.4186952288218111,0.7908496732026143,0.5440584001928308,0.49756572541382665,0.5041983286463632,0.17830431400706037,0.037894652865035204,0.008775603821376574,0.4469328140214216,0.29795520934761444,0.22776301880771457,0.26045652419606824,1.9867068881841814,24.009981584528347,13.348065045839233,0.026257949566870765,0.08073766927940326,0.05294322450254959,112.59283724579005,112.44927966918634,0.13733554053065836,0.08486325348863492,47.1,51.1,75.6,21.7,48.1,Guard,Guard,75,207.0,2004-02-03,52.1
1630762,Phillip,Wheeler,5,44.4,8,3,21,0,10,2,2,3,11,2,1,1,2,2,6,8,9.95415,2.5829333333333335,0.0,281.49333333333334,153.33333333333334,1.6328,4.884316666666667,3.353066666666667,4877.401666666667,4257.391666666667,621.2866666666666,-1.0264499999999996,0.2727272727272727,0.0,0.14285714285714285,1.0,0.18281535648994515,0.14285714285714285,0.1801801801801802,0.04504504504504505,0.022522522522522525,0.04504504504504505,0.47619047619047616,0.09523809523809523,0.22419256756756759,0.05817417417417418,0.0,6.33993993993994,3.4534534534534536,0.036774774774774775,0.11000713213213215,0.07551951951951953,109.85138888888889,95.88719969969972,13.992942942942943,-0.023118243243243235,4.8,30.4,19.1,47.0,71.3,Forward,Forward,80,185.0,2002-04-23,33.2
1630811,Keaton,Wallace,84,1037.1833333333334,354,133,333,65,184,23,29,68,149,175,61,52,14,10,96,106,168.47376666666668,254.35658333333333,2142.8424999999997,30929.026666666665,11948.366666666667,9.2294,90.2093,49.56741666666667,108029.76333333334,113930.38,-5885.6483333333335,74.70926666666666,0.4563758389261745,0.3532608695652174,0.3993993993993994,0.7931034482758621,0.5119157797316057,0.496996996996997,0.3413089939097877,0.1687261975542736,0.05013578441612701,0.013498095804341886,0.5525525525525525,0.08708708708708708,0.16243393164178624,0.24523782359274315,2.0660209541868197,29.820211791550832,11.520014140862271,0.008898523244042358,0.08697526956018704,0.04779040992431424,104.15686394240812,109.84594173321977,-5.674646076714177,0.07203091706705661,18.3,54.5,79.3,11.7,68.8,Guard,Guard,75,185.0,1999-02-26,25.7
1630828,Alex,Antetokounmpo,6,20.633333333333333,19,3,8,2,7,11,15,1,1,1,1,0,1,2,4,6,6.38955,0.95,0.0,47.5,84.33333333333334,1.5812499999999998,2.5761,2.295466666666667,2149.3533333333335,1809.75,339.60333333333335,3.20605,1.0,0.2857142857142857,0.375,0.7333333333333333,0.6506849315068494,0.5,0.9208400646203554,0.048465266558966075,0.0,0.048465266558966075,0.875,1.875,0.3096712439418417,0.04604200323101777,0.0,2.3021001615508885,4.08723747980614,0.0766357027463651,0.1248513731825525,0.11125040387722135,104.16898222940227,87.71001615508885,16.45896607431341,0.15538206785137318,98.8,57.8,17.3,73.3,67.4,Forward,Forward,80,214.0,2001-08-27,45.4
1630846,Olivier,Sarr,4,39.349999999999994,14,5,7,2,3,2,5,3,4,5,2,2,3,2,9,11,4.243116666666666,5.0767500000000005,24.15,1170.78,439.53,2.29425,8.32845,6.1930499999999995,5279.753333333334,4181.696666666667,1099.0316666666668,3.335633333333333,0.75,0.6666666666666666,0.7142857142857143,0.4,0.7608695652173914,0.8571428571428571,0.3557814485387548,0.12706480304955528,0.050825921219822115,0.07623888182973318,0.42857142857142855,0.7142857142857143,0.1078301567132571,0.12901524777636597,0.613722998729352,29.752986022871667,11.169758576874207,0.05830368487928844,0.21165057179161376,0.15738373570520967,134.17416349004662,106.26929267259638,27.9296484540449,0.08476831850910631,86.0,71.7,52.3,86.4,91.1,Center,Big,82,240.0,1999-02-20,32.9
1631093,Jaden,Ivey,67,1568.3,844,304,669,113,288,123,163,191,381,187,130,51,25,64,151,215,359.8193166666667,284.05038333333334,2400.438166666667,27581.37,18849.015,61.171683333333334,149.21318333333335,104.75541666666666,173101.82,175370.31,-2261.6449999999995,151.71975,0.5013123359580053,0.3923611111111111,0.45440956651718983,0.754601226993865,0.5697159520466573,0.5388639760837071,0.538162341388765,0.11923739080533062,0.0325192884014538,0.015940827647771473,0.4304932735426009,0.2436472346786248,0.22943270845288954,0.1811199281600034,1.5305988437586346,17.586794618376587,12.018755977810368,0.039005090437628856,0.09514326553167975,0.06679552169015282,110.37545112542244,111.82191544985015,-1.4420997258177641,0.09674153542051904,52.1,62.6,61.2,40.2,52.2,Guard,Guard,75,195.0,2002-02-13,37.5
1631094,Paolo,Banchero,118,4083.2166666666667,2790,941,2063,171,547,737,975,770,1516,592,358,87,68,136,813,949,1210.5110166666666,1014.0890166666667,8229.244333333334,70439.30666666667,42354.31333333333,130.09073333333333,822.5040166666666,469.2876,458232.715,459552.25,-1328.8766666666659,594.7171166666667,0.5079155672823219,0.3126142595978062,0.4561318468250121,0.7558974358974359,0.5597913322632424,0.4975763451284537,0.6832848285461217,0.14498373422914124,0.021306731212728528,0.016653537039833792,0.2651478429471643,0.4726126999515269,0.2964601478409587,0.24835542648157294,2.0153827252207206,17.250935332846247,10.37278126313813,0.03185986538390893,0.20143531039662357,0.11493085924903977,112.22346311935443,112.54662378108762,-0.3254484822015321,0.1456491695681101,64.4,33.8,73.2,70.5,40.0,Forward,Forward,82,250.0,2002-11-12,94.2
1631095,Jabari,Smith Jr.,134,4420.95,1913,686,1540,275,765,266,335,411,775,203,166,81,112,213,715,928,759.29985,277.0844666666667,3229.771,42651.613333333335,34576.60166666667,196.49358333333333,689.6741666666667,443.06239999999997,510703.1383333333,485912.18666666665,24777.875,411.23566666666665,0.5303225806451612,0.35947712418300654,0.44545454545454544,0.7940298507462686,0.5668484058314567,0.5347402597402597,0.4327124260622717,0.045917732614030926,0.018321853900179826,0.025333921442223958,0.4967532467532468,0.21753246753246752,0.17175038170528958,0.06267532242315943,0.7305603999140456,9.647612692596237,7.821079556807173,0.044446008964890656,0.1560013496345054,0.1002188217464572,115.5188677395884,109.91126040029104,5.60464945317183,0.0930197506569101,50.5,59.9,27.7,67.8,53.5,Forward,Forward,83,220.0,2003-05-13,75.3
1631096,Chet,Holmgren,101,2873.8166666666666,1660,601,1120,132,359,326,418,469,761,178,163,66,202,178,694,872,616.1661333333334,249.63458333333332,2479.5185,30781.058333333334,27603.673333333332,178.64153333333334,621.0193333333333,413.1461,343286.8,297617.455,45656.325,420.29398333333336,0.6162943495400789,0.36768802228412256,0.5366071428571428,0.7799043062200957,0.636542119148414,0.5955357142857143,0.577629053117515,0.061938537021034745,0.022965974401057826,0.07028980043960123,0.3205357142857143,0.3732142857142857,0.2144069037110927,0.08686517349169803,0.8627963393628683,10.710863601830319,9.605231138613574,0.06216177093180382,0.21609566836205046,0.1437621629772254,119.45327062153117,103.56174019451485,15.886999866611765,0.1462494070023024,86.5,60.8,33.4,86.6,72.1,Center-Forward,Big,85,208.0,2002-05-01,49.5
1631097,Bennedict,Mathurin,126,3769.35,2105,682,1530,173,526,568,668,509,1004,265,253,90,37,142,534,676,875.89825,391.4759833333333,3813.1518333333333,42495.265,41579.36666666667,144.54796666666667,517.9931,332.93295,425306.95,428094.9166666667,-2783.298333333333,366.09948333333335,0.5069721115537849,0.3288973384030418,0.44575163398692813,0.8502994011976048,0.5770538181499189,0.5022875816993464,0.5584517224455144,0.0703038985501479,0.023876795734012496,0.009816016023982915,0.3437908496732026,0.4366013071895425,0.232373817766989,0.10385768987579644,1.0116205269697252,11.273897356308117,11.030911607217869,0.03834824748740941,0.1374223937814212,0.0883263560030244,112.83296854895407,113.57260977799002,-0.7384027307979714,0.09712536202086125,63.9,47.3,37.7,58.3,32.1,Guard-Forward,Wing,77,210.0,2002-06-19,29.2
1631098,Johnny,Davis,34,241.66666666666666,80,32,78,7,29,9,15,25,49,11,7,15,6,10,28,38,36.17661666666667,16.6323,21.5,2420.1949999999997,1374.8083333333332,9.775233333333333,25.237833333333334,16.679433333333332,25448.52666666667,25934.04333333333,-483.34833333333324,13.5735,0.5102040816326531,0.2413793103448276,0.41025641025641024,0.6,0.4728132387706856,0.4551282051282051,0.3310344827586207,0.04551724137931035,0.06206896551724138,0.024827586206896554,0.3717948717948718,0.19230769230769232,0.14969634482758623,0.0688233103448276,0.08896551724137931,10.0146,5.688862068965517,0.040449241379310344,0.10443241379310346,0.0690183448275862,105.30424827586208,107.31328275862069,-2.000062068965517,0.056166206896551725,32.4,18.8,22.6,43.9,83.8,Guard,Guard,76,195.0,2002-02-27,47.5
1631099,Keegan,Murray,99,3403.2166666666667,1263,490,1120,185,561,98,121,305,559,147,87,85,105,179,460,639,531.0286333333333,198.91878333333332,2737.094666666667,35096.23166666667,20880.261666666665,176.24831666666668,445.51731666666666,312.5389666666667,385447.54333333333,389854.235,-4412.621666666666,257.62845,0.5456171735241503,0.32976827094474154,0.4375,0.8099173553719008,0.5382530428556817,0.5200892857142857,0.3711194800997096,0.04319442880020373,0.024976370394675627,0.03085316342871695,0.5008928571428571,0.10803571428571429,0.15603726866249087,0.05845022601166543,0.8042669435289164,10.312664488988359,6.135448815581337,0.051788743982408805,0.13091065315657247,0.09183634110865702,113.25977188248373,114.55463262697545,-1.296603213626324,0.07570145401654317,39.3,47.9,30.8,64.0,44.3,Forward,Forward,80,225.0,2000-08-19,59.8
1631101,Shaedon,Sharpe,122,3723.6666666666665,2377,891,1972,250,778,345,439,641,1194,330,297,132,22,119,422,541,992.5122,529.4863666666666,5089.216166666667,43978.78333333333,39347.09333333333,108.93158333333334,408.9259666666667,257.22025,416734.96166666667,425415.615,-8688.335000000001,385.67293333333333,0.5368509212730318,0.3213367609254499,0.45182555780933065,0.785876993166287,0.5489201721812708,0.5152129817444219,0.6383492972876198,0.08862232566466745,0.03544893026586698,0.005908155044311163,0.3945233265720081,0.22261663286004058,0.26654163458956226,0.14219488855071166,1.3667217348491632,11.810612299704593,10.566760361650703,0.02925384925252887,0.10981809148688569,0.06907714170620358,111.91521663235163,114.2464278041357,-2.333274102587056,0.10357343120580075,57.0,40.5,49.9,39.4,36.4,Guard,Guard,77,210.0,2003-05-30,77.0
1631102,TyTy,Washington Jr.,32,206.48333333333335,56,23,64,7,29,3,6,16,35,33,6,9,3,5,14,19,32.617583333333336,44.82786666666667,113.54166666666667,6450.883333333333,863.52,4.793566666666667,14.82745,8.871183333333333,22182.218333333334,23317.18,-1132.5550000000003,14.543533333333334,0.45714285714285713,0.2413793103448276,0.359375,0.5,0.42016806722689076,0.4140625,0.2712083299701348,0.15981919444668657,0.043587053030914515,0.014529017676971507,0.453125,0.09375,0.15796714827669708,0.21710162240697395,0.5498829606909355,31.241665994026956,4.182032448139478,0.023215271611913793,0.07180942771813706,0.042963193155218335,107.42861409314715,112.92524013237549,-5.484970538380822,0.07043441762854145,13.0,20.6,72.7,12.5,55.7,Guard,Guard,75,195.0,2001-11-15,37.5
1631103,Malaki,Branham,75,702.0666666666666,363,130,281,48,121,55,67,82,160,61,49,21,5,19,76,95,148.67265,95.36013333333334,572.7153333333333,9194.543333333333,7735.416666666666,16.45113333333333,70.86438333333334,44.21398333333333,73300.92666666667,77905.76666666666,-4605.3516666666665,61.496716666666664,0.5125,0.39669421487603307,0.4626334519572954,0.8208955223880597,0.5845787168255604,0.5480427046263345,0.5170449150128194,0.08688633558066661,0.029911689298262274,0.007121830785300542,0.4306049822064057,0.23843416370106763,0.21176429114044254,0.13582774665273956,0.815756338429399,13.096396353622639,11.018065710758712,0.02343243756528345,0.1009368293609344,0.06297690152881968,104.40735922514482,110.96633747982149,-6.559707055360365,0.08759384199031431,54.5,69.8,43.6,31.0,42.9,Forward,Forward,76,180.0,2003-05-12,0.8
1631104,Blake,Wesley,89,1043.9666666666667,365,137,310,27,94,64,108,110,216,176,85,53,11,25,75,100,182.13183333333333,238.41421666666668,1637.0071666666668,28092.521666666667,15508.911666666667,22.662666666666667,74.44068333333334,47.96175,113253.58833333333,116062.10666666667,-2822.91,64.60438333333333,0.5092592592592593,0.2872340425531915,0.44193548387096776,0.5925925925925926,0.5104609532333856,0.4854838709677419,0.34962802132890575,0.16858775822982852,0.050767904466937,0.010536734889364283,0.3032258064516129,0.34838709677419355,0.17446134934065582,0.22837339953382932,1.568064593377822,26.90940483412625,14.855753695839587,0.021708228232063604,0.07130561320604106,0.04594184041636068,108.48391232159392,111.17414987707143,-2.704023116957757,0.06188356907947252,45.7,21.2,71.1,12.5,61.1,Guard,Guard,76,190.0,2003-03-16,41.5
1631105,Jalen,Duren,148,4009.4333333333334,2283,900,1349,0,0,483,672,900,1349,347,266,111,148,542,1002,1544,782.0945333333333,488.1695666666667,5174.010833333334,62820.65,48702.03,528.2165666666667,985.95005,760.6344666666666,472404.675,446104.64166666666,26292.143333333333,639.6012,0.6671608598962194,,0.6671608598962194,0.71875,0.694055986574896,0.6671608598962194,0.5694071481422978,0.08654589592876799,0.027684710225052585,0.036912946966736776,0.0,0.4981467753891772,0.19506360832370326,0.12175525219690231,1.2904593749740196,15.668211634229277,12.146861152448809,0.13174344670485438,0.24590758045609107,0.18971121438607283,117.82330212914543,111.26376337470798,6.557570895305238,0.1595240890233865,93.1,41.3,47.1,97.5,59.4,Center,Big,82,250.0,2003-11-18,47.6
1631106,Tari,Eason,117,2969.35,1313,513,1139,156,444,131,171,357,695,173,146,169,78,252,486,738,541.9772833333334,242.5326,2303.4018333333333,32977.81333333333,28139.203333333335,230.72645,471.60193333333336,345.99426666666665,342824.56833333336,325523.7783333333,17298.635,291.93033333333335,0.5136690647482014,0.35135135135135137,0.4503950834064969,0.7660818713450293,0.5406674133614442,0.5188762071992976,0.44218431643288936,0.05826190917204102,0.05691481300621348,0.026268375233636992,0.38981562774363476,0.15013169446883232,0.18252388008598966,0.081678683887046,0.7757259445108639,11.106071474677398,9.476553229943704,0.07770267903749979,0.1588232890475469,0.11652188750624434,115.45441538832854,109.62795841963168,5.825731220637513,0.09831455818052212,40.2,46.1,31.2,80.0,79.3,Forward,Forward,80,215.0,2001-05-10,47.3
1631107,Nikola,Jović,93,1963.7166666666667,838,287,691,123,377,141,188,164,314,233,125,64,30,51,282,333,369.0366333333333,343.6517,3167.764166666667,39012.45333333333,21066.591666666667,49.766333333333336,258.4051333333333,155.37203333333335,215047.26166666666,217328.94833333333,-2279.4950000000013,173.38175,0.5222929936305732,0.32625994694960214,0.4153400868306802,0.75,0.5415395750400661,0.5043415340086831,0.4267418076266943,0.1186525551038422,0.03259125977101245,0.015277153017662085,0.5455861070911722,0.27206946454413894,0.18792763721853967,0.17500065352265687,1.613147263267783,19.866640638924487,10.727918148409055,0.025342929648710353,0.1315898254160902,0.07912141092995426,109.51033075036283,110.67225329519704,-1.1608064639331885,0.08829265084066779,50.2,46.4,65.8,47.3,56.1,Forward,Forward,82,205.0,2003-06-09,57.4
1631108,Max,Christie,155,4371.7,1694,572,1315,295,760,255,291,277,555,297,184,111,58,53,454,507,681.2435666666667,421.11920000000003,4947.818333333334,67184.065,41860.42166666667,52.87571666666667,438.9732833333333,247.73133333333334,482809.18833333335,502081.7266666667,-19289.298333333332,325.37078333333335,0.4990990990990991,0.3881578947368421,0.43498098859315587,0.8762886597938144,0.5869553165539417,0.5471482889733841,0.3874922798911179,0.06793695816272846,0.02539058032344397,0.013267150078916668,0.5779467680608364,0.22129277566539923,0.15583035584936447,0.09632847633643664,1.1317835929577358,15.367949539080907,9.575318907213823,0.01209500118184383,0.10041249018307143,0.056667047906611465,110.43968898445304,114.84816585462559,-4.412310619057422,0.07442660368582779,43.1,78.6,44.7,21.7,32.7,Guard,Guard,77,190.0,2003-02-10,53.7
1631109,Mark,Williams,104,2587.15,1371,552,885,1,5,266,338,551,880,167,136,87,109,317,607,924,480.27315,273.88458333333335,2210.2413333333334,31822.75,27255.701666666668,289.46935,588.7416166666667,436.2105833333333,282658.30333333334,300386.29,-17718.576666666668,385.1053333333333,0.6261363636363636,0.2,0.6237288135593221,0.7869822485207101,0.663138954455752,0.6242937853107344,0.5299267533772684,0.06454979417505749,0.033627737085209594,0.042131302784917765,0.005649717514124294,0.38192090395480227,0.18563792203776355,0.10586343402328173,0.854315108645936,12.300311153199466,10.535029537006617,0.11188734708076455,0.2275637735217002,0.16860660701286484,109.25470240741099,116.10702510484509,-6.84868549046892,0.14885311378672797,87.2,32.8,38.5,94.1,50.2,Center,Big,85,240.0,2001-12-16,63.5
1631110,Jeremy,Sochan,98,1832.5333333333333,775,315,598,39,136,106,151,276,462,168,105,62,34,164,295,459,315.77105,250.67508333333333,2254.9138333333335,33044.24,19363.153333333332,150.9119,276.24333333333334,216.61171666666667,203327.435,208311.315,-4979.078333333333,174.42551666666668,0.5974025974025974,0.2867647058823529,0.5267558528428093,0.7019867549668874,0.5831978809222804,0.5593645484949833,0.42291181606519207,0.09167636786961583,0.03383294528521537,0.018553550640279394,0.22742474916387959,0.2525083612040134,0.1723139460855646,0.13679155449650757,1.2304899410651922,18.03199941792782,10.566330762514552,0.08235151702561118,0.15074396100116416,0.11820342513096624,110.95429005384167,113.67395681752038,-2.717046529394645,0.09518272518917346,67.1,30.3,55.3,80.0,50.1,Forward,Forward,80,230.0,2003-05-20,64.6
1631111,Wendell,Moore Jr.,42,558.4666666666667,160,63,133,14,42,20,24,49,91,46,28,22,7,31,70,101,70.35518333333333,65.81543333333333,358.9551666666667,11962.588333333333,7181.425,27.522516666666668,72.31296666666667,49.40821666666667,57751.68666666667,61641.846666666665,-3891.308333333333,47.557116666666666,0.5384615384615384,0.3333333333333333,0.47368421052631576,0.8333333333333334,0.5572582892170521,0.5263157894736842,0.28649874656798374,0.08236838963829533,0.03939357765309776,0.012534320162349288,0.3157894736842105,0.18045112781954886,0.12597919899725438,0.11785024471767935,0.6427512832756357,21.420416020054912,12.859182881699892,0.049282290796227764,0.12948483944132744,0.08847120090724603,103.41116151366838,110.37694878834904,-6.967843500059686,0.08515658947117105,39.4,44.4,43.7,61.3,60.1,Guard,Guard,77,215.0,2001-09-18,80.6
1631113,Kennedy,Chandler,11,355.23333333333335,165,61,137,15,38,28,43,46,99,74,23,11,2,6,31,37,69.56700000000001,93.897,977.6801666666667,10377.406666666666,3093.1783333333333,5.5767500000000005,31.196183333333334,17.6843,40251.79666666666,43729.191666666666,-3467.93,27.42523333333333,0.46464646464646464,0.39473684210526316,0.44525547445255476,0.6511627906976745,0.5291174961518726,0.5,0.4644834381157924,0.20831378436708267,0.030965562541052826,0.0056301022801914236,0.2773722627737226,0.31386861313868614,0.1958346626630384,0.26432485690156704,2.752219667823965,29.212930468236838,8.707455193769354,0.01569883644552876,0.08781885145913484,0.0497822088767946,113.31086609740075,123.09991085671389,-9.762400300272121,0.07720343436239091,44.3,47.6,88.4,15.9,18.7,Guard,Guard,72,170.0,2002-09-16,3.5
1631114,Jalen,Williams,102,3172.633333333333,2053,781,1614,147,417,344,428,634,1197,535,213,150,55,86,435,521,839.3685166666667,781.6880666666667,7927.864166666666,66266.84,26551.773333333334,81.52546666666666,409.9463833333333,249.30803333333333,371275.3566666667,338267.13666666666,33016.753333333334,431.9895333333333,0.529657477025898,0.35251798561151076,0.4838909541511772,0.8037383177570093,0.5695436992321009,0.5294299876084263,0.6470965233927652,0.16862963468832412,0.047279336828502085,0.01733575683711743,0.258364312267658,0.265179677819083,0.26456524548482335,0.24638462265835953,2.4988277351096353,20.887014992803035,8.369001565471375,0.025696466657561014,0.12921328759495265,0.07858078988012061,117.02435095977054,106.62030594984188,10.406734678868238,0.13616119101902732,61.4,47.7,82.7,46.6,77.1,Guard-Forward,Wing,77,211.0,2001-04-14,32.3
1631115,Orlando,Robinson,48,794.6333333333333,310,119,266,18,54,54,70,101,212,80,49,18,16,91,133,224,138.47106666666667,123.91151666666667,887.2468333333334,14205.148333333333,9766.56,76.85175,128.08128333333335,101.30175,83663.085,88035.63166666667,-4365.66,69.11863333333334,0.47641509433962265,0.3333333333333333,0.4473684210526316,0.7714285714285715,0.5222371967654986,0.48120300751879697,0.39011703511053314,0.10067536389949243,0.022651956877385797,0.020135072779898486,0.20300751879699247,0.2631578947368421,0.1742578128277193,0.1559354628969336,1.1165487226813207,17.87635597130752,12.290649775577835,0.09671347371953522,0.1611828726037166,0.12748238181131757,105.28514409161458,110.78774067704182,-5.493930114518227,0.08698179453836151,37.2,33.9,53.6,84.3,50.1,Center,Big,82,235.0,2000-07-10,27.6
1631116,Patrick,Baldwin Jr.,33,209.21666666666667,86,30,62,19,37,7,11,11,25,8,10,6,7,17,31,48,30.6514,13.3412,49.04166666666667,1830.715,2354.3033333333333,14.951283333333333,30.494066666666665,22.639116666666666,22502.445,23183.835,-680.7866666666666,16.877716666666668,0.44,0.5135135135135135,0.4838709677419355,0.6363636363636364,0.6433273488928785,0.6370967741935484,0.4110571178204413,0.03823787142515733,0.028678403568868,0.033458137497012666,0.5967741935483871,0.1774193548387097,0.14650553652513343,0.06376738628216364,0.23440611805942804,8.750330598263362,11.252943519477416,0.07146315621763721,0.145753525053772,0.10820895403489206,107.55569983270931,110.8125627340078,-3.2539791284951805,0.08067099498127939,37.5,80.5,12.7,75.4,61.2,Forward,Forward,84,220.0,2002-11-18,76.8
1631117,Walker,Kessler,63,1894.3,713,304,456,12,42,93,172,292,414,112,102,43,147,289,472,761,256.55913333333336,167.95953333333333,1698.3963333333334,28792.72666666667,28027.928333333333,271.72426666666667,437.39226666666667,354.56775,208344.90166666667,223590.92333333334,-15235.933333333332,244.94681666666668,0.7053140096618358,0.2857142857142857,0.6666666666666666,0.5406976744186046,0.67051609990972,0.6798245614035088,0.37639233489943513,0.05912474264899963,0.02269967798131236,0.07760122472681202,0.09210526315789473,0.37719298245614036,0.13543743511235462,0.08866575164088757,0.8965825546815887,15.199665663657642,14.795929015115522,0.14344310123352513,0.23089915360115434,0.18717613366415034,109.98516690422144,118.03353393513875,-8.043041404916504,0.12930729909025324,82.6,32.0,32.7,97.4,40.5,Center,Big,86,245.0,2001-07-26,74.5
1631119,Jaylin,Williams,112,2061.4333333333334,747,246,573,159,409,96,122,87,164,278,102,53,71,80,540,620,305.38121666666666,368.52575,2692.7143333333333,55962.35333333333,19885.45333333333,75.6342,488.23173333333335,292.53721666666667,241428.69333333333,212945.86666666667,28482.261666666665,241.46813333333333,0.5304878048780488,0.38875305623471884,0.4293193717277487,0.7868852459016393,0.5959979574902662,0.5680628272251309,0.3623692252963149,0.13485762333651344,0.02571026631955112,0.0344420548809081,0.7137870855148342,0.21291448516579406,0.14814023414129326,0.17877160713419465,1.3062340119334444,27.14730203903433,9.646420775188783,0.03669010235596592,0.2368409035784163,0.14190961790340054,117.11690571285351,103.29990459712498,13.816727034587585,0.11713603803179017,48.7,78.6,70.9,79.1,70.8,Forward,Forward,81,240.0,2002-06-29,83.4
1631120,JD,Davison,44,311.3333333333333,102,36,98,12,50,18,26,24,48,48,20,11,7,5,42,47,54.75298333333333,74.26386666666667,140.112,8231.293333333333,3280.6816666666664,4.629833333333334,40.060649999999995,22.12128333333333,32329.106666666667,32962.89833333333,-630.6183333333335,30.439700000000002,0.5,0.24,0.3673469387755102,0.6923076923076923,0.4660087719298246,0.42857142857142855,0.3276231263383298,0.15417558886509636,0.035331905781584586,0.022483940042826552,0.5102040816326531,0.2653061224489796,0.17586611349036405,0.23853490364025698,0.45003854389721626,26.438843683083512,10.537521413276231,0.01487098501070664,0.1286744646680942,0.07105337259100641,103.8408137044968,105.8765471092077,-2.02554068522484,0.09777205567451822,35.7,27.5,63.1,36.4,73.2,Guard,Guard,73,195.0,2002-10-03,25.1
1631121,Bryce,McGowens,55,911.95,353,118,251,38,97,79,101,80,154,64,21,28,8,14,77,91,127.65066666666667,84.70693333333334,454.275,14986.503333333334,4658.59,11.58505,72.56935,42.324983333333336,104307.325,107988.39,-3677.8716666666664,57.7368,0.5194805194805194,0.3917525773195876,0.4701195219123506,0.7821782178217822,0.5974140265366911,0.545816733067729,0.38708262514392233,0.07017928614507374,0.03070343768846976,0.008772410768134217,0.38645418326693226,0.40239043824701193,0.1399755103532723,0.09288550176362008,0.4981358627117714,16.433470402251587,5.108383135040298,0.012703602171171665,0.0795760184220626,0.04641151744430433,114.37833762815943,118.41481440868468,-4.0329751265603,0.06331136575470146,59.6,65.9,42.0,10.2,25.2,Guard,Guard,78,190.0,2002-11-08,62.3
1631123,Jamaree,Bouyea,51,705.7833333333333,280,114,248,24,83,28,41,90,165,92,38,33,18,19,68,87,127.81555,141.25143333333332,970.7825,16135.186666666666,6544.171666666667,16.860733333333332,65.8887,42.40266666666667,75402.395,74695.69,701.3766666666666,68.3463,0.5454545454545454,0.2891566265060241,0.4596774193548387,0.6829268292682927,0.5262366561419335,0.5080645161290323,0.39672231799182944,0.13035161876874396,0.0467565589061799,0.025503577585189036,0.3346774193548387,0.16532258064516128,0.1810974331121449,0.20013427161310127,1.3754681559496542,22.8613880558245,9.27221054620162,0.023889390039436086,0.09335542069095804,0.06007887217512457,106.83504616619832,105.83374028856826,0.9937563463763666,0.09683750915058918,43.7,25.6,72.2,28.0,82.6,Guard,Guard,74,180.0,1999-06-27,15.2
1631124,Julian,Strawther,122,2244.1666666666665,1001,359,805,152,419,131,160,207,386,144,93,64,22,29,227,256,401.01555,215.2663,1787.543,27296.646666666667,18619.82,29.578133333333334,211.06173333333334,124.85605,254207.79333333333,256377.75666666665,-2173.84,145.54371666666668,0.5362694300518135,0.3627684964200477,0.44596273291925465,0.81875,0.5717386337674206,0.5403726708074534,0.4460453026364649,0.06416635722242853,0.02851838098774601,0.009803193464537691,0.5204968944099378,0.19875776397515527,0.17869240995172672,0.09592259933160045,0.7965286297809134,12.163377645748238,8.296986260675826,0.013180007426661717,0.09404904567396956,0.055635818789454144,113.27491719272189,114.24185220943187,-0.968662458225028,0.06485423691050873,51.7,64.6,39.7,20.0,33.9,Guard,Guard,78,205.0,2002-04-18,79.6
1631126,Caleb,Love,49,1012.6166666666667,509,190,490,93,292,36,49,97,198,123,62,27,4,25,89,114,231.12295,190.19081666666668,1510.2913333333333,17065.925,9196.356666666667,23.123533333333334,80.48623333333333,52.6936,109846.03666666667,116077.45166666668,-6228.653333333334,77.23848333333333,0.4898989898989899,0.3184931506849315,0.3877551020408163,0.7346938775510204,0.4974978497145985,0.4826530612244898,0.5026581299274158,0.12146748522803957,0.026663594318350147,0.003950162121237059,0.5959183673469388,0.1,0.2282432806096417,0.18782113995095218,1.4914739042414866,16.85329262471814,9.081774939513142,0.02283542637062396,0.07948341754859523,0.052037065687904276,108.47741330217094,114.63118817584805,-6.15104761591257,0.07627613279128331,32.6,42.7,66.7,18.3,24.8,Guard,Guard,75,212.0,2001-09-27,56.3
1631127,Harrison,Ingram,12,60.86666666666667,15,7,10,1,2,0,0,6,8,4,2,3,0,5,7,12,4.830183333333333,4.8959,4.133333333333334,1431.6666666666667,364.1666666666667,6.235533333333333,6.4541666666666675,6.35205,7268.073333333334,6250.463333333333,1017.925,6.299333333333333,0.75,0.5,0.7,,0.75,0.75,0.24644030668127054,0.06571741511500548,0.04928806133625411,0.0,0.2,0.0,0.07935679079956189,0.08043647316538884,0.06790799561883899,23.521358159912378,5.98302300109529,0.10244578313253011,0.10603778751369114,0.10436007667031763,119.40974808324206,102.69107338444688,16.723849945235486,0.10349397590361445,56.3,74.3,39.5,69.7,65.0,Forward,Forward,77,230.0,2002-11-27,35.2
1631128,Christian,Braun,123,4074.616666666667,1744,678,1210,132,367,256,315,546,843,325,124,115,49,159,462,621,614.6102333333333,410.01475,6073.928166666667,72042.08666666667,28431.431666666667,171.33685,432.6045666666667,311.4936833333333,502216.9666666667,466523.79,35703.651666666665,363.25015,0.6476868327402135,0.35967302452316074,0.5603305785123966,0.8126984126984127,0.6465964704137624,0.6148760330578512,0.4280157233604797,0.07976210441063986,0.028223513868380255,0.01202567112652724,0.30330578512396694,0.2603305785123967,0.15083878647071094,0.10062658245969969,1.4906747464996706,17.680702888206252,6.977694834278889,0.0420498083664312,0.10617061727688086,0.07644735905627113,123.25502194480462,114.49513614777668,8.76245659100856,0.08914952735840181,76.8,60.0,56.2,49.0,35.1,Guard,Guard,78,220.0,2001-04-17,91.9
1631131,Oscar,Tshiebwe,41,703.6,318,134,215,0,0,50,80,134,215,41,31,29,6,123,178,301,108.7811,60.56625,372.42083333333335,8531.753333333334,6288.255,109.29285,170.87328333333332,138.90063333333333,78836.03,83049.63666666667,-4212.623333333333,90.95953333333333,0.6232558139534884,,0.6232558139534884,0.625,0.6354916067146283,0.6232558139534884,0.45196134167140417,0.05827174530983513,0.041216600341102895,0.008527572484366117,0.0,0.37209302325581395,0.1546064525298465,0.08608051449687322,0.5293076084896722,12.125857494788706,8.937258385446276,0.1553337833996589,0.24285571821110477,0.19741420314572672,112.04666003411029,118.03529941254502,-5.9872418040553335,0.12927733560735266,81.9,34.0,30.2,98.4,35.3,Forward-Center,Big,80,255.0,1999-11-27,38.2
1631132,Christian,Koloko,64,698.2166666666667,163,71,140,1,13,20,29,70,127,34,28,22,39,66,107,173,74.03591666666667,47.53476666666666,171.04583333333332,10688.491666666667,7851.788333333333,58.44083333333333,98.53856666666667,79.874,74098.25,74973.145,-862.8266666666668,40.733533333333334,0.5511811023622047,0.07692307692307693,0.5071428571428571,0.6896551724137931,0.533516627389369,0.5107142857142857,0.23345188933712074,0.04869548611939942,0.03150884395961139,0.0558565870193111,0.09285714285714286,0.20714285714285716,0.10603573389349055,0.06808025207075166,0.2449752942018953,15.30827345857303,11.245489699949871,0.08370014083498435,0.14112892368653474,0.11439715465590909,106.12500895137612,107.37805122574177,-1.2357577638268924,0.058339388441983143,41.1,14.7,19.9,77.8,75.5,Center,Big,83,225.0,2000-06-20,34.6
1631133,Jabari,Walker,124,1510.8166666666666,589,215,442,60,167,99,139,155,275,71,61,56,19,131,272,403,224.46026666666668,98.21468333333334,412.325,15469.673333333334,14735.301666666666,118.66333333333334,266.2995,191.74795,167659.10166666665,166943.64833333335,720.7016666666669,140.18021666666667,0.5636363636363636,0.3592814371257485,0.48642533936651583,0.7122302158273381,0.5853008983226011,0.5542986425339367,0.38985537623139804,0.04699445112466768,0.03706604595748436,0.012575979878432194,0.3778280542986425,0.31447963800904977,0.14856883142671184,0.06500767796666262,0.27291531070392394,10.239278977153637,9.753203013822546,0.07854251012145749,0.1762619554545555,0.12691675583845383,110.97249942084302,110.49894538274003,0.4770278767553974,0.09278439916601397,64.9,51.8,17.4,84.2,58.0,Forward,Forward,79,237.0,2002-07-30,57.8
1631157,Ryan,Rollins,130,3195.0,1630,618,1301,233,573,161,202,385,728,518,254,152,48,75,371,446,707.5725666666667,789.4505833333334,7156.829,76864.41833333333,37558.47,75.73780000000001,350.52591666666666,218.60811666666666,362822.49833333335,366428.9083333333,-3589.6933333333327,327.44078333333334,0.5288461538461539,0.40663176265270506,0.47501921598770175,0.7970297029702971,0.5863815581201254,0.56456571867794,0.5101721439749609,0.1621283255086072,0.04757433489827856,0.015023474178403756,0.4404304381245196,0.15526518063028438,0.22146246218049037,0.24708938445487744,2.240009076682316,24.0577209181012,11.755389671361502,0.02370510172143975,0.10971077203964527,0.06842194574856547,113.55946739697444,114.68823422013563,-1.1235346896191964,0.10248537819509651,51.5,70.7,77.0,35.8,52.9,Guard,Guard,75,180.0,2002-07-03,22.3
1631159,Leonard,Miller,59,750.2833333333333,381,151,277,32,104,47,61,119,173,40,38,19,16,57,135,192,132.50673333333333,53.133966666666666,458.9198333333333,8078.671666666667,6931.678333333333,52.082300000000004,121.6743,89.35706666666667,83187.28333333333,85061.19833333333,-1879.2083333333335,88.63898333333333,0.6878612716763006,0.3076923076923077,0.5451263537906137,0.7704918032786885,0.6269747235387046,0.6028880866425993,0.5078081613612635,0.053313192793833446,0.025323766577070885,0.021325277117533376,0.37545126353790614,0.22021660649819494,0.1766089255170269,0.070818535220028,0.6116620387853478,10.767494502076994,9.238747584245951,0.06941684252615679,0.1621711353488682,0.1190977630672857,110.87449185863117,113.3721016504876,-2.5046649043694607,0.11814068018748472,78.0,46.1,25.5,79.6,44.5,Forward,Forward,82,220.0,2003-11-26,72.6
1631165,Keon,Ellis,152,3426.866666666667,1146,396,848,230,572,124,156,166,276,192,112,204,109,98,249,347,432.26031666666665,254.74463333333333,2268.8573333333334,51454.043333333335,30648.05,98.2237,253.98680000000002,173.2971,390367.70166666666,391658.20666666667,-1294.1183333333338,226.6382,0.6014492753623188,0.4020979020979021,0.4669811320754717,0.7948717948717948,0.625109094082737,0.6025943396226415,0.3344162792054938,0.05602785829620839,0.059529599439721415,0.03180748205357664,0.6745283018867925,0.18396226415094338,0.12613864463163627,0.07433748030270607,0.6620792560745482,15.014895045036281,8.943461471120361,0.028662830963173354,0.07411633562243448,0.05057013209345758,113.9138868353987,114.29047137326614,-0.3776389510339865,0.06613569246931113,59.7,84.2,32.7,20.1,66.2,Guard,Guard,76,175.0,2000-01-08,30.2
1631166,Drew,Timme,36,488.96666666666664,201,83,168,20,60,15,25,63,108,43,28,10,1,27,71,98,88.67798333333333,66.07383333333334,550.561,9671.006666666666,5552.838333333333,22.907616666666666,70.1965,47.7934,51644.80333333333,56334.075,-4684.94,42.815933333333334,0.5833333333333334,0.3333333333333333,0.49404761904761907,0.6,0.5614525139664804,0.5535714285714286,0.4110709659826846,0.0879405549117186,0.020451291839934556,0.0020451291839934556,0.35714285714285715,0.1488095238095238,0.18135793169268527,0.1351295248483196,1.125968368668621,19.77845797259527,11.35627172949758,0.046849035380734885,0.1435609107641966,0.09774367714227282,105.62029449860249,115.21046083577613,-9.5813075192583,0.0875641147999182,54.1,36.9,54.2,66.1,17.3,Forward,Forward,81,235.0,2000-09-09,80.5
1631169,Josh,Minott,95,1110.0333333333333,483,170,342,78,196,65,80,92,146,64,54,59,36,60,145,205,180.81171666666665,97.97241666666667,487.01433333333335,14560.371666666666,11868.733333333334,53.39913333333333,137.31623333333334,96.38148333333334,122224.57666666668,122852.81666666667,-629.4366666666658,114.27881666666667,0.6301369863013698,0.3979591836734694,0.49707602339181284,0.8125,0.6402439024390244,0.6111111111111112,0.4351220684063542,0.05765592624846101,0.05315155701029999,0.032431458514759315,0.5730994152046783,0.23391812865497075,0.16288854689048377,0.0882607879643254,0.4387384763220324,13.117058046304916,10.692231464520585,0.04810588270622504,0.12370460346536141,0.08682755773099907,110.10892465691722,110.67488964295367,-0.5670430317407879,0.10295079727335515,73.4,82.3,27.0,58.8,77.7,Forward,Forward,80,205.0,2002-11-25,38.9
1631170,Jaime,Jaquez Jr.,141,3489.65,1722,677,1377,95,302,273,358,582,1075,518,250,112,35,180,485,665,724.7252166666667,754.44375,6774.441666666667,77475.43666666666,38938.28,168.96376666666666,447.41616666666664,308.3193,391095.58666666667,393428.16833333333,-2319.3983333333335,379.68853333333334,0.5413953488372093,0.31456953642384106,0.4916485112563544,0.7625698324022346,0.561087506190861,0.5261437908496732,0.49345922943561676,0.14843895519607983,0.032094909231584826,0.010029659134870259,0.21931735657225854,0.2599854756717502,0.2076784825603332,0.21619467568380782,1.9412954498779724,22.201492031197013,11.158219305661026,0.04841854245172629,0.12821233265991336,0.08835249953433726,112.07301209767932,112.74144064113402,-0.6646507051805578,0.10880418762149022,58.6,33.8,73.2,60.7,42.6,Guard,Guard,78,225.0,2001-02-18,93.0
1631172,Ousmane,Dieng,94,1504.3333333333333,573,222,523,86,256,43,61,136,267,167,93,42,24,47,214,261,272.8694,252.99211666666667,1540.4255,29160.625,15968.801666666666,42.73611666666667,207.5858,125.05723333333333,162055.83666666667,169512.93166666667,-7447.506666666667,115.21575,0.5093632958801498,0.3359375,0.42447418738049714,0.7049180327868853,0.5210606721955477,0.5066921606118547,0.38089962331043653,0.1110126301794815,0.02791934411699535,0.015953910923997342,0.4894837476099426,0.11663479923518165,0.18138892089519168,0.16817557057389765,1.0239921338355862,19.38441723908708,10.615201639707513,0.028408674939064925,0.13799189009528032,0.08313133170839797,107.72601595391093,112.68309217815201,-4.950702415244849,0.07658924218923112,31.6,42.6,59.8,51.1,44.5,Forward,Forward,81,185.0,2003-05-21,44.8
1631174,Tyler,Burton,12,306.75,129,42,112,22,66,23,27,20,46,12,11,11,4,8,42,50,55.32078333333334,19.647733333333335,124.89166666666668,2347.6633333333334,2283.065,7.149583333333333,43.98101666666667,23.935066666666668,31223.68833333333,38214.29666666667,-6991.605,18.00701666666667,0.43478260869565216,0.3333333333333333,0.375,0.8518518518518519,0.5206651598320956,0.4732142857142857,0.42053789731051344,0.039119804400977995,0.035859820700896494,0.013039934800325998,0.5892857142857143,0.24107142857142858,0.18034485194240696,0.06405129041021462,0.40714479760934535,7.653344199945667,7.442754686226569,0.02330752512904102,0.14337739744634612,0.07802792719369737,101.78871502309154,124.57798424341212,-22.79251833740831,0.058702580820429236,33.0,54.3,22.5,47.1,31.5,Forward,Forward,79,215.0,2000-02-11,34.5
1631197,Jared,Rhoden,14,226.18333333333334,118,42,87,12,39,22,25,30,48,16,9,10,2,14,28,42,41.16141666666667,22.020833333333332,207.82033333333334,2494.8083333333334,1487.4533333333334,11.349433333333334,25.78155,18.383966666666666,26676.166666666664,23323.985,3348.475,25.215733333333333,0.625,0.3076923076923077,0.4827586206896552,0.88,0.6020408163265306,0.5517241379310345,0.5217006852847984,0.07073907597082013,0.04421192248176258,0.008842384496352516,0.4482758620689655,0.28735632183908044,0.1819825362906197,0.09735833763171468,0.9188136467467394,11.030027264018864,6.576317146857269,0.05017802667452657,0.1139851890059686,0.08127905091739739,117.94046127772455,103.11982167857933,14.804251713211995,0.11148360474541301,79.3,53.4,43.4,55.6,69.7,Guard,Guard,77,210.0,1999-08-27,77.0
1631199,Ron,Harper Jr.,30,334.5333333333333,127,47,118,28,86,5,6,19,32,24,8,10,9,19,36,55,54.00815,34.12728333333333,70.0445,4928.4,1581.935,16.104333333333333,38.14386666666667,26.136283333333335,37703.085,36334.105,1369.9683333333332,26.00228333333333,0.59375,0.32558139534883723,0.3983050847457627,0.8333333333333334,0.5263594164456233,0.5169491525423728,0.37963332004782785,0.07174172977281786,0.029892387405340774,0.026903148664806698,0.7288135593220338,0.05084745762711865,0.16144325428457554,0.10201459744918294,0.2093797329613392,14.732164208848147,4.728781387006776,0.0481396970904743,0.11402112395376646,0.07812759067357514,112.70352231964927,108.61131426863294,4.095162415304903,0.07772703268234356,45.0,55.2,39.2,53.8,65.8,Guard-Forward,Wing,77,233.0,2000-04-12,53.3
1631200,Kris,Murray,126,2373.633333333333,618,246,555,61,242,65,114,185,313,149,90,86,39,166,222,388,276.8438,202.41386666666665,1493.95,40684.56,26121.466666666667,148.89428333333333,211.26068333333333,179.72045,258442.32666666666,257789.27666666667,647.7049999999997,145.16553333333334,0.5910543130990416,0.25206611570247933,0.44324324324324327,0.5701754385964912,0.5106087646242317,0.4981981981981982,0.260360347708857,0.06277296409161763,0.03623137524751085,0.016430507379685152,0.436036036036036,0.20540540540540542,0.1166329256133354,0.08527596230813521,0.6293937564071957,17.140204187672907,11.004844893201703,0.06272842618208373,0.08900308247552978,0.07571533794885478,108.88047578255558,108.60534904295807,0.27287491749638376,0.06115752222331448,46.8,24.3,33.4,50.5,66.5,Forward,Forward,80,218.0,2000-08-19,50.9
1631204,Marcus,Sasser,95,1267.3166666666666,572,206,473,102,258,58,69,104,215,208,85,57,8,25,83,108,242.93091666666666,303.69218333333333,1592.0981666666667,31908.476666666666,13651.173333333334,25.88286666666667,79.34498333333333,52.496233333333336,142811.415,134444.785,8379.616666666667,111.11250000000001,0.48372093023255813,0.3953488372093023,0.4355179704016913,0.8405797101449275,0.5681818181818181,0.5433403805496829,0.4513473349202383,0.1641263036073594,0.044976919738555214,0.006312550138744592,0.5454545454545454,0.14587737843551796,0.1916891989636897,0.23963401675456017,1.2562749378608347,25.177982351161905,10.771714514919976,0.020423361695971805,0.06260864819369008,0.04142313812648773,112.68802719657019,106.08618077565461,6.612093793974145,0.08767540341140732,36.7,74.7,72.5,9.5,65.0,Guard,Guard,73,195.0,2000-09-21,25.1
1631205,Buddy,Boeheim,4,15.0,6,2,6,2,6,0,0,0,0,0,0,0,0,0,0,0,2.5725,0.0,0.0,0.0,0.0,0.0,0.0,0.0,1308.6666666666665,1088.4066666666665,220.26,2.2534999999999994,,0.3333333333333333,0.3333333333333333,,0.5,0.5,0.4,0.0,0.0,0.0,1.0,0.0,0.17149999999999999,0.0,0.0,0.0,0.0,0.0,0.0,0.0,87.24444444444444,72.56044444444443,14.684,0.1502333333333333,21.5,54.1,16.0,0.9,41.6,Forward,Forward,77,205.0,1999-11-11,9.5
1631207,Dalen,Terry,121,1538.2166666666667,502,188,423,61,170,65,99,127,253,163,79,73,30,64,146,210,217.69101666666666,228.48145,1525.5293333333334,35094.10333333333,17024.856666666667,58.550716666666666,136.4766,95.44808333333333,162153.72166666668,171011.40666666668,-8856.743333333334,96.92745000000001,0.5019762845849802,0.3588235294117647,0.4444444444444444,0.6565656565656566,0.537980109739369,0.516548463356974,0.32635194435114256,0.10596686639290087,0.04745755366062431,0.019503104244092184,0.40189125295508277,0.23404255319148937,0.14152168636841364,0.14853658457304453,0.9917519205140152,22.8147985220981,11.067918477024259,0.03806402435721019,0.08872391188930905,0.062051130638293255,105.41669790775032,111.17510970496137,-5.75779961643895,0.0630128720488011,36.9,44.5,57.7,35.3,68.5,Forward,Forward,78,210.0,2002-07-12,19.6
1631209,Isaiah,Wong,20,265.5,120,41,105,13,33,25,34,28,72,28,18,11,0,14,18,32,58.15796666666667,49.07505,254.61666666666667,3939.233333333333,2863.0783333333334,13.433716666666667,18.06205,16.06655,26710.711666666666,27176.015,-465.8516666666667,20.619533333333333,0.3888888888888889,0.3939393939393939,0.3904761904761905,0.7352941176470589,0.5001667222407469,0.4523809523809524,0.4519774011299435,0.10546139359698682,0.04143126177024482,0.0,0.3142857142857143,0.3238095238095238,0.21905072190834904,0.18484011299435027,0.959008160703076,14.837037037037037,10.783722536095418,0.0505978028876334,0.06803032015065913,0.060514312617702445,100.60531701192718,102.35787193973634,-1.754620213433773,0.077663025737602,37.6,49.8,55.1,34.8,61.1,Guard,Guard,75,185.0,2001-01-28,25.7
1631210,Jacob,Toppin,22,92.01666666666667,31,13,28,5,10,0,0,8,18,7,3,2,1,3,13,16,12.975983333333334,9.72205,53.1,1158.115,609.095,2.4395000000000002,12.645783333333334,8.161283333333333,8490.283333333333,8837.736666666668,-348.11833333333345,6.469366666666668,0.4444444444444444,0.5,0.4642857142857143,,0.5535714285714286,0.5535714285714286,0.3368954899474733,0.07607317514942945,0.021735192899836987,0.010867596449918493,0.35714285714285715,0.0,0.14101775040753486,0.10565531606593008,0.5770693714906721,12.585926462597357,6.619398659663105,0.026511501539576165,0.1374292700597718,0.0886935337801123,92.26897301213548,96.04495562398117,-3.7832095634848772,0.07030646621988772,17.9,66.0,41.1,53.1,54.2,Forward,Forward,81,200.0,2000-05-08,48.0
1631211,Trevor,Keels,8,14.95,8,3,12,2,9,0,0,1,3,0,0,1,0,0,2,2,3.9228166666666664,0.0,0.0,0.0,0.0,0.0,0.905,0.49793333333333334,1399.3116666666665,982.875,416.43666666666655,0.4148333333333334,0.3333333333333333,0.2222222222222222,0.25,,0.3333333333333333,0.3333333333333333,0.5351170568561873,0.0,0.06688963210702341,0.0,0.75,0.0,0.2623957636566332,0.0,0.0,0.0,0.0,0.0,0.06053511705685619,0.033306577480490526,93.5994425863991,65.74414715719064,27.855295429208468,0.027748049052396882,18.9,33.9,16.0,2.6,69.9,Guard,Guard,75,215.0,2003-08-26,58.4
1631212,Peyton,Watson,122,3253.483333333333,1340,489,1009,129,333,233,326,360,676,205,149,98,154,96,401,497,557.0218166666666,285.9814333333333,2424.2965,43762.441666666666,32069.79333333333,102.37476666666667,366.4194166666667,243.29428333333334,386389.82166666666,376830.85833333334,9569.448333333334,251.93,0.5325443786982249,0.38738738738738737,0.4846382556987116,0.7147239263803681,0.5813751692062059,0.5485629335976214,0.41186625616646777,0.06300938993591484,0.030121562018144657,0.047333883171370175,0.33002973240832506,0.32309217046580774,0.17120782853249594,0.08790007632844797,0.7451387487257247,13.450950007427936,9.857063967337572,0.0314662028902356,0.1126237263650754,0.07477963106209243,118.76188751543218,115.82381703712433,2.941293178080929,0.0774339297880733,59.7,56.4,34.2,44.4,47.8,Guard,Guard,80,200.0,2002-09-11,79.4
1631213,Tyrese,Martin,106,2091.95,813,298,742,152,447,65,86,146,295,200,114,59,15,92,243,335,374.9353,321.48815,2053.858166666667,38567.903333333335,21329.211666666666,83.07545,261.7526833333333,165.69393333333335,218320.45666666667,240161.99833333332,-21826.42166666667,168.69531666666666,0.49491525423728816,0.3400447427293065,0.40161725067385445,0.7558139534883721,0.5212607714402955,0.5040431266846361,0.3886326155022826,0.09560457945935612,0.028203350940510054,0.0071703434594517085,0.6024258760107817,0.11590296495956873,0.1792276584048376,0.153678696909582,0.9817912314666541,18.436340894062162,10.195851557956294,0.03971196730323383,0.12512377606220673,0.07920549407649961,104.36217723495623,114.80293426388458,-10.433529322721228,0.08064022403339786,29.4,51.5,56.3,53.4,28.3,Forward,Forward,78,215.0,1999-03-07,23.8
1631214,Alondes,Williams,5,104.5,49,18,28,6,15,7,8,12,13,13,5,3,3,5,20,25,15.390516666666667,15.087966666666667,307.95833333333337,2962.9049999999997,1236.1766666666667,6.0301833333333335,19.567616666666666,13.349966666666667,13053.606666666667,11089.018333333333,1966.4316666666668,14.007283333333334,0.9230769230769231,0.4,0.6428571428571429,0.875,0.7772842639593909,0.75,0.4688995215311005,0.12440191387559808,0.028708133971291867,0.028708133971291867,0.5357142857142857,0.2857142857142857,0.14727767145135567,0.14438245614035086,2.9469696969696972,28.35315789473684,11.829441786283892,0.057705103668261565,0.18724992025518342,0.12775087719298245,124.91489633173843,106.11500797448166,18.817527910685808,0.13404098883572568,85.7,86.3,68.9,81.8,69.1,Guard,Guard,76,210.0,1999-06-19,64.8
1631216,Caleb,Houstan,76,863.4666666666667,281,94,216,75,181,18,20,19,35,39,17,24,7,24,62,86,102.76183333333333,60.013866666666665,307.1666666666667,11737.74,4132.0633333333335,21.534200000000002,62.85586666666667,41.57346666666667,89562.775,92988.75833333333,-3413.2749999999996,49.225633333333334,0.5428571428571428,0.4143646408839779,0.4351851851851852,0.9,0.625,0.6087962962962963,0.32543236565781347,0.045166769610870905,0.027794935145151328,0.00810685608400247,0.8379629629629629,0.09259259259259259,0.11901077053736873,0.06950339715873996,0.3557365657813465,13.593738418777022,4.785434681902409,0.024939237183446573,0.07279478072884497,0.04814715873996294,103.72464677269919,107.69235446263124,-3.9529898857319328,0.05700930358245831,42.5,92.8,29.5,15.9,50.7,Guard,Guard,80,205.0,2003-01-09,85.1
1631217,Moussa,Diabaté,144,3139.6666666666665,978,396,643,1,8,185,292,395,635,197,134,102,112,460,613,1073,373.2628833333333,271.0425666666667,2818.110166666667,57225.28666666667,41036.85833333333,432.4336833333333,623.16045,524.7140833333333,365061.4016666667,349129.74666666664,15937.814999999999,355.7287166666667,0.6220472440944882,0.125,0.6158631415241057,0.6335616438356164,0.6338466324467258,0.6166407465007776,0.3114980358849135,0.06274551438581591,0.03248752521499098,0.03567257670665676,0.012441679626749611,0.45412130637636083,0.11888615033443041,0.08632845312665889,0.8975825990020173,18.226548465866866,13.07045068478607,0.13773235481473617,0.198479812081962,0.16712413738188767,116.27393619280178,111.19962204055632,5.076276143964328,0.11330142796475211,74.9,24.3,36.4,94.3,64.3,Forward,Forward,82,210.0,2002-01-21,61.6
1631218,Trayce,Jackson-Davis,115,1462.8333333333333,588,245,426,1,4,97,176,244,422,143,67,40,62,188,268,456,228.4666,226.93616666666665,1222.2466666666667,29340.989999999998,13333.023333333333,160.61421666666666,263.02695,212.97798333333333,155829.16666666666,162614.03,-6786.363333333333,170.22558333333333,0.5781990521327014,0.25,0.5751173708920188,0.5511363636363636,0.5839822024471635,0.5762910798122066,0.4019596673122935,0.09775549732254757,0.027344195055258064,0.04238350233565,0.009389671361502348,0.4131455399061033,0.15618088185029055,0.15513467016064714,0.8355337814743079,20.057643841859406,9.114519767574341,0.10979666172952034,0.17980650563974024,0.14559278796855418,106.52557821579127,111.16374387603966,-4.639191067562948,0.11636703885154381,71.4,21.6,59.1,89.9,60.3,Forward,Forward,81,245.0,2000-02-22,85.7
1631221,Collin,Gillespie,113,2743.0333333333333,1206,420,1000,271,668,95,109,149,332,449,142,120,21,111,294,405,494.35538333333335,623.75025,7006.734166666667,73637.76333333334,23670.681666666667,103.9539,305.65141666666665,200.42455,313486.4816666667,306217.445,7265.621666666666,293.8036,0.44879518072289154,0.405688622754491,0.42,0.8715596330275229,0.5754036413603573,0.5555,0.43965925799905214,0.16368740202452273,0.04374718985065196,0.0076557582238640925,0.668,0.109,0.18022215673645964,0.2273943383845135,2.5543744151851357,26.84537677267259,8.629381706383445,0.03789742499179741,0.11142825460864493,0.07306675699651238,114.2846052423716,111.63460584997145,2.648754420288974,0.10710901556670839,30.4,83.0,84.5,46.3,52.7,Guard,Guard,73,195.0,1999-06-25,25.1
1631222,Jake,LaRavia,148,3410.75,1132,400,860,138,385,194,267,262,475,303,173,166,61,206,379,585,470.8411,396.6383,4464.608333333334,69369.45166666666,41991.735,204.61305,371.37445,289.92476666666664,394587.9866666667,390067.925,4524.446666666667,245.00985,0.5515789473684211,0.35844155844155845,0.46511627906976744,0.7265917602996255,0.5790399803576544,0.5453488372093023,0.33189181265117645,0.08883676610716118,0.04866964743824672,0.01788462948031958,0.4476744186046512,0.31046511627906975,0.1380462068460016,0.11629063988858755,1.3089814068264556,20.338474431332305,12.311583962471598,0.05999063255882137,0.10888351535586016,0.08500322998363018,115.68950719538714,114.36426738987026,1.3265254465049232,0.07183459649637176,58.2,54.7,50.9,58.1,57.1,Forward,Forward,79,235.0,2001-11-03,55.9
1631223,David,Roddy,38,482.76666666666665,193,72,155,22,72,27,33,50,83,39,24,18,10,21,83,104,79.14975,61.93516666666667,372.02500000000003,8633.33,5058.3966666666665,18.034750000000003,78.42575000000001,48.355066666666666,52198.38166666667,55273.525,-3072.95,48.31235,0.6024096385542169,0.3055555555555556,0.4645161290322581,0.8181818181818182,0.5692543652666352,0.535483870967742,0.39977905130152597,0.08078436787958296,0.03728509286749983,0.02071394048194435,0.4645161290322581,0.2129032258064516,0.16395032106607746,0.12829213560726369,0.7706103707795348,17.883028378098462,10.477932748739901,0.03735707381067459,0.16245063177518473,0.10016239729337845,108.12341710971485,114.4932507077263,-6.365290340399088,0.10007391424428641,60.7,46.4,48.7,65.3,52.0,Forward,Forward,77,255.0,2001-03-27,47.1
1631230,Dominick,Barlow,106,2063.5166666666664,693,275,512,28,109,115,164,247,403,106,61,72,69,168,257,425,264.39498333333336,142.1252,1286.5333333333333,29062.536666666667,15504.281666666666,160.09395,246.85055,205.21245,232097.43166666667,231159.87666666668,943.1349999999992,164.37938333333332,0.6129032258064516,0.25688073394495414,0.537109375,0.7012195121951219,0.5931594083812655,0.564453125,0.33583445735839307,0.05136861829724339,0.03489189167359928,0.033438062853865975,0.212890625,0.3203125,0.12812834885430216,0.06887523725678657,0.6234664125158508,14.083984460185285,7.513523838754231,0.07758306612498082,0.1196261479190056,0.09944792465935984,112.47664504769368,112.02229688799866,0.45705228129972264,0.07965982828666274,69.1,29.1,31.9,68.7,63.0,Forward,Forward,81,224.0,2003-05-26,69.3
1631232,Keion,Brooks Jr.,14,331.7833333333333,142,53,109,14,43,22,30,39,66,13,12,10,10,12,46,58,56.22071666666667,22.61055,186.08333333333334,2792.81,2734.3816666666667,10.8227,44.50156666666667,28.113533333333333,33501.16166666667,40193.02333333333,-6692.163333333334,27.552133333333334,0.5909090909090909,0.32558139534883723,0.48623853211009177,0.7333333333333333,0.5810147299509002,0.5504587155963303,0.4279901542171096,0.03918219721705933,0.030140151705430253,0.030140151705430253,0.3944954128440367,0.27522935779816515,0.16945009293213445,0.0681485407143216,0.5608579896518813,8.417571708444266,8.241467825388055,0.032619781986235996,0.13412839704626514,0.08473461596423369,100.9730094941478,121.14238207665646,-20.170281810418448,0.08304254784749084,67.9,43.1,24.0,53.6,37.8,Forward,Forward,79,210.0,2000-08-07,30.3
1631243,Mouhamed,Gueye,110,1711.6,539,203,461,61,211,72,104,142,250,96,48,89,72,133,281,414,224.99948333333333,124.05633333333333,694.7283333333334,22490.66,11592.996666666666,123.2588,270.82168333333334,196.49045,192948.68666666668,185392.11833333335,7552.961666666667,135.12805,0.568,0.2890995260663507,0.4403470715835141,0.6923076923076923,0.5318099297497829,0.5065075921908894,0.3149100257069409,0.05608787099789671,0.051998130404300076,0.042065903248422534,0.45770065075921906,0.22559652928416485,0.13145564578951469,0.0724797460465841,0.4058940951935811,13.14013788268287,6.7731927241567345,0.07201378826828699,0.1582272045649295,0.11479928137415285,112.73001090597492,108.31509601152919,4.41280770429228,0.07894838163122225,48.5,32.0,29.8,78.6,85.8,Forward,Forward,83,210.0,2002-11-09,64.3
1631245,Quenton,Jackson,77,1278.4666666666667,610,212,450,57,158,129,159,155,292,193,78,52,11,42,116,158,244.16476666666668,275.6184333333333,2067.1013333333335,29515.233333333334,12009.653333333334,42.954,112.4796,76.47333333333333,140549.62,143479.95833333334,-2930.6816666666673,117.16736666666667,0.5308219178082192,0.36075949367088606,0.4711111111111111,0.8113207547169812,0.5865835833525656,0.5344444444444445,0.47713406685091514,0.1509620900036502,0.040673723731553424,0.008604056943213223,0.3511111111111111,0.35333333333333333,0.19098250508421546,0.21558515409083795,1.6168597799447255,23.086431662929552,9.393794649840956,0.0335980601762528,0.08798008030453147,0.05981644678521145,109.93608489336184,112.22815742816917,-2.2923410856755493,0.09164679042603117,65.0,56.7,75.7,32.1,50.5,Guard,Guard,76,173.0,1998-09-15,29.6
1631246,Vince,Williams Jr.,67,1317.9833333333333,479,170,459,81,272,58,74,89,187,221,103,41,23,61,192,253,238.26213333333334,299.03345,2375.1983333333333,33922.431666666664,15927.565,54.014783333333334,179.14121666666665,114.82293333333334,147962.42166666666,147001.66166666665,957.3950000000002,101.48903333333334,0.47593582887700536,0.2977941176470588,0.37037037037037035,0.7837837837837838,0.48722434697697126,0.45860566448801743,0.3634340343201103,0.1676804208449778,0.03110813237395516,0.017450903526852895,0.5925925925925926,0.16122004357298475,0.18077780447400701,0.22688712553269516,1.8021459553105121,25.73813401788085,12.084800010116465,0.04098290317277659,0.13592069955361094,0.08712017096827224,112.26425852628384,111.53529634922039,0.7264090340039708,0.07700327520580685,26.0,41.9,74.0,59.0,52.8,Guard,Guard,76,205.0,2000-08-30,58.9
1631247,Luke,Travers,24,190.95,40,14,56,1,25,11,11,13,31,17,11,8,5,17,27,44,28.1899,25.749616666666668,159.10333333333332,3525.278333333333,2178.2066666666665,12.340333333333334,23.986966666666667,18.881733333333333,19793.421666666665,21169.498333333333,-1377.3333333333335,8.062083333333334,0.41935483870967744,0.04,0.25,1.0,0.32873109796186717,0.25892857142857145,0.2094789211835559,0.08902854150301126,0.041895784236711184,0.026184865147944488,0.44642857142857145,0.19642857142857142,0.1476297460068081,0.13485004800558612,0.8332198655843589,18.461787553460766,11.407209566204067,0.06462599284280353,0.12561909749498124,0.09888312821855634,103.65761543161386,110.86409182159379,-7.213057519420443,0.04222091297896483,15.0,30.2,49.3,67.5,69.8,Forward,Forward,78,207.0,2001-09-03,17.2
1631248,Baylor,Scheierman,108,1813.25,540,190,443,123,325,37,43,67,118,149,58,59,8,76,258,334,223.40008333333333,200.20315,1736.3553333333332,39803.84166666667,15491.751666666667,70.80158333333333,245.14623333333333,158.02531666666667,208701.44,196933.58,11766.286666666667,142.81458333333333,0.5677966101694916,0.37846153846153846,0.4288939051918736,0.8604651162790697,0.5845167994457915,0.5677200902934537,0.29780780366744797,0.08217289397490693,0.03253826003033228,0.004411967461739969,0.7336343115124153,0.09706546275395034,0.12320423732708305,0.1104112229422308,0.9575929040856657,21.95165678569787,8.54363803483616,0.0390467852382922,0.13519715060434762,0.08715031940806103,115.09799531228457,108.60806838549566,6.489059239854773,0.07876166184107726,43.5,78.8,55.3,57.8,50.5,Guard,Guard,78,205.0,2000-09-26,79.6
1631250,Pete,Nance,60,875.2666666666667,292,114,226,59,143,5,13,55,83,58,30,16,16,32,114,146,113.59641666666667,82.90113333333333,558.0416666666666,15590.068333333333,8191.096666666666,31.13735,111.74143333333333,73.59083333333334,97386.24333333333,102640.61833333333,-5261.048333333333,62.02268333333333,0.6626506024096386,0.4125874125874126,0.504424778761062,0.38461538461538464,0.6300707750733644,0.6349557522123894,0.3336126132988042,0.06626551907989946,0.018280143194455024,0.018280143194455024,0.6327433628318584,0.05752212389380531,0.12978492269022773,0.09471528676974636,0.6375675984461878,17.811792596542006,9.358401249143117,0.03557470104349151,0.12766558763043645,0.08407818569578795,111.26465458146089,117.26782504379618,-6.010794805392642,0.07086147078985452,57.0,76.0,41.0,53.7,26.9,Forward,Forward,81,225.0,2000-02-19,71.4
1631255,Karlo,Matković,104,1702.35,677,277,470,59,156,64,85,218,314,96,77,47,95,136,302,438,239.21676666666667,142.76931666666667,1096.549,23463.093333333334,21504.88,126.98081666666667,291.8038,208.65771666666666,184961.11333333334,192527.15666666668,-7552.593333333333,174.56548333333333,0.6942675159235668,0.3782051282051282,0.5893617021276596,0.7529411764705882,0.6671265273945606,0.652127659574468,0.39768555232472763,0.05639263371222134,0.027608893588275032,0.0558052104443857,0.33191489361702126,0.18085106382978725,0.1405214947964089,0.0838660185429945,0.6441383969219021,13.782766959399263,12.632466884013278,0.0745914862787715,0.17141234176285725,0.1225703977834562,108.65046161678465,113.09493151623737,-4.436569056500328,0.10254382667097445,70.7,62.9,26.7,82.0,55.5,Forward-Center,Big,82,231.0,2001-03-30,26.4
1631260,AJ,Green,151,3929.0666666666666,1350,444,1042,387,917,75,89,57,125,260,115,76,15,47,340,387,511.10928333333334,350.78145,3289.4718333333335,67811.63833333334,30507.763333333332,46.0834,324.90246666666667,188.53538333333333,446539.60333333333,443934.915,2597.9049999999997,226.98755,0.456,0.42202835332606325,0.42610364683301344,0.8426966292134831,0.6243294239520515,0.6118042226487524,0.3435930500882313,0.06617347631328899,0.019343016153115244,0.0038177005565359036,0.8800383877159309,0.0854126679462572,0.13008414636215557,0.08927856912583142,0.8372145632550564,17.258968626985205,7.764633670422152,0.011728841455137777,0.08269202185421475,0.04798477585855843,113.65029947739922,112.98737147074793,0.661201557621827,0.05777136639744808,27.8,91.4,45.3,11.2,24.7,Guard,Guard,76,190.0,1999-09-27,41.5
1631288,Jamal,Cain,77,987.7833333333333,411,142,310,54,153,73,96,88,157,51,41,34,13,55,108,163,160.35108333333335,70.82255,329.2,12510.17,6881.441666666667,50.997733333333336,111.4431,79.2717,111146.42166666666,114776.97166666666,-3631.783333333333,72.97931666666666,0.5605095541401274,0.35294117647058826,0.45806451612903226,0.7604166666666666,0.5834090392913922,0.5451612903225806,0.4160831491386438,0.05163075573253244,0.03442050382168829,0.013160780872998466,0.4935483870967742,0.3096774193548387,0.1623342669613782,0.07169846626284443,0.33327146641469957,12.664892773381478,6.966549681947796,0.05162846103227766,0.11282140145443502,0.08025211331769787,112.52105387483759,116.19650564395026,-3.676700356015995,0.07388190730085882,65.5,57.3,27.7,55.7,36.8,Forward,Forward,79,191.0,1999-03-20,21.9
1631301,Jaylen,Sims,6,111.8,42,12,28,6,15,12,15,6,13,12,8,3,1,3,3,6,18.0458,20.343383333333335,175.96416666666664,2344.755,1679.485,2.7182166666666667,2.818433333333333,2.79285,11193.716666666667,13444.043333333333,-2250.326666666667,6.82695,0.46153846153846156,0.4,0.42857142857142855,0.8,0.6069364161849711,0.5357142857142857,0.3756708407871199,0.10733452593917711,0.026833631484794278,0.008944543828264758,0.5357142857142857,0.5357142857142857,0.1614114490161002,0.18196228384019084,1.5739192009540846,20.972763864042935,15.022227191413238,0.02431320810971974,0.025209600477042335,0.024980769230769233,100.1226893261777,120.25083482409065,-20.128145497912943,0.0610639534883721,51.0,78.0,63.1,9.3,20.4,Guard,Guard,78,210.0,1998-12-11,85.6
1631303,Justin,Minaya,19,100.66666666666667,18,8,21,2,10,0,2,6,11,7,5,6,1,5,5,10,10.517966666666668,10.247966666666667,42.45,1496.8899999999999,1290.8233333333333,3.906716666666667,5.146683333333333,4.894716666666667,9562.416666666666,10349.018333333333,-785.5600000000001,0.06846666666666656,0.5454545454545454,0.2,0.38095238095238093,0.0,0.4113345521023766,0.42857142857142855,0.17880794701986755,0.0695364238410596,0.059602649006622516,0.009933774834437085,0.47619047619047616,0.09523809523809523,0.10448311258278146,0.10180099337748344,0.42168874172185433,14.869768211920528,12.82274834437086,0.03880844370860927,0.051125993377483435,0.04862301324503311,94.99089403973508,102.8048178807947,-7.803576158940397,0.0006801324503311248,27.0,19.7,29.8,21.6,75.1,Forward,Forward,77,205.0,1999-03-26,9.5
1631306,Cole,Swider,10,169.5,59,22,63,15,47,0,1,7,16,3,4,4,2,5,22,27,26.404733333333333,3.2401666666666666,51.733333333333334,658.1066666666667,953.3866666666667,4.4654,21.169716666666666,12.76485,19388.551666666666,17006.478333333333,2384.1266666666666,7.6851,0.4375,0.3191489361702128,0.3492063492063492,0.0,0.4650063051702396,0.46825396825396826,0.3480825958702065,0.017699115044247787,0.02359882005899705,0.011799410029498525,0.746031746031746,0.015873015873015872,0.15578013765978369,0.019116027531956736,0.3052114060963619,3.8826352015732546,5.624700098328417,0.026344542772861357,0.12489508357915437,0.07530884955752212,114.3867354965585,100.33320550639134,14.065644051130777,0.04533982300884956,14.0,39.6,18.7,44.4,55.8,Forward,Forward,80,220.0,1999-05-08,54.1
1631311,Lester,Quinones,13,183.36666666666667,86,31,78,13,44,11,13,18,34,24,14,3,2,4,15,19,38.66345,38.901583333333335,186.675,3652.261666666667,1955.4566666666667,3.2601500000000003,13.397950000000002,8.41515,19278.10166666667,20260.821666666667,-982.7200000000003,12.34575,0.5294117647058824,0.29545454545454547,0.3974358974358974,0.8461538461538461,0.5136168179646441,0.4807692307692308,0.4690056353390292,0.1308852935829849,0.016360661697873112,0.010907107798582075,0.5641025641025641,0.16666666666666666,0.21085320850754405,0.21215188147609526,1.0180421741501546,19.917805853481187,10.664188329394655,0.01777940374477368,0.07306644246500636,0.04589247409561898,105.13416651517906,110.49348300309035,-5.35931648791129,0.06732821305217233,44.3,45.6,65.0,11.0,40.2,Guard,Guard,76,208.0,2000-11-16,62.7
1631321,Sidy,Cissoko,97,1549.55,415,146,364,62,211,61,97,84,153,125,81,54,26,70,117,187,194.84943333333334,180.46888333333334,1220.0078333333333,29982.046666666665,19831.321666666667,64.2114,114.12453333333333,88.91743333333334,167158.47833333333,169525.57166666666,-2366.96,49.21861666666667,0.5490196078431373,0.2938388625592417,0.4010989010989011,0.6288659793814433,0.510229172814006,0.48626373626373626,0.26781968958729957,0.08066858120099384,0.03484882707882934,0.016779064889806718,0.5796703296703297,0.2664835164835165,0.1257458186785411,0.11646535015542148,0.7873304077527885,19.34887332881589,12.798116657524227,0.04143874027943596,0.07365011347380422,0.057382745528271654,107.87549826293656,109.4030987490992,-1.527514439676035,0.03176316780140471,45.0,35.8,43.8,30.6,63.5,Guard,Guard,78,220.0,2004-04-02,91.9
1631323,Simone,Fontecchio,145,2409.2833333333333,1043,344,844,199,555,156,186,145,289,166,103,68,21,108,318,426,401.48518333333334,229.92145,1844.1671666666666,33123.685,20029.148333333334,96.83556666666667,295.74898333333334,196.58438333333334,270555.73333333334,265378.08,5180.878333333333,189.08036666666666,0.5017301038062284,0.35855855855855856,0.4075829383886256,0.8387096774193549,0.5632722716668107,0.5254739336492891,0.4329088179749165,0.06890015703148239,0.028224160711691582,0.008716284925669459,0.6575829383886256,0.22037914691943128,0.16664091673180823,0.09543146993919353,0.7654422131062487,13.748356011815408,8.313322080563378,0.04019268523834889,0.12275392405763817,0.08159454747954094,112.29718380984664,110.14814087176686,2.150381510407659,0.07847992141508194,44.6,68.2,40.6,53.8,46.3,Forward,Forward,79,209.0,1995-12-09,28.3
1631338,Mouhamadou,Gueye,2,45.45,16,6,11,1,5,3,4,5,6,6,3,2,1,2,4,6,6.233499999999999,7.468299999999999,90.9,1275.275,638.4749999999999,1.8655,3.65825,2.6721500000000002,5085.11,5855.78,-769.4749999999999,3.3370500000000005,0.8333333333333334,0.2,0.5454545454545454,0.75,0.6269592476489029,0.5909090909090909,0.352035203520352,0.132013201320132,0.044004400440044,0.022002200220022,0.45454545454545453,0.36363636363636365,0.13715071507150714,0.1643190319031903,2.0,28.05885588558856,14.047854785478545,0.04104510451045104,0.08048954895489548,0.05879317931793179,111.88360836083606,128.84004400440043,-16.93014301430143,0.07342244224422442,80.6,40.5,67.9,33.0,44.4,Forward,Forward,81,210.0,1998-07-06,54.8
1631342,Daeqwon,Plowden,38,915.9333333333333,387,136,304,71,203,44,51,65,101,43,30,23,7,37,71,108,145.3004,58.33351666666667,824.37,9524.413333333334,6300.61,35.15275,72.95905,54.11885,101404.20833333333,109095.00666666667,-7692.92,55.97905,0.6435643564356436,0.3497536945812808,0.4473684210526316,0.8627450980392157,0.5927582404117142,0.5641447368421053,0.42251983404905746,0.04694664822767305,0.025110997889220468,0.007642477618458403,0.6677631578947368,0.16776315789473684,0.15863643642186476,0.06368751364728147,0.9000327534755077,10.398587961278114,6.878895843947886,0.038379157871751945,0.07965541524128394,0.05908601426595823,110.7113418007133,119.10802096222433,-8.398995560084431,0.0611169481039377,65.2,70.3,32.4,31.3,18.3,Guard-Forward,Wing,76,216.0,1998-08-29,33.1
1631351,Lucas,Williamson,7,223.73333333333332,73,25,75,15,53,8,8,10,22,18,10,11,1,11,27,38,35.8319,24.02723333333333,462.21466666666663,3825.4766666666665,2168.2799999999997,9.340516666666666,27.163416666666667,17.3697,23797.333333333332,29215.041666666664,-5417.708333333333,9.692133333333333,0.45454545454545453,0.2830188679245283,0.3333333333333333,1.0,0.4648497198166073,0.43333333333333335,0.3262812872467223,0.08045292014302742,0.04916567342073898,0.004469606674612634,0.7066666666666667,0.10666666666666667,0.16015449940405244,0.10739228247914183,2.065917759237187,17.098376042908225,9.691358760429083,0.04174843563766389,0.12140978843861741,0.07763572705601908,106.3647199046484,130.57974523241955,-24.215025327771155,0.04332002383790226,16.7,48.4,56.1,52.7,30.4,Guard,Guard,76,205.0,1999-01-28,58.9
1631386,Taze,Moore,2,19.85,6,2,10,1,4,1,2,1,6,1,2,2,0,4,4,8,4.4525,2.4000000000000004,12.0,109.19999999999999,370.60499999999996,2.45095,3.2427,2.7875,1166.795,1536.04,-369.245,2.0860000000000003,0.16666666666666666,0.25,0.2,0.5,0.275735294117647,0.25,0.30226700251889166,0.05037783375314861,0.10075566750629722,0.0,0.4,0.2,0.22430730478589417,0.12090680100755669,0.6045340050377833,5.501259445843828,18.67027707808564,0.12347355163727959,0.163360201511335,0.14042821158690175,58.780604534005036,77.38236775818639,-18.601763224181358,0.10508816120906801,14.8,18.1,28.3,88.3,70.6,Guard,Guard,77,195.0,1998-06-29,59.7
1631451,Javonte,Cooke,19,93.66666666666667,23,9,41,3,23,2,2,6,18,7,9,6,0,4,15,19,18.474716666666666,9.681533333333334,61.29166666666667,1157.5816666666667,1125.07,2.4283166666666665,16.10215,8.524283333333333,6952.861666666667,9645.84,-2693.965,5.89855,0.3333333333333333,0.13043478260869565,0.21951219512195122,1.0,0.2745940783190067,0.25609756097560976,0.24555160142348753,0.07473309608540925,0.06405693950177936,0.0,0.5609756097560976,0.04878048780487805,0.19723896797153023,0.10336156583629894,0.6543594306049823,12.358523131672598,12.011423487544482,0.025925088967971528,0.1719090747330961,0.09100658362989324,74.22983985765124,102.98049822064057,-28.761192170818507,0.0629738434163701,4.7,37.1,32.0,58.4,67.3,Guard,Guard,78,185.0,1999-07-11,56.5
1631457,Alex,Morales,4,23.583333333333336,8,3,7,0,1,2,2,3,6,4,4,0,0,1,2,3,4.716433333333334,3.9960000000000004,24.0,600.0,651.5,1.2000000000000002,2.184,1.7159999999999997,2809.38,2467.318333333333,342.06166666666667,-3.4028333333333336,0.5,0.0,0.42857142857142855,1.0,0.5076142131979695,0.42857142857142855,0.33922261484098937,0.16961130742049468,0.0,0.0,0.14285714285714285,0.2857142857142857,0.19999010600706713,0.16944169611307422,1.017667844522968,25.4416961130742,27.62544169611307,0.05088339222614841,0.09260777385159011,0.07276325088339221,119.12565371024735,104.62127208480564,14.504381625441695,-0.14428975265017668,39.3,23.2,58.9,47.0,38.7,Guard,Guard,78,210.0,1997-11-21,85.6
1631466,Nate,Williams,34,385.78333333333336,177,70,150,19,56,18,23,51,94,23,29,13,4,25,18,43,76.54386666666667,35.84661666666667,189.9375,3828.286666666667,5273.41,23.28865,17.685533333333332,21.564216666666667,43226.325,47792.42166666667,-4563.841666666666,11.660283333333334,0.5425531914893617,0.3392857142857143,0.4666666666666667,0.782608695652174,0.5527104671496378,0.53,0.458806756815138,0.05961895710027217,0.03369767140450166,0.010368514278308203,0.37333333333333335,0.15333333333333332,0.1984115436125632,0.09291903918434355,0.4923424201840411,9.923411241197563,13.669356720093315,0.06036717501188059,0.045843176221540584,0.05589722210221627,112.0481919903227,123.88410161143993,-11.83006437119281,0.03022495355769646,48.0,44.8,22.4,32.7,27.1,Guard,Guard,77,205.0,1999-02-12,71.0
1641705,Victor,Wembanyama,110,3392.9166666666665,2716,961,1937,264,753,530,639,697,1184,367,304,118,373,212,1030,1242,1050.2076166666666,603.0072666666666,4789.248666666666,42635.72,36713.433333333334,212.51011666666668,921.7514,588.6787666666667,396723.4766666667,361716.3016666667,35029.595,644.6468333333333,0.5886824324324325,0.350597609561753,0.49612803304078473,0.8294209702660407,0.6122191365816714,0.5642746515229736,0.8004912194522903,0.10816652339432642,0.034778337222153996,0.10993491342257154,0.38874548270521425,0.329891584925142,0.30952944615006756,0.1777253395554464,1.4115432641532604,12.566097015841828,10.820611568218101,0.06263346186909002,0.27166933071349625,0.17350227680216138,116.92697335134473,106.6092501535061,10.324331081910845,0.18999783863440994,83.0,59.6,56.0,90.2,81.1,Forward-Center,Big,88,235.0,2004-01-04,64.4
1641706,Brandon,Miller,92,2891.9166666666665,1879,652,1535,308,826,267,302,344,709,315,239,95,64,95,355,450,783.70045,503.11438333333336,4203.8983333333335,41072.346666666665,30277.026666666665,88.29766666666667,351.5402833333333,214.87176666666667,334674.16333333333,324200.68333333335,10494.974999999999,314.91648333333336,0.48519040902679833,0.3728813559322034,0.4247557003257329,0.8841059602649006,0.5632899249346476,0.5250814332247556,0.6497420972250239,0.1089243004927528,0.0328501858628937,0.022130651528686283,0.5381107491856677,0.196742671009772,0.2709968994035098,0.17397264213468577,1.4536720168285164,14.202465492896868,10.469536351324093,0.03053257643431404,0.12155961732415065,0.07430081549145608,115.72745756850993,112.10581794081205,3.6290724144886606,0.10889542114514597,46.0,70.2,58.4,45.4,56.2,Forward,Forward,79,200.0,2002-11-22,23.5
1641707,Taylor,Hendricks,62,1193.0,452,167,373,66,196,52,76,101,177,57,52,55,34,70,166,236,184.0957,84.655,535.4551666666666,13070.118333333334,12795.373333333333,64.45905,168.82758333333334,113.0664,128342.17166666666,141508.55166666667,-13171.508333333333,89.63088333333333,0.5706214689265536,0.336734693877551,0.4477211796246649,0.6842105263157895,0.5560476331069777,0.5361930294906166,0.3788767812238055,0.04777870913663034,0.04610226320201174,0.028499580888516344,0.5254691689008043,0.2037533512064343,0.15431324392288348,0.07095976529756916,0.44883081866443136,10.955673372450406,10.72537580329701,0.05403105616093881,0.1415151578653255,0.09477485331098072,107.57935596535344,118.61571807767533,-11.040660799105895,0.07513066499022072,53.1,47.6,19.8,67.1,52.0,Forward,Forward,81,215.0,2003-11-22,59.0
1641708,Amen,Thompson,148,5178.633333333333,2413,945,1741,50,207,473,637,895,1534,685,328,216,137,427,751,1178,956.9316666666667,962.3865666666667,10762.715666666667,116307.17833333333,55385.28666666667,402.3242833333333,727.1702166666666,562.7496833333333,599547.1066666667,567358.3216666667,32222.16,664.1094,0.5834419817470665,0.24154589371980675,0.5427914991384262,0.7425431711145997,0.59689899469643,0.5571510626076968,0.4659530506761758,0.13227428085917134,0.04170984622712556,0.026454856171834268,0.11889718552556003,0.3658816771970132,0.1847845956783965,0.18583794308665735,2.078292664087694,22.459048719417606,10.694961991258955,0.07768927773736957,0.14041739776903817,0.1086676053527636,115.7732297452996,109.55753866850327,6.222135827341834,0.1282402821851325,76.1,28.9,72.1,75.5,74.4,Guard-Forward,Wing,79,200.0,2003-01-30,43.8
1641709,Ausar,Thompson,132,3223.35,1315,549,1037,17,73,200,333,532,964,362,190,244,109,261,460,721,561.9505666666666,482.7049666666667,6034.305166666667,66009.54166666667,34251.525,252.41868333333332,447.37525,352.56538333333333,375937.835,348689.75,27244.07,331.7851333333333,0.5518672199170125,0.2328767123287671,0.5294117647058824,0.6006006006006006,0.5555461673651481,0.5376084860173578,0.4079606620441466,0.112305520653978,0.07569764375571998,0.0338157506941536,0.0703953712632594,0.32111861137897785,0.1743374336223701,0.1497525762534837,1.8720601754903028,20.478552334269214,10.626064498115316,0.07830942446005967,0.1387920176214187,0.10937856060723575,116.62954224642066,108.17619867529123,8.45209797260614,0.10293177387914229,60.8,17.9,64.4,75.4,87.4,Guard-Forward,Wing,79,205.0,2003-01-30,50.0
1641710,Anthony,Black,142,3797.0833333333335,1695,607,1392,162,495,319,428,445,897,476,271,177,93,99,375,474,778.6604333333333,751.63595,6984.189,79475.10166666667,44843.335,92.9939,380.3106333333333,232.74463333333333,417280.0283333333,418539.07,-1257.4866666666671,319.8398666666667,0.496098104793757,0.32727272727272727,0.4360632183908046,0.7453271028037384,0.5362837906246837,0.4942528735632184,0.4463952595193679,0.12535937671458355,0.046614726215296824,0.024492483265664434,0.35560344827586204,0.3074712643678161,0.20506803906507187,0.19795087018544935,1.8393562602875013,20.93056556567541,11.80994228025897,0.024490876769450234,0.10015862174914957,0.06129563480741797,109.89488291451771,110.22646417206188,-0.33117173268956446,0.08423303851640514,48.6,35.7,68.5,30.7,74.0,Guard,Guard,79,200.0,2004-01-20,77.7
1641711,Gradey,Dick,130,2654.1666666666665,1232,426,1031,170,512,210,243,256,519,149,126,93,17,86,254,340,518.0048333333333,207.3216,1916.028,27874.263333333332,23404.106666666667,83.0951,246.48565,164.33996666666667,293786.32166666666,298559.6583333333,-4786.291666666667,182.83033333333333,0.4932562620423892,0.33203125,0.4131910766246363,0.8641975308641975,0.5413385826771653,0.495635305528613,0.4641758241758242,0.056138147566719,0.0350392464678179,0.0064050235478806915,0.49660523763336567,0.23569350145489815,0.19516665620094192,0.07811174882260596,0.7218943799058085,10.502077237048665,8.817873783359499,0.031307416012558875,0.09286743485086342,0.06191772684458399,110.6887240188383,112.48715541601256,-1.8033124018838307,0.06888427001569859,43.6,51.3,30.2,32.9,42.0,Guard-Forward,Wing,79,200.0,2003-11-20,43.8
1641712,Rayan,Rupert,116,1532.1333333333332,487,181,455,60,195,65,84,121,260,93,85,71,13,74,184,258,228.9729,134.56215,885.8563333333333,20387.093333333334,17739.988333333335,67.83840000000001,181.52068333333332,122.13901666666666,157933.01,176315.61166666666,-18384.316666666666,68.97398333333334,0.4653846153846154,0.3076923076923077,0.3978021978021978,0.7738095238095238,0.4949589397511993,0.46373626373626375,0.3178574536593856,0.06069967800887652,0.04634061439387347,0.008484901227047256,0.42857142857142855,0.18461538461538463,0.14944711078235143,0.08782665781916284,0.5781848838221216,13.306344095378995,11.578619136715693,0.04427708641545558,0.11847577451918893,0.07971826864502654,103.08046079540512,115.07850382908364,-11.999162387955792,0.04501826429379515,23.4,34.5,27.3,54.2,44.0,Guard-Forward,Wing,79,205.0,2004-05-31,50.0
1641713,GG,Jackson,84,1636.4,895,329,713,96,288,141,191,233,425,110,116,43,49,76,251,327,370.95863333333335,163.17338333333333,1129.0608333333332,17896.99166666667,18431.15,73.52673333333334,242.25193333333334,156.93296666666666,186200.345,193179.31333333332,-6994.576666666667,158.50933333333333,0.548235294117647,0.3333333333333333,0.46143057503506313,0.7382198952879581,0.5614523737829971,0.5287517531556802,0.5469322903935467,0.06722072842825715,0.026277193840136884,0.02994377902713273,0.40392706872370265,0.26788218793828894,0.22669190499470382,0.0997148517069991,0.6899662877861973,10.936807422798012,11.263230261549744,0.044932005214698936,0.14803955838018415,0.0959013484885521,113.78657113175262,118.05140145033813,-4.2743685325511285,0.09686466226676443,63.3,43.0,31.3,65.7,37.1,Forward,Forward,81,210.0,2004-12-17,54.8
1641715,Cam,Whitmore,72,1180.6,670,256,572,81,239,77,103,175,333,64,64,46,21,55,154,209,270.24623333333335,96.71271666666667,618.7643333333333,9824.276666666667,10541.703333333333,49.5699,150.3513,98.19521666666667,130828.98833333334,136924.70666666667,-6107.193333333334,117.8541,0.5255255255255256,0.3389121338912134,0.44755244755244755,0.7475728155339806,0.5426683081708028,0.5183566433566433,0.5675080467558868,0.054209723869219045,0.03896323903100119,0.0177875656445875,0.4178321678321678,0.18006993006993008,0.22890583883900845,0.08191827601784404,0.524110057033147,8.321426958043933,8.929106668925405,0.04198704048788752,0.12735160088090802,0.08317399344965837,110.81567705686376,115.97891467615338,-5.172957253373991,0.0998255971539895,49.4,43.0,26.1,56.0,46.2,Forward,Forward,78,230.0,2004-07-08,41.1
1641716,Jarace,Walker,151,3139.9666666666667,1345,477,1093,208,541,183,252,269,552,302,217,117,51,74,546,620,586.56035,437.00933333333336,3857.454,53323.84333333333,38616.16166666667,72.2156,539.3501166666667,303.2658,335753.14,363388.19166666665,-27632.72333333333,282.7939333333333,0.48731884057971014,0.3844731977818854,0.4364135407136322,0.7261904761904762,0.5586104927401402,0.5315645013723697,0.4283484962685379,0.09617936496141148,0.037261542054586566,0.01624221063917876,0.494967978042086,0.23055809698078683,0.18680464229981208,0.13917642437817812,1.2285015764498561,16.982295990403294,12.298271213070203,0.022998842875189756,0.1717693765326596,0.09658249025998153,106.92888671854266,115.72995201647575,-8.800323782630388,0.0900627182878799,41.9,61.0,51.3,57.8,44.0,Forward,Forward,79,235.0,2003-09-04,55.9
1641717,Cason,Wallace,145,3922.4166666666665,1228,484,1073,175,496,85,105,309,577,373,132,270,63,134,333,467,521.7802666666666,487.42351666666667,5125.785666666667,86458.66833333333,30791.01,126.1168,309.54515,220.64663333333334,457978.5983333333,414067.74,43906.975,294.1963666666667,0.5355285961871751,0.3528225806451613,0.451071761416589,0.8095238095238095,0.5486061472480342,0.532618825722274,0.31307229811553255,0.09509443582825214,0.06883511440650959,0.016061526694852238,0.46225535880708296,0.097856477166822,0.13302520130021883,0.12426612420064162,1.3067927510675816,22.042193800590624,7.85000998534067,0.032152830950307,0.07891694746011174,0.056252726847819165,116.75929337780705,105.5644453886847,11.193857953217616,0.07500385391659055,33.6,53.4,62.9,26.4,80.7,Guard,Guard,75,195.0,2003-11-07,37.5
1641718,Keyonte,George,121,3894.5666666666666,2400,761,1800,308,868,570,663,453,932,709,349,104,23,49,403,452,992.8493833333333,1090.2464,9622.319,88251.32333333333,43433.886666666665,46.928,394.2492833333333,218.55203333333333,438099.17833333334,478253.63166666665,-40127.21166666667,415.1732666666667,0.48605150214592274,0.3548387096774194,0.42277777777777775,0.8597285067873304,0.5736905513166197,0.5083333333333333,0.6162431421553104,0.18204849491171463,0.026703869493396783,0.005905663445655058,0.4822222222222222,0.36833333333333335,0.25493192653012314,0.27994036135813144,2.47070337307531,22.660113662624,11.152431164785128,0.012049607572943502,0.10123059048075524,0.056117163227402275,112.48983926324709,122.80021696893964,-10.303382918082457,0.1066031993289797,58.5,62.5,80.0,21.4,14.9,Guard,Guard,76,185.0,2003-11-08,35.7
1641720,Jalen,Hood-Schifino,15,314.68333333333334,106,37,98,14,46,18,21,23,52,37,18,5,7,3,24,27,51.70341666666667,50.17251666666667,352.5916666666667,7200.505,3018.4266666666667,2.638133333333333,24.1017,13.055483333333335,33653.79666666667,38944.57166666667,-5287.508333333333,14.653433333333332,0.4423076923076923,0.30434782608695654,0.37755102040816324,0.8571428571428571,0.49421857515852297,0.4489795918367347,0.33684656533022617,0.11757851808696573,0.015888988930671043,0.022244584502939462,0.46938775510204084,0.21428571428571427,0.1643030030189079,0.15943811238811503,1.1204650177427045,22.881748848048304,9.591949578941794,0.008383454266193528,0.07659032890207086,0.04148768603357873,106.94496054234416,123.75797362427839,-16.80263227583285,0.04656564800593189,24.4,41.2,64.2,6.8,23.9,Guard,Guard,77,210.0,2003-06-19,77.0
1641721,Maxwell,Lewis,28,327.68333333333334,116,45,108,19,50,7,10,26,58,19,14,9,7,18,37,55,54.33388333333333,33.91321666666667,184.368,3755.4966666666664,2775.7833333333333,17.094766666666665,39.95375,27.192083333333333,33698.175,36289.473333333335,-2592.9066666666668,23.054850000000002,0.4482758620689655,0.38,0.4166666666666667,0.7,0.5160142348754448,0.5046296296296297,0.3540003051726769,0.05798280860586949,0.02746554091856976,0.021362087381109812,0.46296296296296297,0.09259259259259259,0.16581216621738468,0.10349387111540614,0.5626407608972076,11.46074970754285,8.470932302527848,0.05216855704185951,0.12192792838614516,0.08298280860586948,102.83762270484716,110.74555719444587,-7.9128426834850725,0.07035710289405422,18.7,52.6,36.3,58.1,55.1,Forward,Forward,79,215.0,2002-07-27,34.5
1641722,Jordan,Hawkins,107,2012.45,862,301,813,157,467,103,125,144,346,108,92,43,33,45,201,246,388.7812666666667,162.07035,1079.74,19571.51,17641.576666666668,39.40038333333333,188.4981,112.749,215330.79,236962.465,-21628.760000000002,122.50376666666666,0.4161849710982659,0.3361884368308351,0.37023370233702335,0.824,0.4965437788018433,0.466789667896679,0.42833362319560736,0.053665929588312754,0.021366990484235633,0.01639792292976223,0.5744157441574416,0.15375153751537515,0.19318803779804053,0.08053385177271484,0.5365301001267112,9.725215533305175,8.76621862240884,0.019578316645548127,0.09366597927898829,0.05602573976993217,106.99932420681259,117.74824964595393,-10.747476955949217,0.06087294922441137,24.1,51.9,27.0,23.1,26.0,Guard,Guard,77,190.0,2002-04-29,53.7
1641723,Kobe,Bufkin,26,243.11666666666667,99,33,97,9,45,24,30,24,52,27,13,5,5,6,28,34,51.525216666666665,38.99961666666667,141.405,4160.2283333333335,2454.93,5.493933333333333,26.715083333333332,16.160883333333334,23392.141666666666,28142.63333333333,-4749.115,13.517433333333333,0.46153846153846156,0.2,0.3402061855670103,0.8,0.44918330308529947,0.3865979381443299,0.4072119010077466,0.11105779118393089,0.02056625762665387,0.02056625762665387,0.4639175257731959,0.30927835051546393,0.21193617604716528,0.16041523274148214,0.5816343319393981,17.112065537807638,10.097744567080277,0.022597929663398915,0.10988585727017207,0.06647377802152601,96.21776239117021,115.75772948515801,-19.534304517721257,0.05560060327689038,37.4,28.7,50.1,34.2,32.0,Guard,Guard,76,195.0,2003-09-21,47.5
1641724,Jett,Howard,115,1396.45,568,203,513,109,331,53,62,94,182,89,51,23,22,43,114,157,240.69538333333333,134.78463333333335,490.7585,18622.466666666667,9765.336666666666,35.66148333333334,116.587,74.39368333333333,150820.785,158694.98,-7869.683333333333,75.46393333333333,0.5164835164835165,0.3293051359516616,0.39571150097465885,0.8548387096774194,0.5256533649218924,0.5019493177387915,0.40674567653693294,0.06373303734469547,0.016470335493572987,0.015754233950374164,0.645224171539961,0.12085769980506822,0.17236233544583288,0.09651948392948788,0.35143291918794084,13.33557711816869,6.992972656856075,0.0255372432477592,0.08348813061692148,0.05327343143924475,108.00299688495829,113.64172007590676,-5.635492379486077,0.05403983911585329,35.5,55.0,36.1,22.0,34.0,Guard,Guard,80,215.0,2003-09-14,94.7
1641725,Trey,Alexander,33,227.88333333333333,79,32,78,9,29,6,9,23,49,20,8,8,3,2,21,23,35.298633333333335,28.507966666666665,119.075,3845.8316666666665,1495.4516666666668,1.4639333333333333,18.389166666666668,10.668183333333333,23372.696666666667,25582.336666666666,-2207.1566666666668,1.351933333333334,0.46938775510204084,0.3103448275862069,0.41025641025641024,0.6666666666666666,0.48194241093216206,0.46794871794871795,0.34666861698237406,0.08776420683098077,0.035105682732392306,0.013164631024647116,0.3717948717948718,0.11538461538461539,0.15489782783588094,0.12509895414320193,0.5225261464199518,16.87631829152344,6.562356468953412,0.006424047392671689,0.08069553133913553,0.046814232428874426,102.56430922255541,112.26067432165581,-9.68546771008557,0.0059325678344182,20.6,27.2,49.5,9.2,50.6,Guard,Guard,77,185.0,2003-05-02,47.9
1641726,Dereck,Lively II,43,948.0,344,145,209,0,0,54,83,145,209,98,51,24,67,118,189,307,122.79646666666666,138.03953333333334,1374.5211666666667,22669.918333333335,12154.361666666666,114.60853333333333,179.08193333333332,145.35518333333334,107648.205,100608.94,7051.508333333333,118.15436666666666,0.69377990430622,,0.69377990430622,0.6506024096385542,0.7005539263603779,0.69377990430622,0.3628691983122363,0.10337552742616034,0.02531645569620253,0.07067510548523206,0.0,0.39712918660287083,0.12953213783403655,0.14561132208157526,1.4499168424753868,23.913415963431788,12.821056610407876,0.12089507735583684,0.18890499296765118,0.1533282524613221,113.55295886075949,106.12757383966245,7.4382999296765115,0.12463540787623066,82.8,37.4,59.6,92.0,72.3,Center,Big,85,230.0,2004-02-12,55.9
1641727,Dariq,Whitehead,26,428.9,212,76,189,52,134,8,12,24,55,21,25,10,1,6,47,53,87.51756666666667,34.19221666666667,254.04833333333335,4081.6233333333334,3418.3366666666666,5.2284500000000005,48.62886666666667,25.196566666666666,43233.503333333334,49991.27666666667,-6756.23,30.4724,0.43636363636363634,0.3880597014925373,0.4021164021164021,0.6666666666666666,0.5456042824788965,0.5396825396825397,0.49428771275355565,0.04896246211238051,0.023315458148752626,0.0023315458148752623,0.708994708994709,0.06349206349206349,0.20405121628973344,0.07972071967047487,0.592325328359369,9.516491800730552,7.970008549001322,0.012190370715784568,0.11338043055879382,0.05874694956089221,100.80089375922904,116.55695189243804,-15.752459780834693,0.07104779668920495,26.4,65.5,29.1,25.7,16.0,Guard-Forward,Wing,78,220.0,2004-08-01,57.5
1641729,Brice,Sensabaugh,146,3193.7833333333333,1888,669,1456,319,814,231,274,350,642,253,231,100,20,98,343,441,728.1607666666666,384.5827,2861.860833333333,40946.655,35679.53833333333,93.27588333333333,335.79718333333335,210.79783333333333,354134.9016666667,384258.17,-30096.704999999998,280.77891666666665,0.5451713395638629,0.3918918918918919,0.45947802197802196,0.843065693430657,0.5987720099457046,0.5690247252747253,0.5911484289792148,0.07921639434943928,0.03131082780610248,0.006262165561220496,0.5590659340659341,0.18818681318681318,0.22799316380259566,0.12041602696905968,0.8960723175752895,12.820736639408851,11.171558809562326,0.02920545121512104,0.10514087785124226,0.06600254661399489,110.88256926216035,120.31441393958053,-9.423527477860635,0.08791420311333997,60.6,78.7,40.8,36.4,21.4,Forward,Forward,78,235.0,2003-10-30,45.3
1641730,Noah,Clowney,112,2822.3333333333335,1229,383,1003,216,653,247,304,167,350,148,148,74,66,95,359,454,552.46055,235.82241666666667,1971.3858333333333,29169.948333333334,27769.015,89.73311666666667,370.1490166666667,223.42525,302786.85,331134.11666666664,-28360.315000000002,187.86026666666666,0.47714285714285715,0.33078101071975496,0.3818544366899302,0.8125,0.5405714486787009,0.48953140578265203,0.43545529703554975,0.05243888035904098,0.02621944017952049,0.023384906106058815,0.6510468594217348,0.30309072781655033,0.19574603165229715,0.08355583441596787,0.6984950395653714,10.33540155899374,9.839027400496043,0.031793947088697296,0.13115,0.07916331049958662,107.28245541514113,117.3263670721625,-10.04853490020078,0.06656204086453289,44.6,54.5,28.8,50.4,35.2,Forward-Center,Big,82,210.0,2004-07-14,19.3
1641731,Bilal,Coulibaly,115,3415.1,1384,493,1165,128,428,270,362,365,737,344,206,153,95,139,398,537,625.6085833333333,497.48046666666664,5195.437,63209.64833333333,37360.095,129.79221666666666,378.05005,251.1795,363363.8516666667,408647.585,-45284.235,255.08181666666667,0.49525101763907736,0.29906542056074764,0.4231759656652361,0.7458563535911602,0.5225481016099315,0.4781115879828326,0.4052589968082926,0.10072911481362186,0.04480103071652367,0.027817633451436268,0.36738197424892705,0.31072961373390556,0.18318895005514724,0.1456708344313978,1.521313285116102,18.50887187295638,10.939678193903546,0.03800539271666032,0.11069955491786478,0.07354967643700037,106.39918352805678,119.65903926678575,-13.260002635354748,0.07469234185431368,45.4,30.6,58.8,46.4,50.1,Guard,Guard,79,195.0,2004-07-26,72.1
1641732,Colby,Jones,40,521.4833333333333,159,60,132,16,51,23,35,44,81,46,23,26,13,21,70,91,73.02508333333334,66.63638333333333,893.1583333333333,10478.48,5932.6883333333335,19.005816666666668,70.2969,43.15453333333333,54762.57666666666,59557.278333333335,-4801.956666666667,40.5902,0.5432098765432098,0.3137254901960784,0.45454545454545453,0.6571428571428571,0.539348710990502,0.5151515151515151,0.30489948544216816,0.08820991402729393,0.049857777493687874,0.024928888746843937,0.38636363636363635,0.26515151515151514,0.14003339831889802,0.12778238358528554,1.7127265173064015,20.09360478123302,11.37656364856659,0.036445683786634285,0.1348018153344626,0.08275342772220269,105.01309086260346,114.2074435104989,-9.208264885422992,0.07783604461631884,46.1,31.9,58.2,54.4,61.9,Guard,Guard,78,207.0,2002-05-28,82.9
1641733,Nick,Smith Jr.,90,1743.6333333333332,776,292,729,138,392,54,61,154,337,176,103,26,8,16,135,151,360.9094333333333,278.78995,2051.3928333333333,28467.386666666665,16817.486666666668,14.554666666666666,129.234,71.42325,181575.34833333333,201312.895,-19754.795,107.6044,0.456973293768546,0.3520408163265306,0.40054869684499317,0.8852459016393442,0.5133361558001693,0.49519890260631,0.44504769733697835,0.10093865300426313,0.014911391921084326,0.00458812059110287,0.5377229080932785,0.08367626886145405,0.20698700032499187,0.15989023877344244,1.1765047123821906,16.32647536752758,9.645082108241413,0.008347320728746487,0.07411764705882354,0.040962310501061,104.13619931560535,115.45597985050374,-11.3296727140645,0.06171274541665871,24.6,58.1,58.4,6.2,15.9,Guard,Guard,74,185.0,2004-04-18,18.6
1641734,Emoni,Bates,10,74.78333333333333,37,13,38,11,30,0,0,2,8,8,2,1,1,0,7,7,14.718516666666666,13.651016666666667,41.81666666666667,1147.1383333333333,363.805,0.0,5.271116666666667,2.531016666666667,6685.863333333334,8244.415,-1559.3683333333333,5.5781333333333345,0.25,0.36666666666666664,0.34210526315789475,,0.4868421052631579,0.4868421052631579,0.4947626476487631,0.10697570759973256,0.01337196344996657,0.01337196344996657,0.7894736842105263,0.0,0.19681546690439045,0.18254089592155115,0.5591709382661021,15.3394918653889,4.864787162915088,0.0,0.07048517940717629,0.03384466235792289,89.403120124805,110.24401604635615,-20.85181635836862,0.07459059505237355,18.5,64.2,58.3,3.6,42.7,Forward,Forward,80,202.0,2004-01-28,37.3
1641736,Reece,Beekman,36,469.3,93,35,107,7,40,16,21,28,67,63,21,33,2,13,26,39,57.09146666666667,93.81230000000001,764.1666666666667,14591.460000000001,4810.741666666667,11.964383333333334,28.405633333333334,19.120116666666668,46640.46333333333,51608.14166666667,-4967.13,75.46456666666667,0.417910447761194,0.175,0.32710280373831774,0.7619047619047619,0.4000344115622849,0.3598130841121495,0.19816748348604304,0.13424248881312592,0.07031749414020882,0.004261666311527807,0.37383177570093457,0.19626168224299065,0.12165239008452305,0.19989835925847008,1.6283116698629165,31.091966759002773,10.250887847148235,0.02549410469493572,0.060527665317139004,0.04074177853540734,99.3830456708573,109.96833937069394,-10.584125292989558,0.16080240073868882,15.0,20.7,75.3,12.2,61.3,Guard,Guard,75,190.0,2001-10-08,31.4
1641737,Adem,Bona,129,2138.733333333333,681,266,412,2,7,147,213,264,405,59,117,56,151,220,332,552,255.06406666666666,80.2932,515.6361666666667,18385.59833333333,36306.193333333336,211.66365,323.6474,265.2724333333333,237127.84166666667,242755.17833333334,-5624.358333333334,167.72595,0.6518518518518519,0.2857142857142857,0.6456310679611651,0.6901408450704225,0.6732974768646681,0.6480582524271845,0.3184127676818055,0.02758642186964247,0.026183722452542007,0.07060253732739005,0.01699029126213592,0.5169902912621359,0.11925940587886912,0.037542408279043676,0.24109418347308378,8.596489355069979,16.97555874193448,0.09896682615878558,0.15132667310869363,0.12403249586982949,110.87302842804154,113.50418238209534,-2.6297613852436026,0.0784230307658739,79.3,33.4,6.4,82.6,54.2,Forward,Forward,82,235.0,2003-03-28,87.3
1641738,Kobe,Brown,101,1234.6,430,160,343,58,165,52,66,102,178,104,65,30,16,87,163,250,184.10973333333334,148.08748333333332,1001.3063333333333,22048.145,14277.918333333333,85.59823333333333,163.78426666666667,126.07616666666667,133422.46833333332,146081.33833333335,-12664.225,98.99773333333333,0.5730337078651685,0.3515151515151515,0.46647230320699706,0.7878787878787878,0.5778948500161273,0.5510204081632653,0.3482909444354447,0.08423780981694477,0.024299368216426375,0.012959663048760733,0.48104956268221577,0.1924198250728863,0.1491250067498245,0.11994774285868567,0.8110370430368811,17.85853312813867,11.564813164857714,0.06933276634807495,0.1326618067930234,0.10211903990496247,108.0693895458718,118.32280765700094,-10.257755548355744,0.08018607916194179,53.4,57.3,45.1,70.9,24.0,Forward,Forward,79,250.0,2000-01-01,62.9
1641739,Toumani,Camara,160,5279.316666666667,1982,720,1607,354,952,188,263,366,655,376,253,210,85,302,569,871,802.9134333333334,527.16135,6661.496,84179.26333333334,57876.185,274.98816666666664,564.8240833333333,415.51478333333336,596920.2116666667,597746.3316666667,-795.0950000000008,399.13078333333334,0.5587786259541985,0.37184873949579833,0.44803982576228996,0.714828897338403,0.5752530881396861,0.5581829495955196,0.37542737538633475,0.07122133862021285,0.03977787529320398,0.016100568571058755,0.5924082140634723,0.16365899191039204,0.1520866210589123,0.09985408780808122,1.2618102721627484,15.945105900700533,10.962817473220966,0.05208783333701646,0.10698810452110279,0.07870616778055241,113.06770352223614,113.22418589527054,-0.15060566550595264,0.0756027358338674,50.1,65.1,44.2,53.7,54.3,Forward,Forward,79,230.0,2000-05-08,51.7
1641740,Jaylen,Clark,108,1409.7333333333333,438,155,348,55,152,73,104,100,196,69,31,83,11,80,93,173,171.79313333333334,87.27023333333334,332.6,20257.975,8886.418333333333,70.6396,88.29473333333333,83.04555,160927.44166666668,154437.625,6498.331666666666,74.71985,0.5102040816326531,0.3618421052631579,0.4454022988505747,0.7019230769230769,0.5561763510767981,0.5244252873563219,0.31069705854535135,0.048945427031117,0.05887638324032914,0.00780289416438097,0.4367816091954023,0.2988505747126437,0.12186214886976261,0.06190549040007567,0.2359311453702828,14.370075900879598,6.303616523219521,0.05010848387401873,0.06263222358838551,0.05890869431570983,114.15452686087204,109.55094935212333,4.609617658185945,0.053002825593492855,44.3,51.0,26.9,33.2,65.0,Guard,Guard,77,205.0,2001-10-13,71.0
1641741,Ricky,Council IV,73,1250.0,532,177,463,55,213,123,153,122,250,97,52,32,13,51,163,214,244.06743333333333,142.68163333333334,935.1178333333334,17274.74,9287.586666666666,46.74648333333333,165.66593333333333,105.67301666666667,137385.23166666666,145409.25166666668,-8023.915,106.56663333333333,0.488,0.25821596244131456,0.38228941684665224,0.803921568627451,0.5015839493136219,0.44168466522678185,0.4256,0.0776,0.0256,0.0104,0.46004319654427644,0.3304535637149028,0.19525394666666665,0.11414530666666667,0.7480942666666667,13.819792000000001,7.430069333333333,0.037397186666666665,0.13253274666666667,0.08453841333333334,109.90818533333332,116.32740133333334,-6.419132,0.08525330666666667,45.3,33.8,46.6,55.6,25.7,Guard,Guard,78,207.0,2001-08-03,82.9
1641744,Zach,Edey,77,1699.65,760,313,531,19,57,115,159,294,474,77,114,43,106,275,395,670,277.5151833333333,102.4225,920.22,15648.91,23545.138333333332,253.16253333333333,359.5015666666667,309.37438333333336,197614.13166666668,185057.08333333334,12551.480000000001,200.71826666666666,0.620253164556962,0.3333333333333333,0.5894538606403014,0.7232704402515723,0.6323216187433439,0.6073446327683616,0.44715088400553055,0.04530344482687612,0.025299326331891858,0.062365781190245044,0.10734463276836158,0.2994350282485876,0.1632778415163906,0.060260936075074274,0.5414173506310123,9.207136763451299,13.852933447082242,0.1489498033908942,0.21151505702154366,0.18202240657390248,116.26754429833593,108.87952421576992,7.3847439178654435,0.11809388207376027,78.0,43.0,13.5,96.4,67.7,Center,Big,87,305.0,2002-05-14,99.1
1641745,Adam,Flagler,37,202.96666666666667,65,25,96,14,72,1,2,11,24,12,4,8,3,7,20,27,41.60733333333333,13.478016666666665,154.9,1602.2916666666665,678.41,7.133033333333334,17.00315,12.408283333333333,19974.353333333333,19423.765,554.7083333333334,-0.9103666666666659,0.4583333333333333,0.19444444444444445,0.2604166666666667,0.5,0.3354665565648225,0.3333333333333333,0.3202496304811956,0.05912300870422073,0.03941533913614715,0.014780752176055182,0.75,0.020833333333333332,0.20499589423550663,0.06640507472491378,0.7631795040236492,7.894358679586138,3.3424700279191986,0.03514386598784694,0.08377311545409756,0.06113458696009197,98.41198883232057,95.69928559697816,2.7330021349975366,-0.004485301363113808,13.1,28.9,30.9,32.3,74.4,Guard,Guard,73,180.0,1999-12-01,9.9
1641747,DaRon,Holmes II,25,209.51666666666668,93,31,61,20,45,11,14,11,16,16,12,1,6,8,27,35,35.4363,21.309066666666666,122.35000000000001,3356.746666666667,2005.73,7.15815,21.333516666666668,15.456083333333334,22787.891666666666,23508.403333333335,-721.4983333333334,26.291016666666668,0.6875,0.4444444444444444,0.5081967213114754,0.7857142857142857,0.6923764145324598,0.6721311475409836,0.44387876859438385,0.07636623975817357,0.004772889984885848,0.02863733990931509,0.7377049180327869,0.22950819672131148,0.1691335613714104,0.10170583088059819,0.5839630896507836,16.021382547132287,9.573128629385092,0.03416506244531063,0.10182252804072867,0.07377018534722775,108.764099912497,112.20302283032376,-3.4436321692784984,0.12548413014080026,77.4,89.8,39.3,43.4,45.0,Forward,Forward,81,225.0,2002-08-15,71.4
1641748,Andre,Jackson Jr.,115,1388.2333333333333,343,133,316,45,136,32,56,88,180,126,89,53,18,90,164,254,183.05195,167.73545000000001,1002.0831666666667,31903.293333333335,21416.333333333332,83.86366666666666,167.59835,125.55556666666666,150941.73666666666,155759.37,-4813.981666666667,63.01935,0.4888888888888889,0.33088235294117646,0.4208860759493671,0.5714285714285714,0.5034640676373885,0.4920886075949367,0.24707662016471774,0.09076284006050855,0.038178020025452016,0.01296612000864408,0.43037974683544306,0.17721518987341772,0.13185964175090642,0.12082655413355105,0.7218405887578937,22.981218335054148,15.427041563618026,0.06041035368694023,0.1207277955194852,0.0904426969529618,108.72937066295292,112.19970466059979,-3.467703556078469,0.045395358609263574,23.9,33.3,45.8,63.4,53.4,Guard,Guard,78,209.0,2001-11-13,84.0
1641750,Ryan,Kalkbrenner,69,1479.1666666666667,521,219,291,0,5,83,116,219,286,54,62,32,101,167,210,377,167.0836,80.19855,528.4916666666667,18172.041666666668,18517.21,163.48211666666666,197.36111666666667,179.8501,166444.435,164590.085,1853.0516666666672,163.73623333333333,0.7657342657342657,0.0,0.7525773195876289,0.7155172413793104,0.7616068296105718,0.7525773195876289,0.352225352112676,0.036507042253521124,0.021633802816901408,0.06828169014084506,0.01718213058419244,0.39862542955326463,0.11295792676056336,0.05421873802816901,0.35729014084507044,12.285323943661972,12.51867718309859,0.11052312112676055,0.1334272338028169,0.1215888,112.5258152112676,111.27217014084506,1.2527673239436623,0.11069491830985914,83.7,27.5,13.6,80.3,57.0,Center,Big,85,256.0,2002-01-17,86.0
1641752,Bobi,Klintman,20,113.76666666666667,37,15,37,6,18,1,5,9,19,13,7,5,1,6,20,26,17.412316666666666,17.76945,44.925,1780.84,1189.4766666666667,4.218216666666667,19.703899999999997,11.6387,11813.455,11995.456666666667,-186.91166666666675,4.237466666666667,0.47368421052631576,0.3333333333333333,0.40540540540540543,0.2,0.471938775510204,0.4864864864864865,0.3252270729563434,0.1142689715792558,0.043949604453559915,0.008789920890711983,0.4864864864864865,0.13513513513513514,0.15305288602402578,0.15619205977146206,0.39488719601523586,15.653442719015528,10.455405801347789,0.037077790799882805,0.17319572223849983,0.10230325227072956,103.83933489598594,105.43911514796368,-1.6429387635511288,0.03724699677702901,21.0,34.9,44.2,67.5,68.2,Forward,Forward,81,225.0,2003-03-06,71.4
1641753,Chris,Livingston,24,123.25,39,13,34,0,11,13,17,13,23,6,6,6,0,10,28,38,19.035933333333332,8.06685,40.48333333333333,1448.6616666666666,1564.4166666666667,6.98095,21.977733333333333,16.661616666666667,11587.891666666666,12542.150000000001,-954.8800000000001,17.6723,0.5652173913043478,0.0,0.38235294117647056,0.7647058823529411,0.470106075216972,0.38235294117647056,0.31643002028397565,0.0486815415821501,0.0486815415821501,0.0,0.3235294117647059,0.5,0.1544497633536173,0.06545111561866127,0.32846517917511825,11.753847194050033,12.693035835023665,0.05664056795131846,0.1783183231913455,0.13518553076402975,94.01940500338065,101.76186612576066,-7.747505070993916,0.14338580121703853,57.3,17.4,14.4,81.7,65.2,Forward,Forward,78,220.0,2003-10-15,30.6
1641755,Kevin,McCullar Jr.,25,184.15,56,22,54,8,25,4,7,14,29,22,12,10,1,11,25,36,29.11975,32.65963333333333,70.08866666666667,4167.38,2519.335,9.75945,24.312483333333333,17.62455,18003.773333333334,20035.453333333335,-2029.4983333333332,9.301,0.4827586206896552,0.32,0.4074074074074074,0.5714285714285714,0.4905395935529082,0.48148148148148145,0.30409991854466467,0.11946782514254684,0.054303556882975834,0.005430355688297583,0.46296296296296297,0.12962962962962962,0.15813060005430354,0.17735342564938003,0.38060638971852656,22.630355688297584,13.680885147977193,0.05299728482215585,0.13202543216580687,0.09570757534618517,97.76689293148702,108.79963797628746,-11.02089781880713,0.050507738256855825,20.9,31.9,49.9,65.6,63.1,Guard,Guard,78,210.0,2001-03-15,85.6
1641757,Jordan,Miller,97,1745.1166666666666,750,270,533,46,148,164,210,224,385,170,89,62,16,73,167,240,307.27345,247.41838333333334,2288.612166666667,33455.87666666667,17149.958333333332,73.40201666666667,162.95718333333335,121.23021666666666,195471.965,198280.11000000002,-2798.8533333333335,168.85141666666667,0.5818181818181818,0.3108108108108108,0.5065666041275797,0.780952380952381,0.5996162456028142,0.549718574108818,0.4297706934588901,0.09741469051734841,0.03552771065926825,0.009168441460456322,0.2776735459662289,0.39399624765478425,0.1760761649173408,0.14177756023952554,1.3114379172357151,19.171140420411245,9.827399314276983,0.042061380805485785,0.09337896224703221,0.0694682590466731,112.01082926642918,113.61997383174001,-1.6038201839418569,0.09675652057646576,74.8,40.8,59.5,42.8,42.4,Guard,Guard,77,194.0,2000-01-23,57.3
1641761,Grant,Nelson,4,35.01666666666667,17,5,9,0,0,7,10,5,9,5,4,1,5,1,5,6,7.819033333333333,5.596100000000001,29.683333333333337,657.9433333333334,580.3900000000001,1.1218666666666668,5.817333333333334,3.332666666666667,3892.2700000000004,4277.240000000001,-384.97,1.4928333333333335,0.5555555555555556,,0.5555555555555556,0.7,0.6343283582089552,0.5555555555555556,0.48548310328415034,0.1427891480247501,0.02855782960495002,0.1427891480247501,0.0,1.1111111111111112,0.22329462160875768,0.1598124702522608,0.8476915754402665,18.789433603046167,16.574678724416945,0.03203807710613993,0.16613041408852927,0.09517372679676343,111.15478343645883,122.14869109947644,-10.993907663017609,0.04263207996192289,78.2,37.0,50.9,61.8,42.2,Forward,Forward,84,215.0,2002-03-18,70.1
1641763,Julian,Phillips,127,1549.9166666666667,506,179,408,70,218,78,99,109,190,49,38,60,27,90,128,218,199.4583,62.47838333333333,139.78333333333333,13650.518333333333,10221.188333333334,84.74371666666667,117.58851666666666,101.73133333333334,173443.91166666668,172421.29666666666,1013.9850000000002,82.73965,0.5736842105263158,0.3211009174311927,0.4387254901960784,0.7878787878787878,0.5602799185047391,0.5245098039215687,0.3264691650088714,0.0316146029356417,0.038711758696704124,0.017420291413516854,0.5343137254901961,0.2426470588235294,0.128689692994247,0.04031080165600301,0.09018764449701597,8.807259530082263,6.59466960589279,0.054676305177697726,0.07586763804505618,0.06563664713156621,111.90531426420776,111.24552717888058,0.6542190440346256,0.05338328942416259,54.5,49.5,18.0,39.7,61.2,Forward,Forward,78,201.0,2003-11-05,13.5
1641764,Brandin,Podziemski,146,4049.1,1880,674,1495,268,721,264,336,406,774,524,206,157,28,137,607,744,762.2105166666666,806.3337166666666,7823.174333333333,88073.58333333333,34252.17333333333,125.18503333333334,606.2008333333333,355.3530333333333,449170.98333333334,437903.395,11267.246666666666,461.85606666666666,0.524547803617571,0.37170596393897365,0.4508361204013378,0.7857142857142857,0.5721798836161769,0.5404682274247492,0.4643007087994863,0.12941147415475043,0.03877404855399966,0.006915116939566817,0.4822742474916388,0.22474916387959867,0.18824195911848723,0.19913899796662632,1.9320773340577742,21.751397429881536,8.459206572654006,0.03091675516369893,0.14971248754867336,0.08776099215463519,110.93106698607922,108.14832802351141,2.7826545816765864,0.11406388250887028,52.3,63.0,76.6,56.4,59.2,Guard,Guard,76,205.0,2003-02-25,58.9
1641765,Olivier-Maxence,Prosper,105,1567.6833333333334,731,262,524,72,199,135,190,190,325,91,61,66,19,103,210,313,272.11101666666667,132.16141666666667,951.7978333333333,19379.268333333333,11980.67,94.73823333333333,202.33256666666665,150.52651666666665,168930.635,182966.45333333334,-14048.671666666667,149.97745,0.5846153846153846,0.36180904522613067,0.5,0.7105263157894737,0.6015470704410797,0.5687022900763359,0.46629315018977047,0.058047437301325736,0.04210033914162086,0.012119794601375702,0.3797709923664122,0.36259541984732824,0.17357524372481686,0.08430364338035955,0.6071365390544433,12.361723774997076,7.642276820361254,0.060431996257747624,0.1290646920615345,0.09601844547687138,107.75813674105102,116.7113596495891,-8.96142184327192,0.09566820467568918,76.6,54.9,34.2,66.5,41.3,Forward,Forward,79,230.0,2002-07-03,51.7
1641766,Adama,Sanogo,4,21.5,8,4,7,0,0,0,0,4,7,1,1,0,0,5,1,6,3.1518333333333333,1.25125,0.0,175.0,225.0,4.533916666666666,1.1106333333333331,2.787516666666667,2240.8966666666665,2595.3166666666666,-354.42,1.86525,0.5714285714285714,,0.5714285714285714,,0.5714285714285714,0.5714285714285714,0.37209302325581395,0.046511627906976744,0.0,0.0,0.0,0.0,0.1465968992248062,0.05819767441860465,0.0,8.13953488372093,10.465116279069768,0.2108798449612403,0.05165736434108526,0.12965193798449615,104.2277519379845,120.71240310077519,-16.484651162790698,0.08675581395348837,44.6,25.4,11.1,69.2,4.3,Forward,Forward,81,245.0,2002-02-12,85.7
1641767,Ben,Sheppard,128,2620.0333333333333,791,288,674,152,431,63,78,136,243,199,63,77,20,87,285,372,314.51778333333334,264.0183666666667,1408.0833333333333,51949.96333333333,16869.895,78.28606666666667,279.5394166666667,178.24023333333332,285745.64,301379.41833333333,-15625.168333333333,156.74013333333335,0.5596707818930041,0.35266821345707655,0.42729970326409494,0.8076923076923077,0.5583634515473233,0.5400593471810089,0.30190455592168036,0.0759532321471737,0.029388939072021985,0.007633490668057658,0.6394658753709199,0.11572700296735905,0.12004342820065902,0.10076908690729126,0.5374295492423761,19.827978015546876,6.438809302680628,0.029879797966946987,0.10669307642396408,0.06802975789112098,109.06183381890817,115.02884886960726,-5.963728832966502,0.059823717255505664,41.1,62.7,47.7,38.7,29.5,Guard,Guard,78,190.0,2001-07-16,62.3
1641771,Jalen,Slawson,13,310.55,95,34,77,15,40,12,17,19,37,36,17,20,14,7,50,57,42.32568333333333,53.63118333333333,143.911,7880.181666666666,3593.0916666666667,6.850150000000001,44.97245,26.4415,33279.75666666667,34543.27166666667,-1263.5150000000003,27.84685,0.5135135135135135,0.375,0.44155844155844154,0.7058823529411765,0.5622632575757576,0.538961038961039,0.30590887135726935,0.11592336177749155,0.06440186765416196,0.04508130735791338,0.5194805194805194,0.22077922077922077,0.13629265282026512,0.1726974185584715,0.46340685879890514,25.374920839371008,11.570090699296946,0.022058122685557884,0.14481548864917082,0.08514409917887619,107.16392422046906,111.23256051092149,-4.068636290452424,0.089669457414265,39.1,60.1,54.6,49.8,79.6,Forward,Forward,79,215.0,1999-10-22,34.5
1641772,Nae'Qwan,Tomlin,69,1067.05,410,163,346,29,125,55,72,134,221,55,31,41,35,95,112,207,166.3424,73.30935000000001,766.1491666666667,13779.236666666666,6558.866666666667,85.37101666666666,103.04383333333334,93.58171666666667,120864.33,116820.8,4049.413333333334,74.2344,0.6063348416289592,0.232,0.47109826589595377,0.7638888888888888,0.54278754501165,0.5130057803468208,0.3842369148587227,0.051543976383487185,0.03842369148587227,0.0328007122440373,0.36127167630057805,0.20809248554913296,0.15588997703950144,0.06870282554706904,0.7180068100526374,12.913393624166314,6.146728519438327,0.08000657576183559,0.09656888930540587,0.08770134170532465,113.26960311138185,109.48015556909236,3.794961185823845,0.06956974837167892,57.2,27.4,33.3,60.3,74.8,Forward,Forward,80,210.0,2000-12-19,43.1
1641774,Tristan,Vukcevic,84,1183.5166666666667,771,272,559,88,246,139,178,184,313,94,104,34,56,58,219,277,303.70793333333336,164.5746,1024.8793333333333,12837.185,14515.706666666667,50.71785,203.16148333333334,130.05608333333333,122301.41,138596.385,-16296.39,131.06785,0.5878594249201278,0.35772357723577236,0.4865831842576029,0.7808988764044944,0.6048766710600639,0.5652951699463328,0.6514483671543846,0.07942431454281731,0.028727943558040304,0.04731661291912521,0.4400715563506261,0.3184257602862254,0.25661483432144316,0.1390555829378547,0.8659610482882933,10.846644886003576,12.264894171325569,0.04285351565250454,0.1716591654814043,0.109889524158229,103.33729422202194,117.10556251848305,-13.769463885876835,0.11074440579628508,80.4,60.3,40.8,72.6,44.3,Forward,Forward,84,220.0,2003-03-11,76.8
1641775,Jordan,Walsh,120,1615.0,446,166,350,63,180,51,69,103,170,73,52,61,42,108,233,341,182.68485,100.13825,591.9355,22874.211666666666,15024.878333333334,104.13241666666667,222.30313333333334,167.33918333333332,188205.89833333335,180350.08666666667,7857.865000000001,107.08665,0.6058823529411764,0.35,0.4742857142857143,0.7391304347826086,0.5862866757808392,0.5642857142857143,0.2761609907120743,0.04520123839009288,0.03777089783281734,0.026006191950464396,0.5142857142857142,0.19714285714285715,0.11311755417956657,0.06200510835913313,0.36652352941176475,14.163598555211559,9.303330237358102,0.06447827657378741,0.13764899896800825,0.10361559339525284,116.53615995872033,111.6718802889577,4.865551083591332,0.06630752321981424,55.0,56.8,23.3,71.5,63.6,Guard,Guard,78,205.0,2004-03-03,79.6
1641778,Leaky,Black,15,433.0833333333333,106,40,103,19,55,7,8,21,48,22,14,18,8,15,60,75,49.1765,26.4285,278.3093333333333,6442.985,3949.7366666666667,12.925166666666666,60.60143333333333,35.96798333333333,47566.206666666665,51858.443333333336,-4298.703333333333,23.246966666666665,0.4375,0.34545454545454546,0.3883495145631068,0.875,0.4975591438227563,0.48058252427184467,0.24475659034058111,0.05079853761785646,0.04156243986915528,0.01847219549740235,0.5339805825242718,0.07766990291262135,0.11354974023475081,0.06102405233788724,0.6426230517606312,14.877009813353858,9.12003848374062,0.02984452568789686,0.13993019049451608,0.08305095247258033,109.8315335770637,119.74241293053686,-9.925811044833557,0.053677814123532806,11.1,55.3,28.6,52.1,43.8,Forward,Forward,78,209.0,1999-06-14,17.6
1641779,Jalen,Bridges,8,30.366666666666667,9,2,7,2,7,3,4,0,0,0,4,0,0,0,4,4,5.771733333333334,0.0,0.0,0.0,1219.8616666666667,0.0,4.340466666666667,1.8642333333333334,2880.3366666666666,2613.358333333333,266.1433333333333,1.768866666666667,,0.2857142857142857,0.2857142857142857,0.75,0.5136986301369864,0.42857142857142855,0.29637760702524696,0.0,0.0,0.0,1.0,0.5714285714285714,0.19006805708013172,0.0,0.0,0.0,40.17107574094402,0.0,0.1429352360043908,0.06139077936333699,94.85192096597146,86.06009879253567,8.764324917672885,0.05825027442371022,51.6,44.7,1.3,31.1,41.4,Forward,Forward,80,225.0,2001-05-14,59.8
1641780,Johni,Broome,11,54.75,10,4,24,0,5,2,6,4,19,4,3,3,2,7,9,16,11.931633333333334,7.5043,17.116666666666667,440.49,380.68000000000006,5.940766666666667,7.932083333333334,6.9523166666666665,4894.761666666666,5587.776666666667,-691.2133333333334,-4.324883333333333,0.21052631578947367,0.0,0.16666666666666666,0.3333333333333333,0.18768768768768768,0.16666666666666666,0.182648401826484,0.0730593607305936,0.0547945205479452,0.0365296803652968,0.20833333333333334,0.25,0.21792937595129377,0.1370648401826484,0.3126331811263318,8.045479452054794,6.953059360730594,0.10850715372907153,0.14487823439878236,0.12698295281582953,89.40203957382039,102.05984779299848,-12.624901065449011,-0.07899330289193303,15.7,5.8,40.4,83.0,90.9,Forward,Forward,81,244.0,2002-07-19,84.7
1641783,Tristan,da Silva,151,3528.1,1295,478,1103,200,560,139,158,278,543,237,125,101,43,131,398,529,546.2232,345.5838,2965.883,53667.081666666665,28744.773333333334,123.84371666666667,406.86968333333334,260.1458,388270.4083333333,391940.865,-3687.0566666666664,277.47316666666666,0.5119705340699816,0.35714285714285715,0.43336355394378967,0.879746835443038,0.5522293862791253,0.5240253853127833,0.3670530880643973,0.06717496669595534,0.028627306482242567,0.012187863155806241,0.5077062556663645,0.14324569356300998,0.15482078172387406,0.09795181542473286,0.8406459567472577,15.211326681972356,8.147380554217095,0.0351020993358087,0.11532260517936944,0.07373538165017998,110.05085126082972,111.09120064624018,-1.0450544674659636,0.0786466275521291,35.5,62.2,44.9,46.6,47.0,Forward,Forward,80,217.0,2001-05-15,50.0
1641787,Tosan,Evbuomwan,33,672.6833333333333,267,94,221,24,77,55,73,70,144,55,39,24,10,33,89,122,122.53045,87.36355,630.6451666666667,10993.595,7412.263333333333,30.0325,93.67776666666667,59.592150000000004,69190.53,72812.02833333334,-3623.0066666666667,57.62525,0.4861111111111111,0.3116883116883117,0.4253393665158371,0.7534246575342466,0.5274178255372945,0.4796380090497738,0.39691781670424425,0.08176209707390798,0.03567800599588712,0.014865835831619633,0.34841628959276016,0.33031674208144796,0.1821517554074478,0.12987321919674935,0.9375067515671069,16.342897846931443,11.018948985406706,0.044645821461311665,0.13925983003394368,0.0885887118753252,102.85750600827532,108.24116597705707,-5.385902232353015,0.08566475062560393,44.2,32.5,48.6,61.7,64.9,Forward,Forward,80,217.0,2001-02-16,50.0
1641789,Jazian,Gortman,16,56.61666666666667,24,9,23,4,11,2,4,5,12,6,5,2,1,1,4,5,11.002,8.939616666666666,24.083333333333332,864.7166666666667,532.5666666666666,1.0466666666666666,4.341666666666667,2.13355,5851.7266666666665,5558.358333333334,291.5083333333334,1.1107666666666667,0.4166666666666667,0.36363636363636365,0.391304347826087,0.5,0.4846526655896607,0.4782608695652174,0.42390344421548426,0.10597586105387106,0.03532528701795702,0.01766264350897851,0.4782608695652174,0.17391304347826086,0.1943244038857816,0.15789726229025608,0.4253753311745658,15.273182219605534,9.406535178098322,0.018486900206064173,0.07668531056814837,0.0376841330585811,103.35696202531645,98.17530173682661,5.148807771563145,0.019619075654989698,24.7,44.7,46.6,10.0,73.3,Guard,Guard,74,184.0,2003-04-14,16.5
1641790,PJ,Hall,38,279.56666666666666,119,44,83,5,13,26,33,39,70,14,18,3,14,39,58,97,47.52588333333333,25.132033333333332,60.958333333333336,2828.66,3868.9150000000004,35.809916666666666,55.247083333333336,45.355916666666666,29311.78166666667,30428.791666666668,-1114.6433333333332,54.21483333333334,0.5571428571428572,0.38461538461538464,0.5301204819277109,0.7878787878787878,0.6101312551271534,0.5602409638554217,0.42565875760104926,0.05007750089424109,0.010730893048765948,0.05007750089424109,0.1566265060240964,0.39759036144578314,0.1699983903660427,0.08989638726600692,0.21804578514367476,10.118015977107428,13.83897102658877,0.12809079527840705,0.19761684750208658,0.1622364969595803,104.84719804459283,108.84270299272684,-3.98703946583999,0.1939245260522237,71.5,59.9,17.9,93.4,60.7,Center,Big,80,245.0,2002-02-21,24.4
1641794,Dillon,Jones,61,590.8833333333333,144,53,142,17,68,21,32,36,74,62,28,19,4,32,96,128,76.84371666666667,88.74526666666667,472.8378333333333,14689.553333333333,6885.748333333333,26.602666666666668,91.79998333333333,60.839933333333335,64627.00166666666,61262.56166666667,3367.87,33.83571666666666,0.4864864864864865,0.25,0.3732394366197183,0.65625,0.46130189646335207,0.43309859154929575,0.2437029306405664,0.10492765069246608,0.03215524779285251,0.006769525851126844,0.4788732394366197,0.22535211267605634,0.13004888161791667,0.15019084421628634,0.8002219840352015,24.860327757876625,11.653312836713395,0.0450218599272276,0.15536059007700334,0.10296437537020844,109.3735396158294,103.67962372718812,5.699720757058641,0.05726293966660084,26.0,25.3,55.9,69.0,57.1,Forward,Forward,77,235.0,2001-10-29,39.4
1641796,Pelle,Larsson,125,2631.116666666667,1051,366,762,94,287,225,292,272,475,301,125,81,23,97,239,336,414.5266833333333,392.61248333333333,4332.029166666667,60690.25666666667,23891.736666666668,92.93041666666667,227.90218333333334,158.51871666666668,301325.18333333335,294718.06666666665,6601.415,200.88716666666667,0.5726315789473684,0.32752613240418116,0.48031496062992124,0.7705479452054794,0.5901311652142665,0.541994750656168,0.3994501700798773,0.11440009628358047,0.030785407970000064,0.008741535596419771,0.3766404199475066,0.38320209973753283,0.1575478155662678,0.14921895646335206,1.6464603115280585,23.06634952206604,9.080455066606701,0.035319762838338604,0.08661804557000513,0.060247695845236815,114.52368766113247,112.01254220324702,2.508978443879975,0.07635053557741643,70.2,45.9,68.2,32.9,42.3,Guard,Guard,77,215.0,2001-02-23,80.6
1641798,Jaylen,Martin,16,238.63333333333333,78,31,74,7,23,9,10,24,51,17,12,9,0,11,33,44,36.73035,28.116866666666667,136.6455,4041.4083333333333,2770.2933333333335,9.262183333333333,33.7296,20.091066666666666,22393.324999999997,28716.596666666665,-6328.255,19.027866666666668,0.47058823529411764,0.30434782608695654,0.4189189189189189,0.9,0.4974489795918367,0.46621621621621623,0.3268612934767426,0.07123899986031569,0.03771476463193184,0.0,0.3108108108108108,0.13513513513513514,0.15391961167760862,0.11782455650230479,0.5726169856125157,16.935640452577175,11.608995669786284,0.03881345159938539,0.14134488056991198,0.0841922056153094,93.8398868557061,120.33774270149462,-26.518738650649535,0.07973683475345719,21.3,35.5,39.2,57.6,23.6,Guard,Guard,78,216.0,2004-01-28,90.7
1641801,Emanuel,Miller,11,57.78333333333333,25,10,21,2,7,3,4,8,14,6,0,3,0,5,6,11,8.867883333333333,8.2981,0.0,993.3333333333334,0.0,4.116616666666666,5.5590166666666665,5.065216666666666,5908.241666666667,7025.5633333333335,-1117.3216666666665,5.189866666666667,0.5714285714285714,0.2857142857142857,0.47619047619047616,0.75,0.5492091388400703,0.5238095238095238,0.4326507066628209,0.10383616959907702,0.05191808479953851,0.0,0.3333333333333333,0.19047619047619047,0.15346783963080474,0.14360715315835015,0.0,17.190654744736083,0.0,0.07124228439573117,0.09620449956734929,0.08765878280934525,102.24819728872224,121.58459763484281,-19.336400346120563,0.08981597923276609,55.0,30.3,49.0,58.7,29.8,Forward,Forward,77,215.0,2000-06-19,17.9
1641803,Tristen,Newton,9,28.133333333333333,15,5,17,2,8,3,4,3,9,2,2,2,0,4,3,7,7.036583333333333,2.6900833333333334,0.0,348.33333333333337,209.33666666666664,2.5805,2.07625,2.46075,2819.1916666666666,2962.6133333333332,-142.94666666666672,1.5953333333333333,0.3333333333333333,0.25,0.29411764705882354,0.75,0.3997867803837953,0.35294117647058826,0.533175355450237,0.07109004739336493,0.07109004739336493,0.0,0.47058823529411764,0.23529411764705882,0.2501155213270142,0.09561907582938389,0.0,12.381516587677726,7.440876777251185,0.09172393364928909,0.07380035545023697,0.08746741706161137,100.20823459715639,105.30616113744075,-5.081042654028438,0.05670616113744076,31.7,27.6,30.8,55.6,66.9,Guard,Guard,77,190.0,2001-04-26,53.7
1641807,Norchad,Omier,6,23.666666666666668,17,7,10,0,1,3,3,7,9,2,0,1,0,4,3,7,4.0901000000000005,3.14835,0.0,314.835,0.0,3.2882,3.7750166666666667,3.589733333333333,2266.8866666666668,3598.7966666666666,-1331.415,4.168783333333334,0.7777777777777778,0.0,0.7,1.0,0.7508833922261484,0.7,0.7183098591549295,0.08450704225352113,0.04225352112676056,0.0,0.1,0.3,0.17282112676056338,0.13302887323943663,0.0,13.30288732394366,0.0,0.13893802816901407,0.15950774647887322,0.1516788732394366,95.78394366197183,152.0618309859155,-56.25697183098591,0.17614577464788733,91.8,38.6,42.8,89.7,24.2,Forward,Forward,79,248.0,2001-08-28,62.3
1641809,Drew,Peterson,31,250.41666666666666,59,19,57,13,45,8,11,6,12,15,8,8,3,12,37,49,29.663916666666665,20.291466666666665,70.81666666666666,3844.1466666666665,2147.173333333333,11.597966666666666,36.29558333333333,24.769066666666667,28361.575,26391.898333333334,1969.9716666666666,17.983616666666666,0.5,0.28888888888888886,0.3333333333333333,0.7272727272727273,0.47703751617076323,0.4473684210526316,0.23560732113144758,0.059900166389351084,0.03194675540765391,0.011980033277870217,0.7894736842105263,0.19298245614035087,0.11845823627287853,0.08103081530782029,0.28279534109816973,15.351001663893511,8.574402662229616,0.04631467554076539,0.14494076539101497,0.0989114143094842,113.257537437604,105.39194009983362,7.86677537437604,0.07181477537437604,26.4,41.3,30.1,66.6,61.7,Forward,Forward,80,205.0,1999-11-09,38.9
1641810,Antonio,Reeves,54,727.2166666666667,332,123,268,58,142,28,35,65,126,42,31,22,4,20,51,71,128.82038333333333,63.80886666666667,522.7488333333333,8558.091666666667,5892.9783333333335,18.17846666666667,52.61848333333334,33.92948333333334,78749.215,84072.225,-5322.468333333333,60.72898333333333,0.5158730158730159,0.4084507042253521,0.458955223880597,0.8,0.5857445306986592,0.5671641791044776,0.45653519125432585,0.05775445190566773,0.030252331950587855,0.005500423991015974,0.5298507462686567,0.13059701492537312,0.17714168175463524,0.08774395526321821,0.7188350560355694,11.768283180161804,8.103469850801,0.02499731854330438,0.07235599202438521,0.04665663603236083,108.28851786491875,115.60822084202324,-7.318958128022368,0.08350878921916897,44.4,76.1,35.5,15.1,26.1,Guard,Guard,77,205.0,2000-11-20,71.0
1641813,Mark,Sears,7,26.083333333333336,22,6,13,4,8,6,8,2,5,2,4,0,0,1,1,2,9.071100000000001,1.981666666666667,5.866666666666667,178.80666666666667,621.3066666666667,3.0833333333333335,0.8083333333333333,1.3091833333333334,3319.4233333333336,2727.2950000000005,592.1283333333333,2.74775,0.4,0.5,0.46153846153846156,0.75,0.665859564164649,0.6153846153846154,0.8434504792332268,0.07667731629392971,0.0,0.0,0.6153846153846154,0.6153846153846154,0.3477738019169329,0.07597444089456869,0.22492012779552714,6.855207667731629,23.82006389776358,0.1182108626198083,0.030990415335463258,0.0501923322683706,127.26223642172523,104.56083067092653,22.70140575079872,0.10534504792332267,60.9,85.3,11.0,34.9,38.8,Guard,Guard,72,185.0,2002-02-19,9.9
1641815,Isaiah,Stevens,6,48.333333333333336,10,3,9,0,2,4,4,3,7,10,2,6,0,2,3,5,5.310833333333334,15.331233333333333,40.56666666666667,2100.605,369.1566666666667,1.8135500000000002,2.0292833333333333,2.202383333333333,5061.508333333333,5443.418333333333,-380.0116666666667,5.967916666666667,0.42857142857142855,0.0,0.3333333333333333,1.0,0.4646840148698885,0.3333333333333333,0.20689655172413793,0.20689655172413793,0.12413793103448276,0.0,0.2222222222222222,0.4444444444444444,0.10987931034482759,0.31719793103448274,0.8393103448275863,43.460793103448275,7.637724137931035,0.037521724137931034,0.0419851724137931,0.04556655172413793,104.72086206896552,112.62244827586206,-7.862310344827587,0.1234741379310345,30.0,22.3,82.3,19.0,50.6,Guard,Guard,71,185.0,2000-11-01,8.1
1641816,Hunter,Tyson,72,561.85,180,59,172,30,107,32,41,29,65,37,19,12,7,29,85,114,85.97466666666666,54.56258333333333,177.38333333333333,8068.126666666666,4445.123333333333,22.306333333333335,76.60286666666667,52.26441666666667,55787.02333333333,60767.17333333333,-4982.626666666666,42.798766666666666,0.4461538461538462,0.2803738317757009,0.3430232558139535,0.7804878048780488,0.47358450852452116,0.43023255813953487,0.3203702055708819,0.06585387558957016,0.02135801370472546,0.012458841327756518,0.622093023255814,0.23837209302325582,0.15302067574382247,0.09711236688321319,0.3157129720269348,14.3599299931773,7.9115837560440205,0.039701581086292306,0.136340423007327,0.09302201061967903,99.29166740826436,108.15551007089674,-8.868250719349765,0.07617472041766782,25.6,39.7,36.1,61.1,49.1,Forward,Forward,80,215.0,2000-06-13,47.3
1641817,Anton,Watson,9,22.166666666666668,8,4,9,0,1,0,0,4,8,2,2,1,0,1,2,3,4.1797,3.658333333333333,4.416666666666667,233.33333333333334,290.0,0.5,1.8624999999999998,1.4838166666666668,2260.8233333333333,2687.076666666667,-426.25333333333333,1.1299166666666665,0.5,0.0,0.4444444444444444,,0.4444444444444444,0.4444444444444444,0.3609022556390977,0.09022556390977443,0.045112781954887216,0.0,0.1111111111111111,0.0,0.18855789473684212,0.1650375939849624,0.19924812030075187,10.526315789473685,13.082706766917292,0.022556390977443608,0.08402255639097743,0.06693909774436091,101.99203007518796,121.2215037593985,-19.229473684210525,0.0509736842105263,22.3,6.9,34.1,28.4,27.9,Forward,Forward,80,225.0,2000-10-06,59.8
1641824,Matas,Buzelis,157,3759.6,1940,698,1518,269,761,275,346,429,757,237,233,84,191,132,594,726,775.9528666666666,348.37593333333336,2888.5066666666667,38563.07666666667,40440.695,125.13831666666667,548.7993333333334,339.88118333333335,415491.4666666667,432942.30333333334,-17457.901666666665,330.3951,0.5667107001321003,0.35348226018396844,0.4598155467720685,0.7947976878612717,0.5807548615767794,0.5484189723320159,0.5160123417384829,0.06303862112990744,0.022342802425789978,0.05080327694435578,0.5013175230566534,0.22793148880105402,0.20639239990069866,0.09266303152817677,0.7683015923679825,10.257228605880059,10.756648313650388,0.033285008156896126,0.14597279852466577,0.09040354913643296,110.5148065397028,115.15648029932262,-4.643552948895272,0.08788038621129908,64.7,60.0,30.7,58.8,43.9,Forward,Forward,80,196.0,2004-10-13,35.2
1641842,Ronald,Holland II,159,2816.9,1162,432,960,86,349,212,271,346,611,177,168,141,44,123,410,533,509.51466666666664,264.39731666666665,1605.8251666666667,36750.03666666667,32775.45333333333,117.33531666666667,392.31718333333333,254.44141666666667,310542.725,303171.14,7354.538333333334,233.38355,0.5662847790507365,0.24641833810888253,0.45,0.7822878228782287,0.538341796078722,0.4947916666666667,0.4125102062551031,0.0628350314175157,0.05005502502751251,0.015620007810003904,0.36354166666666665,0.28229166666666666,0.1808777971055652,0.09386109434721383,0.5700682192007763,13.046269539801436,11.635291750979208,0.041654058243695787,0.1392726697196682,0.09032674808004071,110.24272249636124,107.62580851290426,2.6108624137645404,0.08285120167560084,59.2,29.0,28.6,61.4,75.0,Forward,Forward,80,206.0,2005-07-07,40.2
1641854,Craig,Porter Jr.,115,1660.95,477,188,398,54,141,47,72,134,257,276,97,74,53,104,183,287,215.22045,350.9105333333333,3030.608166666667,55082.375,19646.74,99.88721666666667,176.6526,139.78245,189811.76833333334,186720.94833333333,3081.7566666666658,149.3507,0.5214007782101168,0.3829787234042553,0.4723618090452261,0.6527777777777778,0.5550642338484454,0.5402010050251256,0.28718504470333245,0.16616996297299738,0.044552816159426835,0.03190944941148138,0.3542713567839196,0.18090452261306533,0.12957671814323127,0.21127097945954623,1.824623358118346,33.1631746891839,11.828616153406184,0.060138605416578866,0.10635636232276709,0.08415813239411181,114.27903810068536,112.4181633001194,1.8554180840282162,0.08991884162677985,35.8,50.5,75.0,57.1,68.6,Guard,Guard,73,180.0,2000-02-26,9.9
1641857,Liam,Robbins,13,56.96666666666667,9,2,8,0,2,5,10,2,6,2,6,2,2,7,5,12,7.221716666666667,2.4054166666666665,15.483333333333334,432.2483333333333,1295.5816666666667,7.3990833333333335,4.587866666666667,5.584933333333333,4556.173333333333,4905.368333333333,-349.19500000000005,-1.7712666666666668,0.3333333333333333,0.0,0.25,0.5,0.3629032258064516,0.25,0.15798712697483908,0.03510825043885313,0.03510825043885313,0.03510825043885313,0.25,1.25,0.12677091866588647,0.042224985371562315,0.27179637214745467,7.5877413692217655,22.742802808660034,0.12988443534230543,0.08053598595669982,0.09803861907548272,79.97963721474547,86.10944997074311,-6.12981275599766,-0.03109303686366296,27.4,7.5,6.3,63.5,81.8,Center,Big,84,250.0,1999-07-12,70.0
1641869,Malachi,Smith,15,358.81666666666666,124,48,99,20,46,8,8,28,53,49,14,12,4,12,39,51,48.395783333333334,73.25189999999999,436.56,10797.831666666665,3147.5216666666665,11.775116666666666,45.04045,26.36525,37777.06166666667,42409.24333333333,-4634.8966666666665,33.40585,0.5283018867924528,0.43478260869565216,0.48484848484848486,1.0,0.6047600468201327,0.5858585858585859,0.34558037995262203,0.13655998885224582,0.0334432625760602,0.011147754192020066,0.46464646464646464,0.08080808080808081,0.1348760741325654,0.20414854382460865,1.21666589251707,30.09289330670258,8.771949463514328,0.03281652654558967,0.12552496632449256,0.07347833155278927,105.28234938919597,118.19195503739142,-12.917172186353291,0.09310005109387338,39.1,82.4,75.5,46.8,31.5,Guard,Guard,76,205.0,1999-12-06,58.9
1641871,Duop,Reath,78,727.6,288,103,240,57,161,25,28,46,79,36,23,17,22,54,76,130,109.63136666666666,52.466683333333336,401.68333333333334,7919.076666666666,4813.34,49.35516666666667,80.15358333333333,66.56423333333333,77802.95833333333,82478.52333333333,-4677.086666666667,48.8476,0.5822784810126582,0.35403726708074534,0.42916666666666664,0.8928571428571429,0.570703868103995,0.5479166666666667,0.3958218801539307,0.04947773501924134,0.02336448598130841,0.030236393622869707,0.6708333333333333,0.11666666666666667,0.15067532527029504,0.07210924042514202,0.5520661535642294,10.883832691955286,6.615365585486531,0.06783282939343963,0.11016160436137071,0.0914846527396005,106.9309487813817,113.35695895180501,-6.428101520982225,0.06713523914238592,51.6,70.3,29.4,63.0,46.8,Center,Big,81,245.0,1996-06-26,30.2
1641878,Damion,Baugh,15,370.48333333333335,109,42,130,12,56,13,15,30,74,56,31,15,2,14,36,50,68.84885,90.37768333333334,690.095,9459.078333333333,4986.8,11.7738,35.61966666666667,23.710966666666668,36903.42166666667,45033.22,-8130.848333333333,18.3048,0.40540540540540543,0.21428571428571427,0.3230769230769231,0.8666666666666667,0.3989751098096633,0.36923076923076925,0.29421026586890997,0.15115389806109136,0.04048765126636376,0.005398353502181834,0.4307692307692308,0.11538461538461539,0.18583521525934588,0.2439453416707904,1.8626883800440865,25.531724324081154,13.460254622340186,0.03177956723199424,0.09614377614827477,0.06400008997255836,99.6088577983715,121.55262045076252,-21.946596787979665,0.049407890593369024,11.1,30.2,74.3,35.2,27.9,Guard,Guard,76,194.0,2000-08-03,45.1
1641879,Yuri,Collins,2,16.3,2,1,3,0,0,0,0,1,3,4,0,2,0,2,1,3,1.0882666666666667,5.339583333333334,0.0,1166.25,0.0,1.3416666666666668,1.5458333333333334,1.2574,1554.8933333333334,1814.5300000000002,-260.6483333333333,0.82565,0.3333333333333333,,0.3333333333333333,,0.3333333333333333,0.3333333333333333,0.12269938650306748,0.24539877300613497,0.12269938650306748,0.0,0.0,0.0,0.06676482617586912,0.32758179959100203,0.0,71.54907975460122,0.0,0.08231083844580778,0.09483640081799591,0.07714110429447853,95.39222903885481,111.32085889570553,-15.990695296523516,0.05065337423312883,2.6,2.6,74.1,55.7,54.4,Guard,Guard,72,190.0,2001-03-07,15.7
1641890,Tyler,Smith,35,287.1666666666667,123,45,100,23,65,10,14,22,35,9,14,9,4,18,40,58,47.395300000000006,14.402016666666666,32.53333333333333,2203.2233333333334,3457.653333333333,15.838216666666668,34.344899999999996,25.04505,30966.285,31124.489999999998,-156.33000000000004,22.023216666666666,0.6285714285714286,0.35384615384615387,0.45,0.7142857142857143,0.5793142426525999,0.565,0.428322692977365,0.031340684852002317,0.031340684852002317,0.013929193267556586,0.65,0.14,0.1650445734184562,0.05015211839814277,0.11329077190946023,7.672280905397562,12.040580383052813,0.055153395240858966,0.11959918746372604,0.08721433546140452,107.83384213580963,108.38475914103307,-0.5443876958792805,0.07669141033081833,60.8,61.4,8.1,60.4,59.6,Forward,Forward,81,224.0,2004-11-02,69.3
1641936,Miles,Norris,3,34.91666666666667,7,2,9,2,7,1,2,0,2,0,0,2,1,2,7,9,4.3580000000000005,0.0,0.0,0.0,0.0,1.5853000000000002,5.593566666666667,3.715983333333334,3055.09,3872.9233333333336,-817.8333333333335,3.1775666666666664,0.0,0.2857142857142857,0.2222222222222222,0.5,0.35425101214574894,0.3333333333333333,0.20047732696897372,0.0,0.05727923627684964,0.02863961813842482,0.7777777777777778,0.2222222222222222,0.12481145584725536,0.0,0.0,0.0,0.0,0.04540238663484487,0.16019761336515512,0.10642434367541766,87.49661097852028,110.91904534606205,-23.42243436754177,0.09100429594272075,13.6,34.6,16.0,71.0,75.6,Forward,Forward,79,220.0,2000-04-15,41.2
1641989,Elijah,Harkless,36,682.8166666666667,210,65,196,28,113,52,70,37,83,83,29,41,7,19,55,74,105.32931666666667,109.60196666666667,1141.9888333333333,14974.49,5218.763333333333,17.132533333333335,53.6594,34.630383333333334,77632.89666666667,77548.61666666667,88.99000000000001,35.03366666666667,0.4457831325301205,0.24778761061946902,0.33163265306122447,0.7428571428571429,0.46296296296296297,0.4030612244897959,0.30754961068124675,0.12155532231687373,0.06004540018062437,0.010251653689374892,0.576530612244898,0.35714285714285715,0.15425709682930996,0.16051448656301104,1.672467719495228,21.930469379286777,7.642993482877297,0.02509097122214357,0.0785853694256633,0.05071695672337621,113.69508164709902,113.57165173667894,0.1303278088310674,0.051307574019380506,32.2,33.1,72.2,19.0,54.7,Guard,Guard,75,195.0,2000-02-03,37.5
1641998,Trey,Jemison III,51,473.6166666666667,108,47,84,0,0,14,34,47,84,21,34,10,17,52,71,123,55.38415,29.967433333333332,87.0495,5176.115,10443.703333333333,48.782000000000004,65.01676666666667,59.19571666666667,49541.69,51578.04,-2033.3616666666671,25.572016666666666,0.5595238095238095,,0.5595238095238095,0.4117647058823529,0.5456750202101859,0.5595238095238095,0.22803251574761585,0.044339655839814196,0.02111412182848295,0.035894007108421014,0.0,0.40476190476190477,0.1169387690466974,0.06327360382869408,0.18379737481085265,10.928912270823803,22.050962452053348,0.10299890910370553,0.13727719322940493,0.12498655734243587,104.60292782489356,108.90250202343668,-4.293264595136715,0.05399306752999965,55.7,13.5,9.6,80.9,60.9,Center,Big,82,270.0,1999-11-28,59.9
1642024,Alex,Reese,15,216.05,76,26,54,15,41,9,12,11,13,4,6,10,10,9,38,47,26.564966666666667,4.64485,0.0,1473.13,1838.9883333333332,9.35835,34.00256666666667,21.898483333333335,25381.351666666666,24207.15166666667,1179.5116666666663,17.989233333333335,0.8461538461538461,0.36585365853658536,0.48148148148148145,0.75,0.641025641025641,0.6203703703703703,0.35177042351307564,0.018514232816477665,0.046285582041194165,0.046285582041194165,0.7592592592592593,0.2222222222222222,0.12295749440715883,0.02149895857440407,0.0,6.818467947234437,8.511864537529892,0.04331566766952094,0.1573828589061174,0.10135840469027231,117.47906348839003,112.04421044511302,5.459438401604565,0.08326421353081849,72.1,75.4,12.6,68.3,73.3,Forward-Center,Big,81,245.0,1999-05-21,30.2
1642050,Jackson,Rowe,6,51.733333333333334,22,8,17,3,10,3,6,5,7,4,1,4,0,3,8,11,7.50075,5.531000000000001,0.0,798.3283333333334,167.33333333333334,2.0944000000000003,8.27825,4.90875,5986.203333333334,5352.05,633.9833333333336,4.994266666666666,0.7142857142857143,0.3,0.47058823529411764,0.5,0.560081466395112,0.5588235294117647,0.4252577319587629,0.07731958762886598,0.07731958762886598,0.0,0.5882352941176471,0.35294117647058826,0.14498872422680412,0.10691365979381444,0.0,15.4316043814433,3.234536082474227,0.04048453608247423,0.16001771907216494,0.09488563144329898,115.71269329896909,103.45457474226804,12.25483247422681,0.09653865979381443,77.8,40.9,39.9,65.4,68.1,Forward,Forward,79,210.0,1997-01-04,30.3
1642066,Myron,Gardner,45,410.51666666666665,163,59,123,26,64,19,26,33,59,44,17,20,8,39,83,122,57.224666666666664,55.89946666666667,189.51666666666665,8056.796666666666,3622.153333333333,31.1125,80.39203333333333,54.447466666666664,47165.58333333333,43641.098333333335,3521.398333333333,36.74455,0.559322033898305,0.40625,0.4796747967479675,0.7307692307692307,0.6062183873847069,0.5853658536585366,0.3970606146725671,0.10718200641468069,0.048719093824854856,0.019487637529941943,0.5203252032520326,0.21138211382113822,0.13939669522146889,0.136168568064634,0.4616540132353538,19.62599163655556,8.823401404733872,0.07578864033128985,0.1958313507368763,0.13263156185294953,114.89322398603385,106.30773821606918,8.57796678981771,0.08950805895010353,58.0,73.9,50.4,85.7,79.6,Forward,Forward,77,220.0,2001-05-21,24.6
1642258,Zaccharie,Risacher,142,3346.633333333333,1583,601,1315,217,602,164,239,384,713,168,150,111,73,157,368,525,630.00355,238.77611666666667,2016.0251666666668,30863.221666666665,29214.44,143.94236666666666,369.08593333333334,252.96228333333335,376761.6016666667,381779.34,-5005.656666666667,239.54566666666668,0.5385694249649369,0.36046511627906974,0.4570342205323194,0.6861924686192469,0.5573315682739972,0.5395437262357414,0.4730126794091575,0.05019970318429467,0.0331676610324804,0.02181296626460423,0.45779467680608366,0.1817490494296578,0.18824994770864253,0.07134815585812608,0.6024039582067551,9.222170041534278,8.729501289853484,0.043011095728045096,0.11028573989780775,0.07558709250092133,112.57928913634599,114.07862827318998,-1.4957290411259077,0.07157810336756343,50.9,51.0,25.4,50.2,49.9,Forward,Forward,80,200.0,2005-04-08,36.3
1642259,Alex,Sarr,115,3118.866666666667,1652,642,1484,155,491,213,311,487,993,291,196,83,196,229,561,790,745.5742666666666,465.75626666666665,4170.0035,42537.89,28448.583333333332,203.51541666666665,519.3976833333334,356.5946833333333,327559.71166666667,368768.5916666667,-41197.426666666666,312.26713333333333,0.4904330312185297,0.31568228105906315,0.4326145552560647,0.684887459807074,0.509612299795168,0.48483827493261455,0.5296795844644422,0.09330312292926918,0.0266122309385888,0.06284334052967958,0.3308625336927224,0.2095687331536388,0.23905294658316054,0.14933510035696726,1.3370252549002841,13.638893401449243,9.121449030630783,0.06525300322766817,0.16653410961246606,0.11433469957035675,105.02523726567343,118.23801113652395,-13.209101596733856,0.10012198875659961,41.6,27.8,56.0,78.4,42.0,Center,Big,84,205.0,2005-04-26,40.9
1642260,Nikola,Topić,10,160.08333333333334,52,22,51,6,15,2,5,16,36,44,25,5,0,7,12,19,32.78868333333333,60.71926666666667,277.28616666666665,5821.549999999999,3168.56,7.374433333333333,11.3554,9.56285,17132.18833333333,19208.83,-2076.6416666666664,11.449966666666667,0.4444444444444444,0.4,0.43137254901960786,0.4,0.48872180451127817,0.49019607843137253,0.3248308172826653,0.27485684539302446,0.031233732431025507,0.0,0.29411764705882354,0.09803921568627451,0.20482259239979175,0.37929786569495055,1.732136387298282,36.3657470067673,19.793191046330033,0.04606621551275377,0.0709343050494534,0.05973669963560645,107.02043727225401,119.99269130661115,-12.972254034357103,0.07152503904216553,15.8,44.6,79.3,33.0,17.7,Guard,Guard,78,200.0,2005-08-10,73.9
1642261,Dalton,Knecht,132,2046.7833333333333,934,344,748,166,451,80,106,178,297,87,60,35,19,51,240,291,366.01773333333335,132.33068333333333,669.3824999999999,18115.768333333333,12490.275,51.6297,234.49003333333334,145.05055,226434.45,234685.79666666666,-8267.756666666666,168.22821666666667,0.5993265993265994,0.36807095343680707,0.45989304812834225,0.7547169811320755,0.5876875062921575,0.570855614973262,0.4563257794751114,0.042505720357960054,0.017100002442857493,0.009282858468979782,0.6029411764705882,0.14171122994652408,0.17882583240369035,0.06465300023614289,0.32704121100588723,8.850848078692582,6.102392371770339,0.02522479988925713,0.11456514693787814,0.07086756455250921,110.62941851848836,114.66079132297018,-4.039390262770038,0.0821915118845017,60.4,68.1,23.5,39.5,24.1,Forward,Forward,78,215.0,2001-04-19,23.8
1642262,Cody,Williams,117,2690.1666666666665,818,321,766,63,266,113,159,258,500,196,117,74,42,88,223,311,389.01115,265.37995,2878.2325,43636.83666666667,29695.93,84.58661666666667,218.34591666666665,149.71581666666665,290769.6516666667,324055.7766666667,-33276.068333333336,113.62295,0.516,0.23684210526315788,0.41906005221932113,0.710691823899371,0.4892578592277142,0.4601827676240209,0.3040703797782046,0.07285793940895856,0.027507589368688436,0.015612415587633977,0.3472584856396867,0.20757180156657964,0.1446048510005576,0.09864814447679822,1.0699086178055883,16.220867356421536,11.038695248125892,0.03144289077504492,0.08116445697292608,0.05565298928195279,108.08611052598972,120.45936806889289,-12.369519236726351,0.042236397992689426,33.5,20.4,42.3,25.9,27.3,Forward,Forward,80,190.0,2004-11-20,34.2
1642263,Reed,Sheppard,134,2801.4,1339,491,1185,275,718,82,102,216,467,352,160,157,71,44,272,316,562.3872666666666,494.09501666666665,3942.542,55718.085,25592.358333333334,38.378483333333335,257.5785666666667,148.49785,320275.0,312434.625,7845.3066666666655,256.22638333333333,0.4625267665952891,0.383008356545961,0.41434599156118146,0.803921568627451,0.5443620515822681,0.5303797468354431,0.4779752980652531,0.12565145998429356,0.05604340686799457,0.02534447062183194,0.6059071729957806,0.08607594936708861,0.20075221912853095,0.17637431879298446,1.4073470407653315,19.889371385735704,9.13556019609243,0.013699751314818782,0.09194637205206921,0.05300844220746769,114.32676518883414,111.52803062754337,2.8004949905999377,0.09146369077366079,29.2,68.5,67.9,18.0,71.8,Guard,Guard,74,185.0,2004-06-24,18.6
1642264,Stephon,Castle,149,4199.833333333333,2323,808,1805,176,577,531,728,632,1228,834,394,152,41,187,472,659,1042.17085,1196.5556,9901.9245,102080.12666666666,49428.24,178.89536666666666,446.5105,313.16265,482908.34,473365.00666666665,9563.4,420.4493,0.5146579804560261,0.3050259965337955,0.4476454293628809,0.7293956043956044,0.5465059379293471,0.496398891966759,0.5531171871899679,0.1985793087027263,0.0361919123774753,0.009762292154450574,0.31966759002770084,0.4033240997229917,0.2481457637207826,0.2849054962498512,2.357694630739315,24.305756577641972,11.769095599031708,0.04259582523115997,0.10631624270804398,0.0745654946624866,114.98273899757929,112.71042660423034,2.2770903607286006,0.10011094884717649,61.9,30.9,80.0,48.3,46.2,Guard,Guard,78,215.0,2004-11-01,89.2
1642265,Rob,Dillingham,114,1485.9166666666667,628,256,623,67,207,49,70,189,416,241,153,67,7,31,150,181,321.73218333333335,341.7625,2197.91,33169.66166666667,21618.523333333334,27.98176666666667,134.81548333333333,81.32403333333333,161371.03166666668,167371.21833333332,-6002.301666666666,98.73613333333333,0.4543269230769231,0.32367149758454106,0.41091492776886035,0.7,0.48026919547262165,0.46468699839486355,0.4226347372553418,0.16218944534798946,0.04509001177724188,0.0047108967528461665,0.33226324237560195,0.11235955056179775,0.21652101396444395,0.230001121642084,1.4791610117211595,22.322693062643708,14.548947338904156,0.01883131624698559,0.0907288318097695,0.05472987493690763,108.60032415456229,112.63836128091525,-4.03946049015759,0.0664479614155123,23.2,28.5,68.0,21.1,47.5,Guard,Guard,74,175.0,2005-01-04,13.1
1642266,Ja'Kobe,Walter,124,2576.8333333333335,990,339,797,175,455,137,173,164,342,167,87,116,24,115,230,345,396.9314166666667,240.98166666666665,1897.5423333333333,37960.681666666664,19789.239999999998,109.44683333333333,233.47726666666668,167.90195,284659.2916666667,286925.37666666665,-2264.8583333333336,172.1924,0.47953216374269003,0.38461538461538464,0.42534504391468003,0.791907514450867,0.566932380428807,0.5351317440401505,0.38419248431537417,0.06480822715218938,0.045016493111700404,0.009313757195524222,0.5708908406524467,0.21706398996235884,0.15403845158786625,0.09351853049608692,0.7363853567039648,14.731523834163378,7.679674018498155,0.042473384645236395,0.0906062738503331,0.06515824978979368,110.46864691805187,111.34805381281934,-0.8789308582885972,0.06682325852144104,37.0,69.9,42.0,39.5,56.2,Guard,Guard,76,180.0,2004-09-04,32.3
1642267,Bub,Carrington,164,4728.483333333334,1685,614,1489,307,821,150,196,307,668,745,332,106,38,66,551,617,773.5050333333334,1064.3366666666666,10997.5785,134319.13333333333,57560.615,59.85485,524.08565,287.5591333333333,496818.5733333333,569110.9333333333,-72305.91666666667,336.1603666666667,0.4595808383233533,0.37393422655298414,0.41235728676964406,0.7653061224489796,0.5348391356237779,0.515446608462055,0.3563510498433254,0.15755580542034267,0.022417336073229963,0.008036403497950364,0.5513767629281396,0.13163196776359973,0.1635841725147951,0.22509049765781133,2.325815219115361,28.406388235833194,12.17316651921511,0.012658361208139325,0.11083588818119974,0.06081424276283092,105.06932948901867,120.35802882531044,-15.291566358487042,0.07109264069874413,23.8,60.8,76.9,26.7,15.3,Guard,Guard,76,190.0,2005-07-21,41.5
1642268,Isaiah,Collier,130,3356.0333333333333,1303,489,1070,69,269,256,363,420,801,869,356,132,36,53,332,385,651.80945,1251.4365833333334,10117.195833333333,120289.53833333333,49486.35,50.19911666666667,319.20953333333335,184.44513333333333,365553.4916666667,404714.5366666667,-39166.875,296.7522333333333,0.5243445692883895,0.25650557620817843,0.4570093457943925,0.7052341597796143,0.5297954005789935,0.4892523364485981,0.3882559767980056,0.2589366414715786,0.039332148071632184,0.010726949474081504,0.2514018691588785,0.33925233644859815,0.19422019546885708,0.37289158331760713,3.0146291256542943,35.8427722211738,14.74548822518648,0.01495787189241267,0.09511512599199452,0.054959267389080364,108.92427319951133,120.59312184026778,-11.670585810629612,0.0884235059246531,51.9,21.8,84.3,20.5,33.8,Guard,Guard,76,210.0,2004-10-08,64.8
1642269,Devin,Carter,74,1095.8333333333333,477,168,419,48,175,93,138,120,244,142,72,55,13,55,146,201,225.63078333333334,208.86733333333333,1628.0368333333333,22002.986666666668,10977.913333333334,52.161899999999996,153.0691,99.00886666666666,122728.82333333333,126424.86,-3696.875,95.50866666666667,0.4918032786885246,0.2742857142857143,0.4009546539379475,0.6739130434782609,0.4971650129242058,0.45823389021479716,0.4352851711026616,0.12958174904942968,0.050190114068441066,0.011863117870722435,0.41766109785202865,0.32935560859188545,0.20589881368821294,0.19060136882129278,1.485660988593156,20.078771102661598,10.017867680608367,0.04760021292775665,0.1396828288973384,0.09035029657794677,111.9958844106464,115.36869353612168,-3.3735741444866925,0.08715619771863119,46.5,25.2,68.0,63.4,47.9,Guard,Guard,74,195.0,2002-03-18,30.4
1642270,Donovan,Clingan,144,3417.383333333333,1370,536,1018,98,295,200,307,438,723,239,167,78,240,564,855,1419,519.5486,345.39348333333334,3119.4663333333333,50161.013333333336,37950.62333333333,494.5405333333333,831.2176833333333,656.0255333333333,384773.71,383775.31666666665,1001.0016666666659,443.1949666666667,0.6058091286307054,0.33220338983050846,0.5265225933202358,0.6514657980456026,0.5940611232525064,0.574656188605108,0.40089152031525094,0.06993654989441239,0.02282448071867852,0.07022917144208776,0.28978388998035365,0.30157170923379173,0.15203111542456949,0.10106957564998562,0.9128230663811981,14.678193354564653,11.105170135044844,0.14471321625220077,0.243232204952132,0.19196720687855717,112.59307852499232,112.30092712260355,0.29291465692562024,0.12968839706793212,71.4,38.9,39.3,98.1,55.3,Center,Big,86,280.0,2004-02-23,96.1
1642271,Kyle,Filipowski,149,3322.4666666666667,1569,583,1175,151,448,252,355,432,727,338,227,121,61,256,736,992,633.3580000000001,499.37533333333334,4409.854,58151.236666666664,39163.49333333333,236.78521666666666,736.5538333333334,480.00528333333335,369578.2183333333,398148.50666666665,-28571.546666666665,350.29385,0.594222833562586,0.33705357142857145,0.49617021276595746,0.7098591549295775,0.5893179086538461,0.5604255319148936,0.4722395007725184,0.10173164516323213,0.036418725043642276,0.01835985312117503,0.38127659574468087,0.3021276595744681,0.1906288500511668,0.15030258643176755,1.3272831430463312,17.50242891827357,11.787475169051106,0.07126789834861648,0.22168885566948252,0.14447256556373778,111.23609517025503,119.8352148002488,-8.59949836466882,0.10543186287296587,74.0,46.2,55.1,88.4,39.6,Center,Big,83,250.0,2003-11-07,59.1
1642272,Jared,McCain,90,1751.4833333333333,910,330,754,150,390,100,115,180,364,150,93,50,5,36,157,193,375.47248333333334,232.5492,1529.222,25074.093333333334,15610.758333333333,33.36946666666667,157.03226666666666,93.51856666666667,196545.84666666668,192052.44,4506.173333333333,154.34768333333332,0.4945054945054945,0.38461538461538464,0.4376657824933687,0.8695652173913043,0.5654983842903306,0.5371352785145889,0.5195596113770233,0.08564169418302582,0.028547231394341937,0.0028547231394341938,0.5172413793103449,0.15251989389920426,0.2143739972784973,0.13277271645938205,0.8731010857463674,14.315918887799866,8.912878607656367,0.01905211772878227,0.08965672905822683,0.05339392324601053,112.21679528780368,109.65130889055943,2.572775456993596,0.08812398062594562,42.5,71.4,50.4,20.2,43.0,Guard,Guard,75,195.0,2004-02-20,37.5
1642273,Kyshawn,George,116,3193.1666666666665,1300,456,1123,213,614,175,224,243,509,383,222,116,93,92,438,530,589.7742333333333,569.1932666666667,4964.044666666667,65811.645,38739.555,83.08785,410.5966666666667,245.71921666666665,340760.0233333333,374949.7133333333,-34210.14166666667,229.59638333333334,0.4774066797642436,0.3469055374592834,0.40605520926090827,0.78125,0.5321064867873866,0.5008904719501336,0.40711936948692523,0.11994362962576335,0.0363275745080641,0.029124693355603113,0.5467497773820125,0.19946571682991987,0.18469885693407798,0.17825354141656663,1.5545836421525132,20.610150320997967,12.132017850618508,0.026020517772326324,0.12858604311289734,0.07695157889242654,106.7153891121666,117.42253144736155,-10.713547157993634,0.07190241139934235,33.6,53.3,64.3,45.9,47.3,Forward,Forward,80,200.0,2003-12-12,36.3
1642274,Yves,Missi,139,3252.8333333333335,1042,429,786,0,2,184,306,429,784,183,136,57,199,438,548,986,433.29993333333334,258.6008166666667,2271.2086666666664,49915.315,35798.64833333333,400.74713333333335,541.5132666666667,467.48955,357151.29833333334,384029.39666666667,-26888.731666666667,297.03613333333334,0.5471938775510204,0.0,0.5458015267175572,0.6013071895424836,0.5659106708376781,0.5458015267175572,0.3203361172311318,0.056258646308346566,0.017523184915714505,0.0611774350566173,0.002544529262086514,0.3893129770992366,0.13320692729415382,0.0795001742071015,0.6982247271609365,15.345180611774351,11.005374289081313,0.12319940564635959,0.16647433519495825,0.14371764615463442,109.79698672951785,118.05996720807501,-8.266249423579444,0.09131612440436543,58.1,14.2,30.6,89.1,36.6,Center,Big,83,235.0,2004-05-14,39.2
1642275,Tidjane,Salaün,97,1819.8,575,194,504,94,288,93,134,100,216,101,84,45,21,96,333,429,272.70956666666666,152.4639,1125.3083333333334,23746.656666666666,20895.921666666665,87.01446666666666,329.974,206.46321666666665,189450.65833333333,202553.58,-13113.256666666666,143.65151666666668,0.46296296296296297,0.3263888888888889,0.38492063492063494,0.6940298507462687,0.5106934773340912,0.4781746031746032,0.3159687877788768,0.0555006044620288,0.024727992087042534,0.01153972964061985,0.5714285714285714,0.26587301587301587,0.14985688903542513,0.08378058028354764,0.6183692347144375,13.04904751437887,11.482537458328753,0.04781540095981243,0.18132432135399495,0.11345379528885957,104.10520844781477,111.30540718760302,-7.205877935304246,0.07893807927611093,30.4,42.4,26.6,75.7,41.6,Forward,Forward,82,207.0,2005-08-10,59.2
1642276,Kel'el,Ware,141,3126.3166666666666,1446,601,1113,127,344,117,163,474,769,116,119,98,155,333,834,1167,535.6539333333334,165.5138,1368.4463333333333,25109.858333333334,27811.958333333332,312.9916666666667,766.9056333333333,543.7011333333334,353799.43,352268.07666666666,1537.5433333333333,402.7818,0.6163849154746424,0.3691860465116279,0.5399820305480683,0.7177914110429447,0.610270781281653,0.5970350404312669,0.46252512274828206,0.037104366693499806,0.03134679255140501,0.04957911066803854,0.3090745732255166,0.14645103324348607,0.1713370686484095,0.05294210972443611,0.43771840131357986,8.03177061398131,8.896078452278774,0.1001151514828419,0.245306446883713,0.173911088128202,113.16813609199323,112.6783094056371,0.491806652130569,0.1288358931436888,65.4,55.7,18.5,94.0,60.0,Center,Big,84,230.0,2004-04-20,47.7
1642277,Johnny,Furphy,85,1022.55,283,105,241,38,121,35,57,67,120,60,41,38,18,55,169,224,124.33775,76.28331666666666,465.5395,15954.685,11614.178333333333,54.0142,174.77176666666668,111.9079,111381.01833333334,114065.41833333333,-2683.1283333333336,69.45833333333333,0.5583333333333333,0.3140495867768595,0.43568464730290457,0.6140350877192983,0.5317949488875526,0.5145228215767634,0.27675908268544325,0.05867683731846854,0.037161996968363406,0.01760305119554056,0.5020746887966805,0.23651452282157676,0.12159576548824019,0.07460106270272032,0.455273091780353,15.602840936873502,11.358054210878034,0.05282304043812039,0.17091757534268906,0.10944002738252409,108.9247648851727,111.54996658680098,-2.6239580786595607,0.067926588756866,45.9,36.4,25.1,75.1,58.9,Guard,Guard,80,200.0,2004-12-08,79.4
1642278,Tyler,Kolek,103,1023.35,355,135,330,58,161,27,37,77,169,240,73,34,8,24,101,125,170.75473333333332,315.022,1444.4875,35884.96,11290.641666666666,21.7639,94.52615,58.68506666666667,112124.59333333334,108285.31333333334,3841.5699999999997,86.8823,0.4556213017751479,0.36024844720496896,0.4090909090909091,0.7297297297297297,0.5125909668476378,0.49696969696969695,0.34689988762398005,0.2345238676894513,0.033224214589338934,0.007817462256315043,0.48787878787878786,0.11212121212121212,0.16685858536505918,0.3078340743636097,1.4115283138711094,35.06616504617188,11.03302063484308,0.02126730835002687,0.09236932623247178,0.05734603670949985,109.56622204850085,105.81454373707268,3.7539160599990224,0.08489988762398007,20.0,50.0,79.6,24.2,58.3,Guard,Guard,74,195.0,2001-03-27,30.4
1642279,Ulrich,Chomche,7,32.18333333333334,5,2,5,0,0,1,2,2,5,2,2,0,1,4,4,8,3.4295166666666663,3.0539333333333336,4.866666666666667,233.7266666666667,577.0600000000001,2.7211666666666665,6.565283333333333,4.495633333333334,3159.5516666666667,4530.4383333333335,-1370.8866666666665,0.0677833333333332,0.4,,0.4,0.5,0.4251700680272109,0.4,0.1553599171413775,0.062143966856551006,0.0,0.031071983428275503,0.0,0.4,0.10656188503366129,0.09489176592439151,0.15121698601760744,7.262351113412739,17.930398757120663,0.08455204557224234,0.20399637493526668,0.13968824443293631,98.17353702744691,140.76970481615743,-42.5961677887105,0.0021061626100466035,26.5,4.5,16.6,88.4,24.8,Center,Big,83,235.0,2005-12-30,39.2
1642280,Trentyn,Flowers,8,32.06666666666666,15,6,14,0,3,3,3,6,11,1,2,0,0,2,3,5,6.708666666666667,1.2,0.0,120.0,252.25,1.6486999999999998,2.2673,2.22875,2806.53,3071.9766666666665,-265.4466666666667,2.4633666666666665,0.5454545454545454,0.0,0.42857142857142855,1.0,0.489556135770235,0.42857142857142855,0.46777546777546786,0.03118503118503119,0.0,0.0,0.21428571428571427,0.21428571428571427,0.20920997920997925,0.037422037422037424,0.0,3.742203742203743,7.866424116424118,0.05141476091476092,0.07070582120582122,0.06950363825363826,87.52172557172558,95.79968814968815,-8.27796257796258,0.07682016632016632,49.8,23.1,14.0,40.3,41.0,Forward,Forward,81,185.0,2005-03-08,44.8
1642281,Jaylon,Tyson,113,2230.45,1039,394,819,153,356,98,131,241,463,191,125,67,31,155,279,434,408.97023333333334,269.28105,2576.415,36118.956666666665,22886.461666666666,147.99613333333332,267.04453333333333,207.0052,257680.66166666665,250665.11833333335,7016.278333333333,193.98745,0.5205183585313174,0.4297752808988764,0.4810744810744811,0.7480916030534351,0.5926035772951268,0.5744810744810744,0.4658252818937883,0.08563294402474837,0.03003878141182273,0.013898540653231413,0.4346764346764347,0.15995115995115994,0.18335772303047967,0.12072947163128517,1.155109955390168,16.1935737930313,10.260916705896419,0.06635258953723837,0.11972675170182401,0.09280871573000965,115.52855328147534,112.38320443557728,3.1456783758135503,0.08697233742069986,48.8,70.0,49.6,65.2,45.9,Guard-Forward,Wing,78,215.0,2002-12-02,50.2
1642282,Hunter,Sallis,7,25.666666666666668,7,3,5,0,0,1,2,3,5,4,5,0,1,0,1,1,4.306633333333333,11.232633333333332,21.383333333333333,646.91,756.91,0.0,0.82,0.37309999999999993,2338.5533333333333,2824.1483333333335,-484.65166666666664,1.2233999999999998,0.6,,0.6,0.5,0.5952380952380952,0.6,0.2727272727272727,0.15584415584415584,0.0,0.03896103896103896,0.0,0.4,0.16779090909090907,0.4376350649350649,0.833116883116883,25.20428571428571,29.49,0.0,0.03194805194805195,0.014536363636363634,91.11246753246752,110.03175324675325,-18.882532467532467,0.047664935064935056,67.7,26.0,68.6,1.4,55.1,Guard,Guard,76,185.0,2003-03-26,35.7
1642285,Cam,Spencer,97,1966.6666666666667,904,297,638,165,377,145,153,132,261,434,99,61,12,52,161,213,323.34703333333334,615.0313833333333,5220.345666666667,67821.285,15623.153333333334,47.139583333333334,154.56581666666668,100.63823333333333,222493.815,226609.03666666668,-4122.515,229.7093,0.5057471264367817,0.4376657824933687,0.46551724137931033,0.9477124183006536,0.6408438722849202,0.5948275862068966,0.4596610169491525,0.2206779661016949,0.031016949152542373,0.006101694915254237,0.5909090909090909,0.23981191222570533,0.16441374576271187,0.3127278220338983,2.6544130508474577,34.48539915254237,7.943976271186441,0.02396927966101695,0.07859278813559323,0.051171983050847455,113.13244830508474,115.22493389830508,-2.09619406779661,0.11680133898305085,54.9,91.0,92.5,18.5,28.6,Guard,Guard,75,205.0,2000-04-06,48.8
1642345,Oso,Ighodaro,143,2853.95,786,352,553,0,3,82,167,352,550,256,140,101,86,204,436,640,323.75531666666666,356.45588333333336,2763.8048333333336,68430.74333333333,39067.34166666667,194.4492,437.4517333333333,312.71483333333333,322693.37666666665,313721.545,8987.251666666667,240.40203333333332,0.64,0.0,0.6365280289330922,0.49101796407185627,0.6273145192184906,0.6365280289330922,0.2754077681809422,0.08970024001822037,0.035389547819688505,0.030133674381120905,0.0054249547920434,0.30198915009041594,0.11344113129755835,0.12489913394885453,0.9684138941934279,23.97755508447357,13.68886689208524,0.06813335902871459,0.1532793963921349,0.1095726390908507,113.06903648160153,109.92538236479265,3.149057154703715,0.08423484410495395,69.5,20.3,51.2,76.2,69.5,Forward,Forward,83,235.0,2002-07-14,90.0
1642346,Ryan,Dunn,144,2765.6833333333334,918,369,839,138,433,42,86,231,406,159,96,104,69,191,373,564,412.1249,227.53163333333333,1753.3375,37733.57833333333,24218.183333333334,178.09938333333332,361.87426666666664,270.70976666666667,305841.85333333333,310040.4633333333,-4215.218333333333,193.75056666666666,0.5689655172413793,0.3187066974595843,0.4398092967818832,0.4883720930232558,0.5234706445873819,0.5220500595947557,0.33192520233094897,0.05749031282202711,0.03760372662572842,0.024948626318992896,0.5160905840286055,0.10250297973778308,0.14901376995438137,0.08226958979396291,0.6339617695445972,13.643491964011304,8.756672552292683,0.06439615887574499,0.13084443265980075,0.09788169289084675,110.58455234089224,112.10266178943118,-1.5241145949463966,0.0700552244472433,40.6,36.1,33.3,68.0,62.0,Forward,Forward,79,216.0,2003-01-07,36.4
1642347,Jamal,Shead,157,3319.133333333333,1078,389,1008,156,485,144,185,233,523,760,229,134,25,56,202,258,540.0178333333333,1008.4571833333333,10038.770333333334,121784.47833333333,36533.206666666665,53.41263333333333,200.2307,125.1976,366322.20666666667,367660.74833333335,-1308.0866666666666,246.0817,0.44550669216061184,0.3216494845360825,0.38591269841269843,0.7783783783783784,0.49476776207086465,0.4632936507936508,0.3247835780424609,0.22897543535461065,0.04037198465462872,0.007532086689296403,0.48115079365079366,0.18353174603174602,0.16269844537730732,0.3038314770924137,3.0245155361841447,36.69164992869625,11.006851186052584,0.016092343382810775,0.06032619961034005,0.03771996705967421,110.36682467310744,110.7701051479302,-0.394104886817844,0.07414034788197722,21.7,39.9,86.7,7.0,53.9,Guard,Guard,73,200.0,2002-07-24,30.7
1642348,Justin,Edwards,108,2131.766666666667,831,315,698,136,370,65,85,179,328,149,85,99,27,72,170,242,340.1894833333333,214.92375,2170.7166666666667,32456.05,19046.196666666667,65.9208,182.96038333333334,121.02096666666667,238568.175,254599.35166666665,-16031.105000000001,135.93775,0.5457317073170732,0.3675675675675676,0.4512893982808023,0.7647058823529411,0.5649986401958118,0.5487106017191977,0.38981752224289706,0.0698950791987866,0.046440354635435395,0.012665551264209653,0.5300859598853869,0.12177650429799428,0.1595810126186418,0.10081954716745109,1.0182712304348505,15.224954263287099,8.934465935921692,0.030923084139915246,0.08582570794176973,0.05677026879114349,111.91101668412739,119.43115334698918,-7.520103044423248,0.0637676496802339,44.3,62.3,45.9,27.8,41.0,Forward,Forward,79,217.0,2003-12-16,37.1
1642349,Ajay,Mitchell,93,2069.7833333333333,1008,377,774,84,236,170,197,293,538,270,110,96,22,58,200,258,403.74103333333335,374.4787,3198.351,45538.613333333335,18208.311666666665,55.58781666666666,186.90323333333333,123.15928333333333,239600.035,211032.0,28562.213333333333,218.04776666666666,0.5446096654275093,0.3559322033898305,0.4870801033591731,0.8629441624365483,0.5855834921225077,0.541343669250646,0.48700749675892,0.13044843663185357,0.04638166635799238,0.010629131873706588,0.3049095607235142,0.25452196382428943,0.1950643948239349,0.1809265220997367,1.5452588435182428,22.001633021169688,8.797206631934099,0.026856828814610222,0.09030086885100695,0.0595034665464179,115.76092586180519,101.95849807145676,13.79961509658821,0.10534811212123651,61.4,55.9,72.0,29.1,73.5,Guard,Guard,76,190.0,2002-06-25,41.5
1642352,Keshad,Johnson,48,377.65,179,69,130,16,51,25,38,53,79,12,17,20,12,32,58,90,61.24398333333333,14.346133333333334,107.475,2390.1800000000003,3013.813333333333,27.4294,49.021566666666665,39.839416666666665,44883.15,40692.208333333336,4195.551666666667,34.481366666666666,0.6708860759493671,0.3137254901960784,0.5307692307692308,0.6578947368421053,0.6100054525627044,0.5923076923076923,0.4739838474778234,0.031775453462200454,0.05295908910366742,0.031775453462200454,0.3923076923076923,0.2923076923076923,0.16217127852067612,0.03798790767465467,0.2845889050708328,6.32908777969019,7.980440443091045,0.07263180193300676,0.12980687585506864,0.10549296085440664,118.84853700516352,107.75111434749991,11.10962972770202,0.09130508848581138,81.3,41.7,16.7,71.9,84.3,Forward,Forward,78,225.0,2001-06-23,36.2
1642353,Cam,Christie,68,538.4166666666666,174,60,163,14,62,40,54,46,101,37,24,21,4,22,68,90,91.69788333333334,58.47046666666667,140.40833333333333,7469.653333333333,5366.795,21.212116666666667,63.58351666666667,44.143683333333335,57504.903333333335,58420.24833333333,-918.0133333333333,39.02458333333333,0.45544554455445546,0.22580645161290322,0.36809815950920244,0.7407407407407407,0.46583850931677023,0.4110429447852761,0.32316978795852036,0.06872001238198422,0.03900325027085591,0.007429190527782077,0.3803680981595092,0.3312883435582822,0.1703102615694165,0.10859705927874942,0.2607800650054171,13.873369447453955,9.967735644637054,0.039397214053552086,0.11809351493576847,0.0819879585203529,106.80372078625601,108.50378888716916,-1.7050239900944126,0.07248026621266059,33.3,22.4,33.0,52.7,59.3,Guard,Guard,77,190.0,2005-07-24,53.7
1642354,KJ,Simpson,56,1099.7,373,138,400,45,170,52,68,93,230,155,81,50,6,48,98,146,212.24096666666668,234.94298333333333,1811.3081666666667,25171.33166666667,13273.07,43.72401666666667,96.17803333333333,70.28246666666666,113839.93000000001,126588.64166666666,-12741.743333333334,63.9002,0.4043478260869565,0.2647058823529412,0.345,0.7647058823529411,0.43380163751395606,0.40125,0.3391834136582704,0.1409475311448577,0.045466945530599254,0.005456033463671911,0.425,0.17,0.1929989694159013,0.21364279652026308,1.6470929950592585,22.88927131641963,12.06971901427662,0.03975994968324695,0.08745842805613652,0.06391058167378982,103.51907793034464,115.1119775090176,-11.586563002030857,0.05810693825588797,17.8,27.4,70.3,37.0,40.1,Guard,Guard,74,189.0,2002-08-08,21.6
1642355,Bronny,James,69,556.7333333333333,184,68,182,31,89,17,21,37,93,73,38,28,7,9,32,41,97.44488333333334,109.37626666666667,363.07516666666663,12456.538333333334,6849.16,8.357383333333333,34.310633333333335,21.126183333333334,57414.323333333334,63650.121666666666,-6238.753333333333,29.525016666666666,0.3978494623655914,0.34831460674157305,0.37362637362637363,0.8095238095238095,0.4810709056682702,0.45879120879120877,0.33049934139624,0.1311220213148126,0.050293378038558254,0.012573344509639563,0.489010989010989,0.11538461538461539,0.17502972697880492,0.19646078313974374,0.6521527361992575,22.374335408933064,12.302406897377558,0.015011465692731409,0.0616284876062747,0.03794668303197222,103.12715243683391,114.32784397078194,-11.20599928152317,0.05303260088612142,14.0,48.8,57.1,6.6,52.4,Guard,Guard,74,210.0,2004-10-06,47.7
1642357,David,Jones Garcia,11,67.96666666666667,32,13,25,3,5,3,6,10,20,18,5,6,1,4,9,13,11.895033333333334,22.701866666666668,120.12500000000001,2300.4416666666666,729.2983333333334,5.053083333333333,8.944583333333334,7.196633333333334,8413.178333333333,6815.281666666667,1597.8966666666665,8.48715,0.5,0.6,0.52,0.5,0.5788712011577424,0.58,0.4708190289357528,0.26483570377636095,0.08827856792545365,0.014713094654242274,0.2,0.24,0.17501275134870034,0.33401471309465425,1.7674104953408536,33.84661598822952,10.730235409514469,0.0743464933791074,0.13160250122609124,0.10588474742520844,123.7838891613536,100.27388425698872,23.510004904364884,0.12487224129475233,49.7,56.4,83.4,72.5,82.4,Guard,Guard,76,210.0,2001-11-24,64.8
1642358,AJ,Johnson,77,1091.8166666666666,380,139,389,36,147,66,77,103,242,123,65,23,6,22,92,114,198.5093,182.79328333333333,1511.3468333333333,20832.63,11086.803333333333,18.2699,85.20836666666666,51.48843333333333,114628.78333333334,125244.34333333334,-10612.803333333333,77.9183,0.4256198347107438,0.24489795918367346,0.35732647814910024,0.8571428571428571,0.44930003783579264,0.40359897172236503,0.34804378024393595,0.11265627623685295,0.02106580775160665,0.005495428109114778,0.37789203084832906,0.19794344473007713,0.18181559785678306,0.16742122456456365,1.3842496450869346,19.08070341479797,10.154455113037903,0.016733487001786014,0.07804274221862645,0.04715849730571372,104.98903967393794,114.71188081027036,-9.720316292417836,0.07136573600573967,21.9,29.6,63.4,12.3,21.0,Guard,Guard,77,160.0,2004-12-01,40.7
1642359,Pacôme,Dadiet,47,246.93333333333334,78,26,79,13,51,13,17,13,28,17,7,6,3,7,38,45,38.589816666666664,23.93825,58.9,4448.79,1148.8516666666667,6.8572500000000005,34.775800000000004,21.58748333333333,25112.286666666667,26218.606666666667,-1107.5149999999999,15.1449,0.4642857142857143,0.2549019607843137,0.3291139240506329,0.7647058823529411,0.45097132284921365,0.41139240506329117,0.31587473002159827,0.06884449244060475,0.02429805615550756,0.01214902807775378,0.6455696202531646,0.21518987341772153,0.15627625539956802,0.0969421571274298,0.23852591792656586,18.016158207343413,4.652477051835853,0.027769640928725702,0.14083072354211665,0.0874223137149028,101.6966252699784,106.17686285097192,-4.485076943844492,0.061331938444924405,24.2,37.3,42.1,53.5,53.7,Forward,Forward,81,210.0,2005-07-27,54.8
1642362,Payton,Sandfort,4,63.333333333333336,35,13,26,7,17,2,4,6,9,0,1,1,0,1,9,10,11.7444,0.0,0.0,0.0,118.33333333333333,0.9559666666666667,9.157150000000001,4.622933333333334,7122.123333333333,7926.168333333334,-801.2166666666667,0.9939833333333334,0.6666666666666666,0.4117647058823529,0.5,0.5,0.6304034582132565,0.6346153846153846,0.5526315789473684,0.0,0.015789473684210527,0.0,0.6538461538461539,0.15384615384615385,0.1854378947368421,0.0,0.0,0.0,1.8684210526315788,0.01509421052631579,0.14458657894736843,0.07299368421052632,112.45457894736842,125.15002631578948,-12.65078947368421,0.01569447368421053,74.0,77.1,15.8,40.6,4.5,Forward,Forward,79,215.0,2002-07-12,34.5
1642363,Nique,Clifford,75,1881.9166666666667,645,249,596,77,231,70,97,172,365,179,116,68,24,65,217,282,313.68648333333334,244.24893333333333,3369.861,34379.355,25037.816666666666,64.5659,212.52256666666668,137.59436666666667,209766.80333333334,218215.875,-8444.75,115.5055,0.4712328767123288,0.3333333333333333,0.41778523489932884,0.7216494845360825,0.5049477046408217,0.4823825503355705,0.3427356861355887,0.09511579506708585,0.03613337466235664,0.012752955763184696,0.3875838926174497,0.16275167785234898,0.1666845768941239,0.12978732675021032,1.7906536775450559,18.268266395075944,13.304423681530354,0.03430858610459195,0.11292878714076961,0.07311395297347563,111.46444847894433,115.95405836248506,-4.487313465881415,0.06137652216268875,24.8,36.2,54.9,45.4,38.7,Guard,Guard,77,175.0,2002-02-09,42.4
1642364,Jamir,Watkins,50,1032.1833333333334,368,132,296,47,158,57,82,85,138,67,40,54,25,49,145,194,152.97825,95.20721666666667,804.8615,16107.118333333332,9580.116666666667,46.29918333333333,141.91048333333333,93.84343333333334,113040.94166666667,119665.425,-6621.291666666667,69.79118333333334,0.6159420289855072,0.2974683544303797,0.44594594594594594,0.6951219512195121,0.5540833534088172,0.5253378378378378,0.35652581098319097,0.06491094928226575,0.05231628748122911,0.024220503463531995,0.5337837837837838,0.27702702702702703,0.14820840935880253,0.09223866884112963,0.7797660299365422,15.604900615200785,9.281409956241623,0.04485558121134811,0.13748573412345996,0.09091740808318935,109.51634076633673,115.93427362710112,-6.414840709822221,0.06761510390595986,63.2,40.0,40.1,62.4,56.2,Forward,Forward,78,210.0,2001-07-06,19.6
1642366,Quinten,Post,109,1845.0333333333333,853,316,713,166,456,55,70,150,257,150,89,42,53,103,314,417,347.1819,235.3286,1424.5308333333332,28065.29,16824.845,100.7065,312.53516666666667,203.36993333333334,207156.84666666668,202630.985,4534.638333333332,171.44899999999998,0.5836575875486382,0.36403508771929827,0.4431977559607293,0.7857142857142857,0.5734068297929551,0.5596072931276297,0.46232227060035047,0.08129934418529024,0.022763816371881268,0.028725768278802553,0.6395511921458625,0.09817671809256662,0.18817107188668677,0.12754707232028328,0.7720894834781665,15.211264475799895,9.118992430127731,0.054582482701306216,0.16939269389893588,0.11022561471337465,112.27810518328486,109.82510794746256,2.4577541507831833,0.09292460840815883,55.3,67.7,48.3,75.8,57.8,Center,Big,84,238.0,2000-03-21,51.8
1642367,Jonathan,Mogbo,103,1534.5666666666666,450,182,400,17,71,69,96,165,329,171,84,66,42,128,251,379,212.45078333333333,247.32708333333332,1797.971,35418.416666666664,17860.260000000002,116.99558333333333,250.54136666666668,178.54278333333335,157503.06333333332,170801.40166666667,-13302.8,134.60066666666665,0.5015197568389058,0.23943661971830985,0.455,0.71875,0.508773516642547,0.47625,0.2932423919890523,0.11143210895583987,0.04300888415839434,0.027369289918978214,0.1775,0.24,0.13844350196581012,0.16117063448964963,1.1716473705932184,23.080402719551664,11.638634142103093,0.07624014379738037,0.16326522145231012,0.11634736190455504,102.63683341659969,111.30269239959163,-8.668766427004366,0.08771249212589873,33.6,18.0,61.1,80.0,68.8,Forward,Forward,81,225.0,2001-10-29,71.4
1642368,N'Faly,Dante,8,66.03333333333333,27,11,17,0,0,5,6,11,17,2,3,3,5,9,19,28,8.455483333333333,2.8325500000000003,18.55,445.54999999999995,1028.23,8.803583333333334,17.7656,13.066466666666667,7500.750000000001,7556.408333333334,-58.87166666666663,7.995566666666667,0.6470588235294118,,0.6470588235294118,0.8333333333333334,0.6873727087576375,0.6470588235294118,0.40888440181726404,0.03028773346794548,0.04543160020191823,0.0757193336698637,0.0,0.35294117647058826,0.12804871277132762,0.04289575971731449,0.28091872791519434,6.747349823321554,15.571378091872793,0.13332029278142354,0.2690398788490661,0.19787682988389704,113.59035840484606,114.43324078748108,-0.8915446744068647,0.12108379606259466,81.6,52.0,6.8,98.4,67.4,Center,Big,83,230.0,2001-10-19,36.8
1642377,Jaylen,Wells,148,3864.2,1688,588,1374,267,757,245,306,321,617,246,143,105,17,148,340,488,661.1880666666667,319.14543333333336,3033.701666666667,50137.933333333334,27951.166666666668,131.93303333333333,325.06781666666666,229.25601666666665,445532.44833333336,443877.4266666667,1653.9083333333338,251.7347,0.520259319286872,0.3527080581241744,0.4279475982532751,0.8006535947712419,0.5594442676848022,0.5251091703056768,0.4368303918016666,0.06366130117488743,0.02717250659903732,0.0043993582112727084,0.5509461426491994,0.22270742358078602,0.17110606766385456,0.08259029898383452,0.7850788434001001,12.974984041543744,7.23336438762659,0.03414239256077153,0.08412292755723479,0.05932819643565723,115.2974608802167,114.86916481203528,0.4280079533495507,0.065145359971016,48.5,59.6,37.4,30.9,24.4,Forward,Forward,79,220.0,2003-08-26,41.2
1642380,Adama,Bal,8,241.31666666666666,83,28,68,18,44,9,10,10,24,19,6,9,1,6,19,25,32.39913333333333,28.936333333333334,405.06066666666663,4650.83,1439.88,5.745416666666666,20.222683333333332,12.19285,24194.133333333335,31458.638333333336,-7266.518333333333,10.863066666666667,0.4166666666666667,0.4090909090909091,0.4117647058823529,0.9,0.5732044198895028,0.5441176470588235,0.3439464051384764,0.0787347192485669,0.03729539332826853,0.004143932592029836,0.6470588235294118,0.14705882352941177,0.13425982457352026,0.11991021479383936,1.6785440983493334,19.272726016990124,5.966765660611921,0.02380861937979142,0.08380143656329857,0.05052634850473099,100.25885765591548,130.3624766903792,-30.111962152082327,0.04501581600939292,24.2,83.5,64.6,19.1,23.5,Guard,Guard,79,190.0,2003-12-18,66.0
1642382,Branden,Carlson,74,734.65,364,141,283,53,152,29,44,88,131,43,23,13,48,46,132,178,136.20283333333333,59.63046666666666,245.98333333333335,7761.509999999999,4249.42,41.98636666666667,126.06078333333333,85.82925,83500.01833333333,82025.82,1478.706666666667,80.10173333333333,0.6717557251908397,0.34868421052631576,0.49823321554770317,0.6590909090909091,0.6019314724169863,0.5918727915194346,0.4954740352548833,0.05853127339549446,0.017695501259102974,0.06533723541822636,0.5371024734982333,0.15547703180212014,0.1853982622110302,0.08116853830622292,0.33483064497833437,10.564908459810793,5.78427822772749,0.057151523401166096,0.17159298078450055,0.11683012318791262,113.65959073481703,111.65292316068877,2.0128042832187667,0.10903387100433312,70.6,56.8,29.4,78.0,54.0,Center,Big,84,220.0,1999-06-14,44.0
1642383,Walter,Clayton Jr.,69,1410.55,538,177,461,75,244,109,121,102,217,279,116,44,19,25,114,139,255.19615000000002,398.5293833333333,2791.6185,42193.75,17242.236666666668,22.872016666666667,115.80618333333334,68.52716666666667,157538.82,171250.19166666665,-13711.93,101.5567,0.4700460829493088,0.3073770491803279,0.3839479392624729,0.9008264462809917,0.523102053515868,0.46529284164859,0.3814115061500833,0.19779518627485734,0.03119350607918897,0.013469923079649783,0.5292841648590022,0.26247288503253796,0.1809196058275141,0.2825347441305401,1.9790992875119635,29.912977207472263,12.223768506374583,0.01621496343034041,0.0821000200867274,0.048581877045596876,111.68609407677857,121.40667942764642,-9.720981177554854,0.07199794406437206,35.6,48.2,80.3,13.9,28.5,Guard,Guard,76,195.0,2003-03-06,47.5
1642384,Isaiah,Crawford,29,137.76666666666668,41,15,35,4,18,7,10,11,17,6,5,3,5,4,20,24,17.407566666666668,7.879966666666666,24.475,1481.935,1185.615,3.1038166666666664,18.033366666666666,10.812566666666667,13995.731666666667,13781.841666666667,215.21833333333325,11.640283333333334,0.6470588235294118,0.2222222222222222,0.42857142857142855,0.7,0.5203045685279188,0.4857142857142857,0.2976046455359303,0.043551899346721504,0.021775949673360752,0.03629324945560126,0.5142857142857142,0.2857142857142857,0.12635543188966852,0.0571979191870312,0.17765545608516814,10.756847326397288,8.605964190660536,0.022529518509557218,0.13089789499153157,0.07848463585773045,101.59011613839824,100.03756351318654,1.5621945318170813,0.08449274135010888,60.1,29.8,18.0,44.5,68.9,Forward,Forward,78,220.0,2001-11-01,30.6
1642385,Cui,Yongxi,5,10.316666666666666,3,1,7,0,3,1,2,1,4,0,0,0,0,0,2,2,3.34675,0.0,0.0,0.0,0.0,0.0,1.6159,0.80795,869.7966666666666,706.2466666666667,163.54999999999995,-0.5637833333333333,0.25,0.0,0.14285714285714285,0.5,0.1903553299492386,0.14285714285714285,0.29079159935379645,0.0,0.0,0.0,0.42857142857142855,0.2857142857142857,0.3244022617124394,0.0,0.0,0.0,0.0,0.0,0.15663004846526654,0.07831502423263327,84.30985460420032,68.45686591276252,15.8529886914378,-0.054647819063004845,21.3,13.8,16.0,41.9,41.7,Forward,Forward,77,190.0,2003-05-28,4.8
1642389,Zyon,Pullin,8,45.2,23,9,14,1,3,4,4,8,11,9,3,1,0,1,2,3,7.589616666666667,11.1265,9.583333333333334,1183.3566666666666,253.35333333333335,1.1141999999999999,1.45465,1.2999,5447.9783333333335,5281.515,163.36833333333334,4.191366666666666,0.7272727272727273,0.3333333333333333,0.6428571428571429,1.0,0.7296954314720813,0.6785714285714286,0.5088495575221239,0.1991150442477876,0.022123893805309734,0.0,0.21428571428571427,0.2857142857142857,0.16791187315634218,0.24616150442477874,0.21202064896755163,26.18045722713864,5.605162241887906,0.0246504424778761,0.0321825221238938,0.028758849557522122,120.53049410029499,116.84767699115044,3.614343657817109,0.09272935103244836,86.2,56.1,68.6,9.8,12.7,Guard,Guard,76,206.0,2001-03-03,61.2
1642396,Blake,Hinson,14,285.43333333333334,167,59,115,37,79,12,16,22,36,16,5,5,2,11,22,33,49.212716666666665,19.9141,121.6,2905.1366666666668,912.16,8.833183333333334,21.6649,15.280116666666666,32606.516666666666,30969.788333333334,1635.6399999999999,28.993666666666666,0.6111111111111112,0.46835443037974683,0.5130434782608696,0.75,0.6842019010160603,0.6739130434782609,0.5850753240686675,0.05605512086885437,0.01751722527151699,0.007006890108606796,0.6869565217391305,0.1391304347826087,0.17241404881466774,0.06976795515590331,0.4260189186032932,10.177986686908794,3.195702440733388,0.030946572462921876,0.07590178675697769,0.05353304916501226,114.23513955389465,108.50095176923975,5.73037486862081,0.10157771808945462,70.7,86.9,27.4,23.1,41.3,Forward,Forward,80,230.0,1999-12-26,64.6
1642399,Jesse,Edwards,2,4.666666666666667,0,0,0,0,0,0,0,0,0,1,0,0,0,0,0,0,0.0,1.02675,0.0,308.33333333333337,0.0,0.0,0.0,0.0,343.40833333333336,730.9083333333334,-387.50000000000006,-0.16341666666666668,,,,,,,0.0,0.21428571428571427,0.0,0.0,,,0.0,0.22001785714285713,0.0,66.07142857142857,0.0,0.0,0.0,0.0,73.5875,156.62321428571428,-83.03571428571429,-0.03501785714285714,0.7,,68.3,0.9,2.0,Center,Big,84,236.0,2000-03-18,51.3
1642400,Tristan,Enaruna,9,85.13333333333333,37,14,28,3,10,6,8,11,18,7,3,5,0,7,7,14,13.6909,10.764983333333333,82.85,1365.9183333333333,548.4333333333334,7.84755,7.463266666666667,9.453466666666667,10410.181666666667,8609.085,1803.8583333333333,7.113666666666667,0.6111111111111112,0.3,0.5,0.75,0.5869289340101523,0.5535714285714286,0.4346123727486296,0.0822239624119029,0.05873140172278779,0.0,0.35714285714285715,0.2857142857142857,0.16081714956930307,0.12644851213782304,0.9731793265465936,16.04445967110415,6.442051683633517,0.09217952231793267,0.08766562255285827,0.11104306969459674,122.28091229444011,101.12472592012529,21.18862568519969,0.08355912294440095,72.0,38.8,56.4,67.1,67.3,Forward,Forward,79,220.0,2001-06-26,41.2
1642402,Enrique,Freeman,26,218.41666666666666,59,20,45,3,14,16,23,17,31,11,8,5,6,13,27,40,23.972566666666665,13.278133333333333,106.51666666666667,2923.701666666667,2136.7383333333332,10.564083333333333,25.861800000000002,18.539666666666665,23870.315,23896.463333333333,-22.203333333333717,14.313833333333333,0.5483870967741935,0.21428571428571427,0.4444444444444444,0.6956521739130435,0.5351959361393324,0.4777777777777778,0.27012590614269366,0.05036245707745136,0.022892025944296072,0.027470431133155285,0.3111111111111111,0.5111111111111111,0.1097561236169401,0.060792674551697824,0.487676459366654,13.385890881343,9.782853872567722,0.048366653948874475,0.11840579931323923,0.08488210606638687,109.28797405570393,109.40769172071728,-0.10165585654330585,0.06553452880579931,54.6,20.8,22.6,57.4,58.7,Forward,Forward,81,220.0,2000-07-29,65.8
1642403,Isaac,Jones,47,339.53333333333336,143,57,90,3,10,26,40,54,80,13,17,5,11,24,38,62,51.13023333333334,20.649633333333334,89.6,2994.3766666666666,4168.456666666667,22.793833333333332,38.155300000000004,32.37115,34979.14833333334,39684.015,-4707.926666666667,13.683133333333336,0.675,0.3,0.6333333333333333,0.65,0.6644981412639406,0.65,0.42116630669546434,0.03828784606322403,0.01472609463970155,0.03239740820734341,0.1111111111111111,0.4444444444444444,0.15058973100333792,0.060817690948360495,0.2638916159434518,8.819094836049478,12.277017474965639,0.0671328293736501,0.11237571176124092,0.09534012369919496,103.02124975456509,116.87811211466718,-13.865874730021599,0.04029982328686433,86.2,35.4,11.2,64.4,33.0,Forward,Forward,80,245.0,2000-07-11,74.1
1642404,Chaz,Lanier,34,262.01666666666665,80,28,89,19,67,5,6,9,22,17,3,7,0,8,15,23,38.892066666666665,20.866483333333335,0.0,3899.6783333333333,660.7883333333333,7.857733333333333,13.827733333333333,10.68575,28390.356666666667,27591.198333333334,799.1583333333335,7.146633333333333,0.4090909090909091,0.2835820895522388,0.3146067415730337,0.8333333333333334,0.43649061545176776,0.42134831460674155,0.3053240887984225,0.06488136886966478,0.02671585776986197,0.0,0.7528089887640449,0.06741573033707865,0.14843356020609377,0.07963800012721838,0.0,14.883321671649387,2.5219324470453532,0.02998944087526239,0.052774251001844664,0.04078271102347179,108.35324724890275,105.30321862476943,3.0500286241333256,0.02727549138095541,9.6,45.3,30.8,14.4,46.6,Guard,Guard,75,206.0,2001-12-19,51.2
1642419,Jamison,Battle,120,1558.5166666666667,611,223,492,140,344,25,32,83,148,77,46,24,13,57,190,247,222.71195,111.00846666666666,602.014,18157.006666666668,10967.93,51.23781666666667,189.82941666666667,119.42905,167917.38166666665,172999.79,-5070.506666666666,120.32825,0.5608108108108109,0.4069767441860465,0.4532520325203252,0.78125,0.6036595004742333,0.5955284552845529,0.3920394392103603,0.049405952240912834,0.015399257841323481,0.008341264664050219,0.6991869918699187,0.06504065040650407,0.1428999475997476,0.07122700003208178,0.3862737004202714,11.650184470276225,7.037415918982794,0.03287601458651923,0.12180133887991787,0.07662994727892976,107.74179401353851,111.00284886270065,-3.253418314422902,0.07720690613938468,48.7,82.3,26.7,48.2,34.9,Forward,Forward,79,220.0,2001-05-10,41.2
1642422,Armel,Traore,9,66.66666666666667,14,6,19,0,7,2,7,6,12,1,3,4,2,2,13,15,10.137216666666667,2.0083333333333333,0.0,100.41666666666667,769.4983333333332,2.184466666666667,15.6377,7.212166666666667,5498.843333333333,7996.025,-2497.181666666667,1.8818666666666666,0.5,0.0,0.3157894736842105,0.2857142857142857,0.3170289855072464,0.3157894736842105,0.21,0.015,0.06,0.03,0.3684210526315789,0.3684210526315789,0.15205825,0.030125,0.0,1.5062499999999999,11.542474999999998,0.032767,0.23456549999999998,0.10818249999999999,82.48264999999999,119.94037499999999,-37.457725,0.028227999999999996,36.2,10.9,5.8,70.5,54.7,Forward,Forward,81,245.0,2003-01-23,85.7
1642434,Riley,Minix,10,64.83333333333333,35,14,24,4,13,3,3,10,11,5,3,2,1,2,6,8,10.252283333333335,6.961316666666667,29.866666666666667,814.4716666666666,705.8050000000001,1.4270833333333333,4.959333333333333,3.8733666666666666,8094.991666666667,6981.711666666666,1113.28,6.8072833333333325,0.9090909090909091,0.3076923076923077,0.5833333333333334,1.0,0.6911532385466035,0.6666666666666666,0.5398457583547558,0.07712082262210797,0.03084832904884319,0.015424164524421595,0.5416666666666666,0.125,0.1581329048843188,0.1073724935732648,0.46066838046272496,12.562544987146529,10.886452442159385,0.022011568123393315,0.0764935732647815,0.059743444730077123,124.85848329048844,107.68706940874036,17.171413881748073,0.10499665809768637,75.7,64.0,32.0,22.3,61.2,Forward,Forward,79,230.0,2000-09-22,51.7
1642439,Quincy,Olivari,2,10.299999999999999,3,1,5,1,5,0,0,0,0,1,1,0,0,0,0,0,2.3392999999999997,2.1,0.0,69.92999999999999,204.99999999999997,0.0,0.0,0.0,711.3,1547.78,-837.3,-0.2331,,0.2,0.2,,0.3,0.3,0.29126213592233013,0.09708737864077671,0.0,0.0,1.0,0.0,0.22711650485436893,0.2038834951456311,0.0,6.789320388349514,19.902912621359224,0.0,0.0,0.0,69.05825242718447,150.26990291262138,-81.29126213592234,-0.02263106796116505,6.8,34.8,33.3,0.9,2.2,Guard,Guard,75,200.0,2001-05-27,43.1
1642443,Jahmir,Young,20,87.85,36,14,30,4,11,4,4,10,19,15,4,1,0,3,4,7,13.410033333333333,16.653116666666666,34.050000000000004,2661.285,716.1716666666666,3.027233333333333,3.787916666666667,3.3002333333333334,9974.361666666666,9879.928333333333,95.31999999999988,8.59825,0.5263157894736842,0.36363636363636365,0.4666666666666667,1.0,0.5667506297229219,0.5333333333333333,0.40978941377347755,0.17074558907228232,0.011383039271485488,0.0,0.36666666666666664,0.13333333333333333,0.15264693606526275,0.18956308100929614,0.3875924871940809,30.293511667615252,8.15221020679188,0.03445911591728325,0.04311800417378107,0.03756668563839879,113.53855055966609,112.46361221779549,1.0850313033579952,0.0978742174160501,42.0,60.5,64.1,15.9,22.8,Guard,Guard,72,185.0,2000-10-07,9.9
1642449,Tolu,Smith,16,159.78333333333333,70,24,45,0,0,22,33,24,45,13,9,2,6,26,31,57,27.93255,23.088416666666667,107.49166666666667,2520.4083333333333,1548.4433333333334,23.622633333333333,34.1126,28.448216666666667,17389.713333333333,16855.051666666666,530.8266666666668,17.924766666666667,0.5333333333333333,,0.5333333333333333,0.6666666666666666,0.5880376344086022,0.5333333333333333,0.438093251277772,0.0813601752373005,0.012516950036507771,0.03755085010952331,0.0,0.7333333333333333,0.17481516637112757,0.14449827891936998,0.6727339105038073,15.773912589965578,9.690893918848442,0.14784166058203818,0.2134928549076875,0.17804245332220717,108.83308647126317,105.48691978721185,3.322165432356317,0.11218170439136331,67.3,27.4,48.8,96.2,64.0,Forward,Forward,83,220.0,2000-07-26,75.3
1642450,Daniss,Jenkins,79,1478.0833333333333,678,235,578,74,202,134,163,161,376,281,116,64,15,51,117,168,310.25738333333334,397.5307,3859.670666666667,39226.458333333336,16443.071666666667,49.22371666666667,114.46865,82.096,167320.61833333335,157641.38666666666,9681.551666666668,140.46198333333334,0.42819148936170215,0.36633663366336633,0.40657439446366783,0.8220858895705522,0.5217632210798497,0.47058823529411764,0.4587021480520945,0.19011106726052884,0.04329931781022721,0.010148277611772002,0.3494809688581315,0.2820069204152249,0.20990520381124206,0.2689501268534702,2.61126729435643,26.538732592884934,11.124590404239726,0.033302396121102786,0.07744397586965102,0.05554219992106896,113.20107233466766,106.65257033320178,6.550071601736485,0.09502981338445059,37.5,51.0,82.3,26.1,67.6,Guard,Guard,76,165.0,2001-08-17,28.9
1642461,Spencer,Jones,84,1541.4333333333334,378,143,296,58,161,34,54,85,135,56,36,57,34,83,143,226,153.98566666666667,68.73255,651.9583333333334,20174.161666666667,12808.438333333334,82.48406666666666,137.61538333333334,110.7786,176611.51166666666,177059.98333333334,-448.86166666666634,68.9216,0.6296296296296297,0.36024844720496896,0.4831081081081081,0.6296296296296297,0.5910683012259195,0.581081081081081,0.24522630452176544,0.0363298228921134,0.03697856972947257,0.02205739247021171,0.543918918918919,0.18243243243243243,0.09989771424864304,0.04459002443613087,0.42295590683995415,13.08792357762256,8.309433860259931,0.05351127738252276,0.08927754470946954,0.07186726639707632,114.57615963497177,114.86710421036697,-0.2911975866617648,0.04471267002573362,55.5,59.1,22.7,46.3,50.6,Forward,Forward,79,225.0,2001-06-14,46.9
1642468,Darius,Brown,1,2.6666666666666665,0,0,1,0,0,0,0,0,1,0,0,0,0,0,1,1,0.44533333333333336,0.0,0.0,0.0,0.0,0.0,2.6666666666666665,0.6666666666666666,266.66666666666663,480.0,-213.33333333333331,0.0,0.0,,0.0,,0.0,0.0,0.0,0.0,0.0,0.0,0.0,0.0,0.167,0.0,0.0,0.0,0.0,0.0,1.0,0.25,99.99999999999999,180.0,-80.0,0.0,0.8,1.5,16.0,70.5,1.9,Guard,Guard,74,192.0,1999-07-28,27.2
1642484,RayJ,Dennis,28,276.6166666666667,104,37,116,20,66,10,11,17,50,47,22,11,6,10,28,38,54.766983333333336,67.47596666666666,460.5776666666667,6550.173333333333,3175.91,7.300866666666667,25.07946666666667,15.997383333333334,27753.170000000002,28876.670000000002,-1121.3000000000006,18.392966666666666,0.34,0.30303030303030304,0.31896551724137934,0.9090909090909091,0.43032108573320094,0.4051724137931034,0.3759715611255046,0.16991022473941073,0.03976622281135145,0.02169066698800988,0.5689655172413793,0.09482758620689655,0.19798873290353677,0.2439331204434536,1.6650394649635476,23.679604747845996,11.481267698981743,0.0263934445984214,0.09066505995059349,0.05783231909381213,100.3307947219377,104.39237211544256,-4.053624148942582,0.06649261914803879,13.7,45.9,74.0,27.7,77.8,Guard,Guard,73,180.0,2001-03-30,9.9
1642490,Josh,Oduro,3,81.76666666666667,25,11,17,0,2,3,6,11,15,4,2,0,0,11,12,23,7.3805,4.22315,89.16666666666667,1787.28,920.78,9.779533333333333,10.726816666666666,10.136433333333333,10475.38,10201.413333333334,271.32000000000005,4.2249,0.7333333333333333,0.0,0.6470588235294118,0.5,0.6364562118126272,0.6470588235294118,0.30574806359559725,0.04891969017529556,0.0,0.0,0.11764705882352941,0.35294117647058826,0.09026294333469222,0.051648797390949866,1.090501426824297,21.85829596412556,11.261068079902161,0.11960293518141052,0.13118813697513249,0.12396779453730125,128.11308601712187,124.76249490419895,3.3182225845902984,0.05167019975540155,77.2,23.2,35.7,80.9,2.9,Center,Big,81,240.0,2000-10-14,22.9
1642502,Malevy,Leons,31,297.45,85,32,74,4,17,17,23,28,57,24,14,14,9,31,25,56,39.94793333333333,33.92955,177.70833333333334,4811.445,3356.8433333333332,30.576833333333333,28.48325,29.487116666666665,32066.665,36238.89833333333,-4174.0616666666665,15.219233333333333,0.49122807017543857,0.23529411764705882,0.43243243243243246,0.7391304347826086,0.5052306229196386,0.4594594594594595,0.28576231299378047,0.08068582955118507,0.04706673390485796,0.030257186081694403,0.22972972972972974,0.3108108108108108,0.13430133916064324,0.11406807866868382,0.5974393455482715,16.175642965204236,11.285403709306886,0.10279654843951365,0.09575811060682468,0.0991330195551073,107.805227769373,121.83189891858575,-14.032817840533422,0.05116568610971032,36.6,18.9,38.5,66.0,50.8,Forward,Forward,81,210.0,1999-09-23,54.8
1642504,Cormac,Ryan,11,270.68333333333334,157,53,102,27,59,24,26,26,43,19,17,11,3,8,20,28,55.927816666666665,29.166116666666667,297.6166666666667,3337.6883333333335,3305.7383333333337,9.0222,19.522166666666664,14.295533333333333,31405.52,32309.663333333334,-901.3349999999998,26.98495,0.6046511627906976,0.4576271186440678,0.5196078431372549,0.9230769230769231,0.6919957686882934,0.6519607843137255,0.5800135459639185,0.07019272212302198,0.04063789175543378,0.011083061387845575,0.5784313725490197,0.2549019607843137,0.2066171418016132,0.10774995382057755,1.099501262237547,12.330601563943107,12.212566960162553,0.03333119881780679,0.07212179053013976,0.05281275783510867,116.02310202573733,119.36332738131888,-3.329850378671263,0.09969195246598116,79.6,92.0,38.7,23.2,36.3,Guard,Guard,77,205.0,1998-10-26,71.0
1642505,Alex,Ducas,21,125.35,36,12,30,10,21,2,2,2,9,5,4,5,0,9,17,26,14.31115,6.244466666666667,0.0,1865.9499999999998,1057.0833333333333,7.720583333333334,15.348633333333332,11.096483333333333,12606.421666666665,13321.236666666668,-714.5866666666666,9.279933333333334,0.2222222222222222,0.47619047619047616,0.4,1.0,0.5829015544041452,0.5666666666666667,0.28719585161547667,0.03988831272437176,0.03988831272437176,0.0,0.7,0.06666666666666667,0.11416952532907858,0.049816247839383064,0.0,14.885919425608297,8.433054115144262,0.06159220848291451,0.1224462172583433,0.08852399946815584,100.56977795505917,106.27233080707354,-5.70073128573328,0.07403217657226434,14.6,88.9,20.5,63.0,57.5,Guard,Guard,79,220.0,2000-12-11,95.6
1642530,Yuki,Kawamura,40,301.7,98,28,82,18,60,24,28,10,22,66,19,11,0,7,38,45,43.61715,82.68671666666667,464.121,11381.553333333333,2551.135,7.92935,36.65956666666666,21.264333333333333,34136.12333333333,33560.23333333334,574.1716666666666,25.1355,0.45454545454545453,0.3,0.34146341463414637,0.8571428571428571,0.5195080576759966,0.45121951219512196,0.3248259860788863,0.21876035797149487,0.03646005966191581,0.0,0.7317073170731707,0.34146341463414637,0.14457126284388466,0.2740693293558723,1.5383526682134572,37.72473759805546,8.455866755054691,0.026282234007292016,0.1215099988951497,0.07048171472765441,113.14591757816815,111.23710087283175,1.9031212020771184,0.08331289360291681,35.5,51.4,85.5,41.1,43.6,Guard,Guard,67,159.0,2001-05-02,0.3
1642843,Cooper,Flagg,70,2343.85,1473,559,1194,72,244,283,342,487,950,316,161,84,64,86,380,466,618.72885,492.40038333333337,4547.1375,39938.35166666667,21126.685,81.05911666666667,356.15748333333335,218.61685,256806.25666666665,269061.075,-12264.46,296.6519166666667,0.5126315789473684,0.29508196721311475,0.46817420435510887,0.827485380116959,0.5477954302034987,0.4983249581239531,0.6284531859973975,0.13482091430765622,0.035838470891908614,0.027305501631930372,0.20435510887772193,0.2864321608040201,0.2639797128655844,0.21008186672924178,1.9400292254197153,17.03963635329337,9.013667683512171,0.03458374753788283,0.1519540428497273,0.09327254303816371,109.56599469533744,114.794494101585,-5.2326130085116365,0.1265660842915147,57.1,32.7,72.4,61.5,52.1,Forward,Forward,81,205.0,2006-12-21,50.6
1642844,Dylan,Harper,69,1557.9833333333333,813,331,656,61,178,90,119,270,478,266,99,54,24,54,180,234,329.05291666666665,380.85435,3434.576,38763.82833333333,14190.011666666667,49.55316666666666,164.11185,108.90278333333333,182307.28,167519.68833333332,14802.026666666667,169.65221666666667,0.5648535564853556,0.34269662921348315,0.5045731707317073,0.7563025210084033,0.5738607487718109,0.5510670731707317,0.5218284320542582,0.17073353373484954,0.03466019105895442,0.015404529359535296,0.27134146341463417,0.18140243902439024,0.21120438815134948,0.24445341734507217,2.2045011178981375,24.880772152034144,9.107935472138127,0.03180596711560885,0.10533607548219387,0.06989983846639353,117.01491030070925,107.52341488462649,9.500760598637127,0.10889218968966292,60.4,43.6,82.7,40.0,65.0,Guard,Guard,77,215.0,2006-03-02,80.6
1642845,VJ,Edgecombe,75,2623.3166666666666,1199,451,1030,149,421,148,181,302,609,315,137,107,39,122,301,423,511.68076666666667,443.4950666666667,6538.400333333333,54045.99,23258.45,113.32946666666666,296.55195,202.0973,301376.38,299035.53833333333,2336.8866666666654,240.5883,0.49589490968801314,0.35391923990498814,0.43786407766990293,0.8176795580110497,0.5402653112721243,0.5101941747572816,0.4570550003494304,0.1200770017598587,0.04078806091525359,0.014866676408363458,0.4087378640776699,0.17572815533980582,0.19505108672863233,0.16905891397022854,2.4924174867692934,20.602160115375575,8.866047433592335,0.04320083355040375,0.11304466356203025,0.07703885031035775,114.88372098933284,113.99139956416496,0.8908137917013446,0.09171149753175052,38.7,51.0,74.2,51.6,51.5,Guard,Guard,76,190.0,2005-07-30,41.5
1642846,Ace,Bailey,72,1987.6333333333334,993,395,892,137,398,66,88,258,494,131,107,60,49,104,198,302,416.75166666666667,202.23406666666668,1581.1638333333333,22335.265,17219.858333333334,94.58405,193.88305,141.93871666666666,218366.99833333332,239312.96333333335,-20958.92166666667,134.32998333333333,0.5222672064777328,0.3442211055276382,0.4428251121076233,0.75,0.533457968024755,0.5196188340807175,0.49958912609636247,0.06590752821613644,0.030186654144795315,0.02465243421824951,0.4461883408071749,0.09865470852017937,0.2096723070988948,0.1017461637793691,0.7955007630515353,11.237115329789196,8.663498465511747,0.04758626674940046,0.09754467624813429,0.07141091582954602,109.86281758875714,120.40096094182361,-10.544661993325397,0.06758287913599087,40.7,45.3,39.6,46.3,36.0,Forward,Forward,81,200.0,2006-08-13,48.0
1642847,Jeremiah,Fears,82,2111.983333333333,1169,437,1006,101,306,194,246,336,700,279,178,97,30,60,240,300,518.5108833333334,411.76868333333334,3762.0655,37221.443333333336,24049.863333333335,53.2566,231.7203,140.79743333333334,235997.14833333335,250000.7,-13984.77,190.77251666666666,0.48,0.3300653594771242,0.43439363817097415,0.7886178861788617,0.5245728029867892,0.4845924453280318,0.5535081558408763,0.1321033152092425,0.04592839274299829,0.014204657549380915,0.30417495029821073,0.24453280318091453,0.24550898444590002,0.19496777121031575,1.781295070194683,17.623928534789577,11.387335758647087,0.02521639217481199,0.10971691695799368,0.06666597747772632,111.74195582351504,118.37247768685044,-6.621628958561859,0.0903286089694521,44.5,36.1,65.3,36.0,43.3,Guard,Guard,75,190.0,2006-10-14,31.4
1642848,Tre,Johnson,60,1442.8666666666668,733,271,647,115,321,76,87,156,326,122,93,33,18,29,141,170,318.23223333333334,176.98888333333335,1577.3861666666667,19174.36666666667,14967.683333333334,24.84825,138.61393333333334,79.92131666666667,156989.58666666667,173137.52,-16143.203333333333,100.85805,0.4785276073619632,0.3582554517133956,0.4188562596599691,0.8735632183908046,0.5348178846602849,0.5077279752704791,0.5080164487363119,0.08455389733401099,0.022871136164117727,0.012475165180427851,0.49613601236476046,0.13446676970633695,0.22055553758721064,0.12266475303793374,1.0932307212493646,13.289077299819803,10.37357344175946,0.017221445733031464,0.09606842859123041,0.05539064593633045,108.80394584854224,119.99550894053503,-11.188284895809268,0.06990115741810285,34.7,59.3,45.7,22.1,20.9,Guard,Guard,77,190.0,2006-03-07,53.7
1642849,Nolan,Traore,56,1243.4166666666667,499,182,479,61,192,74,94,121,287,213,129,45,23,14,85,99,277.09246666666667,325.89101666666664,2147.289333333333,30818.81333333333,17732.81,13.007866666666667,90.97646666666667,50.24325,134889.28166666668,148094.90666666668,-13217.936666666666,71.63178333333333,0.42160278745644597,0.3177083333333333,0.37995824634655534,0.7872340425531915,0.47947574755938194,0.44363256784968685,0.40131358488036994,0.17130219154212184,0.03619060384692715,0.018497419743984986,0.40083507306889354,0.19624217118997914,0.22284763755780443,0.2620931706990148,1.7269266134977546,24.78558809731251,14.261357817840628,0.010461389987266268,0.07316651698947792,0.04040741237182494,108.48276791099792,119.10320219824409,-10.630335768380135,0.05760883318812411,25.3,35.2,73.9,6.1,40.3,Guard,Guard,75,185.0,2006-05-28,25.7
1642851,Kon,Knueppel,81,2550.7333333333336,1498,515,1084,273,642,195,226,242,442,274,161,57,19,97,335,432,551.4957666666667,402.3939666666667,3727.224166666667,42246.875,25401.716666666667,93.2614,324.59788333333336,208.83276666666666,304343.74666666664,288644.54833333334,15700.781666666668,288.6582666666667,0.5475113122171946,0.4252336448598131,0.47509225092250923,0.8628318584070797,0.6329006962752654,0.6010147601476015,0.5872820888110608,0.10742008834060791,0.022346514727790697,0.007448838242596899,0.5922509225092251,0.20848708487084872,0.2162106714408928,0.15775618776299627,1.461236311126212,16.562638848958468,9.958593607067248,0.03656258330937508,0.12725669088628105,0.08187165782389377,119.31617574030996,113.16139737591803,6.155399100912156,0.11316677556781056,65.2,88.3,59.5,52.7,29.2,Guard-Forward,Wing,78,215.0,2005-08-03,50.2
1642852,Derik,Queen,81,2023.4333333333334,948,354,748,23,88,217,273,331,660,298,190,84,74,136,436,572,432.24014999999997,420.03845,3325.7975,42930.57,28060.96,131.83785,419.79795,277.0554833333333,228054.82333333333,241984.42333333334,-13917.845000000001,220.39255,0.5015151515151515,0.26136363636363635,0.4732620320855615,0.7948717948717948,0.5460074644058425,0.48863636363636365,0.46851061726768034,0.14727443454195013,0.041513598998402054,0.036571503879544665,0.11764705882352941,0.3649732620320856,0.21361719354891848,0.20758699734774227,1.6436407591058102,21.21669604467654,13.867993344645239,0.06515551949656524,0.20746813996013377,0.13692345518343407,112.70686292275505,119.59100373951864,-6.8783313839513704,0.10892009455875327,54.3,26.7,66.6,85.5,51.7,Center,Big,81,250.0,2004-12-27,37.6
1642853,Rasheer,Fleming,55,673.4166666666666,238,87,215,45,130,19,34,42,85,16,29,22,21,57,67,124,105.5645,20.792766666666665,132.17666666666668,3566.3433333333332,6173.471666666666,51.66198333333333,65.78591666666667,58.89041666666667,76430.88,71858.79833333334,4564.321666666667,40.64488333333333,0.49411764705882355,0.34615384615384615,0.4046511627906977,0.5588235294117647,0.5174813010958428,0.5093023255813953,0.35342160623685187,0.02375943571340181,0.032669224105927486,0.031184259373839875,0.6046511627906976,0.15813953488372093,0.15675955946046283,0.030876525182526916,0.1962776884049004,5.295894072515778,9.167387699542136,0.07671622323969805,0.0976897661180547,0.08745019180794457,113.4971612424205,106.70778121519615,6.777856700903354,0.06035621828981562,29.7,47.4,12.7,59.8,73.2,Forward,Forward,81,240.0,2004-07-10,83.4
1642854,Asa,Newell,44,499.91666666666663,227,91,169,29,75,16,29,62,94,26,23,16,15,44,52,96,80.66706666666667,33.8715,149.5,5311.818333333334,5143.641666666666,38.93253333333333,51.711483333333334,45.333016666666666,55182.90833333333,56979.994999999995,-1791.9516666666664,38.4834,0.6595744680851063,0.38666666666666666,0.5384615384615384,0.5517241379310345,0.624449823943662,0.6242603550295858,0.45407567927988,0.052008668111351894,0.032005334222370396,0.030005000833472247,0.4437869822485207,0.17159763313609466,0.16136102683780632,0.06775429238206368,0.29904984164027343,10.62540756792799,10.288998166361061,0.07787804634105684,0.10344020670111687,0.09068114685780963,110.38421403567261,113.97898649774963,-3.5845007501250206,0.07697962993832307,70.3,62.9,17.3,62.9,52.5,Forward,Forward,82,220.0,2005-10-05,72.6
1642855,Noa,Essengue,2,6.033333333333333,0,0,3,0,2,0,0,0,1,0,0,1,0,0,0,0,1.1042833333333333,0.0,0.0,0.0,0.0,0.0,0.0,0.0,388.3333333333333,1034.6666666666665,-646.3333333333333,-1.8520333333333334,0.0,0.0,0.0,,0.0,0.0,0.0,0.0,0.16574585635359115,0.0,0.6666666666666666,0.0,0.18303038674033148,0.0,0.0,0.0,0.0,0.0,0.0,0.0,64.3646408839779,171.4917127071823,-107.1270718232044,-0.3069668508287293,0.8,27.3,16.0,0.9,31.3,Forward,Forward,80,194.0,2006-12-18,34.9
1642856,Egor,Dëmin,52,1308.2333333333333,536,179,449,124,322,54,65,55,127,173,86,42,17,21,144,165,238.48818333333332,264.66378333333336,2912.494,31355.55,15219.888333333332,20.416316666666667,154.88988333333333,83.68496666666667,143424.46666666667,151108.21666666667,-7684.206666666667,107.6438,0.4330708661417323,0.38509316770186336,0.3986636971046771,0.8307692307692308,0.5611390284757118,0.5367483296213809,0.40971284429383137,0.13223940683364332,0.032104364664815144,0.012994623792901368,0.7171492204899778,0.1447661469933185,0.18229789538053864,0.2023062527072133,2.2262802252401457,23.96785741585344,11.633924885978546,0.015606020842357378,0.11839622136723825,0.06396792111498968,109.63217570769741,115.50555456468011,-5.873727928249293,0.08228180497872449,27.9,75.6,73.3,31.3,36.4,Guard,Guard,80,200.0,2006-03-03,79.4
1642857,Kasparas,Jakučionis,53,944.65,328,102,238,66,156,58,66,36,82,137,50,33,7,43,95,138,121.53768333333333,164.87191666666666,1570.2201666666667,26930.131666666668,9790.478333333334,36.9697,92.73391666666667,63.826299999999996,109558.22166666666,107034.535,2520.205,68.1536,0.43902439024390244,0.4230769230769231,0.42857142857142855,0.8787878787878788,0.6141402037147993,0.5672268907563025,0.34721854655163287,0.14502725877309056,0.03493357328110941,0.007410151908114116,0.6554621848739496,0.2773109243697479,0.12865895658003845,0.17453227826884737,1.6622242805977523,28.508052365073485,10.364133100442846,0.03913587042820092,0.09816748707634222,0.06756608267612343,115.97758076183419,113.30602339490818,2.6678716985126765,0.0721469327264066,40.1,89.5,72.0,41.2,40.3,Guard,Guard,77,200.0,2006-05-29,65.3
1642859,Jase,Richardson,54,586.7166666666667,239,89,188,28,79,33,46,61,109,58,25,19,2,21,42,63,93.74246666666667,82.33256666666666,313.8666666666667,11776.383333333333,5048.86,19.4973,43.178666666666665,30.703033333333334,65786.46,66195.69666666667,-409.543333333333,38.45655,0.5596330275229358,0.35443037974683544,0.4734042553191489,0.717391304347826,0.5738570879754129,0.5478723404255319,0.40735164616651987,0.0988552112035906,0.032383603670141745,0.00340880038633071,0.42021276595744683,0.24468085106382978,0.15977467829446354,0.14032764253046615,0.5349544072948328,20.0716700281226,8.605277959264834,0.03323120188620288,0.07359372780728915,0.05233025594409567,112.12645513166493,112.82395818538193,-0.6980257364429162,0.06554535124847313,58.8,51.1,52.8,23.2,35.9,Guard,Guard,73,180.0,2005-10-16,9.9
1642860,Will,Riley,74,1632.5,764,271,618,78,247,144,180,193,371,146,94,54,9,56,156,212,320.9585666666667,212.30576666666667,1831.4751666666666,24933.075,16098.186666666666,51.925399999999996,161.14351666666667,103.34745,175248.6,198454.03333333333,-23198.406666666666,131.54208333333332,0.5202156334231806,0.3157894736842105,0.43851132686084143,0.8,0.5479059093516925,0.5016181229773463,0.46799387442572743,0.08943338437978561,0.0330781010719755,0.005513016845329249,0.39967637540453077,0.2912621359223301,0.19660555385400716,0.13004947422154162,1.1218837161817254,15.272940275650843,9.861063808065339,0.03180728943338438,0.09870965798876978,0.06330624808575804,107.3498315467075,121.56449208779989,-14.210356304236855,0.08057708014293007,54.4,40.6,51.4,35.4,21.7,Forward,Forward,81,180.0,2006-02-10,44.0
1642862,Liam,McNeeley,31,367.55,132,38,95,24,60,32,39,14,35,24,13,5,3,13,60,73,53.5882,33.687983333333335,40.25,5370.12,3406.478333333333,12.468116666666667,61.981433333333335,36.63791666666667,41280.56166666667,40424.3,854.6783333333333,30.152366666666666,0.4,0.4,0.4,0.8205128205128205,0.5884450784593438,0.5263157894736842,0.35913481159025984,0.06529723847095634,0.013603591348115902,0.008162154808869542,0.631578947368421,0.4105263157894737,0.14579839477622092,0.09165551172176122,0.10950891035233301,14.610583594068833,9.268067836575522,0.03392223280279327,0.1686340180474312,0.09968144923593163,112.31277830680634,109.98313154672834,2.32533895615109,0.082036094862377,42.7,80.2,29.3,64.5,38.0,Forward,Forward,79,210.0,2005-10-10,30.3
1642863,Khaman,Maluach,46,411.0333333333333,139,56,105,5,21,22,31,51,84,6,25,5,33,49,84,133,58.130516666666665,7.482733333333333,36.525,1426.9866666666667,5597.703333333333,42.88166666666667,87.88758333333334,61.917516666666664,43562.354999999996,42558.386666666665,1004.4783333333335,44.482033333333334,0.6071428571428571,0.23809523809523808,0.5333333333333333,0.7096774193548387,0.5858057990559676,0.5571428571428572,0.33817208661098047,0.014597356256589086,0.012164463547157571,0.08028545941123998,0.2,0.29523809523809524,0.14142531019382046,0.01820468737328684,0.08886140621198606,3.471705457789312,13.618611629227152,0.10432649420160572,0.21382106074122134,0.1506386748844376,105.98253588516747,103.53998864650069,2.4437880139485855,0.10822001459735626,66.3,26.3,4.4,91.7,68.6,Center,Big,85,250.0,2006-09-14,78.2
1642864,Hugo,González,74,1083.9333333333334,289,117,246,42,116,13,26,75,130,40,38,42,21,62,184,246,123.09658333333333,51.69493333333333,245.78333333333333,12128.741666666667,11405.833333333332,56.40846666666667,172.99258333333333,115.16453333333334,128054.0,114938.37833333333,13118.866666666667,75.76075,0.5769230769230769,0.3620689655172414,0.47560975609756095,0.5,0.5612958359229335,0.5609756097560976,0.26662156344178606,0.03690263853865551,0.038747770465588284,0.019373885232794142,0.4715447154471545,0.10569105691056911,0.11356471800233715,0.04769198597699735,0.226751337720647,11.189564241343255,10.522633618303708,0.05204053139799496,0.15959706931545603,0.1062468786518236,118.13826188572482,106.03823574635585,12.103019865920412,0.06989428931668613,41.9,50.6,13.7,72.8,74.4,Guard,Guard,78,200.0,2006-02-05,73.9
1642866,Joan,Beringer,40,314.1333333333333,156,65,98,0,0,26,37,65,98,12,11,7,26,45,47,92,48.43235,15.3764,155.43333333333334,2845.145,2154.125,42.14593333333333,46.48153333333333,42.24275,37399.4,36453.595,943.2366666666667,-22.33546666666667,0.6632653061224489,,0.6632653061224489,0.7027027027027027,0.6825341267063353,0.6632653061224489,0.4966044142614601,0.038200339558573854,0.022283531409168084,0.08276740237691002,0.0,0.37755102040816324,0.15417768463497453,0.048948641765704584,0.4948005093378608,9.057125424448218,6.857358870967742,0.13416574702886247,0.14796752971137522,0.13447394949066216,119.05581494057726,116.04497559422751,3.0026634125636673,-0.07110186757215621,88.3,39.6,22.8,86.0,42.8,Forward,Forward,83,230.0,2006-11-11,85.8
1642867,Collin,Murray-Boyles,57,1245.6333333333332,484,198,342,17,50,71,108,181,292,106,59,52,53,133,152,285,186.77198333333334,152.9112,1305.0725,25155.5,12975.631666666666,124.04768333333334,153.00911666666667,138.48063333333334,139222.77666666667,136192.71333333332,3037.14,119.82741666666666,0.6198630136986302,0.34,0.5789473684210527,0.6574074074074074,0.6212774697063053,0.6038011695906432,0.38855736037892374,0.08509727314083868,0.041745832106826516,0.04254863657041934,0.14619883040935672,0.3157894736842105,0.14994138189408335,0.12275779389333406,1.0477180283122376,20.194947683909124,10.41689501993631,0.09958603387834838,0.1228364018303942,0.11117287056116033,111.76866654178599,109.33611817281704,2.43822954855629,0.09619798496079639,74.9,42.5,53.5,75.2,79.8,Forward,Forward,79,245.0,2005-06-10,61.2
1642868,Carter,Bryant,71,817.8666666666667,298,108,265,52,155,30,42,56,110,47,33,16,23,38,140,178,129.25993333333332,68.95691666666667,488.55833333333334,10900.408333333333,7442.3133333333335,32.86111666666667,125.48006666666667,82.30048333333333,89055.30333333333,88916.74833333334,135.75333333333344,60.00736666666666,0.509090909090909,0.33548387096774196,0.4075471698113208,0.7142857142857143,0.5256102723296175,0.5056603773584906,0.3643625692859472,0.05746657971959569,0.019563090968373,0.02812194326703619,0.5849056603773585,0.15849056603773584,0.15804523964786435,0.08431315210303228,0.5973569448972937,13.327854988588197,9.099665797195957,0.04017906341701989,0.1534236224323443,0.10062824013694163,108.88731252037822,108.71790226605805,0.16598467557874158,0.07337059830453212,33.9,47.8,32.0,66.5,57.9,Forward,Forward,78,220.0,2005-11-26,30.6
1642869,Noah,Penda,59,757.3,227,82,203,30,93,33,48,52,110,70,42,30,18,67,120,187,105.86866666666667,97.26155,500.6016666666667,15781.761666666667,9604.691666666668,59.030233333333335,124.08191666666667,90.19873333333334,83993.96666666666,85947.13666666667,-1954.6733333333334,58.45398333333333,0.4727272727272727,0.3225806451612903,0.4039408866995074,0.6875,0.506425129394967,0.47783251231527096,0.29974910867555793,0.09243364584708835,0.03961441964875215,0.023768651789251288,0.458128078817734,0.23645320197044334,0.13979752629957307,0.12843199524626964,0.6610348166732691,20.83951098199745,12.682809542673535,0.07794828117434748,0.16384777058849423,0.11910568246841852,110.91240811655442,113.49153131739955,-2.5811083234297287,0.07718735419692768,28.2,35.1,46.3,81.5,58.6,Guard-Forward,Wing,79,215.0,2005-01-07,64.4
1642873,Amari,Williams,22,145.73333333333332,30,10,20,0,0,10,14,10,20,10,11,3,10,9,31,40,14.567350000000001,18.241166666666665,58.90833333333333,2107.188333333333,2311.6966666666667,7.468166666666666,29.009733333333333,17.392116666666666,12980.91,15593.558333333332,-2616.355,11.129083333333334,0.5,,0.5,0.7142857142857143,0.573394495412844,0.5,0.2058554437328454,0.0686184812442818,0.02058554437328454,0.0686184812442818,0.0,0.7,0.09995894327538886,0.12516811527904848,0.40422003659652334,14.459206312900275,15.862511436413543,0.05124542543458371,0.19906038426349498,0.11934206312900275,89.073032936871,107.00062900274474,-17.953030649588293,0.07636607959743826,47.2,27.0,33.0,79.5,66.9,Forward-Center,Big,83,250.0,2002-01-28,59.1
1642874,Danny,Wolf,57,1187.1666666666667,508,178,440,68,211,84,109,110,229,127,73,30,32,57,224,281,239.66321666666667,217.80783333333335,1549.1341666666667,22423.69,12028.828333333333,56.05335,234.74996666666667,139.99128333333334,122233.65,132815.35166666665,-10588.871666666666,113.70168333333334,0.48034934497816595,0.3222748815165877,0.40454545454545454,0.7706422018348624,0.5205344700385278,0.4818181818181818,0.42790958865646495,0.10697739716411624,0.025270251298610134,0.026954934718517478,0.47954545454545455,0.24772727272727274,0.20187832373999717,0.18346862277130424,1.3049003228976555,18.888409378071035,10.132383827039169,0.047216074687631615,0.1977396883335673,0.11792049698160888,102.96250175487855,111.87591043099816,-8.919448266179979,0.09577567036361083,39.0,41.3,64.5,77.6,51.8,Forward,Forward,83,250.0,2004-05-05,96.9
1642875,Maxime,Raynaud,74,1963.8666666666666,922,383,671,24,74,132,168,359,597,100,94,38,39,142,414,556,349.64891666666665,150.14366666666666,1785.4035000000001,20131.18666666667,19809.766666666666,138.27616666666665,417.9731,276.62506666666667,216802.04333333333,238246.39,-21448.028333333332,214.71836666666667,0.6013400335008375,0.32432432432432434,0.5707898658718331,0.7857142857142857,0.6188584009021103,0.5886736214605067,0.4694819743363433,0.05091995383257519,0.019349582456378574,0.019858781994704325,0.11028315946348734,0.2503725782414307,0.17804106694276597,0.07645308574920226,0.9091266379251818,10.2507909566162,10.087124041007536,0.0704101602281214,0.21283170955258335,0.14085735623599702,110.395500373413,121.31495179577705,-10.92132612533098,0.1093344931767262,73.2,43.1,29.2,87.1,24.3,Center,Big,85,250.0,2003-04-07,78.2
1642876,Adou,Thiero,25,148.9,47,16,31,1,3,14,22,15,28,10,9,7,2,9,19,28,21.162116666666666,15.882033333333332,60.55,1783.4733333333334,2406.1883333333335,10.1603,19.460966666666668,15.1296,16323.478333333334,18190.97,-1865.9816666666663,8.168483333333333,0.5357142857142857,0.3333333333333333,0.5161290322580645,0.6363636363636364,0.5776794493608653,0.532258064516129,0.31564808596373406,0.0671591672263264,0.04701141705842848,0.013431833445265278,0.0967741935483871,0.7096774193548387,0.14212301320796955,0.10666241325274232,0.4066487575554063,11.977658383702709,16.159760465636893,0.0682357286769644,0.13069823147526305,0.10160913364674277,109.6271211103649,122.16903962390867,-12.531777479292588,0.054858853816879334,58.7,34.1,26.3,70.1,40.2,Guard,Guard,79,220.0,2004-05-08,95.6
1642877,Micah,Peavy,61,912.9833333333333,262,106,275,28,108,22,29,78,167,61,20,43,9,46,71,117,123.89345,83.16588333333334,359.1256666666667,14072.775,4329.906666666667,39.03435,66.69325,53.4623,100959.41333333333,104740.97166666666,-3785.8616666666667,39.02753333333333,0.46706586826347307,0.25925925925925924,0.38545454545454544,0.7586206896551724,0.455240478176258,0.43636363636363634,0.28697128461636756,0.0668139250442688,0.047098340604976356,0.009857792219646215,0.3927272727272727,0.10545454545454545,0.13570176527501415,0.09109244418481535,0.39335402252688073,15.414054655981307,4.742591138940105,0.04275472352543858,0.07304980010588,0.05855780499826576,110.58187991748662,114.72385950820569,-4.146693075813724,0.04274725716059073,15.7,26.2,38.8,31.6,47.1,Guard-Forward,Wing,79,215.0,2001-07-16,64.4
1642878,Tyrese,Proctor,50,545.1166666666667,272,93,225,46,131,40,45,47,94,74,40,25,0,11,53,64,116.01256666666667,108.56193333333334,354.6526666666667,11085.863333333333,5439.6483333333335,9.892133333333334,50.945283333333336,29.256583333333335,61259.458333333336,61572.50833333333,-320.0666666666663,48.486666666666665,0.5,0.3511450381679389,0.41333333333333333,0.8888888888888888,0.5555555555555556,0.5155555555555555,0.4989757544256581,0.13575075671874523,0.045861742134711225,0.0,0.5822222222222222,0.2,0.21282153667410647,0.19915357568716177,0.6505995658421745,20.33668022135934,9.9788699666738,0.01814681872382059,0.09345757788852539,0.05367031522304094,112.3786192558168,112.95289999082765,-0.5871525973033289,0.0889473201455346,45.1,64.2,60.0,21.0,44.2,Guard,Guard,76,185.0,2004-04-01,35.7
1642879,Ben,Saraf,44,916.3166666666666,332,120,303,19,90,73,88,101,213,145,99,38,8,20,72,92,185.31505,236.29848333333334,1594.3373333333334,22974.361666666668,16280.236666666666,19.5752,77.9776,46.71536666666667,95182.48,106403.515,-11228.7,57.11195,0.47417840375586856,0.2111111111111111,0.39603960396039606,0.8295454545454546,0.4857778298021772,0.4273927392739274,0.36232015860601324,0.15824223794539735,0.041470379599483444,0.008730606231470199,0.297029702970297,0.29042904290429045,0.20223909128940143,0.2578786263846196,1.7399414321831974,25.072513141381258,17.7670419614762,0.021362920387784427,0.08509896505938631,0.0509816839156769,103.87509412684844,116.12089888866659,-12.254169773913677,0.0623277433201768,35.9,24.3,72.9,18.1,38.1,Guard,Guard,78,200.0,2006-04-14,73.9
1642880,Kam,Jones,37,616.35,162,68,169,22,75,4,8,46,94,119,36,18,0,15,45,60,86.63786666666667,163.78828333333334,1494.2118333333333,21174.241666666665,5618.923333333333,14.4359,44.7046,29.077466666666666,65387.33,71626.48666666666,-6233.513333333333,33.88028333333333,0.48936170212765956,0.29333333333333333,0.40236686390532544,0.5,0.469510781358683,0.46745562130177515,0.262837673399854,0.19307211811470754,0.029204185933317108,0.0,0.4437869822485207,0.047337278106508875,0.14056602038884833,0.2657390822314161,2.4242911224682944,34.354249479462425,9.116448987317812,0.023421594873042913,0.07253119169303156,0.047176874611286876,106.08798572239799,116.21073524242178,-10.113593466915443,0.05496922744111841,16.4,25.8,87.5,14.2,20.1,Guard,Guard,76,200.0,2002-02-25,53.1
1642882,Julian,Reese,13,401.5,154,63,119,0,0,28,44,63,119,24,32,18,8,55,82,137,69.12041666666667,33.290216666666666,276.24133333333333,5251.43,6857.59,54.15383333333333,86.32558333333334,68.90476666666666,44663.43666666667,49380.450000000004,-4709.261666666666,36.21228333333333,0.5294117647058824,,0.5294117647058824,0.6363636363636364,0.5565192252095981,0.5294117647058824,0.3835616438356164,0.05977584059775841,0.0448318804483188,0.019925280199252802,0.0,0.3697478991596639,0.1721554586965546,0.08291461187214612,0.6880232461602325,13.07952677459527,17.07992528019925,0.13487878787878788,0.21500767953507682,0.17161834786218347,111.24143628061437,122.98991282689914,-11.729169779991697,0.09019248650892486,56.0,19.0,24.4,95.1,44.2,Forward,Forward,81,230.0,2003-06-30,76.3
1642883,Sion,James,82,1843.35,441,138,372,83,236,82,98,55,136,163,65,52,20,49,238,287,200.73968333333332,219.46788333333333,1507.2471666666665,46341.534999999996,17431.466666666667,48.94245,229.2755,139.30691666666667,209336.565,202899.835,6434.830000000001,117.14233333333334,0.40441176470588236,0.3516949152542373,0.3709677419354839,0.8367346938775511,0.531171709385238,0.4825268817204301,0.23923834323378632,0.08842596359888247,0.02820950985976619,0.010849811484525457,0.6344086021505376,0.26344086021505375,0.10889938608150017,0.11905925805372465,0.8176673809459227,25.13984593267692,9.456406361606135,0.026550817804540647,0.12437979765101581,0.07557268921619154,113.5631133534055,110.07124799956601,3.490834621748448,0.06354861167620547,24.0,60.8,55.3,44.8,49.1,Guard,Guard,77,220.0,2002-12-04,83.3
1642884,Vladislav,Goldin,9,23.966666666666665,7,3,4,0,0,1,1,3,4,3,3,0,3,3,6,9,2.3758666666666666,2.315783333333333,3.15,493.9216666666666,649.1666666666667,3.0685166666666666,4.091683333333333,3.798233333333333,2546.693333333333,2136.0916666666667,410.08,1.6888833333333333,0.75,,0.75,1.0,0.7882882882882882,0.75,0.29207232267037553,0.12517385257301808,0.0,0.12517385257301808,0.0,0.25,0.09913212795549374,0.09662517385257302,0.131432545201669,20.608692628650903,27.086230876216973,0.1280326842837274,0.1707239221140473,0.1584798331015299,106.25980528511822,89.12760778859528,17.110431154381086,0.07046801112656467,71.8,58.7,29.7,91.0,69.8,Center,Big,84,250.0,2001-05-12,70.0
1642885,Mohamed,Diawara,69,634.15,246,90,213,48,130,18,24,42,83,53,30,17,6,15,79,94,106.8079,67.05963333333334,383.04016666666666,10906.741666666667,5883.9,16.158166666666666,81.43836666666667,48.50813333333333,71089.77,67599.69333333333,3487.9766666666665,43.562416666666664,0.5060240963855421,0.36923076923076925,0.4225352112676056,0.75,0.5501878690284487,0.5352112676056338,0.38792083891823703,0.08357644090514862,0.026807537648821256,0.009461483876054562,0.6103286384976526,0.11267605633802817,0.168426870614208,0.10574727325291074,0.6040213934663198,17.198993403243186,9.278404163052905,0.02548003889721149,0.12842129885148099,0.0764931535651397,112.10245210123789,106.59890141659439,5.5002391652868665,0.06869418381560619,33.1,63.0,42.6,45.2,52.6,Forward,Forward,81,225.0,2005-04-29,71.4
1642886,Koby,Brea,12,83.86666666666667,45,15,36,13,30,2,2,2,6,10,4,1,0,1,7,8,16.901116666666667,15.772083333333335,93.21666666666667,1553.4783333333335,598.0866666666667,1.2326666666666666,6.927183333333334,3.993666666666667,8525.533333333333,8711.661666666667,-185.73833333333312,8.104616666666667,0.3333333333333333,0.43333333333333335,0.4166666666666667,1.0,0.6100867678958785,0.5972222222222222,0.5365659777424483,0.11923688394276628,0.011923688394276629,0.0,0.8333333333333334,0.05555555555555555,0.20152364864864863,0.18806140699523052,1.1114864864864864,18.52319157392687,7.131399046104928,0.01469793322734499,0.08259757551669317,0.04761923688394276,101.6558028616852,103.87513910969793,-2.214686009538948,0.09663692368839427,31.4,93.5,68.8,12.1,40.0,Guard,Guard,77,215.0,2002-11-06,80.6
1642905,Hansen,Yang,43,299.9,95,31,100,5,42,28,34,26,58,22,32,3,10,20,46,66,59.37571666666667,32.9451,119.61666666666666,3927.9683333333332,5401.5233333333335,19.181783333333332,45.118833333333335,31.915066666666668,28597.266666666666,33095.23333333334,-4498.981666666667,7.856933333333333,0.4482758620689655,0.11904761904761904,0.31,0.8235294117647058,0.4131871955462769,0.335,0.3167722574191397,0.07335778592864288,0.01000333444481494,0.03334444814938313,0.42,0.34,0.19798505057241306,0.10985361787262421,0.3988551739468712,13.09759364232522,18.011081471601646,0.06396059797710348,0.15044625986439927,0.10641902856507726,95.35600755807492,110.35422918750697,-15.001606090919196,0.02619851061464933,31.7,26.0,27.6,74.3,53.4,Center,Big,85,270.0,2005-06-26,90.5
1642907,Cedric,Coward,62,1597.95,843,305,648,93,275,140,166,212,373,171,105,40,27,83,281,364,330.99275,253.58166666666668,2166.1896666666667,27872.626666666667,16488.286666666667,77.83505,261.6679,169.73283333333333,181850.24666666667,181614.44166666665,233.66666666666617,177.44786666666667,0.5683646112600537,0.3381818181818182,0.470679012345679,0.8433734939759037,0.5845722844779763,0.5424382716049383,0.5275509246221721,0.10701210926499577,0.02503207234268907,0.01689664883131512,0.4243827160493827,0.25617283950617287,0.20713586157263994,0.15869186561949164,1.355605411099638,17.442740177519113,10.31839961617489,0.048709315059920516,0.16375224506398822,0.10621911407323967,113.8022132523963,113.65464605692709,0.146229022601875,0.11104719588639611,68.4,54.9,59.4,72.3,40.0,Guard,Guard,77,206.0,2003-09-11,73.4
1642910,John,Tonje,6,41.900000000000006,15,4,14,3,10,4,4,1,4,2,0,2,0,0,6,6,6.592233333333334,2.949266666666667,0.0,382.21,0.0,0.0,5.026666666666667,2.8093333333333335,4391.221666666666,4691.686666666667,-297.50500000000005,-0.5833333333333333,0.25,0.3,0.2857142857142857,1.0,0.47588832487309646,0.39285714285714285,0.3579952267303102,0.04773269689737469,0.04773269689737469,0.0,0.7142857142857143,0.2857142857142857,0.15733253778838502,0.0703882259347653,0.0,9.121957040572791,0.0,0.0,0.11996817820206841,0.06704852824184566,104.80242641209226,111.97342879872713,-7.10035799522673,-0.013922036595067617,27.1,51.4,22.8,30.1,48.5,Guard,Guard,76,218.0,2001-04-23,70.1
1642911,Rocco,Zikarsky,5,36.483333333333334,14,5,8,0,0,4,4,5,8,2,1,0,5,2,12,14,4.384766666666667,2.1245,40.46666666666667,505.83333333333337,252.91666666666669,2.4396666666666667,10.152566666666667,6.945333333333334,4437.168333333334,4306.341666666667,130.82666666666677,5.958633333333333,0.625,,0.625,1.0,0.7172131147540983,0.625,0.38373686614892644,0.05481955230698949,0.0,0.13704888076747374,0.0,0.5,0.12018547281863864,0.05823206943809958,1.1091822750114209,13.86477843764276,6.93238921882138,0.06687071722247602,0.27827957971676565,0.1903700319780722,121.62179077204205,118.03586112380083,3.585929648241209,0.1633248058474189,81.7,58.2,37.1,92.4,35.9,Center,Big,87,227.0,2006-07-11,59.9
1642914,Javon,Small,41,829.9166666666666,396,134,288,60,142,68,82,74,146,151,56,34,9,36,92,128,152.9166,213.72226666666668,1566.9141666666667,23619.205,8672.471666666666,33.08285,94.80038333333333,62.66531666666667,92871.60833333334,97664.235,-4791.505,87.05813333333333,0.5068493150684932,0.4225352112676056,0.4652777777777778,0.8292682926829268,0.6109602567267342,0.5694444444444444,0.4771563409980922,0.18194597851189878,0.04096796867155337,0.010844462295411186,0.4930555555555556,0.2847222222222222,0.18425536700471934,0.25752256250627575,1.888037955618034,28.459730896676376,10.44981022190983,0.03986285771663822,0.11422879807209559,0.0755079626468521,111.90473943166985,117.67956822974195,-5.773477256752686,0.10489984938246812,57.8,80.2,80.6,49.6,38.3,Guard,Guard,73,190.0,2002-12-19,19.1
1642917,Max,Shulga,11,36.28333333333333,7,2,8,1,4,2,2,1,4,2,3,1,0,3,3,6,4.437883333333334,3.9833333333333334,2.2333333333333334,132.64499999999998,990.37,2.09435,2.9012,2.5793,3405.7366666666667,3617.0133333333333,-212.08000000000004,0.5818000000000001,0.25,0.25,0.25,1.0,0.3941441441441441,0.3125,0.19292604501607719,0.05512172714745062,0.02756086357372531,0.0,0.5,0.25,0.12231189710610933,0.10978410656867249,0.061552595314653194,3.6558107487367932,27.295452457510336,0.057722094625631604,0.07995957740009187,0.07108773541570969,93.865043638034,99.68801102434543,-5.8451079467156655,0.016034910427193388,16.7,37.6,19.1,44.4,49.4,Guard,Guard,76,210.0,2002-06-25,64.8
1642918,Alijah,Martin,23,145.61666666666667,51,16,50,4,21,15,19,12,29,12,8,8,4,9,12,21,27.019333333333332,18.300833333333333,83.71116666666667,2022.52,1443.8683333333333,6.833716666666667,14.405283333333333,9.029966666666667,14921.378333333334,15637.61,-718.2033333333334,10.194866666666666,0.41379310344827586,0.19047619047619047,0.32,0.7894736842105263,0.43694311172035644,0.36,0.35023463431383767,0.08240814925031476,0.0549387661668765,0.02746938308343825,0.42,0.38,0.18555110449811146,0.12567815039487237,0.5748735263820534,13.889344168478882,9.915543092594712,0.04692949525008584,0.09892606157720041,0.062011903399336155,102.47026439281218,107.3888748998512,-4.932150623783907,0.07001167448781045,33.0,25.1,40.9,41.2,83.4,Guard,Guard,74,210.0,2001-12-26,47.7
1642920,Kobe,Sanders,68,1351.4166666666667,495,179,384,80,196,57,69,99,188,109,81,49,10,29,124,153,208.61871666666667,163.18758333333332,1131.9655,23865.420000000002,18157.051666666666,30.260416666666668,118.07605,75.63991666666666,153438.92833333334,153003.66666666666,414.49666666666724,78.477,0.526595744680851,0.40816326530612246,0.4661458333333333,0.8260869565217391,0.5973066898349262,0.5703125,0.3662822963556761,0.08065610162175495,0.03625824751803663,0.00739964235061972,0.5104166666666666,0.1796875,0.15437038909786027,0.1207529752728618,0.8376139853240426,17.65955725473269,13.435568847505703,0.02239162607140655,0.08737205401738915,0.0559708330764013,113.53931923290375,113.21724116667693,0.3067127088857376,0.05807017327495838,45.9,78.4,43.7,22.7,41.9,Guard,Guard,80,207.0,2002-05-30,88.4
1642928,Dylan,Cardwell,44,906.5,238,105,179,2,4,26,51,103,175,62,39,30,67,147,185,332,97.34873333333333,86.19256666666666,647.2551666666667,18502.901666666665,11236.881666666666,132.92680000000001,189.49336666666667,158.18368333333333,98820.00166666666,100897.27833333334,-2081.831666666666,80.82291666666667,0.5885714285714285,0.5,0.5865921787709497,0.5098039215686274,0.590746624305004,0.5921787709497207,0.2625482625482625,0.06839492553778267,0.03309431880860452,0.07391064533921676,0.0223463687150838,0.2849162011173184,0.10738966721823864,0.0950828093399522,0.7140156278727707,20.41136422136422,12.395898143041,0.14663739658025374,0.20903846295274867,0.17449937488508918,109.01268799411656,111.30422320279463,-2.2965600294171717,0.08915931237359809,60.0,56.0,39.3,95.5,67.9,Center,Big,82,255.0,2001-12-16,53.9
1642933,Keshon,Gilbert,4,73.78333333333333,17,5,12,0,3,7,7,5,9,12,8,3,4,2,3,5,9.817733333333333,14.514600000000002,129.26666666666668,2394.5,1811.5366666666669,1.7175499999999997,3.591666666666667,2.6901166666666665,7606.910000000001,10413.865000000002,-2806.955,3.5425333333333335,0.5555555555555556,0.0,0.4166666666666667,1.0,0.5636604774535809,0.4166666666666667,0.23040433702281454,0.16263835554551614,0.040659588886379036,0.05421278518183872,0.25,0.5833333333333334,0.13306166704314434,0.1967192229500791,1.751976507793088,32.4531285294782,24.552112039756047,0.02327829229726677,0.04867856336119268,0.036459679241021004,103.0979444318952,141.14115653941724,-38.043212107522024,0.04801264964987577,58.4,30.4,69.9,9.5,49.9,Guard,Guard,76,200.0,2003-06-30,53.1
1642935,Chucky,Hepburn,2,13.233333333333333,0,0,6,0,5,0,0,0,1,2,1,1,0,0,1,1,2.8891666666666667,3.3533333333333335,16.766666666666666,279.16499999999996,140.00166666666667,0.0,0.6935499999999999,0.30555,954.75,1579.2716666666665,-624.5216666666666,-1.8901666666666666,0.0,0.0,0.0,,0.0,0.0,0.0,0.15113350125944586,0.07556675062972293,0.0,0.8333333333333334,0.0,0.21832493702770783,0.25340050377833756,1.2670025188916876,21.095591939546598,10.579471032745593,0.0,0.05240931989924433,0.02308942065491184,72.14735516372797,119.3404282115869,-47.193073047858945,-0.1428337531486146,0.8,30.2,71.3,1.9,34.4,Guard,Guard,72,190.0,2003-02-09,15.7
1642938,Curtis,Jones,10,87.71666666666667,29,11,27,6,18,1,2,5,9,10,2,4,0,2,9,11,12.487716666666667,14.6392,95.4,2148.3066666666664,716.3333333333333,1.4509500000000002,6.2410000000000005,4.2821,10383.905,9149.803333333333,1232.9966666666667,6.787016666666666,0.5555555555555556,0.3333333333333333,0.4074074074074074,0.5,0.5200860832137734,0.5185185185185185,0.33060991829754893,0.11400342010260307,0.04560136804104123,0.0,0.6666666666666666,0.07407407407407407,0.14236424092722783,0.16689188675660271,1.0875926277788335,24.491430742922283,8.1664449933498,0.016541326239787196,0.07114953448603459,0.04881740452213566,118.38006840205206,104.31088732661979,14.056583697510925,0.07737431122933687,36.2,45.0,69.1,11.9,62.9,Guard,Guard,75,195.0,2001-10-04,37.5
1642939,Miles,Kelly,14,133.73333333333332,43,16,44,10,33,1,1,6,11,12,6,4,1,5,19,24,19.065666666666665,22.38371666666667,103.71666666666667,2649.3633333333332,1456.7483333333334,3.09445,16.37205,9.870899999999999,13513.926666666666,14229.943333333333,-716.4733333333335,9.2786,0.5454545454545454,0.30303030303030304,0.36363636363636365,1.0,0.48379837983798385,0.4772727272727273,0.3215353938185444,0.0897308075772682,0.029910269192422734,0.0074775672981056834,0.75,0.022727272727272728,0.14256480558325024,0.16737574775672984,0.7755483549351945,19.8107926221336,10.892933698903292,0.023138958125623135,0.12242310568295117,0.07381031904287139,101.05129611166501,106.40535892323031,-5.357477567298107,0.0693813559322034,30.6,52.4,56.2,41.0,53.2,Guard,Guard,76,190.0,2003-01-26,41.5
1642942,Jahmai,Mashack,31,673.1333333333333,192,77,195,19,75,19,35,58,120,69,49,37,14,23,58,81,105.02511666666666,100.2131,872.9823333333334,13108.87,8886.36,20.726633333333332,57.754783333333336,38.042833333333334,71736.225,81347.11666666667,-9618.763333333334,26.891816666666667,0.48333333333333334,0.25333333333333335,0.39487179487179486,0.5428571428571428,0.45627376425855515,0.44358974358974357,0.2852332375953254,0.10250569476082004,0.05496682182826582,0.020798256907992474,0.38461538461538464,0.1794871794871795,0.15602423987322966,0.14887555709616718,1.2968936317718134,19.47440328810538,13.201485589779143,0.030791274636030503,0.08579991581657918,0.056516044369614736,106.57060265425375,120.84844508269784,-14.289536495988909,0.03995020798256908,22.6,19.8,55.1,27.2,49.1,Guard,Guard,76,203.0,2002-11-10,56.3
1642948,Ryan,Nembhard,60,1170.8833333333334,397,162,390,48,135,25,31,114,255,316,85,25,2,13,120,133,203.33358333333334,417.8303666666667,3422.015,46084.66666666667,12147.716666666667,12.380516666666667,113.44025,64.05761666666666,130529.20333333334,132475.88,-1952.1133333333337,101.57823333333333,0.4470588235294118,0.35555555555555557,0.4153846153846154,0.8064516129032258,0.49177484887523537,0.47692307692307695,0.33906025365464815,0.2698817132364454,0.02135140136364283,0.0017081121090914266,0.34615384615384615,0.07948717948717948,0.17365827793830868,0.3568505544247221,2.9225926294962488,39.358888588387686,10.374830968072537,0.010573655217570779,0.09688433234167936,0.05470879535393505,111.47925640186183,113.14182739527136,-1.6672142114927477,0.08675350518839052,16.0,44.6,88.8,18.7,24.5,Guard,Guard,71,180.0,2003-03-10,4.7
1642949,Yanic Konan,Niederhäuser,41,423.68333333333334,176,64,100,1,5,47,62,63,95,12,23,5,30,37,80,117,64.22985,17.594883333333335,152.0,2549.4666666666667,6155.118333333333,40.32415,72.40833333333333,58.5589,48442.095,46721.971666666665,1717.2066666666663,41.938183333333335,0.6631578947368421,0.2,0.64,0.7580645161290323,0.6913890634820867,0.645,0.4154045867589788,0.028323040006294008,0.01180126666928917,0.07080760001573502,0.05,0.62,0.1515987175956886,0.04152838204633964,0.35875850674639076,6.017387199559419,14.527638566539474,0.09517520947248338,0.17090201014908932,0.13821383895204753,114.33561622280791,110.27568939066126,4.0530427599228975,0.09898473702844106,86.6,32.6,7.9,86.8,58.4,Center,Big,83,242.0,2003-03-14,48.0
1642950,Lachlan,Olbrich,37,344.23333333333335,89,36,77,2,19,15,40,34,58,42,16,12,8,45,67,112,42.761433333333336,53.0726,515.998,9547.163333333334,3141.878333333333,36.01715,60.747933333333336,48.033633333333334,37212.89,36748.625,465.52166666666676,21.97116666666667,0.5862068965517241,0.10526315789473684,0.4675324675324675,0.375,0.47040169133192394,0.4805194805194805,0.25854556018204705,0.12201026435557276,0.034860075530163646,0.02324005035344243,0.24675324675324675,0.5194805194805194,0.1242222329815048,0.1541762370485136,1.4989774377844487,27.734569574900746,9.127176333882055,0.10463004744843614,0.17647312869177884,0.13953800716568218,108.1036796746393,106.75498692747168,1.3523433717439723,0.06382637745715115,58.5,10.0,69.7,88.3,71.7,Center,Big,80,236.0,2003-12-30,13.1
1642951,Sean,Pedulla,7,31.0,13,5,15,3,10,0,0,2,5,5,1,0,0,0,3,3,6.787966666666668,7.332083333333333,0.0,464.96999999999997,206.66666666666669,0.0,3.865916666666667,1.2854166666666669,2582.2083333333335,3557.091666666667,-975.1983333333335,-0.5883833333333335,0.4,0.3,0.3333333333333333,,0.43333333333333335,0.43333333333333335,0.41935483870967744,0.16129032258064516,0.0,0.0,0.6666666666666666,0.0,0.2189666666666667,0.23651881720430107,0.0,14.999032258064515,6.666666666666667,0.0,0.12470698924731184,0.04146505376344087,83.29704301075269,114.7448924731183,-31.45801075268818,-0.018980107526881725,15.1,40.6,55.5,16.3,14.2,Guard,Guard,73,195.0,2002-10-10,25.1
1642954,Will,Richard,69,1376.8,441,162,346,71,212,46,54,91,134,93,53,80,9,67,105,172,170.24918333333335,130.68831666666665,935.2155,24213.871666666666,15541.235,62.486333333333334,108.25041666666667,83.54326666666667,152208.735,156567.375,-4352.203333333333,87.91298333333333,0.6791044776119403,0.33490566037735847,0.4682080924855491,0.8518518518518519,0.5963327563825184,0.5708092485549133,0.32030796048808835,0.06754793724578734,0.05810575246949448,0.0065368971528181295,0.6127167630057804,0.15606936416184972,0.12365571131125316,0.09492178723610303,0.6792675043579315,17.58706541739299,11.287939424753052,0.045385192717412357,0.07862464894441216,0.06067930466782878,110.552538495061,113.71831420685648,-3.1611006197946927,0.06385312560526825,60.1,65.4,37.4,35.0,49.0,Guard,Guard,75,206.0,2002-12-24,51.2
1642955,Kadary,Richmond,3,66.8,25,10,16,2,4,3,3,8,12,8,2,8,1,1,9,10,7.674366666666667,10.7424,62.53333333333333,1969.6733333333332,481.50666666666666,0.8722999999999999,9.060733333333335,5.041333333333333,7353.316666666667,7097.596666666666,255.72,9.661466666666666,0.6666666666666666,0.5,0.625,1.0,0.7217090069284064,0.6875,0.37425149700598803,0.11976047904191617,0.11976047904191617,0.014970059880239521,0.25,0.1875,0.11488572854291418,0.16081437125748504,0.936127744510978,29.486127744510977,7.208183632734531,0.013058383233532932,0.13563972055888227,0.07546906187624751,110.07959081836327,106.25144710578843,3.8281437125748505,0.1446327345309381,69.0,78.6,70.3,39.5,79.8,Guard,Guard,78,205.0,2001-08-25,79.6
1642959,Chris,Youngblood,34,185.1,71,22,63,18,54,9,10,4,9,12,2,4,3,7,21,28,30.028100000000002,16.563316666666665,16.066666666666666,2281.4816666666666,286.0,6.35105,18.485083333333332,13.602066666666666,19732.323333333334,19521.201666666668,213.42000000000002,5.7835,0.4444444444444444,0.3333333333333333,0.3492063492063492,0.9,0.5267062314540059,0.49206349206349204,0.3835764451647758,0.06482982171799027,0.021609940572663425,0.01620745542949757,0.8571428571428571,0.15873015873015872,0.16222636412749866,0.08948307221321808,0.08679992796686475,12.325670808571942,1.545110750945435,0.03431145326850351,0.09986538807851611,0.07348496308301819,106.6035836484783,105.46300198091123,1.1529983792544571,0.031245272825499732,25.1,61.4,32.0,42.7,56.5,Guard,Guard,76,198.5,2002-02-09,50.7
1642962,Drake,Powell,63,1319.5,408,144,358,51,182,69,77,93,176,91,60,36,14,21,90,111,197.13925,153.76433333333333,1148.6343333333334,22015.808333333334,14810.45,20.56155,89.03713333333333,54.60306666666666,132654.11833333335,153672.55833333335,-21016.523333333334,69.57626666666667,0.5284090909090909,0.2802197802197802,0.4022346368715084,0.8961038961038961,0.5205675206695928,0.473463687150838,0.30920803334596436,0.06896551724137931,0.027283061765820387,0.010610079575596816,0.5083798882681564,0.21508379888268156,0.14940450928381963,0.11653227232537577,0.8705072628520905,16.684962738411016,11.224289503599849,0.015582834406972338,0.06747793356069218,0.04138163445749653,100.53362511052167,116.46271946444361,-15.927641783503853,0.05272926613616269,38.0,43.3,44.5,7.8,26.9,Guard-Forward,Wing,77,195.0,2005-09-08,14.5
1642964,Brooks,Barnhizer,40,347.9,68,27,71,7,24,7,10,20,47,22,10,11,5,19,59,78,35.55865,34.762116666666664,91.55833333333334,5329.411666666667,2856.851666666667,16.243750000000002,53.3817,35.20348333333333,34774.276666666665,39925.995,-5150.135,24.95395,0.425531914893617,0.2916666666666667,0.38028169014084506,0.7,0.45092838196286467,0.4295774647887324,0.19545846507617132,0.06323656223052601,0.031618281115263006,0.014371945961483185,0.3380281690140845,0.14084507042253522,0.10220939925265882,0.09991985244802146,0.26317428379802627,15.318803295966275,8.211703554661302,0.046690859442368504,0.1534397815464214,0.10118851202452812,99.95480502059979,114.76284851968958,-14.803492382868642,0.07172736418511066,11.6,23.0,36.3,68.8,39.8,Guard,Guard,77,230.0,2002-03-02,85.0
1642967,John,Poulakidas,13,253.43333333333334,115,39,91,31,77,6,7,8,14,11,4,7,4,4,26,30,39.13153333333333,15.006033333333333,200.75,2805.955,901.3116666666666,2.9104666666666668,23.9176,13.100933333333332,28043.665,28653.108333333334,-604.8383333333334,16.553683333333332,0.5714285714285714,0.4025974025974026,0.42857142857142855,0.8571428571428571,0.6111819727891157,0.5989010989010989,0.4537682493752466,0.04340391950545837,0.027620676048928053,0.015783243456530316,0.8461538461538461,0.07692307692307693,0.1544056293568328,0.05921096935420229,0.7921215309746152,11.071767723267131,3.556405366302775,0.011484150993029067,0.09437432592397738,0.05169380507694331,110.65499802709456,113.0597461528344,-2.386577666710509,0.06531770353807707,55.1,89.1,32.3,16.8,42.9,Guard,Guard,78,205.0,2003-04-04,79.6
1643007,Taelon,Peter,38,492.23333333333335,171,60,158,41,125,10,16,19,33,40,27,26,4,10,49,59,78.16503333333334,57.46788333333333,437.54783333333336,8194.508333333333,5278.826666666667,11.753816666666667,46.21831666666667,27.89925,50825.87666666667,55234.526666666665,-4399.595,28.3104,0.5757575757575758,0.328,0.379746835443038,0.625,0.5180562287930199,0.509493670886076,0.3473962213042595,0.08126227398930047,0.052820478093045305,0.008126227398930047,0.7911392405063291,0.10126582278481013,0.15879670887790345,0.11674927202546218,0.8889032978939527,16.64760953477348,10.724236473217308,0.023878546759666826,0.09389513780727297,0.056678912439899774,103.25565788582651,112.21208099139973,-8.93802735829891,0.0575141870386673,42.2,46.5,45.8,26.2,55.3,Guard,Guard,75,185.0,2002-02-27,25.7
1643016,Bez,Mbeng,15,492.18333333333334,122,50,100,6,31,16,25,44,69,62,22,34,5,18,39,57,51.283316666666664,77.96756666666667,1096.7776666666666,15596.364999999998,5744.863333333334,16.265533333333334,37.922399999999996,26.2215,52733.534999999996,59297.235,-6559.5,28.124266666666667,0.6376811594202898,0.1935483870967742,0.5,0.64,0.5495495495495496,0.53,0.2478751142866818,0.12596932037519895,0.06907994988317362,0.010158816159290237,0.31,0.25,0.10419555721106633,0.15841163523077445,2.228392536656395,31.688120957637732,11.67220209271613,0.03304771257322813,0.07704933798381361,0.05327587958416579,107.14205749889945,120.47794182384612,-13.327350919372861,0.05714185093630422,57.4,20.1,70.4,24.5,41.3,Guard,Guard,76,185.0,2003-05-02,35.7
1643018,LJ,Cryer,18,292.15,148,47,117,37,94,17,19,10,23,18,14,3,0,4,24,28,57.18313333333334,26.737433333333335,159.54166666666666,3022.4616666666666,2445.2200000000003,3.340316666666667,25.207583333333336,14.525616666666668,31711.478333333333,31978.588333333333,-269.2983333333333,19.352716666666666,0.43478260869565216,0.39361702127659576,0.4017094017094017,0.8947368421052632,0.5902999361837907,0.5598290598290598,0.506589080951566,0.061612185521136405,0.010268697586856067,0.0,0.8034188034188035,0.1623931623931624,0.19573210108962294,0.09151953904957501,0.5460950425009984,10.345581607621655,8.369741571110731,0.011433567231445035,0.08628301671515776,0.04971972160419876,108.54519367904616,109.45948428318786,-0.9217810485481202,0.06624239831136973,37.6,85.6,31.7,13.2,33.0,Guard,Guard,72,198.5,2001-10-09,24.9
1643024,Chris,Mañon,9,46.08333333333333,7,2,6,0,3,3,4,2,3,3,1,5,2,2,8,10,3.8589333333333333,4.16475,7.733333333333333,897.435,257.52,2.4175,5.84025,4.2435833333333335,4866.266666666666,4948.093333333333,-81.35166666666673,4.33185,0.6666666666666666,0.0,0.3333333333333333,0.75,0.45103092783505155,0.3333333333333333,0.1518987341772152,0.0650994575045208,0.108499095840868,0.043399638336347204,0.5,0.6666666666666666,0.08373815551537071,0.090374321880651,0.16781193490054253,19.474177215189876,5.5881374321880655,0.05245931283905968,0.12673236889692588,0.09208499095840869,105.59710669077758,107.37273056057867,-1.765316455696204,0.09400036166365282,63.3,24.7,40.1,63.3,90.4,Guard,Guard,76,209.0,2001-12-09,63.2
1643047,CJ,Huntley,4,40.4,12,6,11,0,3,0,0,6,8,2,0,1,0,2,3,5,4.302783333333333,1.4445000000000001,0.0,549.675,0.0,1.9448333333333334,2.7495,2.5390833333333336,4936.375,4280.385,655.99,2.3765833333333335,0.75,0.0,0.5454545454545454,,0.5454545454545454,0.5454545454545454,0.297029702970297,0.04950495049504951,0.024752475247524754,0.0,0.2727272727272727,0.0,0.10650453795379539,0.03575495049504951,0.0,13.605816831683168,0.0,0.04813943894389439,0.06805693069306931,0.06284859735973598,122.1875,105.95012376237625,16.237376237623764,0.05882632013201321,48.4,15.9,22.6,35.4,44.1,Forward,Forward,83,230.0,2002-01-06,85.8
1643052,Chaney,Johnson,17,347.5833333333333,139,51,94,9,30,28,35,42,64,36,20,15,9,33,46,79,55.47723333333334,55.80451666666667,512.2953333333334,7124.55,4214.338333333333,32.160266666666665,52.657983333333334,40.96175,37257.59166666667,40447.87333333334,-3190.8233333333333,36.769733333333335,0.65625,0.3,0.5425531914893617,0.8,0.6352833638025593,0.5904255319148937,0.3999040997362743,0.10357228482378326,0.043155118676576364,0.025893071205945816,0.3191489361702128,0.3723404255319149,0.1596084392232079,0.16055003596259892,1.4738777271637498,20.497386717813477,12.124684727883002,0.09252534164468952,0.15149743466794535,0.11784727883001679,107.19038599856151,116.3688515943419,-9.180023975065932,0.10578681371373773,81.3,45.0,60.9,80.7,52.2,Guard-Forward,Wing,79,220.0,2002-06-20,71.8
1643060,Hayden,Gray,1,24.75,6,2,3,0,1,2,2,2,2,1,1,1,1,0,0,0,1.95525,1.2375,24.75,413.325,413.325,0.0,0.0,0.0,2569.0499999999997,3284.325,-717.75,1.2375,1.0,0.0,0.6666666666666666,1.0,0.7731958762886598,0.6666666666666666,0.24242424242424243,0.04040404040404041,0.04040404040404041,0.04040404040404041,0.3333333333333333,0.6666666666666666,0.079,0.05,1.0,16.7,16.7,0.0,0.0,0.0,103.79999999999998,132.7,-29.0,0.05,81.1,43.1,26.3,0.9,48.3,Guard,Guard,76,190.0,2003-05-11,41.5
1643133,Lawson,Lovering,2,49.266666666666666,14,6,10,0,0,2,5,6,10,3,2,3,1,6,9,15,5.212366666666666,3.2651,95.1,732.27,683.2566666666667,5.180266666666666,9.042233333333332,6.986366666666667,5446.066666666667,5481.486666666667,-35.41999999999999,3.2814666666666663,0.6,,0.6,0.4,0.5737704918032788,0.6,0.28416779431664413,0.06089309878213803,0.06089309878213803,0.02029769959404601,0.0,0.5,0.10579905277401894,0.06627401894451962,1.9303112313937754,14.863396481732071,13.86853856562923,0.10514749661705006,0.18353653585926927,0.14180717185385658,110.5426251691475,111.2615696887686,-0.7189445196211094,0.06660622462787551,67.2,20.3,34.3,89.4,71.2,Center,Big,84,245.0,2003-05-09,62.5
1643141,Jahmyl,Telfort,8,32.03333333333333,1,0,4,0,4,1,4,0,0,1,1,1,0,0,3,3,3.3060666666666667,1.09385,6.55,131.0,131.0,0.0,2.5518,1.4264,3098.7516666666666,3274.88,-176.38833333333332,-1.74035,,0.0,0.0,0.25,0.08680555555555555,0.0,0.03121748178980229,0.03121748178980229,0.03121748178980229,0.0,1.0,1.0,0.10320707596253903,0.03414724245577524,0.204474505723205,4.0894901144641,4.0894901144641,0.0,0.07966077003121749,0.04452861602497398,96.73522372528616,102.23350676378773,-5.5063995837669095,-0.05432934443288242,42.0,26.5,18.4,7.6,52.2,Guard,Guard,79,198.5,2001-04-30,75.3
1643158,Andersson,Garcia,5,168.75,26,9,29,1,13,7,9,8,16,14,7,8,4,17,25,42,15.891666666666667,17.1523,371.6785,4414.903333333333,2131.4216666666666,14.506433333333334,25.793616666666665,19.9962,17888.86,19511.36,-1620.0883333333336,8.706666666666667,0.5,0.07692307692307693,0.3103448275862069,0.7777777777777778,0.39441747572815533,0.3275862068965517,0.15407407407407409,0.08296296296296296,0.047407407407407405,0.023703703703703703,0.4482758620689655,0.3103448275862069,0.09417283950617285,0.10164325925925927,2.202539259259259,26.162390123456788,12.630646913580247,0.08596404938271605,0.15285106172839505,0.118496,106.00805925925927,115.62287407407408,-9.600523456790125,0.051595061728395064,33.2,23.9,56.8,80.7,55.5,Forward,Forward,79,220.0,2000-08-23,41.2
1643253,Toby,Okani,6,217.08333333333334,60,25,70,9,31,1,8,16,39,6,3,4,3,9,12,21,30.467916666666667,8.588833333333334,115.81666666666666,1467.0183333333334,750.0516666666666,7.3963833333333335,10.21295,9.093333333333334,21844.166666666664,27880.17166666667,-6040.093333333333,3.2477666666666662,0.41025641025641024,0.2903225806451613,0.35714285714285715,0.125,0.40805223068552776,0.42142857142857143,0.2763915547024952,0.02763915547024952,0.018426103646833013,0.01381957773512476,0.44285714285714284,0.11428571428571428,0.14035124760076775,0.03956468330134357,0.5335124760076775,6.7578579654510555,3.455132437619961,0.034071631477927064,0.0470462188099808,0.04188867562380039,100.6257197696737,128.43073320537428,-27.823846449136276,0.01496092130518234,10.6,23.5,23.3,16.9,17.5,Forward,Forward,80,210.0,2001-10-05,43.1
1643257,Jayson,Kent,5,22.46666666666667,10,4,7,1,4,1,1,3,3,0,0,1,1,0,5,5,3.189566666666667,0.0,0.0,0.0,0.0,0.0,5.801783333333334,3.850133333333333,1934.7916666666667,2026.3466666666668,-91.555,10.792150000000001,1.0,0.25,0.5714285714285714,1.0,0.6720430107526881,0.6428571428571429,0.4451038575667655,0.0,0.044510385756676554,0.044510385756676554,0.5714285714285714,0.14285714285714285,0.14196884272997032,0.0,0.0,0.0,0.0,0.0,0.2582396142433234,0.1713709198813056,86.1183234421365,90.19347181008902,-4.075148367952522,0.48036275964391695,72.5,59.3,16.0,67.5,90.0,Forward,Forward,80,215.0,2002-02-03,47.3
