personId,firstName,familyName,gamesPlayed,totalMinutes,points,fieldGoalsMade,fieldGoalsAttempted,threePointersMade,threePointersAttempted,freeThrowsMade,freeThrowsAttempted,twoPointersMade,twoPointersAttempted,assists,turnovers,steals,blocks,reboundsOffensive,reboundsDefensive,reboundsTotal,usagePercentageWeighted,assistPercentageWeighted,assistToTurnoverWeighted,assistRatioWeighted,turnoverRatioWeighted,offensiveReboundPercentageWeighted,defensiveReboundPercentageWeighted,reboundPercentageWeighted,offensiveRatingWeighted,defensiveRatingWeighted,netRatingWeighted,PIEWeighted,twoPointPercentage,threePointersPercentage,fieldGoalPercentage,freeThrowPercentage,trueShootingPercentage,effectiveFieldGoalPercentage,pointsPerMinute,assistsPerMinute,stealsPerMinute,blocksPerMinute,threePointAttemptRate,freeThrowRate,usagePercentage,assistPercentage,assistToTurnover,assistRatio,turnoverRatio,offensiveReboundPercentage,defensiveReboundPercentage,reboundPercentage,offensiveRating,defensiveRating,netRating,PIE,finishing,shooting,playmaking,rebounding,defense,position,physicalGroup,heightInches,weight,birthDate,physical
2544,LeBron,James,141,4948.2,3532,1336,2539,298,759,562,735,1038,1780,1164,505,159,77,133,931,1064,1427.66165,1867.64865,14616.958,126735.48666666666,55005.345,138.57791666666665,886.2124666666666,532.8100333333333,569494.4416666667,563229.4466666667,6282.953333333334,841.40095,0.5831460674157304,0.3926218708827404,0.526191413942497,0.7646258503401361,0.6169647847959754,0.5848759354076408,0.7137949153227436,0.23523705589911484,0.03213289681096156,0.015561214178893336,0.29893658920834976,0.28948404883812523,0.2885214118265228,0.377440008487935,2.9539949880764724,25.61244223488676,11.116233175700255,0.028005722619673146,0.17909794807539442,0.10767754604367918,115.09123351252308,113.82511755116339,1.269745227220673,0.17004182328927692,81.7,65.1,84.6,65.0,45.5,Forward,Forward,81.0,250.0,1984-12-30,87.3
101108,Chris,Paul,140,3823.05,1256,455,1050,218,581,128,144,237,469,998,205,173,28,51,470,521,550.9499166666667,1315.3270666666667,14595.084,165107.79666666666,34401.515,47.5961,446.20535,250.67165,436093.2,433922.96166666667,2155.3050000000003,410.77903333333336,0.5053304904051172,0.37521514629948366,0.43333333333333335,0.8888888888888888,0.5640583459078825,0.5371428571428571,0.3285335007389388,0.26104811603301026,0.045251827729169115,0.007323995239403094,0.5533333333333333,0.13714285714285715,0.14411266310057852,0.34405175623302514,3.817654490524581,43.18745417053574,8.998447574580505,0.012449771779076914,0.11671449497129255,0.0655684989733328,114.06944716914505,113.50177519694135,0.5637658414093459,0.1074479887349978,36.2,72.7,91.9,30.3,47.4,Guard,Guard,72.0,175.0,1985-05-06,5.5
200768,Kyle,Lowry,95,2349.233333333333,625,204,494,127,338,90,108,77,156,349,106,92,32,45,216,261,282.7633,494.3899833333333,4765.125166666667,83616.15,24692.9,47.19028333333333,222.84613333333334,132.20378333333335,256928.88333333333,261366.63833333334,-4428.173333333332,173.0614,0.4935897435897436,0.3757396449704142,0.41295546558704455,0.8333333333333334,0.5770793322499631,0.541497975708502,0.26604424138371385,0.14855910438866582,0.03916171233168268,0.013621465158846149,0.6842105263157895,0.21862348178137653,0.1203640762234488,0.21044737290179777,2.028374576102842,35.59295231068292,10.511046156902253,0.02008752500815869,0.09485908878073698,0.056275288391957674,109.36711976957022,111.25614242944508,-1.8849440242916127,0.07366718220128553,38.4,76.8,78.6,23.3,58.5,Guard,Guard,72.0,196.0,1986-03-25,25.8
200782,P.J.,Tucker,34,544.2,61,21,57,16,41,3,3,5,16,16,9,17,8,32,61,93,29.03248333333333,18.301466666666666,51.0,8799.445,6530.583333333333,29.834533333333333,62.19638333333334,47.89971666666667,60732.92333333333,62797.925,-2072.8833333333337,15.58255,0.3125,0.3902439024390244,0.3684210526315789,1.0,0.5229766803840878,0.5087719298245614,0.11209114296214626,0.029400955531054755,0.031238515251745678,0.014700477765527378,0.7192982456140351,0.05263157894736842,0.05334892196496385,0.03363003797623423,0.09371554575523704,16.16950569643513,12.000336885948792,0.05482273673894401,0.11428956878598553,0.08801858997917432,111.60037363714319,115.39493752296949,-3.8090469190248686,0.02863386622565233,8.8,77.3,16.9,59.5,38.7,Forward,Forward,77.0,245.0,1985-05-05,44.6
201142,Kevin,Durant,137,5055.283333333334,3679,1343,2560,328,779,665,784,1015,1781,641,434,119,168,64,805,869,1430.18495,1027.1236833333332,10225.3145,81716.58333333333,55330.85166666667,68.99106666666667,768.1000333333334,441.6874666666667,594073.2433333333,582523.2716666667,11557.783333333333,737.4325333333334,0.5699045480067377,0.42105263157894735,0.524609375,0.8482142857142857,0.6332273077770434,0.588671875,0.7277534724397248,0.12679803637778297,0.023539729062334123,0.03323255867623641,0.304296875,0.30625,0.28290895993300735,0.20317826234599443,2.0226985958584582,16.164590181229535,10.945153420349007,0.01364731947104844,0.15194005611291156,0.08737145626522747,117.51532093486351,115.23058813056967,2.2862780523346857,0.14587363055812894,81.2,74.8,67.4,48.1,41.6,Forward,Forward,83.0,240.0,1988-09-29,93.0
201143,Al,Horford,125,3398.383333333333,1100,409,880,222,572,60,68,187,308,296,94,74,113,161,621,782,433.2902833333333,392.3982,3867.8015,76299.42666666667,25262.34833333333,160.0486,586.6952166666666,379.0520833333333,408991.81666666665,370365.19666666666,38633.11666666667,332.0153,0.6071428571428571,0.3881118881118881,0.4647727272727273,0.8823529411764706,0.6044487427466151,0.5909090909090909,0.32368332001000477,0.08710023883905584,0.02177505970976396,0.03325110469193685,0.65,0.07727272727272727,0.12749894312491725,0.1154661383108635,1.1381298460542513,22.45168339847869,7.433637072529585,0.047095511100866586,0.17263950505877795,0.1115389425364021,120.3489355232635,108.98276043020456,11.368086786364106,0.09769801327101613,54.3,83.8,62.7,73.2,60.8,Center-Forward,Big,80.0,240.0,1986-06-03,17.3
201144,Mike,Conley,147,3949.3166666666666,1451,481,1112,306,715,183,202,175,397,768,177,167,31,69,331,400,593.2278333333334,1068.09865,10714.725166666667,141272.55333333334,32255.335,70.73623333333333,327.31843333333336,204.40491666666668,453124.96166666667,428903.055,24226.586666666666,412.05921666666666,0.44080604534005036,0.427972027972028,0.43255395683453235,0.905940594059406,0.6041402971154486,0.5701438848920863,0.36740533172405354,0.1944640212019801,0.04228579627699307,0.007849459189142425,0.6429856115107914,0.18165467625899281,0.15021024734236726,0.2704515084888103,2.7130579973750732,35.77139167535312,8.167320506923138,0.01791100570140826,0.08287976400980761,0.05175703391725995,114.73502884465245,108.60183955874223,6.13437430103942,0.10433683886241923,36.6,89.5,90.2,17.0,62.2,Guard,Guard,73.0,175.0,1987-10-11,9.0
201145,Jeff,Green,110,1703.8166666666666,681,228,487,82,239,143,175,146,248,90,55,22,35,57,179,236,255.15715,130.72848333333334,623.9766666666667,21103.54,13020.998333333333,50.8224,175.25955,112.10725000000001,188632.83333333334,193899.30666666667,-5267.581666666667,143.19065,0.5887096774193549,0.34309623430962344,0.4681724845995893,0.8171428571428572,0.6037234042553191,0.5523613963039015,0.39969089006055036,0.052822584589500045,0.012912187344100011,0.020542116229250017,0.49075975359342916,0.3593429158110883,0.14975622377211947,0.07672684854591164,0.3662228917430475,12.386039186532198,7.642253176691545,0.029828561367126746,0.10286291561103014,0.06579771884690255,110.71193105674516,113.80291698050456,-3.091636424106663,0.08404111357833884,76.4,63.9,31.3,36.2,35.8,Forward,Forward,80.0,235.0,1986-08-28,69.4
201152,Thaddeus,Young,33,439.51666666666665,137,65,108,1,7,6,15,64,101,57,15,23,5,46,57,103,55.005766666666666,77.23443333333333,298.2416666666666,12104.416666666666,3262.831666666667,47.290616666666665,55.25165,51.53478333333334,50852.745,52440.415,-1586.9849999999997,41.54776666666667,0.6336633663366337,0.14285714285714285,0.6018518518518519,0.4,0.5977312390924957,0.6064814814814815,0.3117060407265557,0.12968791475484434,0.05233021121686701,0.01137613287323196,0.06481481481481481,0.1388888888888889,0.12515058207879867,0.17572583519775511,0.6785673656668308,27.540290470592698,7.423681316597778,0.10759686777141557,0.1257100223730613,0.11725330855864398,115.70151681771644,119.31382579348528,-3.6107504455652037,0.09453058283720754,58.7,22.8,69.2,77.2,40.4,Forward,Forward,80.0,225.0,1988-06-21,59.3
201565,Derrick,Rose,24,399.3333333333333,191,76,165,15,41,24,27,61,124,78,31,8,2,7,38,45,88.15469999999999,125.59615,942.2361666666666,10720.655,4115.635,5.939466666666666,37.11765,22.02685,41736.996666666666,42908.93666666667,-1175.335,43.76505,0.49193548387096775,0.36585365853658536,0.46060606060606063,0.8888888888888888,0.539914066033469,0.5060606060606061,0.47829716193656097,0.19532554257095158,0.02003338898163606,0.005008347245409015,0.24848484848484848,0.16363636363636364,0.22075467445742902,0.31451456594323873,2.359522954924875,26.846381469115194,10.306264607679466,0.014873455759599332,0.09294904006677795,0.05515905676126878,104.51668614357263,107.45142737896495,-2.9432429048414024,0.10959528380634392,41.3,53.2,84.6,19.2,42.6,Guard,Guard,75.0,200.0,1988-10-04,44.7
201566,Russell,Westbrook,143,3621.2,1748,674,1494,136,445,264,393,538,1049,763,386,180,60,195,518,713,847.3037333333333,1030.9106,7860.345,97800.45,49706.691666666666,198.44168333333334,484.5638166666667,348.2604,420258.60833333334,416023.54833333334,4230.533333333333,366.1233,0.5128693994280267,0.3056179775280899,0.45113788487282463,0.6717557251908397,0.5243203033138962,0.4966532797858099,0.4827129128465702,0.21070363415442395,0.049707279354909976,0.016569093118303325,0.2978580990629183,0.26305220883534136,0.23398424095143414,0.2846875621340992,2.170646470783166,27.007746051032807,13.726580047129865,0.05479997882838102,0.13381305000184102,0.09617264995029273,116.0550669207261,114.88554852903275,1.1682683456681027,0.10110551750800839,53.3,29.4,78.8,66.5,52.7,Guard,Guard,76.0,200.0,1988-11-12,55.1
201567,Kevin,Love,78,1175.7333333333333,607,199,474,108,311,101,131,91,163,137,62,33,14,81,351,432,251.31636666666665,204.81628333333333,1258.466,21888.428333333333,9447.763333333332,76.30168333333333,340.29395,208.13293333333334,133597.34166666667,128789.20999999999,4802.486666666667,158.60743333333332,0.558282208588957,0.34726688102893893,0.41983122362869196,0.7709923664122137,0.5708750282145814,0.5337552742616034,0.5162735314130188,0.11652302109321841,0.02806758902245407,0.01190746200952597,0.6561181434599156,0.27637130801687765,0.21375286346110228,0.1742030080517124,1.0703668632342933,18.616830630528465,8.035634497618506,0.06489709968246768,0.289431234406895,0.17702392832841915,113.62894789067816,109.53947323656158,4.084673395327739,0.13490085620322068,69.2,63.5,67.3,91.4,52.6,Forward-Center,Big,82.0,251.0,1988-09-07,50.5
201568,Danilo,Gallinari,49,629.3,280,83,190,30,93,84,98,53,97,55,23,14,6,20,88,108,107.52591666666667,76.53023333333334,336.925,11570.095,4660.3966666666665,20.387833333333333,90.6589,54.383916666666664,68554.25666666667,74290.37666666666,-5733.343333333333,56.41523333333333,0.5463917525773195,0.3225806451612903,0.4368421052631579,0.8571428571428571,0.6005490734385724,0.5157894736842106,0.4449388209121246,0.08739869696488162,0.02224694104560623,0.009534403305259813,0.48947368421052634,0.5157894736842106,0.170865909211293,0.12161168494093968,0.5353964722707771,18.38565866836167,7.40568356374808,0.03239763758673659,0.14406308596853648,0.08641969913660681,108.93732189204938,118.05240213994385,-9.110667937920441,0.08964759786005615,73.3,59.9,52.7,56.7,19.4,Forward,Forward,82.0,236.0,1988-08-08,89.1
201569,Eric,Gordon,107,2661.15,1015,361,822,206,534,87,112,155,288,204,101,92,42,24,144,168,414.13565,281.22698333333335,2773.0406666666668,46580.708333333336,22572.22,24.04651666666667,136.49808333333334,84.19336666666666,304756.6066666667,302056.05,2688.4300000000003,181.1621,0.5381944444444444,0.3857677902621723,0.4391727493917275,0.7767857142857143,0.5824763566247361,0.5644768856447688,0.3814140503165924,0.07665858745279296,0.03457151983165173,0.015782650357927964,0.6496350364963503,0.1362530413625304,0.15562281344531498,0.10567874164678179,1.0420459826265587,17.503976977371938,8.482129906243541,0.009036137258954463,0.05129289342326939,0.031637963537067305,114.52064207829949,113.50583394397158,1.0102512071848637,0.06807662100971384,48.1,75.6,53.8,4.1,49.1,Guard,Guard,75.0,215.0,1988-12-25,59.3
201572,Brook,Lopez,159,4957.166666666667,2031,760,1529,287,777,224,272,473,752,270,163,93,337,230,580,810,773.9873833333334,365.6777666666667,3944.9153333333334,63900.096666666665,40997.301666666666,225.70798333333335,540.7105,392.0494,575313.0383333333,557197.9233333333,18099.881666666668,426.44806666666665,0.6289893617021277,0.36936936936936937,0.4970568999345978,0.8235294117647058,0.6159473032971832,0.5909090909090909,0.409709847695256,0.05446659718253034,0.018760716807316006,0.06798238240930639,0.5081752779594506,0.17789404839764553,0.1561350334532495,0.07376749487274317,0.7958004236290892,12.89044750025216,8.270309316477826,0.04553165114480718,0.10907652220690582,0.07908739535352856,116.05682782503446,112.40249941162627,3.651255421443701,0.08602657432000806,69.5,72.8,36.3,51.5,52.4,Center,Big,85.0,282.0,1988-04-01,92.4
201577,Robin,Lopez,16,64.73333333333333,18,7,19,2,8,2,2,5,11,4,2,1,3,3,2,5,9.056149999999999,5.3500000000000005,5.616666666666667,867.995,323.01,2.1163166666666666,1.7187999999999999,2.1214833333333334,6222.885,7460.926666666666,-1238.6033333333332,-1.2194,0.45454545454545453,0.25,0.3684210526315789,1.0,0.45271629778672035,0.42105263157894735,0.2780638516992791,0.06179196704428424,0.01544799176107106,0.046343975283213185,0.42105263157894735,0.10526315789473684,0.13989933058702367,0.08264675592173018,0.08676622039134912,13.408779608650875,4.989855818743563,0.03269284243048404,0.026552008238928938,0.032772657054582904,96.13107621009269,115.25633367662203,-19.133934088568484,-0.018837281153450052,16.6,37.2,34.4,15.4,39.3,Center,Big,85.0,281.0,1988-04-01,92.1
201580,JaVale,McGee,46,339.3666666666667,185,79,132,1,7,26,45,78,125,17,34,14,20,42,84,126,72.39178333333334,28.17615,85.36083333333333,2710.3683333333333,5076.768333333333,37.38183333333333,77.93283333333333,58.27171666666667,37158.97833333333,37614.958333333336,-457.4200000000001,47.85778333333333,0.624,0.14285714285714285,0.5984848484848485,0.5777777777777777,0.6093544137022397,0.6022727272727273,0.5451330910519595,0.050093311069639525,0.04125331499852666,0.05893330714075238,0.05303030303030303,0.3409090909090909,0.21331436008250662,0.0830256850996955,0.2515298104311954,7.986548472645123,14.959537373538945,0.11015175326588743,0.22964198015911994,0.17170724879677832,109.49507415774481,110.83869462724684,-1.347863667616148,0.14102087221294568,85.2,25.1,18.6,94.5,76.5,Center-Forward,Big,84.0,270.0,1988-01-19,81.8
201587,Nicolas,Batum,138,2897.05,633,220,494,161,388,32,42,59,106,212,74,100,74,117,349,466,249.66581666666667,271.93805,1890.6591666666666,75196.79,27272.53,116.18791666666667,339.6063833333333,229.2103,331058.81166666665,314849.75,16231.09,192.93913333333333,0.5566037735849056,0.41494845360824745,0.44534412955465585,0.7619047619047619,0.6175850764907899,0.6082995951417004,0.21849812740546418,0.07317788785143507,0.034517871628035414,0.025543225004746206,0.7854251012145749,0.08502024291497975,0.08617932609608625,0.09386722700678275,0.6526153040736841,25.956331440603368,9.413896895117446,0.04010559592228876,0.11722489543961385,0.07911851711223485,114.27445562439952,108.67943252619042,5.602626810030893,0.06659848236424408,44.0,85.2,50.2,51.9,70.6,Guard-Forward,Wing,79.0,230.0,1988-12-14,81.0
201599,DeAndre,Jordan,92,1086.4166666666667,351,149,233,0,0,53,117,149,233,79,63,22,43,138,303,441,143.87005,107.23005,676.2231666666667,18527.666666666668,16165.551666666666,122.56851666666667,278.02015,204.02433333333335,117386.98,123656.71,-6268.448333333333,128.3231,0.6394849785407726,,0.6394849785407726,0.452991452991453,0.6169150731158605,0.6394849785407726,0.3230804632967707,0.07271611567078315,0.020250057528572524,0.03957965789675538,0.0,0.5021459227467812,0.1324262176881184,0.09870066733144128,0.6224344557797039,17.05392344864616,14.879697783232338,0.11281906880417274,0.2559056378001074,0.18779565851039348,108.04968627751782,113.82070414972769,-5.769838152949298,0.1181159162383984,78.6,29.7,37.6,96.8,45.6,Center,Big,83.0,265.0,1988-07-21,68.9
201935,James,Harden,151,5258.766666666666,2994,883,2117,421,1156,807,922,462,961,1301,526,195,112,89,736,825,1300.0298666666667,1852.302,17310.66,160723.77,63577.13,91.47985,731.13215,419.53088333333335,620647.9283333333,589910.8583333333,30757.928333333333,722.7090166666667,0.48074921956295524,0.36418685121107264,0.4170996693434105,0.8752711496746204,0.593416525282636,0.5165328294756731,0.5693350151809994,0.24739641107230467,0.03708093786248994,0.02129776943896858,0.5460557392536608,0.43552196504487484,0.24721193182178333,0.3522312582798248,3.2917718349676415,30.56301604305192,12.089741574386897,0.017395685300102052,0.13903110678676242,0.07977742880143,118.0215757180074,112.17665580649455,5.8488863041397545,0.13742937507527114,62.5,73.1,85.4,45.0,60.1,Guard,Guard,77.0,220.0,1989-08-26,84.2
201939,Stephen,Curry,144,4674.05,3674,1214,2703,668,1660,578,623,546,1043,800,410,134,58,77,563,640,1374.89395,1211.8031,11899.785666666667,90009.84,46575.604999999996,74.66051666666667,549.10295,309.7730666666667,551062.6933333334,531723.355,19337.703333333335,671.6494666666666,0.5234899328859061,0.40240963855421685,0.4491305956344802,0.92776886035313,0.6170392862901058,0.5726970033296337,0.7860420834180207,0.17115777537681454,0.028668927375616434,0.012408938714819054,0.6141324454310025,0.23048464668886423,0.2941547373263016,0.25926190348840944,2.545926052709463,19.25735497052877,9.964721173286549,0.015973409926437813,0.11747904921855777,0.06627508620290042,117.89833085511138,113.76073319712026,4.137247854287681,0.14369753568461327,65.3,87.1,78.7,32.7,39.8,Guard,Guard,74.0,185.0,1988-03-14,20.0
201942,DeMar,DeRozan,156,5756.233333333334,3607,1274,2663,159,481,900,1053,1115,2182,763,240,152,77,93,545,638,1429.9600666666668,1166.5179,14164.232333333333,107129.845,33904.16166666667,91.17506666666667,550.0266666666666,319.87423333333334,663055.78,661815.9933333333,1223.5849999999996,698.0615666666666,0.5109990834097159,0.3305613305613306,0.4784078107397672,0.8547008547008547,0.5768763274392896,0.5082613593691325,0.6266250499458558,0.13255195816708842,0.026406156803928493,0.013376803117779565,0.18062335711603456,0.39541870071348106,0.24841940620892136,0.20265299067098277,2.460677236850487,18.611101877964177,5.8899908504983,0.015839362546109435,0.09555322635751387,0.05557006028247639,115.18917695020471,114.9737953638664,0.21256695640088707,0.12127054729076304,67.3,47.0,80.1,20.8,34.1,Guard-Forward,Wing,78.0,220.0,1989-08-07,58.2
201949,James,Johnson,21,83.81666666666666,16,7,21,0,5,2,3,7,16,12,9,5,3,1,9,10,12.355233333333333,13.047649999999999,43.974999999999994,2094.2149999999997,1538.8149999999998,1.0576666666666668,9.729166666666666,5.4882,8819.826666666666,9312.265,-493.4383333333332,2.0968666666666667,0.4375,0.0,0.3333333333333333,0.6666666666666666,0.35842293906810035,0.3333333333333333,0.1908928216345198,0.14316961622588983,0.059654006760787436,0.03579240405647246,0.23809523809523808,0.14285714285714285,0.14740783455955458,0.15566892026247764,0.5246569894611254,24.985663153708487,18.35929608272022,0.01261881089679857,0.11607675482203221,0.06547862398091073,105.22759992046132,111.10278385364883,-5.887114734539669,0.02501729966196063,14.2,10.9,52.4,29.8,77.1,Forward,Forward,79.0,240.0,1987-02-20,59.4
201950,Jrue,Holiday,131,4159.35,1546,585,1262,246,628,130,149,339,634,572,201,127,80,160,478,638,658.6719,777.4437,9416.852666666668,111137.45833333333,40049.935,155.53598333333332,438.6869,302.9343666666667,494804.635,455743.69166666665,39041.206666666665,388.96748333333335,0.5347003154574133,0.39171974522292996,0.4635499207606973,0.87248322147651,0.5822712344451475,0.561014263074485,0.37169269236779784,0.13752148773245818,0.030533617031507324,0.01923377450803611,0.4976228209191759,0.11806656101426308,0.1583593349922464,0.18691471023116593,2.264020259575815,26.719910162244897,9.62889273564379,0.037394300391487445,0.10547006142786731,0.07283214124001747,118.9620096890139,109.57089248720753,9.386372069353785,0.09351641081739534,45.4,76.6,77.4,44.4,62.3,Guard,Guard,76.0,220.0,1990-06-12,72.2
201959,Taj,Gibson,57,613.3333333333334,141,62,132,3,12,14,22,59,120,32,30,12,25,63,94,157,72.44208333333333,43.133116666666666,220.88333333333333,9397.968333333332,8772.505,55.31881666666666,89.27245,72.21008333333333,60461.543333333335,67262.19166666667,-6800.331666666667,35.13773333333334,0.49166666666666664,0.25,0.4696969696969697,0.6363636363636364,0.4976002258610954,0.4810606060606061,0.22989130434782606,0.05217391304347826,0.019565217391304346,0.04076086956521739,0.09090909090909091,0.16666666666666666,0.11811209239130434,0.07032573369565216,0.36013586956521737,15.322774456521737,14.302997282608693,0.09019372282608694,0.14555290760869566,0.11773383152173912,98.57860326086956,109.66661684782608,-11.087497282608695,0.057289782608695654,26.1,17.7,22.8,79.4,59.4,Forward,Forward,81.0,232.0,1985-06-24,79.2
201976,Patrick,Beverley,73,1462.5,451,158,379,61,181,74,90,97,198,212,65,43,31,49,190,239,207.58605,310.82805,1961.2303333333334,43081.583333333336,13761.031666666666,47.28465,184.19871666666666,115.31621666666666,162116.52666666667,164624.25,-2515.8166666666657,125.05536666666667,0.4898989898989899,0.3370165745856354,0.41688654353562005,0.8222222222222222,0.5387004300047779,0.4973614775725594,0.3083760683760684,0.14495726495726496,0.029401709401709403,0.0211965811965812,0.47757255936675463,0.23746701846965698,0.1419391794871795,0.21253200000000003,1.3410121937321937,29.45749287749288,9.409252421652422,0.032331384615384616,0.12594784045584045,0.07884869515669515,110.84890712250713,112.56358974358974,-1.7202165242165235,0.08550794301994302,37.1,53.1,76.2,49.8,52.3,Guard,Guard,74.0,180.0,1988-07-12,16.5
201980,Danny,Green,2,18.45,0,0,2,0,1,0,0,0,1,1,0,1,0,0,2,2,0.7327833333333333,0.9167833333333334,0.0,684.1666666666666,0.0,0.0,2.1072333333333333,1.1357166666666667,2120.445,2223.5783333333334,-103.13333333333334,-0.15936666666666655,0.0,0.0,0.0,,0.0,0.0,0.0,0.05420054200542006,0.05420054200542006,0.0,0.5,0.0,0.03971725383920506,0.049690153568202354,0.0,37.08220415537489,0.0,0.0,0.11421318879855466,0.061556458897922314,114.92926829268293,120.51915085817525,-5.5898825654923225,-0.008637759710930436,1.5,21.6,38.2,24.7,30.6,Guard,Guard,78.0,215.0,1987-06-22,90.0
201988,Patty,Mills,61,735.9666666666667,238,82,227,50,162,24,25,32,65,60,33,33,4,13,44,57,112.8011,83.14015,501.91183333333333,13108.633333333333,7351.235000000001,10.821866666666667,42.85366666666667,27.01451666666667,79203.74666666667,80317.39833333333,-1106.8066666666664,33.9815,0.49230769230769234,0.30864197530864196,0.36123348017621143,0.96,0.5,0.4713656387665198,0.3233842112414511,0.08152543140540786,0.04483898727297432,0.005435028760360523,0.7136563876651982,0.11013215859030837,0.15326930567507585,0.112967276597672,0.6819763123329861,17.811449793921824,9.988543412292223,0.014704289143530051,0.05822772770505911,0.03670616875764301,107.61866026541058,109.13184247474976,-1.5038815163730237,0.046172607455047775,26.2,55.9,47.8,6.9,59.4,Guard,Guard,74.0,180.0,1988-08-11,16.5
202066,Garrett,Temple,55,515.5333333333333,141,47,138,18,68,29,34,29,70,59,24,29,5,27,47,74,71.56756666666666,73.76453333333333,435.6938333333333,11758.461666666668,4971.78,22.388316666666668,45.63725,35.947466666666664,53219.1,58142.208333333336,-4919.836666666667,22.99315,0.4142857142857143,0.2647058823529412,0.34057971014492755,0.8529411764705882,0.46090481171548114,0.4057971014492754,0.27350316824001036,0.11444458812879867,0.05625242467347731,0.009698693909220226,0.4927536231884058,0.2463768115942029,0.1388223845855425,0.14308392603129447,0.8451322255269624,22.808344109659902,9.643954480796586,0.043427486098538734,0.08852434372171215,0.06972869520237941,103.23115220483642,112.7806963662227,-9.543197982671668,0.044600704771757406,25.1,40.4,60.2,41.0,54.6,Guard-Forward,Wing,77.0,195.0,1986-05-08,14.8
202083,Wesley,Matthews,36,412.8666666666667,110,34,97,24,69,18,24,10,28,23,8,16,11,9,44,53,48.38093333333333,33.608266666666665,110.03333333333333,7039.411666666667,2121.4166666666665,8.67835,45.83218333333333,25.729616666666665,45133.67833333333,47523.875,-2388.3849999999998,18.736833333333333,0.35714285714285715,0.34782608695652173,0.35051546391752575,0.75,0.5113425065079955,0.4742268041237113,0.2664298401420959,0.05570805748425642,0.03875343129339577,0.02664298401420959,0.711340206185567,0.24742268041237114,0.11718294849023089,0.08140222832229936,0.2665105764572905,17.050084773130955,5.138260939770708,0.021019740029065072,0.11100964798966576,0.06231943323106733,109.31780639431615,115.1070765380268,-5.7848821249798155,0.04538228645244631,25.4,57.4,39.3,31.6,53.7,Guard,Guard,77.0,220.0,1986-10-14,84.2
202330,Gordon,Hayward,51,1245.2666666666667,500,187,403,37,90,89,120,150,313,158,66,40,13,38,143,181,217.8953,216.04291666666668,1857.861,28504.465,11560.168333333333,38.749383333333334,146.00136666666666,89.27008333333333,139733.70833333334,147378.315,-7637.908333333334,109.53061666666666,0.4792332268370607,0.4111111111111111,0.4640198511166253,0.7416666666666667,0.5484861781483107,0.5099255583126551,0.40152042400556776,0.12688045398575942,0.03212163392044542,0.010439531024144761,0.22332506203473945,0.2977667493796526,0.17497882648964078,0.17349128700679908,1.4919382729268162,22.89024974570373,9.283287381551474,0.03111733765190856,0.11724506129878472,0.07168752342202474,112.21187563574068,118.35080705605226,-6.133552385031319,0.08795755929118261,46.3,55.7,71.2,43.9,30.4,Forward,Forward,79.0,225.0,1990-03-23,46.5
202331,Paul,George,115,3835.4333333333334,2336,827,1806,339,856,343,388,488,950,440,259,188,57,61,546,607,971.1467166666666,683.3001833333333,7163.9925,62115.943333333336,37296.065,66.30583333333334,553.0931333333333,315.12485,447998.37166666664,430683.515,17328.981666666667,455.0552666666667,0.5136842105263157,0.39602803738317754,0.4579180509413068,0.884020618556701,0.5908778177991825,0.5517718715393134,0.6090576466805141,0.11471976221722013,0.04901662567463042,0.014861423741776245,0.4739756367663344,0.21483942414174972,0.2532039100318956,0.17815462398859752,1.867844354831701,16.19528692976891,9.724081155540878,0.017287703258215065,0.14420616531813005,0.08216147241076627,116.80515152568591,112.29070552653764,4.5181287642421974,0.11864507269930386,59.1,77.5,66.7,46.6,59.9,Forward,Forward,80.0,230.0,1990-05-02,65.1
202397,Ish,Smith,43,740.85,139,66,158,4,8,3,4,62,150,145,47,17,4,11,65,76,88.5678,198.49970000000002,1144.3476666666666,29553.945,10860.055,10.888166666666667,69.00123333333333,37.83505,75317.70666666667,88578.14,-13263.313333333334,40.2203,0.41333333333333333,0.5,0.4177215189873418,0.75,0.43502754131196797,0.43037974683544306,0.18762232570695822,0.19572113113315787,0.0229466153742323,0.0053992036174664235,0.05063291139240506,0.02531645569620253,0.11954889653776068,0.2679350745765,1.5446415153764819,39.89194168860093,14.65891206047108,0.014696857213561,0.09313792715574452,0.05106978470675576,101.6639085734854,119.56285347911182,-17.902832332230997,0.054289397313896204,8.3,50.4,76.9,17.3,14.2,Guard,Guard,72.0,175.0,1988-07-05,5.5
202681,Kyrie,Irving,108,3833.45,2721,1009,2076,317,780,386,424,692,1296,530,217,140,51,104,426,530,1034.2544166666667,813.8291833333333,10979.370666666666,67599.31666666667,28002.22,101.3999,404.60741666666667,256.83051666666665,453244.7783333333,434619.54833333334,18639.34,528.25545,0.5339506172839507,0.4064102564102564,0.48603082851637763,0.910377358490566,0.6013100205077434,0.5623795761078998,0.7098044842113501,0.1382566617537727,0.03652062763307204,0.013303942923476243,0.37572254335260113,0.20423892100192678,0.2697972887781676,0.21229680401031273,2.8640964840200516,17.634067658810384,7.304704639424018,0.026451342785219583,0.10554654858330399,0.06699722617137739,118.23416982961389,113.37556204811159,4.862288539044465,0.13780157560422074,64.1,75.8,79.1,36.1,49.0,Guard,Guard,74.0,195.0,1992-03-23,31.9
202684,Tristan,Thompson,89,877.1166666666667,230,104,191,0,4,22,82,104,187,75,43,14,25,105,203,308,113.64178333333334,105.98898333333334,375.493,19751.253333333334,10025.69,100.82965,187.92006666666668,143.3395,94665.44833333333,98752.71333333333,-4088.0133333333333,78.13658333333333,0.5561497326203209,0.0,0.5445026178010471,0.2682926829268293,0.5064294521754448,0.5445026178010471,0.2622228133847645,0.08550743914720581,0.01596138864081175,0.02850247971573527,0.020942408376963352,0.4293193717277487,0.12956290497273262,0.12083795390198948,0.4280992646360233,22.518387899747278,11.430281034449997,0.11495580215478747,0.21424751553385146,0.1634212476485454,107.92800083607274,112.58788834628612,-4.6607406844395465,0.08908345526060767,56.4,8.8,46.5,93.6,44.5,Center-Forward,Big,81.0,254.0,1991-03-13,41.7
202685,Jonas,Valančiūnas,163,3448.633333333333,1845,747,1346,45,157,306,370,702,1189,337,231,69,114,376,972,1348,736.85145,510.37945,3390.3561666666665,54483.99333333333,37628.331666666665,377.2740333333333,960.8038333333334,675.5874666666667,392955.76333333337,399617.75833333336,-6664.563333333334,487.36225,0.5904121110176619,0.28662420382165604,0.5549777117384844,0.827027027027027,0.6114130434782609,0.5716939078751857,0.5349945388994675,0.09771986970684039,0.020007925845020733,0.03305657313525165,0.11664190193164933,0.274888558692422,0.2136647705854493,0.1479946983829343,0.9831013734909481,15.798720265999092,10.911085067514668,0.10939812872732194,0.278604229694855,0.19590005702742153,113.94535903111378,115.87713732009783,-1.9325230284460515,0.14132040228496315,78.3,42.2,53.4,97.0,36.9,Center,Big,83.0,265.0,1992-05-06,68.9
202687,Bismack,Biyombo,67,1318.95,318,141,245,0,0,36,79,141,245,84,69,27,60,105,262,367,148.84266666666667,107.88848333333333,1118.5253333333333,24488.038333333334,20641.973333333335,97.88758333333334,250.74475,177.72075,144662.4,152916.89333333334,-8248.566666666668,95.89541666666666,0.5755102040816327,,0.5755102040816327,0.45569620253164556,0.5683442951100944,0.5755102040816327,0.24110087569657682,0.06368702376890709,0.020470829068577275,0.04549073126350506,0.0,0.3224489795918367,0.1128493624979466,0.08179876669573018,0.8480422558348181,18.566312849867952,15.650307694251742,0.07421629579084373,0.190109367299746,0.1347441146366428,109.67997270556124,115.93835500461226,-6.253888825707318,0.07270587714975295,60.9,20.6,37.7,84.3,39.9,Center,Big,80.0,255.0,1992-08-28,37.7
202691,Klay,Thompson,149,4248.816666666667,2380,851,2010,484,1245,194,211,367,765,321,205,100,65,79,421,500,957.0986166666667,452.7282833333333,4614.112166666667,51019.92333333333,34374.746666666666,73.85145,409.8474,240.8075,486712.77166666667,491473.26,-4741.586666666667,366.5477833333333,0.4797385620915033,0.3887550200803213,0.42338308457711443,0.919431279620853,0.5659013524566776,0.5437810945273632,0.5601559649941749,0.07555044737946644,0.023535964915721633,0.015298377195219062,0.6194029850746269,0.10497512437810945,0.22526239462752373,0.10655396992888215,1.08597582071871,12.008031255761408,8.090428315334858,0.017381651361751703,0.0964615402719973,0.05667636871442637,114.552547179803,115.67297404375336,-1.1159781743152015,0.08627055768468868,39.5,78.7,49.0,22.5,30.1,Guard,Guard,77.0,220.0,1990-02-08,84.2
202692,Alec,Burks,115,2075.1,1045,325,840,212,537,183,216,113,303,143,77,56,19,39,235,274,422.0339333333333,215.19723333333334,1307.1038333333333,24678.211666666666,13624.82,35.78236666666667,234.58945,134.81486666666666,228906.31666666668,236773.27,-7869.955000000002,174.32491666666667,0.37293729372937295,0.3947858472998138,0.3869047619047619,0.8472222222222222,0.5587996235455168,0.513095238095238,0.5035901884246543,0.06891234157390005,0.0269866512457231,0.009156185244084623,0.6392857142857142,0.2571428571428571,0.20338004594156106,0.10370451223234223,0.6298992016449007,11.892540921722649,6.565861886174161,0.017243683035355728,0.11304970844778565,0.06496788909771417,110.31098099689976,114.10210110356127,-3.7925666232952637,0.08400795945576921,42.3,77.6,44.4,30.9,33.1,Guard,Guard,77.0,214.0,1991-07-20,80.2
202693,Markieff,Morris,41,380.81666666666666,122,44,138,24,78,10,12,20,60,37,17,7,6,7,55,62,65.37063333333333,53.81895,206.00833333333333,6933.508333333333,2934.9133333333334,6.76225,51.345,28.548883333333333,38941.75166666667,43656.40666666666,-4716.636666666667,19.820216666666667,0.3333333333333333,0.3076923076923077,0.3188405797101449,0.8333333333333334,0.4257398101619207,0.4057971014492754,0.3203641297212132,0.09715961311217121,0.018381548426626985,0.015755612937108844,0.5652173913043478,0.08695652173913043,0.17165906604227757,0.14132509081360234,0.540964593636483,18.206945599369774,7.706893080659985,0.017757232263994047,0.13482865770930894,0.07496752593111296,102.25852772550222,114.63890761083636,-12.385583614162547,0.052046610354938946,12.6,46.2,55.1,41.6,30.2,Forward,Forward,81.0,245.0,1989-09-02,85.8
202694,Marcus,Morris Sr.,49,816.9833333333333,316,116,264,48,119,36,44,68,145,36,30,15,13,23,111,134,132.54445,60.13901666666666,336.72083333333336,9628.435,6067.543333333333,21.782616666666666,112.0681,66.10131666666666,90804.49666666667,93721.17,-2923.5899999999997,60.02766666666667,0.4689655172413793,0.40336134453781514,0.4393939393939394,0.8181818181818182,0.5575945793337097,0.5303030303030303,0.38678879618107265,0.04406454640037536,0.01836022766682307,0.01591219731124666,0.45075757575757575,0.16666666666666666,0.1622364185315898,0.07361106917725779,0.41215141067749245,11.78535057834717,7.426765131887635,0.026662253411942307,0.13717305534588628,0.08090901487178441,111.14608213141844,114.71613456006854,-3.5785185336298166,0.07347477508721108,34.5,69.5,30.6,50.6,30.3,Forward,Forward,80.0,218.0,1989-09-02,50.2
202695,Kawhi,Leonard,105,3510.016666666667,2409,920,1785,218,526,351,407,702,1259,360,191,170,76,119,516,635,940.6272,565.7897166666667,6140.482666666667,50473.60833333334,26757.718333333334,129.49465,510.31101666666666,328.3700666666667,419974.12833333336,387060.99833333335,32934.595,517.3682166666666,0.5575853852263701,0.4144486692015209,0.5154061624649859,0.8624078624078624,0.6132642254897968,0.5764705882352941,0.6863215274381412,0.10256361555738101,0.04843281845765215,0.021652318839891545,0.2946778711484594,0.2280112044817927,0.26798368478782153,0.16119288607366536,1.7494169543354494,14.379877113593952,7.623245378701905,0.036892887498160026,0.14538706368915627,0.09355228132819882,119.65018067340611,110.27326508421137,9.383030944772342,0.14739765243279945,72.2,72.9,66.6,61.5,72.0,Forward,Forward,78.0,225.0,1991-06-29,35.8
202696,Nikola,Vučević,149,4887.783333333334,2719,1136,2249,221,634,226,278,915,1615,510,239,111,112,388,1148,1536,1111.4454,787.1635833333333,8801.309833333333,80317.37833333333,37828.63166666667,380.42153333333334,1121.2408166666667,752.6673833333333,553054.9466666667,566565.3083333333,-13495.318333333333,642.8263833333333,0.56656346749226,0.34858044164037855,0.5051133837261005,0.8129496402877698,0.5733093804294654,0.5542463317029791,0.556284887150617,0.10434177728827314,0.022709680939212388,0.022914272659385473,0.2819030680302357,0.12361049355269009,0.22739252626446207,0.16104715157177588,1.8006751185779508,16.432270593009097,7.739424824477353,0.0778310958955491,0.2293965874101075,0.1539895146743411,113.15046288876688,115.91457102231072,-2.7610303921000314,0.13151695553880932,59.5,51.7,68.7,89.9,34.6,Center,Big,81.0,265.0,1990-10-24,46.5
202699,Tobias,Harris,143,4673.233333333334,2206,847,1756,182,522,330,379,665,1234,379,178,144,103,145,740,885,881.8893666666667,546.48835,6408.048666666667,71298.77166666667,33873.17833333333,140.78628333333333,734.5691333333333,433.8801,541345.0516666666,522103.925,19228.006666666664,517.0215166666667,0.5388978930307942,0.3486590038314176,0.48234624145785876,0.8707124010554089,0.5736545382679066,0.5341685649202733,0.47205004386684446,0.08110016619471172,0.030813783461842978,0.022040414559512684,0.2972665148063781,0.21583143507972666,0.18871074987339242,0.11694009500916566,1.3712237779695713,15.256839661333695,7.2483387661647525,0.03012609756271532,0.15718648758532636,0.09284366284585262,115.83950833470044,111.72220339950212,4.114497457149581,0.11063464624777991,59.1,55.0,58.0,59.9,57.3,Forward,Forward,80.0,226.0,1992-07-15,61.6
202704,Reggie,Jackson,113,2200.85,969,378,889,127,358,86,107,251,531,353,123,60,16,41,156,197,446.01203333333336,504.7934333333333,4031.7841666666664,53914.975,18864.745,41.18908333333333,152.11801666666668,95.88701666666667,245571.185,244493.93833333332,1075.4549999999997,172.58825,0.4726930320150659,0.3547486033519553,0.4251968503937008,0.8037383177570093,0.517583967182292,0.4966254218222722,0.4402844355589886,0.16039257559579254,0.027262194152259354,0.007269918440602495,0.4026996625421822,0.1203599550056243,0.2026544441162884,0.22936294310531538,1.8319213788611974,24.497341936070153,8.57157234704773,0.018715079779782054,0.06911784840705486,0.04356817441745992,111.58015539450668,111.09068693156432,0.4886543835336346,0.07841890633164458,31.8,51.1,80.4,11.2,42.0,Guard,Guard,74.0,208.0,1990-04-16,46.6
202709,Cory,Joseph,76,907.6666666666666,240,85,218,52,149,18,25,33,69,114,30,30,7,23,81,104,108.56858333333334,152.242,775.65,25524.91,6678.206666666667,21.152166666666666,81.15335,51.546549999999996,101800.33333333333,100401.135,1396.5700000000002,29.804800000000004,0.4782608695652174,0.348993288590604,0.38990825688073394,0.72,0.5240174672489083,0.5091743119266054,0.2644142489900845,0.12559676827029012,0.03305178112376056,0.007712082262210798,0.6834862385321101,0.11467889908256881,0.1196128351083364,0.16772897539478515,0.8545538009548292,28.121457950789573,7.357554168196843,0.023303892765332353,0.0894087587219978,0.05679017627616599,112.15607785530665,110.61454461990452,1.5386375321336763,0.03283672420124863,22.4,56.6,71.3,24.4,49.9,Guard,Guard,74.0,200.0,1991-08-20,37.5
202710,Jimmy,Butler III,115,3788.2333333333336,2210,697,1390,92,249,724,851,605,1141,596,176,156,35,230,384,614,833.2217166666667,929.2022,10436.780333333334,89535.95166666666,26801.49,225.60585,392.23213333333337,310.72275,439233.27,417612.6716666667,21606.951666666668,556.038,0.530236634531113,0.36947791164658633,0.5014388489208633,0.8507638072855465,0.6262610233275147,0.5345323741007194,0.583385395127016,0.15732927397995547,0.04118014553837761,0.009239135216943693,0.17913669064748203,0.6122302158273382,0.21994994588506514,0.24528642199090162,2.755052135120153,23.635278977887666,7.074931146444693,0.05955437011095761,0.1035395918941987,0.08202312863515974,115.94673066600966,110.23942690964125,5.703701373551436,0.14678029336454107,75.7,62.2,87.4,55.6,58.9,Forward,Forward,78.0,230.0,1989-09-14,41.7
202711,Bojan,Bogdanović,57,1478.0666666666666,868,309,681,133,334,117,149,176,347,97,101,30,5,22,130,152,358.3659333333333,149.25695000000002,1617.7616666666668,14677.886666666667,16376.401666666667,20.95211666666667,135.72531666666666,77.64536666666667,162147.77166666667,179093.26666666666,-16942.34,118.4257,0.5072046109510087,0.39820359281437123,0.45374449339207046,0.785234899328859,0.5813330475782255,0.5513950073421439,0.5872536195931622,0.06562626854900545,0.020296784087321277,0.0033827973478868793,0.49045521292217326,0.21879588839941264,0.24245586577060124,0.10098120292273692,1.0945119751026116,9.930463217716838,11.079609625186054,0.014175352938523298,0.09182624825222137,0.05253170808714087,109.70261039195346,121.16724550087953,-11.462500563799559,0.08012202877632944,57.2,72.7,40.0,17.4,10.4,Forward,Forward,79.0,226.0,1989-04-18,48.9
202722,Davis,Bertans,43,674.0833333333334,290,92,234,76,200,30,33,16,34,35,18,26,12,9,52,61,114.56078333333333,49.65103333333333,341.1666666666667,7839.6483333333335,4107.768333333333,7.533333333333333,56.71135,31.51515,72180.13166666667,77121.335,-4942.026666666667,48.67445,0.47058823529411764,0.38,0.39316239316239315,0.9090909090909091,0.5834540479639465,0.5555555555555556,0.4302138706885894,0.05192236370379527,0.038570898751390775,0.017801953269872665,0.8547008547008547,0.14102564102564102,0.1699504759550006,0.07365711460007417,0.5061194214365188,11.630087773519595,6.093858326121894,0.011175670663864507,0.08413106688094944,0.04675260229941896,107.07894424527136,114.40920014834961,-7.331477314872048,0.0722083570280628,38.4,83.3,33.6,11.4,50.6,Forward,Forward,82.0,225.0,1992-11-12,77.5
202738,Isaiah,Thomas,6,19.383333333333333,8,3,10,2,4,0,0,1,6,3,0,0,0,0,0,0,4.4206666666666665,4.455,0.0,355.5,0.0,0.0,0.0,0.0,1857.3283333333334,2455.5566666666664,-598.2283333333332,-0.3179333333333335,0.16666666666666666,0.5,0.3,,0.4,0.4,0.412725709372313,0.15477214101461736,0.0,0.0,0.4,0.0,0.22806534823731728,0.2298366294067068,0.0,18.340498710232158,0.0,0.0,0.0,0.0,95.82089423903697,126.68392089423902,-30.86302665520206,-0.016402407566638015,14.7,61.2,61.6,1.4,3.2,Guard,Guard,69.0,185.0,1989-02-07,9.3
203076,Anthony,Davis,127,4405.75,3137,1183,2193,64,231,707,885,1119,1962,447,272,150,288,373,1178,1551,1215.2878166666667,703.45025,7579.119833333333,60443.346666666665,36563.043333333335,392.93313333333333,1116.0412166666667,770.7569666666667,507786.59500000003,500475.72500000003,7314.956666666667,767.2209833333334,0.5703363914373089,0.27705627705627706,0.5394436844505244,0.7988700564971751,0.6073807311028501,0.5540355677154583,0.712024059467741,0.1014583215116609,0.034046416614651305,0.06536911990013052,0.10533515731874145,0.40355677154582764,0.27584130208628876,0.1596664018612041,1.7202791427868882,13.719195747980859,8.298937373508105,0.08918643439444665,0.25331469481170443,0.17494341863852164,115.25542643136811,113.5960335924644,1.6603204146096957,0.17414083489379412,83.6,39.0,64.1,93.8,61.9,Forward-Center,Big,82.0,253.0,1993-03-11,51.3
203078,Bradley,Beal,106,3468.9333333333334,1866,722,1429,203,499,219,271,519,930,460,230,110,55,88,321,409,769.6667666666667,681.65755,7281.9785,71723.56333333334,35625.7,93.7254,315.6277333333333,210.1021,393731.905,401901.685,-8179.848333333333,343.48085,0.5580645161290323,0.40681362725450904,0.5052484254723583,0.8081180811808119,0.6026197488761432,0.5762771168649405,0.5379175154706538,0.13260560402813545,0.03171003574585848,0.01585501787292924,0.34919524142757175,0.18964310706787962,0.2218741880309029,0.19650350251758467,2.0991981685052084,20.67597051927586,10.269929277011183,0.02701850712995349,0.09098697005803896,0.06056677364799939,113.50229801668141,115.85742543337048,-2.358029845870008,0.09901627301379866,66.0,70.8,73.0,28.9,39.0,Guard,Guard,76.0,207.0,1993-06-28,63.7
203081,Damian,Lillard,131,4671.3,3222,985,2269,417,1146,835,907,568,1123,918,355,142,28,65,527,592,1272.1076,1373.592,13982.829833333333,109129.325,42516.88,64.69866666666667,489.7459333333333,287.03845,549174.03,529954.9966666667,19228.74,642.9022166666667,0.5057880676758683,0.36387434554973824,0.43411194358748345,0.9206174200661521,0.6038049833588198,0.5260026443367122,0.6897437544152591,0.19651917025239227,0.030398390169760023,0.005994048765868174,0.5050683120317321,0.3997355663287792,0.2723241067796973,0.2940491940145142,2.9933487109227266,23.361660565581314,9.101723289020185,0.01385024868166606,0.10484146454591511,0.06144723096354334,117.5634255988697,113.44914620483948,4.116357330935714,0.1376281156565981,69.7,73.3,86.4,25.4,36.1,Guard,Guard,74.0,200.0,1990-07-15,37.5
203083,Andre,Drummond,119,2101.95,956,384,714,3,23,185,308,381,691,71,136,112,66,374,644,1018,407.5984833333333,107.24241666666667,703.2485,14437.755000000001,28586.215,350.27451666666667,666.00685,502.27888333333334,231927.64333333334,242512.13166666668,-10594.451666666666,309.4542666666667,0.5513748191027497,0.13043478260869565,0.5378151260504201,0.6006493506493507,0.5626706846219042,0.5399159663865546,0.4548157663122339,0.03377815837674541,0.05328385546754205,0.03139941482908728,0.03221288515406162,0.43137254901960786,0.19391445245288105,0.05102044133621955,0.3345695663550513,6.868743309783773,13.599854896643594,0.1666426492859805,0.3168518994267228,0.23895853057081917,110.33927702054443,115.37483368618031,-5.040296708611844,0.14722246802572217,70.1,18.7,11.7,99.7,59.6,Center,Big,83.0,279.0,1993-08-10,72.6
203084,Harrison,Barnes,164,4610.95,2011,694,1415,305,745,318,395,389,670,235,108,93,26,164,395,559,715.4528666666666,324.06396666666666,2284.4498333333336,55614.48,26611.606666666667,159.08045,391.8656666666667,272.61373333333336,527088.9433333334,533930.1733333333,-6819.188333333333,377.16578333333337,0.5805970149253732,0.40939597315436244,0.49045936395759715,0.8050632911392405,0.6328675730110775,0.5982332155477031,0.43613572040468884,0.05096563614873291,0.020169379412051748,0.0056387512334768325,0.5265017667844523,0.2791519434628975,0.15516387440043086,0.07028138814488699,0.49544016598170304,12.061392988429718,5.771393458325653,0.03450058014075191,0.0849858850489957,0.059123116349848376,114.31243959126283,115.79613167207047,-1.4789117933036213,0.08179784715369574,75.1,82.1,33.2,30.3,17.8,Forward,Forward,79.0,225.0,1992-05-30,46.5
203095,Evan,Fournier,32,579.6666666666666,220,79,221,33,130,29,36,46,91,48,21,29,7,5,53,58,108.69066666666667,74.6369,446.70283333333333,9052.993333333334,4125.745,4.6391333333333336,52.389916666666664,27.5637,56743.09,63583.265,-6836.6883333333335,32.63466666666667,0.5054945054945055,0.25384615384615383,0.3574660633484163,0.8055555555555556,0.46444857287620334,0.4321266968325792,0.37952846463484763,0.08280621046578494,0.050028752156411734,0.01207590569292697,0.5882352941176471,0.16289592760180996,0.18750546290971826,0.12875830937320298,0.7706201840138011,15.617584818861417,7.1174439332949975,0.008003105232892467,0.09037938470385279,0.04755094882116159,97.88917193789534,109.68935882691203,-11.794171937895344,0.056299022426682006,36.1,41.2,54.3,12.3,66.0,Guard-Forward,Wing,78.0,205.0,1992-10-29,36.9
203109,Jae,Crowder,59,1258.45,335,121,292,62,181,31,42,59,111,72,27,41,9,37,144,181,142.67853333333335,99.76601666666666,570.6996666666666,23563.03,8659.368333333334,36.36005,145.983,89.38221666666666,140587.03,144178.33666666667,-3590.1583333333333,73.30883333333334,0.5315315315315315,0.3425414364640884,0.4143835616438356,0.7380952380952381,0.5394872455552693,0.5205479452054794,0.2662004847232707,0.05721323850768803,0.032579760816877905,0.007151654813461004,0.6198630136986302,0.14383561643835616,0.11337640218787663,0.07927690147933303,0.45349411312858406,18.72385076880289,6.880979246957236,0.028892725177798086,0.1160022249592753,0.07102564000688677,111.7144344232985,114.56818837988531,-2.8528414584078297,0.0582532745308382,35.9,55.3,42.3,41.7,34.9,Forward,Forward,78.0,235.0,1990-07-06,46.0
203110,Draymond,Green,123,3473.5333333333333,1088,401,881,131,375,155,221,270,506,715,309,154,117,150,662,812,532.6594,930.39575,9231.754166666668,124784.875,54310.363333333335,144.98798333333335,628.6481166666666,389.08956666666666,401331.1766666667,380869.005,20481.228333333333,335.2947,0.5335968379446641,0.34933333333333333,0.4551645856980704,0.7013574660633484,0.5561007523716062,0.5295119182746879,0.3132257259658753,0.20584227395735372,0.04433525900619926,0.03368328119302152,0.42565266742338254,0.2508513053348468,0.15334800299406945,0.267852834769591,2.6577416367579603,35.92447891676103,15.63548068249429,0.04174077788227166,0.18098231867646775,0.11201549814789935,115.53975106999597,109.64887002667793,5.89636729171065,0.09652842446692128,49.0,49.1,80.6,72.3,77.8,Forward,Forward,78.0,230.0,1990-03-04,41.7
203114,Khris,Middleton,92,2330.483333333333,1268,477,980,142,380,172,204,335,600,442,183,86,23,53,341,394,517.4013666666667,615.2777,5609.617666666667,60383.29833333333,24683.053333333333,53.28815,311.21045,187.52731666666668,271855.335,265628.505,6231.094999999999,268.39776666666666,0.5583333333333333,0.3736842105263158,0.48673469387755103,0.8431372549019608,0.5926562967394556,0.5591836734693878,0.5440931423381417,0.18966022784973077,0.0369022162784544,0.009869197376795945,0.3877551020408163,0.20816326530612245,0.2220146178546654,0.26401291577569747,2.407061911334559,25.910203891896533,10.5913880525499,0.022865707399752556,0.1335390155118037,0.08046713485757605,116.65191126304273,113.98000629340123,2.673735062111579,0.11516828411845897,67.0,66.5,81.4,47.6,43.3,Forward,Forward,79.0,222.0,1991-08-12,43.7
203200,Justin,Holiday,57,862.0333333333333,234,88,194,55,136,3,4,33,58,67,14,36,9,9,62,71,90.1092,80.92648333333334,459.59883333333335,19476.898333333334,4632.413333333333,10.001866666666666,61.35355,35.4216,97589.41833333333,94232.47166666666,3354.078333333333,51.6057,0.5689655172413793,0.40441176470588236,0.4536082474226804,0.75,0.5976706170821414,0.595360824742268,0.2714512199837593,0.07772321255945246,0.04176172615134759,0.010440431537836898,0.7010309278350515,0.020618556701030927,0.1045309926143614,0.09387860098217393,0.5331566838095975,22.594135957619585,5.373821584625498,0.01160264490932292,0.07117305981980589,0.04109075441784927,113.20840454738797,109.31418545299873,3.8908916901898607,0.059865086423572175,44.8,80.4,52.8,7.3,62.9,Forward-Guard,Wing,78.0,180.0,1989-04-05,25.1
203458,Alex,Len,94,824.0833333333334,194,82,144,2,12,28,51,80,132,88,47,20,54,84,139,223,88.40518333333334,114.91688333333333,355.0916666666667,23341.68,13540.748333333333,74.57886666666667,131.55756666666667,103.54231666666666,90443.28166666666,90168.51333333334,275.2799999999995,62.72815,0.6060606060606061,0.16666666666666666,0.5694444444444444,0.5490196078431373,0.5827925979331892,0.5763888888888888,0.23541308524623317,0.10678531701890989,0.02426939023157043,0.06552735362524016,0.08333333333333333,0.3541666666666667,0.10727699464050966,0.13944813429062594,0.4308929113156032,28.324417029022143,16.431285266457678,0.09049918090807968,0.1596410961674588,0.1256454444332086,109.75016482960865,109.4167418343614,0.33404388714733485,0.07611869754272424,67.3,23.0,49.6,82.6,66.5,Center,Big,84.0,250.0,1993-06-16,70.4
203468,CJ,McCollum,122,3990.233333333333,2505,928,2055,410,1016,239,312,518,1039,532,216,108,65,81,417,498,1017.6334333333333,804.6137166666667,8802.463333333333,72457.26333333334,29355.896666666667,80.27081666666666,419.80921666666666,248.00743333333332,456007.56,460779.6516666667,-4785.5650000000005,430.7957,0.4985563041385948,0.4035433070866142,0.4515815085158151,0.7660256410256411,0.5713230061853413,0.551338199513382,0.6277828364256058,0.13332553651833226,0.027066086360864446,0.016289774198668415,0.4944038929440389,0.15182481751824817,0.2550310591694721,0.20164578094848257,2.2060021552624325,18.158653211591638,7.3569373553760435,0.020116822742195527,0.10520918993876716,0.06215361674755862,114.28092592747292,115.47686893832442,-1.1993195886623174,0.10796253351934307,48.1,71.1,77.0,29.5,35.6,Guard,Guard,75.0,190.0,1991-09-19,33.1
203469,Cody,Zeller,42,319.71666666666664,76,26,62,1,3,23,38,25,59,39,16,9,5,48,64,112,36.60495,45.695683333333335,184.30833333333334,8957.233333333334,3258.2349999999997,42.22225,65.67241666666666,50.155233333333335,36774.92166666667,34791.905,1987.765,25.63436666666667,0.423728813559322,0.3333333333333333,0.41935483870967744,0.6052631578947368,0.48272357723577236,0.4274193548387097,0.23771047281447116,0.12198300578637336,0.028149924412240006,0.015638846895688892,0.04838709677419355,0.6129032258064516,0.11449184173486943,0.14292555908877655,0.5764739613199188,28.016160141792216,10.191007663034979,0.13206146066830007,0.20540817390397748,0.15687400302351043,115.02347390919044,108.82105510087057,6.217270499921806,0.08017838711359017,34.1,26.6,56.9,93.6,57.4,Forward-Center,Big,83.0,240.0,1992-10-05,45.0
203471,Dennis,Schröder,155,4590.783333333334,2102,739,1754,265,739,359,429,474,1015,892,295,129,29,66,374,440,946.3722333333333,1308.0498499999999,12036.078833333333,130387.37333333334,43250.528333333335,65.76148333333333,372.40485,215.3826,515626.19666666666,524617.1883333334,-8994.438333333334,422.3199666666667,0.4669950738916256,0.35859269282814615,0.42132269099201825,0.8368298368298368,0.5409829314995162,0.4968643101482326,0.45787392855975917,0.19430235217664377,0.02809977963092718,0.006317004723231692,0.42132269099201825,0.24458380843785632,0.20614613337593074,0.2849295545059485,2.6217919599777813,28.401988041256573,9.421165233239062,0.014324675890461684,0.08112011022084102,0.046916306948342146,112.31769378501126,114.27618126173093,-1.9592382563614776,0.09199300772925463,43.3,56.5,86.5,12.2,30.3,Guard,Guard,73.0,175.0,1993-09-15,9.0
203482,Kelly,Olynyk,122,2649.7833333333333,1146,410,765,93,234,233,288,317,531,475,228,107,49,170,447,617,465.0768166666667,664.9926166666667,5408.928333333333,77385.62166666667,37313.435,171.05316666666667,436.0868,305.0828333333333,295402.645,310669.78,-15254.291666666668,292.0099,0.5969868173258004,0.3974358974358974,0.5359477124183006,0.8090277777777778,0.6425783878347463,0.5967320261437908,0.4324881908583721,0.17925993949190813,0.04038066005396668,0.018492077968638946,0.3058823529411765,0.3764705882352941,0.1755150358205388,0.25096112889733124,2.0412719278934754,29.20450917370603,14.081692842811046,0.06455364275066515,0.16457451238151546,0.11513501103863838,111.48181109147289,117.24346518897772,-5.756807160333865,0.11020142527376453,81.9,70.6,77.3,77.4,45.4,Forward-Center,Big,84.0,240.0,1991-04-19,55.8
203484,Kentavious,Caldwell-Pope,153,4680.816666666667,1439,509,1131,238,638,183,208,271,493,319,137,197,76,64,288,352,578.2033,410.7751166666667,4587.1315,87148.275,40298.043333333335,64.8678,296.79435,180.1929,543286.5116666667,514691.955,28572.998333333333,292.86719999999997,0.5496957403651116,0.3730407523510972,0.4500442086648983,0.8798076923076923,0.5885384288191604,0.5552608311229,0.30742498638058174,0.06815050080292256,0.04208667290964184,0.016236482949912586,0.5641025641025641,0.1839080459770115,0.12352615818464727,0.08775714707903536,0.9799852945889073,18.618177383576228,8.609190703901385,0.013858222746030786,0.06340653162375512,0.038496038796648736,116.06660767885947,109.95772568177206,6.104276319303255,0.06256754341300841,50.6,75.4,49.7,7.5,66.8,Guard,Guard,77.0,204.0,1993-02-18,70.5
203486,Mason,Plumlee,120,1974.0,577,212,355,0,10,153,227,212,345,189,95,47,64,176,513,689,233.38816666666668,251.99965,1533.1571666666666,52131.10833333333,23616.2,182.62076666666667,505.77391666666665,347.72475000000003,228517.67333333334,227292.59,1218.9266666666663,210.99861666666666,0.6144927536231884,0.0,0.5971830985915493,0.6740088105726872,0.6342332043615899,0.5971830985915493,0.2922998986828774,0.09574468085106383,0.023809523809523808,0.03242147922998987,0.028169014084507043,0.6394366197183099,0.11823108747044918,0.12765939716312058,0.7766753630530226,26.408869469773723,11.963627152988856,0.0925130530226275,0.25621778959810876,0.17615235562310033,115.76376561972307,115.1431560283688,0.6174907125970954,0.10688886355960824,76.6,25.3,54.0,94.5,41.6,Forward-Center,Big,84.0,254.0,1990-03-05,74.9
203488,Mike,Muscala,53,600.1833333333333,157,56,156,28,96,17,25,28,60,36,22,9,13,39,86,125,79.479,49.89021666666667,196.025,9780.411666666667,5455.633333333333,34.474983333333334,85.34845,59.18598333333333,64077.385,68553.375,-4473.466666666666,28.148833333333332,0.4666666666666667,0.2916666666666667,0.358974358974359,0.68,0.47005988023952094,0.44871794871794873,0.2615867373857988,0.05998167226680737,0.014995418066701842,0.02166004831856933,0.6153846153846154,0.16025641025641027,0.13242453694704398,0.08312496181722252,0.32660853628058095,16.29570686734609,9.089944739107496,0.057440754213990176,0.1422039654549999,0.09861317375246453,106.76301963288996,114.22072422315405,-7.453500319346866,0.0469003915470273,21.6,38.7,35.2,69.4,35.1,Forward-Center,Big,82.0,240.0,1991-07-01,32.8
203490,Otto,Porter Jr.,15,174.06666666666666,39,14,33,8,23,3,3,6,10,8,2,5,5,6,23,29,14.693816666666667,9.232633333333334,14.433333333333334,2778.498333333333,511.2383333333333,8.4339,23.01226666666667,15.434600000000001,19741.708333333332,18827.99,910.3000000000002,9.23395,0.6,0.34782608695652173,0.42424242424242425,1.0,0.5681818181818182,0.5454545454545454,0.2240520873228648,0.04595940252776714,0.028724626579854463,0.028724626579854463,0.696969696969697,0.09090909090909091,0.08441487935656837,0.0530407889697434,0.08291842206051321,15.962265415549597,2.937026043661432,0.04845212562236691,0.13220375335120646,0.08867062428188434,113.41463998468019,108.16539639984681,5.229605515128305,0.053048353121409424,46.7,71.3,29.6,61.7,68.2,Forward,Forward,80.0,230.0,1993-06-03,65.1
203493,Reggie,Bullock Jr.,44,417.48333333333335,96,34,82,27,67,1,1,7,15,15,10,12,5,6,67,73,38.06796666666667,20.297183333333333,49.08333333333333,5559.173333333333,3119.2166666666662,6.2363333333333335,69.30655,36.219433333333335,45296.675,47210.47,-1914.2783333333334,24.839366666666667,0.4666666666666667,0.40298507462686567,0.4146341463414634,1.0,0.5822416302765648,0.5792682926829268,0.22994929937322847,0.03592957802706695,0.02874366242165356,0.011976526009022315,0.8170731707317073,0.012195121951219513,0.09118439857878559,0.04861794882031219,0.11756956365523573,13.31591680306599,7.471475907221844,0.014937921673519901,0.16601033973412113,0.0867565970697433,108.49936125194618,113.08348437063356,-4.585280849534912,0.05949786418619506,21.5,88.1,22.9,50.2,42.2,Guard-Forward,Wing,78.0,205.0,1991-03-16,36.9
203496,Robert,Covington,29,488.43333333333334,127,43,98,19,56,22,26,24,42,24,11,39,18,31,66,97,50.60335,28.653033333333333,147.61666666666667,9195.09,4283.4783333333335,30.95853333333333,62.40716666666667,47.96425,56569.221666666665,50877.62333333334,5688.835,39.928733333333334,0.5714285714285714,0.3392857142857143,0.4387755102040816,0.8461538461538461,0.5802266081871346,0.5357142857142857,0.26001501399030913,0.049136695557223775,0.07984713028048863,0.03685252166791783,0.5714285714285714,0.2653061224489796,0.10360339179690166,0.05866314065379103,0.3022248003821743,18.8256807479697,8.76983211629018,0.06338333447075684,0.1277700812120385,0.09820019791169043,115.81769262267112,104.16492868354604,11.647106394594964,0.08174858390773221,58.9,64.8,30.8,67.7,90.8,Forward,Forward,79.0,209.0,1990-12-14,28.1
203497,Rudy,Gobert,148,4981.583333333333,1927,747,1124,0,3,433,663,747,1121,229,207,108,266,550,1217,1767,702.8847333333333,322.99701666666664,4056.9195,61576.64166666667,56002.85,560.2564333333333,1164.1874333333333,876.70915,571019.3483333334,534337.1383333333,36665.496666666666,662.5307666666666,0.6663693131132917,0.0,0.6645907473309609,0.6530920060331825,0.6805724295764699,0.6645907473309609,0.38682480469730174,0.045969320329881734,0.02167985412937654,0.053396677763094064,0.0026690391459074734,0.5898576512455516,0.14109665267067031,0.06483822412552903,0.8143835460613259,12.360857491761323,11.241977952123657,0.11246553471955036,0.2336982753140735,0.17599006005453421,114.62607571220664,107.26251124976999,7.360209438096991,0.1329960220144198,86.3,25.0,27.8,95.3,67.4,Center,Big,85.0,258.0,1992-06-26,86.2
203500,Steven,Adams,57,794.0833333333334,225,91,167,0,2,43,93,91,165,66,54,22,28,166,161,327,100.61516666666667,84.3057,616.9916666666667,14975.988333333333,14413.0,141.6369,159.39813333333333,148.67256666666668,92000.72666666667,84161.93666666668,7826.91,92.43618333333333,0.5515151515151515,0.0,0.5449101796407185,0.46236559139784944,0.5410734898037707,0.5449101796407185,0.2833455766607199,0.0831147024871445,0.027704900829048168,0.035260782873334034,0.011976047904191617,0.5568862275449101,0.12670605519991604,0.10616732081015846,0.7769860426067793,18.859466890544653,18.15048798404869,0.17836528491971873,0.20073224892433622,0.1872253961590933,115.85777311365305,105.98627767866513,9.856534788540245,0.11640614964844159,59.0,11.6,43.3,96.2,71.8,Center,Big,83.0,265.0,1993-07-20,68.9
203501,Tim,Hardaway Jr.,156,4273.1,1983,668,1656,379,1054,268,314,289,602,262,117,80,13,40,397,437,790.0934166666667,359.0097,3208.8745,51983.916666666664,23370.0,38.528016666666666,386.68353333333334,215.15088333333333,490276.61,491869.20166666666,-1595.4583333333333,318.00826666666666,0.48006644518272423,0.35958254269449713,0.4033816425120773,0.8535031847133758,0.5526262986578677,0.5178140096618358,0.46406590063419995,0.061313800285507,0.018721771079544123,0.00304228780042592,0.6364734299516909,0.18961352657004832,0.18489935097860258,0.08401621773419765,0.7509476726498325,12.165387345642896,5.469097376611827,0.009016408852277424,0.0904925073911992,0.05035006981660464,114.73558072593666,115.1082824335182,-0.3733725710452208,0.07442097462419944,42.2,68.3,42.5,14.1,17.4,Guard-Forward,Wing,77.0,205.0,1992-03-16,23.6
203507,Giannis,Antetokounmpo,140,4855.85,4258,1630,2688,48,187,950,1489,1582,2501,909,456,145,157,343,1296,1639,1612.6286833333334,1560.3270333333332,12104.656833333333,93612.555,46896.89833333333,351.62125,1226.2617833333334,806.3585666666667,579746.0,546569.0733333334,33156.465,986.3149666666667,0.632546981207517,0.25668449197860965,0.6063988095238095,0.6380120886501007,0.6368226468371242,0.6153273809523809,0.8768804637705035,0.1871968862300112,0.02986088944263105,0.03233213546546948,0.06956845238095238,0.5539434523809523,0.3321001850002231,0.32132933128769076,2.492798754766587,19.27830451929116,9.65781445747569,0.07241188463399816,0.25253287958510523,0.16605920007139155,119.39124972970745,112.55888739012394,6.828148521885971,0.20311891155341838,93.5,32.3,82.0,90.5,57.5,Forward,Forward,83.0,243.0,1994-12-06,94.0
203552,Seth,Curry,111,1677.4,670,244,547,121,290,61,70,123,257,104,53,49,13,42,139,181,260.51506666666666,154.60208333333333,980.4583333333334,23791.501666666667,12124.425,39.1361,131.53978333333333,84.7962,180942.91166666665,187829.495,-6895.470000000001,126.25753333333333,0.4785992217898833,0.41724137931034483,0.4460694698354662,0.8714285714285714,0.579785392869505,0.556672760511883,0.3994276857040658,0.062000715392869915,0.02921187552164063,0.007750089424108739,0.5301645338208409,0.12797074954296161,0.1553088509995628,0.09216769007591112,0.584510750765073,14.183558880807599,7.228105997376892,0.023331405746989387,0.07841885258932474,0.0505521640634315,107.87105739040577,111.97656790270656,-4.110808393943008,0.07526978260005564,36.1,81.2,42.9,18.3,42.4,Guard,Guard,73.0,185.0,1990-08-23,14.9
203648,Thanasis,Antetokounmpo,34,155.45,32,16,30,0,1,0,2,16,29,17,14,7,4,7,6,13,20.102666666666668,24.279533333333333,61.691833333333335,3526.475,2619.015,6.479833333333334,5.4454,6.682533333333334,15453.845000000001,17450.998333333333,-1998.8533333333332,4.7617666666666665,0.5517241379310345,0.0,0.5333333333333333,0.0,0.5181347150259068,0.5333333333333333,0.2058539723383725,0.10935992280476038,0.04503055644901898,0.02573174654229656,0.03333333333333333,0.06666666666666667,0.12931918087273508,0.1561886994746435,0.3968596547657339,22.685590221936316,16.847957542618207,0.0416843572424145,0.035029913155355426,0.042988313498445375,99.41360566098426,112.26116650584326,-12.858496837139487,0.030632143240055754,33.3,9.7,49.4,20.6,66.6,Forward,Forward,79.0,219.0,1992-07-18,37.9
203897,Zach,LaVine,99,3474.366666666667,2211,795,1599,298,705,323,388,497,894,408,260,79,20,30,414,444,861.9281,604.2335,6287.676166666667,58973.38166666667,37225.875,31.21725,394.61033333333336,215.90956666666668,396759.9533333333,404866.4666666667,-8119.013333333332,398.2690333333333,0.5559284116331096,0.4226950354609929,0.4971857410881801,0.8324742268041238,0.6246750898447212,0.590368980612883,0.6363749748155539,0.11743147432145906,0.022737957037733496,0.0057564448196793655,0.44090056285178236,0.24265165728580362,0.2480820773090539,0.1739118400475866,1.8097330448714875,16.973850869702872,10.71443476508908,0.008985018852356785,0.11357763045543073,0.0621435753278775,114.19633890109468,116.5295737352611,-2.336832612178718,0.11463068568851877,73.1,79.8,64.9,25.9,17.8,Guard,Guard,77.0,200.0,1995-03-10,67.1
203901,Elfrid,Payton,24,510.81666666666666,85,40,122,1,6,4,7,39,116,166,59,24,11,15,64,79,77.03791666666667,219.34013333333334,1522.122,23093.864999999998,8637.371666666666,13.782133333333334,58.1149,35.730666666666664,51007.386666666665,58031.6,-7020.753333333334,38.62426666666667,0.33620689655172414,0.16666666666666666,0.32786885245901637,0.5714285714285714,0.33978253917492807,0.3319672131147541,0.16640020881594833,0.3249698195699697,0.04698358837156188,0.021534144670299193,0.04918032786885246,0.05737704918032787,0.15081324023622306,0.42939110574570133,2.9797813958041046,45.209693627850825,16.90894645828575,0.026980586642304807,0.11376860582727005,0.06994812228783973,99.85458579399001,113.60553362263043,-13.744174361316848,0.07561277692583772,6.4,10.1,84.5,39.5,59.8,Guard,Guard,75.0,195.0,1994-02-22,39.2
203903,Jordan,Clarkson,92,2644.8333333333335,1542,538,1309,175,541,291,344,363,768,415,232,66,15,74,232,306,688.7985,633.1528,6061.8178333333335,51966.011666666665,28840.03,70.2287,223.06483333333333,146.09886666666665,295243.665,315067.92333333334,-19830.515,250.6925,0.47265625,0.3234750462107209,0.4110007639419404,0.8459302325581395,0.5279520118326987,0.47784568372803665,0.5830235049467515,0.15690969815363287,0.024954313441300648,0.005671434873022875,0.413292589763178,0.26279602750190983,0.2604317222257231,0.23939232465813848,2.2919470035919085,19.648123385216458,10.904290125401726,0.026553166551137437,0.08433984498078013,0.055239347154830164,111.63034784800553,119.12581385090428,-7.497831621400214,0.0947857457936858,48.2,46.0,74.9,23.7,16.8,Guard,Guard,77.0,194.0,1992-06-07,59.0
203914,Gary,Harris,102,2008.05,517,182,430,112,306,41,57,70,124,117,48,75,26,44,111,155,212.43176666666668,163.60831666666667,687.2583333333333,38450.47666666667,15274.906666666666,42.7432,118.27541666666667,79.28025,225760.77,216299.71666666667,9470.571666666667,101.63031666666667,0.5645161290322581,0.3660130718954248,0.4232558139534884,0.7192982456140351,0.5680319943746155,0.5534883720930233,0.2574637085729937,0.05826548143721521,0.03734966758795847,0.012947884763825602,0.7116279069767442,0.1325581395348837,0.10579007826830342,0.0814762165616726,0.34225160396072474,19.148166961314047,7.606835819161209,0.02128592415527502,0.058900633284363776,0.039481213117203255,112.42786285202061,107.716300224928,4.716302714905837,0.050611447258119405,44.7,66.1,40.8,11.3,66.1,Guard,Guard,76.0,210.0,1994-09-14,66.2
203915,Spencer,Dinwiddie,155,4288.5,1667,535,1322,233,694,364,453,302,628,705,193,121,39,48,366,414,722.1006666666667,982.15795,12923.621833333333,124887.46166666667,34339.14333333333,46.4926,352.64933333333335,201.86461666666668,486855.47500000003,494503.98,-7643.415,354.42423333333335,0.48089171974522293,0.3357348703170029,0.40468986384266264,0.8035320088300221,0.5478794730891594,0.49281391830559756,0.38871400256499944,0.16439314445610353,0.028214993587501458,0.009094088842252535,0.5249621785173979,0.3426626323751891,0.16838070809529362,0.22902132447242626,3.013552951692511,29.121478761027554,8.00726205744044,0.010841226536084879,0.08223139403831954,0.047071147642920995,113.52581905095022,115.30931094788387,-1.7823050017488633,0.08264526835334811,48.0,55.5,86.8,11.0,30.1,Guard,Guard,77.0,215.0,1993-04-06,81.7
203924,Jerami,Grant,101,3353.7833333333333,1809,597,1424,219,572,396,478,378,852,253,181,86,80,63,291,354,760.3496666666666,402.2575166666667,4208.958833333333,41805.23,28656.368333333336,60.77113333333334,292.58618333333334,171.73193333333333,361618.22000000003,387674.2683333333,-26052.59833333333,289.9028333333333,0.44366197183098594,0.38286713286713286,0.41924157303370785,0.8284518828451883,0.5534411865485339,0.4961376404494382,0.539390837213694,0.0754371928220368,0.025642682145040178,0.0238536578093397,0.40168539325842695,0.3356741573033708,0.22671400955140214,0.11994141442251785,1.2549882967991373,12.46509563825928,8.544490053521645,0.018120172740238638,0.0872406337121758,0.051205434658370894,107.82396596878154,115.59311672886838,-7.768122071093839,0.08644053730364215,49.7,62.9,51.9,17.9,38.8,Forward,Forward,79.0,213.0,1994-03-12,31.9
203925,Joe,Harris,16,170.0,39,14,39,10,30,1,2,4,9,10,4,3,2,3,10,13,17.465783333333334,14.2883,49.63333333333334,2907.8566666666666,1088.2933333333333,2.9509333333333334,9.798933333333334,6.42085,17940.11666666667,20323.184999999998,-2383.5316666666668,5.383516666666667,0.4444444444444444,0.3333333333333333,0.358974358974359,0.5,0.4889669007021063,0.48717948717948717,0.22941176470588234,0.058823529411764705,0.01764705882352941,0.011764705882352941,0.7692307692307693,0.05128205128205128,0.10273990196078432,0.08404882352941176,0.2919607843137255,17.105039215686276,6.401725490196078,0.01735843137254902,0.0576407843137255,0.03776970588235294,105.5300980392157,119.54814705882352,-14.020774509803923,0.03166774509803922,12.5,47.6,40.5,8.4,17.4,Guard-Forward,Wing,78.0,220.0,1991-09-06,58.2
203926,Doug,McDermott,106,1246.1333333333332,498,173,401,138,330,14,24,35,71,77,34,20,4,13,68,81,182.35555,100.67978333333333,208.0445,17559.22333333333,7079.431666666666,10.82555,65.28298333333333,38.781,139380.93,147133.58166666667,-7743.326666666667,60.69951666666667,0.49295774647887325,0.41818181818181815,0.4314214463840399,0.5833333333333334,0.6050150646321314,0.6034912718204489,0.399636208003424,0.06179114059490692,0.01604964690776803,0.0032099293815536062,0.8229426433915212,0.059850374064837904,0.1463371094585919,0.08079374866252943,0.1669520383051573,14.090966723732079,5.6811189278835865,0.00868731275411941,0.05238844157928526,0.031121067836507598,111.8507356088166,118.07210170126258,-6.21388294457522,0.04871029049860904,37.6,79.4,34.6,3.9,10.4,Forward,Forward,79.0,225.0,1992-01-03,46.5
203932,Aaron,Gordon,124,3743.5166666666664,1761,662,1213,115,310,322,448,547,903,423,178,79,59,254,464,718,668.5775833333333,543.4585333333333,6287.6050000000005,78283.00166666666,32265.216666666667,262.61685,455.91496666666666,362.58431666666667,453386.39666666667,419386.43333333335,33987.58666666667,388.9647166666667,0.6057585825027686,0.3709677419354839,0.5457543281121187,0.71875,0.6244149434090717,0.5931574608408904,0.4704132923142678,0.11299535641620402,0.02110315167111139,0.01576058162779205,0.25556471558120364,0.36933223413025557,0.1785961284175753,0.14517326399864655,1.6795985058612448,20.91162098027256,8.61895900022706,0.07015244578404442,0.12178788216071341,0.09685660542003731,121.11242904399163,112.03006976506049,9.079053118502657,0.10390356215857639,83.2,56.1,67.9,67.2,41.7,Forward,Forward,80.0,235.0,1995-09-16,69.4
203933,T.J.,Warren,11,124.66666666666666,41,18,41,2,13,3,4,16,28,9,4,4,1,5,17,22,18.3114,9.6883,77.06666666666666,1535.9966666666667,890.5533333333333,4.585266666666667,16.693183333333334,10.266866666666665,14293.661666666667,12157.99,2138.9983333333334,8.122383333333332,0.5714285714285714,0.15384615384615385,0.43902439024390244,0.75,0.4794200187090739,0.4634146341463415,0.3288770053475936,0.07219251336898397,0.03208556149732621,0.008021390374331552,0.3170731707317073,0.0975609756097561,0.14688288770053476,0.07771363636363637,0.6181818181818182,12.320828877005349,7.143475935828877,0.036780213903743315,0.13390254010695188,0.08235454545454544,114.65504010695189,97.52398395721926,17.157740641711232,0.065152807486631,41.9,22.2,35.9,55.1,61.9,Forward,Forward,80.0,220.0,1993-09-05,53.4
203935,Marcus,Smart,54,1285.1833333333334,594,203,494,91,275,97,127,112,219,195,116,80,14,24,101,125,271.27413333333334,291.82328333333334,2263.413666666667,28660.078333333335,17513.403333333332,22.041566666666668,91.06538333333333,56.33156666666667,140561.22,139161.225,1390.3899999999999,105.1258,0.5114155251141552,0.33090909090909093,0.4109311740890688,0.7637795275590551,0.540117843893213,0.5030364372469636,0.462190867710184,0.15172932525839375,0.06224792831113589,0.010893387454448782,0.5566801619433198,0.25708502024291496,0.21107816005498567,0.22706743525567039,1.7611601457638988,22.300381268560905,13.627163439716771,0.017150523271647365,0.07085789316699304,0.043831541544007986,109.37055932357251,108.28122446862315,1.0818612130565028,0.08179829077563512,52.8,51.2,70.9,10.3,70.2,Guard,Guard,75.0,220.0,1994-03-06,61.8
203937,Kyle,Anderson,140,2784.0333333333333,863,341,736,36,118,145,202,305,618,476,128,111,80,113,366,479,403.18788333333333,679.8379833333333,5234.3875,91876.29833333334,24881.991666666665,108.48846666666667,361.4008333333333,233.89065,303824.8933333333,295452.54833333334,8381.608333333334,283.77633333333335,0.4935275080906149,0.3050847457627119,0.4633152173913043,0.7178217821782178,0.5231063912326641,0.48777173913043476,0.30998192071455083,0.17097496438021575,0.03987021228194107,0.0287352881311287,0.16032608695652173,0.27445652173913043,0.14482149998204044,0.24419175416961003,1.8801454125309802,33.00114881287341,8.937389997725122,0.038968091857137725,0.1298119634582919,0.0840114402365872,109.1311981417847,106.12392631793202,3.010599130757534,0.10192993378910695,39.5,27.8,83.8,56.1,79.9,Forward-Guard,Wing,80.0,230.0,1993-09-20,91.7
203939,Dwight,Powell,118,1387.1666666666667,322,114,167,3,8,91,132,111,159,139,50,44,41,144,188,332,113.00271666666667,184.46158333333335,1326.8083333333334,44817.46833333333,15735.363333333333,133.97331666666668,186.28961666666666,162.17403333333334,155920.535,156734.13666666666,-827.2566666666667,106.93811666666667,0.6981132075471698,0.375,0.6826347305389222,0.6893939393939394,0.7153012262306736,0.6916167664670658,0.23212783851976448,0.10020425327405982,0.03171933197164484,0.029556650246305417,0.04790419161676647,0.7904191616766467,0.0814629700829028,0.13297723176739157,0.9564880451760183,32.308639913492726,11.343527574191997,0.09658054787937043,0.13429504986182866,0.11691027273819536,112.40216388321518,112.98868436861707,-0.5963642917217349,0.07709103688573832,80.1,55.8,59.5,77.9,56.7,Forward-Center,Big,82.0,240.0,1991-07-20,32.8
203944,Julius,Randle,115,3855.65,2390,850,1775,184,558,506,637,666,1217,552,355,72,28,243,667,910,1016.6515833333333,860.3198833333333,6487.596833333333,71917.84166666666,46422.25166666667,245.25145,658.9711166666667,451.02005,451761.18666666665,433809.04,17960.163333333334,493.55333333333334,0.5472473294987674,0.32974910394265233,0.4788732394366197,0.7943485086342229,0.5814292943053987,0.5307042253521127,0.6198695421005537,0.14316652185753376,0.018673894155330488,0.00726206994929519,0.3143661971830986,0.3588732394366197,0.26367838972244195,0.22313225612629084,1.6826207859461655,18.652585599488194,12.040058528825664,0.063608328038074,0.1709105122785177,0.11697639827266479,117.16861921249767,112.51255689702124,4.658141515265476,0.12800781537051686,74.2,47.4,68.5,78.3,29.8,Forward-Center,Big,81.0,250.0,1994-11-29,37.2
203952,Andrew,Wiggins,131,3762.733333333333,2017,729,1619,221,602,338,446,508,1017,277,186,102,91,197,393,590,836.7166,414.4252666666667,3821.179666666667,44211.68833333333,30063.208333333332,183.13553333333334,376.79013333333336,281.58798333333334,422605.60333333333,429465.575,-6846.35,343.30948333333333,0.4995083579154376,0.36710963455149503,0.4502779493514515,0.757847533632287,0.5555739186002953,0.5185299567634342,0.5360464910260272,0.07361669708190854,0.02710795343810351,0.02418454669477862,0.37183446571958,0.27547869054972207,0.22236935915380662,0.11013941992523167,1.0155329459081166,11.749886164313176,7.989725997058875,0.048670877553551505,0.10013734696408641,0.07483601902872027,112.31346095923178,114.13659618008187,-1.819515068832941,0.0912393871476409,54.4,53.2,49.0,48.3,45.4,Forward,Forward,78.0,197.0,1995-02-23,11.9
203954,Joel,Embiid,58,1883.7666666666667,1805,590,1166,77,216,548,621,513,950,304,212,60,84,131,454,585,703.6087333333334,571.8841166666666,3693.0755,29222.618333333332,20626.043333333335,131.8892,430.96203333333335,286.5554666666667,216522.39833333332,206454.10833333334,10063.563333333334,394.42845,0.54,0.35648148148148145,0.5060034305317325,0.8824476650563607,0.6270670631722298,0.5390222984562607,0.9581866119299984,0.16137879779873657,0.03185107851290853,0.044591509918071946,0.18524871355060035,0.532590051457976,0.3735116167961354,0.30358543167058905,1.9604739617433156,15.512865181462672,10.949362093677562,0.0700135544034116,0.22877675932971175,0.1521183444517191,114.94119848530426,109.59643356395874,5.342255764160459,0.20938285881124696,80.2,60.3,73.2,88.2,71.8,Center-Forward,Big,84.0,270.0,1994-03-16,81.8
203957,Danté,Exum,75,1459.9666666666667,602,225,436,76,161,76,99,149,275,213,71,34,8,29,153,182,232.6949,280.6039333333333,2397.84,41331.28666666667,13216.016666666666,28.354183333333335,144.64585,87.86305,172130.19833333333,163364.54833333334,8785.86,137.43931666666666,0.5418181818181819,0.4720496894409938,0.5160550458715596,0.7676767676767676,0.627658687129869,0.6032110091743119,0.41233818123701454,0.14589374186625265,0.023288202927007465,0.0054795771592958745,0.36926605504587157,0.22706422018348624,0.1593837073905797,0.19219886298773944,1.6423936619557524,28.309746797872098,9.052272882942532,0.019421116920477637,0.09907476198086713,0.06018154524075892,117.90008790155026,111.89608096075253,6.017849722596407,0.09413866754948742,62.0,73.8,76.6,26.4,33.4,Guard,Guard,77.0,214.0,1995-07-13,80.2
203967,Dario,Šarić,80,1308.15,571,202,446,81,223,86,103,121,223,167,93,38,11,87,246,333,241.37668333333335,241.41031666666666,1436.626,28206.773333333334,14844.248333333333,80.5116,246.6735,161.64886666666666,145407.84666666668,149802.38333333333,-4401.088333333333,136.45456666666666,0.5426008968609866,0.3632286995515695,0.452914798206278,0.8349514563106796,0.5810876821623382,0.5437219730941704,0.43649428582349115,0.12766120093261477,0.02904865649963689,0.008408821618315942,0.5,0.23094170403587444,0.18451758845188498,0.1845432990610149,1.0982119787486144,21.562338671660996,11.347512390271246,0.06154615296410962,0.18856667813324157,0.123570589509358,111.1553313203124,114.51468358623501,-3.3643606110410373,0.10431110091860005,60.4,67.5,64.8,81.0,33.3,Forward-Center,Big,82.0,225.0,1994-04-08,22.7
203991,Clint,Capela,128,3059.55,1324,571,1008,0,2,182,303,571,1006,153,121,77,159,509,736,1245,500.5036666666667,211.20415,2037.0428333333334,32760.035,26723.491666666665,438.5273833333333,720.5261,574.1453833333334,345603.6583333333,348750.60833333334,-3151.426666666667,372.87045,0.5675944333996024,0.0,0.566468253968254,0.6006600660066007,0.580030140539025,0.566468253968254,0.4327433772940465,0.050007354022650385,0.02516709973688941,0.05196842672942099,0.001984126984126984,0.3005952380952381,0.16358734672310196,0.06903111568694742,0.6657981838287765,10.707468418558284,8.73445168951861,0.143330680437755,0.2355006782043111,0.18765680682889097,112.95898361959547,113.9875499120241,-1.0300294705648436,0.12187101044271216,70.1,17.7,29.8,97.4,50.5,Center,Big,82.0,256.0,1994-05-18,54.5
203992,Bogdan,Bogdanović,133,3749.0833333333335,1916,681,1592,345,930,209,230,336,662,393,186,137,37,77,354,431,769.1562333333334,558.8604,5381.399333333334,65063.28666666667,31246.166666666668,68.09448333333333,354.6055666666667,208.1585,431846.615,422713.18,9128.533333333335,311.7295833333333,0.5075528700906344,0.3709677419354839,0.4277638190954774,0.908695652173913,0.5657925820930781,0.5361180904522613,0.5110582586854564,0.10482562404143235,0.036542265887216874,0.009869079108226455,0.5841708542713567,0.1444723618090452,0.20515847873924736,0.14906587832581297,1.4353906955033453,17.35445197714997,8.334348396274645,0.0181629687256885,0.09458460512569739,0.05552250550134477,115.18725421769766,112.75107604080996,2.4348707461824004,0.08314821400786858,47.3,72.7,64.3,21.6,47.5,Guard,Guard,77.0,225.0,1992-08-18,85.2
203994,Jusuf,Nurkić,127,3140.9333333333334,1282,488,979,54,195,252,389,434,784,416,272,121,114,309,926,1235,603.9738,577.3868,5173.875,70896.08,46066.801666666666,317.88441666666665,888.8116333333334,613.1084166666667,363859.455,354020.01,9841.013333333334,376.05830000000003,0.5535714285714286,0.27692307692307694,0.49846782431052095,0.6478149100257069,0.5573137650413855,0.526046986721144,0.40815893365029504,0.13244470857919088,0.03852358110115889,0.03629494417795135,0.19918283963227784,0.39734422880490294,0.19229118733285222,0.1838265059218067,1.6472412658657722,22.57166022838222,14.66659644691599,0.10120699261366048,0.2829769176890096,0.19519943647323515,115.84437375302458,112.71172369147175,3.133149382349196,0.11972820180837969,67.0,26.4,66.2,96.5,65.1,Center,Big,83.0,290.0,1994-08-23,74.4
203995,Vasilije,Micić,101,1960.6333333333332,691,254,643,88,279,95,116,166,364,390,176,46,7,34,143,177,379.336,572.7381666666666,3876.6228333333333,60179.72833333333,28200.096666666665,30.927883333333334,141.37506666666667,86.49138333333333,211810.545,221220.29333333333,-9407.268333333333,138.7217,0.45604395604395603,0.3154121863799283,0.39502332814930013,0.8189655172413793,0.49780992450002887,0.463452566096423,0.35243713765959983,0.19891531647936891,0.023461806559105052,0.00357027491116816,0.43390357698289267,0.18040435458786935,0.19347625767184076,0.2921189581597783,1.977229891701661,30.694024889916523,14.383156803073836,0.015774435131505126,0.07210683622638944,0.04411400227817542,108.03169639062209,112.83103758989444,-4.798076301875245,0.07075351502065659,28.3,42.6,79.5,10.2,28.8,Guard,Guard,75.0,188.0,1994-01-13,29.8
203999,Nikola,Jokić,149,5307.333333333333,4156,1608,2775,221,562,719,889,1387,2213,1424,467,235,113,423,1445,1868,1521.53005,2083.779233333333,20638.289,151205.84333333332,49984.89833333333,445.69328333333334,1383.9164,939.56155,658522.75,599289.0583333333,59219.965000000004,1109.5418833333333,0.6267510167193855,0.3932384341637011,0.5794594594594594,0.8087739032620922,0.6563155368016778,0.6192792792792793,0.7830674538374577,0.26830800150734835,0.04427835699032785,0.021291295063434242,0.20252252252252254,0.32036036036036036,0.28668447117196333,0.3926226416279362,3.8886362894108784,28.489984298454967,9.418081585227986,0.08397687790478583,0.26075550810199727,0.17703081585227987,124.07789536490391,112.91716963949254,11.158139366913705,0.20905826215299586,89.2,67.6,90.1,93.8,61.3,Center,Big,83.0,284.0,1995-02-19,73.9
204001,Kristaps,Porziņģis,99,2899.95,1963,665,1326,213,543,420,501,452,783,202,142,73,174,165,528,693,723.5041666666667,306.4635,3726.6871666666666,30821.776666666665,21653.463333333333,161.864,470.52833333333336,327.9466,345529.05333333334,319369.05833333335,26131.60166666667,392.83281666666664,0.5772669220945083,0.39226519337016574,0.5015082956259427,0.8383233532934131,0.6346835312071597,0.5818250377073907,0.6769082225555614,0.06965637338574804,0.025172847807720826,0.060001034500594845,0.4095022624434389,0.3778280542986425,0.24948849692810798,0.10567889101536235,1.2850866968970729,10.628382098541929,7.466840232877579,0.05581613476094416,0.1622539469071306,0.11308698425834929,119.1500037356966,110.12916027287828,9.011052489410739,0.1354619275044972,85.3,75.2,50.3,75.1,64.9,Forward-Center,Big,86.0,240.0,1995-08-02,67.6
204060,Joe,Ingles,87,1283.1666666666667,311,105,250,73,176,28,34,32,74,226,76,45,5,20,133,153,142.4965,283.9132833333333,1507.306,51660.975,18486.071666666667,24.675616666666667,139.32468333333333,82.74466666666667,148660.695,142011.99166666667,6651.7683333333325,94.98408333333333,0.43243243243243246,0.4147727272727273,0.42,0.8235294117647058,0.5868810386473431,0.566,0.2423691388492012,0.176126769710352,0.03506948954409663,0.0038966099493440705,0.704,0.136,0.11105065592934146,0.22125986491752173,1.1746767112612027,40.26053383556306,14.40660215612417,0.01923025068190674,0.10857878945317573,0.0644847382776984,115.85454864268087,110.67306793090012,5.183869333679698,0.07402318482919859,24.1,84.9,70.8,30.8,48.0,Forward-Guard,Wing,80.0,220.0,1987-10-02,84.2
204456,T.J.,McConnell,150,2706.4333333333334,1447,654,1217,33,93,106,139,621,1124,741,217,155,29,80,304,384,615.7986833333333,1029.1483166666667,7351.346666666666,87950.71,26089.145,83.17551666666667,314.60538333333335,196.65271666666666,310810.42,310202.6483333333,596.5316666666665,385.2660833333333,0.552491103202847,0.3548387096774194,0.5373870172555464,0.762589928057554,0.5660480690993303,0.5509449465899754,0.5346520020198785,0.273792075671548,0.05727094700282044,0.010715209439237372,0.07641741988496302,0.114215283483977,0.22753144359735444,0.38025999162489377,2.7162489377163053,32.49690613722858,9.639677681573534,0.03073252004483145,0.11624353700442157,0.07266120847856342,114.84133607577007,114.61677053440566,0.22041247398174713,0.14235195768108086,54.8,45.5,89.2,43.9,49.3,Guard,Guard,73.0,190.0,1992-03-25,20.7
1626143,Jahlil,Okafor,1,3.3666666666666667,0,0,0,0,0,0,0,0,0,1,0,0,0,0,1,1,0.0,0.8416666666666667,0.0,336.6666666666667,0.0,0.0,0.8416666666666667,0.37370000000000003,420.8333333333333,210.41666666666666,210.41666666666666,0.4477666666666667,,,,,,,0.0,0.297029702970297,0.0,0.0,,,0.0,0.25,0.0,100.0,0.0,0.0,0.25,0.11100000000000002,125.0,62.5,62.5,0.133,1.2,50.0,71.1,59.1,42.2,Center-Forward,Big,82.0,270.0,1995-12-15,58.8
1626145,Tyus,Jones,147,4106.183333333333,1619,632,1349,272,657,83,97,360,692,914,157,140,26,60,315,375,658.1895,1245.6647666666668,15086.375166666667,151184.425,26530.09833333333,56.31125,310.22246666666666,182.89405,460896.3566666667,489524.295,-28676.686666666665,431.13015,0.5202312138728323,0.4140030441400304,0.46849518161601184,0.8556701030927835,0.5816710738100712,0.5693106004447739,0.39428341809709744,0.22259113288495805,0.034094921886098604,0.00633191406456117,0.4870274277242402,0.07190511489992588,0.16029228277678784,0.3033631636840375,3.67406273465627,36.81872257692667,6.461011645039391,0.01371376907184693,0.0755500769165202,0.04454113105844438,112.2444662724103,119.2163757098035,-6.983781370372324,0.10499534847851412,41.1,78.2,95.5,9.8,26.3,Guard,Guard,72.0,196.0,1996-05-10,25.8
1626153,Delon,Wright,87,1376.1166666666668,335,119,319,45,141,52,70,74,178,196,36,89,23,46,106,152,165.09335,265.48838333333333,1551.3561666666667,43070.488333333335,9732.296666666667,45.328316666666666,106.32018333333333,75.00578333333333,149423.22166666668,149045.56833333333,367.34499999999974,106.85431666666666,0.4157303370786517,0.3191489361702128,0.3730407523510972,0.7428571428571429,0.4788450543167524,0.44357366771159873,0.24343866193515568,0.14242978429638958,0.06467474899172793,0.016713699177637553,0.44200626959247646,0.219435736677116,0.11997046035340994,0.1929257814865503,1.1273434907408528,31.29857327988179,7.0722903823561465,0.032939297782407014,0.07726102438020031,0.05450539561810407,108.58325117783134,108.308817081885,0.2669432097569245,0.07764916976516041,22.5,38.1,78.2,25.1,76.3,Guard,Guard,77.0,185.0,1992-04-26,49.6
1626156,D'Angelo,Russell,134,3964.55,2101,741,1718,339,905,280,337,402,813,779,264,125,59,48,350,398,891.6903,1115.7477666666666,11830.255833333333,105017.73166666666,36362.59,47.083733333333335,334.9144,194.26855,453006.2633333333,448624.81333333335,4337.246666666667,401.9800833333333,0.4944649446494465,0.37458563535911604,0.43131548311990686,0.8308605341246291,0.562884454637032,0.529976717112922,0.5299466522051682,0.19649140507749932,0.03152942956956022,0.014881890756832427,0.5267753201396973,0.19615832363213037,0.22491589209368024,0.2814311250120863,2.984009744695699,26.48919339311313,9.171933762974358,0.011876186032042308,0.08447727989305218,0.04900141251844471,114.26423259470388,113.1590756412035,1.0940073064198124,0.10139362180659427,48.2,68.9,86.9,13.2,47.0,Guard,Guard,75.0,193.0,1996-02-23,36.2
1626157,Karl-Anthony,Towns,134,4542.283333333334,3108,1118,2166,278,665,594,701,840,1501,411,369,114,91,306,1129,1435,1209.4985833333333,628.2151,6164.638166666667,56759.39,52536.354999999996,315.92445,1136.9703666666667,737.1576166666666,536009.135,504885.94166666665,31107.538333333334,687.1409166666666,0.5596269153897402,0.4180451127819549,0.5161588180978762,0.8473609129814551,0.6280208855336965,0.5803324099722992,0.6842373696048609,0.09048312706164667,0.02509750969593119,0.020033977037980162,0.30701754385964913,0.3236380424746076,0.2662754598458191,0.13830381195947705,1.3571672470160014,12.495783691755614,11.566067359661256,0.06955190304435727,0.25030811229300975,0.16228789852387013,118.00433739272098,111.15245452910979,6.848436359099865,0.15127654226765538,79.9,74.3,50.3,89.9,50.9,Center-Forward,Big,84.0,248.0,1995-11-15,66.1
1626158,Richaun,Holmes,71,1088.2666666666667,429,172,286,1,6,84,107,171,280,67,45,20,42,133,226,359,153.05803333333333,95.23163333333333,574.1333333333333,17292.081666666665,10915.221666666666,122.01076666666667,218.19751666666667,169.03421666666668,118891.93166666667,125334.97833333333,-6431.881666666667,125.71161666666667,0.6107142857142858,0.16666666666666666,0.6013986013986014,0.7850467289719626,0.6439894319682959,0.6031468531468531,0.3942048517520216,0.06156579269786817,0.018377848566527813,0.038593481989708404,0.02097902097902098,0.3741258741258741,0.1406438679245283,0.08750762680715511,0.5275667728497917,15.889562913501592,10.029914543004166,0.11211476966429797,0.20050004594462142,0.1553242618230826,109.24889579759864,115.16936259495222,-5.910207363391327,0.11551545270766969,80.6,34.4,37.3,91.7,39.3,Forward,Forward,81.0,235.0,1993-10-15,81.0
1626162,Kelly,Oubre Jr.,128,4133.516666666666,1955,735,1619,172,567,313,417,563,1052,209,167,169,77,191,518,709,838.1097166666667,319.4576833333333,3444.9526666666666,39121.29,31725.25,181.85105,543.2821666666666,354.1396833333333,464837.725,476684.655,-11846.158333333333,344.83955000000003,0.535171102661597,0.30335097001763667,0.45398394070413833,0.750599520383693,0.542308375127602,0.5071031500926498,0.47296289277491727,0.0505622734475487,0.040885283314046554,0.018628206006991627,0.3502161828289067,0.2575663990117356,0.20275948647439027,0.07728472124220297,0.8334193241428808,9.464408433496903,7.675123280822222,0.04399427041542512,0.131433404163525,0.085675155537456,112.45575196261456,115.32181758067183,-2.8658789327892715,0.08342522307478299,57.9,36.0,36.0,59.0,50.0,Forward-Guard,Wing,80.0,210.0,1995-12-09,68.9
1626164,Devin,Booker,143,5241.633333333333,3764,1296,2725,335,969,837,940,961,1756,1001,398,128,44,132,481,613,1501.0686833333334,1573.1142333333332,15570.739333333333,117207.95666666667,46699.043333333335,134.78103333333334,464.62173333333334,307.6784,614879.885,609394.3666666667,5482.0999999999985,693.7096833333334,0.5472665148063781,0.3457172342621259,0.47559633027522935,0.8904255319148936,0.5996304084623718,0.5370642201834862,0.7180967764500887,0.19097100776475526,0.02441986912476391,0.008394330011637594,0.35559633027522936,0.344954128440367,0.28637422495532566,0.30011909137736964,2.970589192936044,22.36096064203906,8.909254112903739,0.025713556207034704,0.08864064000406999,0.05869895516028719,117.30692436835847,116.26039593256556,1.0458762853817827,0.13234609123110483,76.4,60.4,86.3,26.4,22.6,Guard,Guard,77.0,206.0,1996-10-30,74.9
1626166,Cameron,Payne,150,2394.0833333333335,1078,387,927,197,523,107,121,190,404,408,118,81,27,35,186,221,460.26301666666666,565.0612333333333,3236.0316666666668,66574.24333333333,18394.461666666666,33.003,185.64151666666666,108.2725,273879.2416666667,265117.675,8773.814999999999,193.27696666666668,0.47029702970297027,0.37667304015296366,0.4174757281553398,0.8842975206611571,0.5498653391006284,0.5237324703344121,0.45027672386786866,0.1704201329666887,0.03383340875073967,0.011277802916913222,0.564185544768069,0.13052858683926646,0.19225020710780047,0.23602404538967592,1.35167879146507,27.807822061331752,7.683300497754881,0.013785234432106929,0.0775417940060566,0.045225033937832844,114.39837446482649,110.73869957186118,3.6647909777576655,0.08073109401649901,34.7,71.6,80.8,10.4,53.4,Guard,Guard,74.0,183.0,1994-08-08,17.7
1626167,Myles,Turner,149,4250.116666666667,2433,866,1720,272,718,429,555,594,1002,211,232,93,288,203,801,1004,938.1195,292.10996666666665,3434.5765,37952.590000000004,41271.111666666664,202.52058333333332,788.6608,503.59843333333333,503071.27,482136.21166666667,20953.778333333335,466.24875,0.592814371257485,0.3788300835654596,0.5034883720930232,0.772972972972973,0.619336116485083,0.5825581395348837,0.5724548737877784,0.04964569600050195,0.02188175226562408,0.0677628457258036,0.4174418604651163,0.3226744186046512,0.22072794080162506,0.06872987016042696,0.8081134635519809,8.929776045363461,9.71058323889148,0.04765059390526534,0.1855621531957946,0.11849049633931617,118.3664613128267,113.44070045136016,4.930165446438726,0.10970257679200962,82.8,67.4,28.4,76.1,51.1,Center-Forward,Big,83.0,250.0,1996-03-24,59.6
1626168,Trey,Lyles,127,2507.75,870,300,695,165,457,105,150,135,238,154,77,58,42,141,432,573,347.64121666666665,213.27528333333333,1364.6083333333333,36757.26666666667,21153.725,131.87906666666666,426.62123333333335,277.6977,287785.2,281883.12166666664,5884.929999999999,214.41898333333333,0.5672268907563025,0.3610503282275711,0.4316546762589928,0.7,0.5716162943495401,0.5503597122302158,0.3469245339447712,0.061409630146545706,0.02312830226298475,0.01674808094905792,0.6575539568345323,0.2158273381294964,0.13862674376100753,0.08504646927856976,0.5441564483434685,14.657468514272423,8.435340444621673,0.05258860200046522,0.1701211178679427,0.11073579902302862,114.75832917954342,112.40479380586847,2.3466972385604623,0.08550253547336589,57.5,63.7,38.3,74.4,42.4,Forward,Forward,81.0,234.0,1995-11-05,79.7
1626171,Bobby,Portis,131,3251.866666666667,1810,743,1513,165,424,159,197,578,1089,208,148,103,60,232,786,1018,743.6285333333333,321.91285,2544.9451666666664,32890.666666666664,23968.666666666668,223.72961666666666,755.4954166666666,497.89886666666666,374693.68666666665,371057.8566666667,3636.0583333333325,410.8605166666667,0.5307621671258035,0.3891509433962264,0.4910773298083278,0.8071065989847716,0.5657381476295259,0.5456047587574355,0.5566033867727254,0.06396326212636844,0.03167411537988437,0.018450940997990897,0.2802379378717779,0.1302048909451421,0.22867743654926398,0.09899325003075156,0.7826105518881462,10.114395834187542,7.370740907786297,0.06880036594366312,0.23232668928615358,0.15311171019722006,115.22418508343924,114.10611033662717,1.1181449628931073,0.1263460525236787,51.1,60.2,43.5,88.3,46.9,Forward,Forward,81.0,250.0,1995-02-10,87.3
1626172,Kevon,Looney,150,2336.6833333333334,678,282,511,2,6,112,182,280,505,251,89,74,66,328,553,881,274.74316666666664,341.64765,1971.4771666666666,65348.99333333333,20100.243333333332,285.6099,529.0663,406.3691333333333,266999.9683333333,258242.965,8762.505000000001,261.1829833333333,0.5544554455445545,0.3333333333333333,0.5518590998043053,0.6153846153846154,0.5735264262028829,0.5538160469667319,0.2901548491094928,0.10741720815115441,0.03166881833938417,0.02824516230269399,0.011741682974559686,0.3561643835616438,0.1175782626372137,0.14621050491793924,0.8437074628568982,27.966559439661626,8.602039928388526,0.12222875728418484,0.22641762897554224,0.17390851705765292,114.26450667256296,110.51688575687763,3.7499753924722365,0.11177508719623967,60.8,34.5,64.9,95.4,64.4,Forward,Forward,81.0,222.0,1996-02-06,68.0
1626174,Christian,Wood,50,871.9333333333333,347,123,264,35,114,66,94,88,150,49,50,16,33,39,215,254,150.59886666666665,70.80453333333334,412.58816666666667,11208.775,10180.885,40.85365,196.76311666666666,125.09576666666666,96178.25833333333,95630.72833333333,544.8083333333329,90.96001666666666,0.5866666666666667,0.30701754385964913,0.4659090909090909,0.7021276595744681,0.5681818181818181,0.5321969696969697,0.39796620536738286,0.05619695695389556,0.018350026760455693,0.03784693019343987,0.4318181818181818,0.3560606060606061,0.172718327089227,0.08120406758926525,0.47318774371129296,12.855082575120422,11.676219512195123,0.046854098172643174,0.22566302851899994,0.14346941662206592,110.30460088691797,109.67665150240845,0.6248279684991204,0.10431992124780182,72.3,41.8,27.7,82.0,57.9,Forward,Forward,80.0,214.0,1995-09-27,45.0
1626179,Terry,Rozier,125,3698.65,1884,690,1633,240,718,264,306,450,915,509,184,100,35,79,406,485,838.4860833333333,796.1687333333333,7146.0235,74110.99333333333,27902.783333333333,71.79323333333333,411.1861666666667,238.97436666666667,402992.12,425781.9666666667,-22813.228333333333,371.8463,0.4918032786885246,0.3342618384401114,0.4225352112676056,0.8627450980392157,0.5329139417528456,0.4960195958358849,0.5093750422451435,0.13761777946007325,0.0270368918389142,0.009462912143619969,0.4396815676668708,0.18738518064911205,0.2267005754351813,0.21525927928658653,1.9320626444783908,20.037309108278244,7.5440453498799105,0.019410658843992627,0.11117195913824414,0.0646112410383969,108.9565436037473,115.11820979726838,-6.167987869447861,0.1005356819380044,43.7,52.0,78.9,31.8,29.8,Guard,Guard,73.0,190.0,1994-03-17,20.7
1626181,Norman,Powell,136,3948.4166666666665,2362,830,1713,346,812,356,437,484,901,207,174,116,31,37,348,385,883.7752333333333,310.12966666666665,3467.6136666666666,34854.615,29841.253333333334,39.54615,337.50663333333335,194.36866666666666,462976.16833333333,435808.70166666666,27176.891666666666,391.61088333333333,0.537180910099889,0.42610837438423643,0.4845300642148278,0.8146453089244852,0.6198563990594559,0.5855224751897257,0.5982144741563074,0.05242607796374074,0.029378864945864377,0.007851248390705135,0.47402218330414475,0.2551079976649154,0.2238302864017222,0.07854532407505117,0.8782289103227032,8.827491610561195,7.557777168063148,0.010015698275680125,0.08547898102614973,0.04922698972161837,117.2561579536101,110.3755602456681,6.882984740718854,0.09918175217914355,68.8,80.3,36.8,13.0,47.9,Guard,Guard,75.0,215.0,1993-05-25,59.3
1626192,Pat,Connaughton,117,2279.1,644,234,524,108,319,68,89,126,205,231,73,49,30,70,278,348,270.0682166666667,309.76871666666665,2253.95,59269.50166666666,20797.196666666667,67.73625,277.8355,172.17875,260453.36,263303.845,-2848.579999999999,165.92041666666665,0.6146341463414634,0.3385579937304075,0.44656488549618323,0.7640449438202247,0.5717735634633142,0.549618320610687,0.2825676802246501,0.10135579834145057,0.021499714799701638,0.01316309069369488,0.6087786259541985,0.16984732824427481,0.11849774764892575,0.13591712371842687,0.9889649423017858,26.005660860281104,9.125179529931406,0.029720613400026328,0.12190579614760214,0.07554681672590058,114.27903997191873,115.52974639111929,-1.2498705629415117,0.07280084975063256,55.9,59.9,63.4,46.2,27.1,Guard,Guard,77.0,209.0,1993-01-06,76.6
1626196,Josh,Richardson,51,1252.3333333333333,457,165,385,72,212,55,58,93,173,117,44,32,15,24,109,133,195.33235,177.66746666666666,1069.4473333333333,24410.818333333333,10006.008333333333,23.986816666666666,112.37711666666667,67.55421666666666,135509.695,142774.87,-7277.571666666667,85.98405,0.5375722543352601,0.33962264150943394,0.42857142857142855,0.9482758620689655,0.5566111273506772,0.522077922077922,0.36491881820601546,0.09342560553633218,0.025552302368911366,0.011977641735427202,0.5506493506493506,0.15064935064935064,0.15597472717593824,0.14186915091828586,0.8539638009049774,19.492269097684325,7.989892201224381,0.019153699760447167,0.08973418951290923,0.05394268033005057,108.20577189246741,114.00708277881289,-5.811209741815278,0.06865907639073729,45.1,62.8,61.3,20.3,34.7,Guard,Guard,77.0,200.0,1993-09-15,67.1
1626204,Larry,Nance Jr.,85,1679.4166666666667,553,218,396,61,141,56,74,157,255,151,65,81,32,117,293,410,207.68346666666667,222.93393333333333,1435.7073333333333,39282.79833333333,16991.95333333333,117.48948333333333,292.3095666666667,204.39548333333335,186131.34,185443.87666666668,689.0233333333335,179.44988333333333,0.615686274509804,0.4326241134751773,0.5505050505050505,0.7567567567567568,0.6451838715699085,0.6275252525252525,0.3292810003473428,0.08991217188507913,0.048231032600605364,0.019054235101473724,0.3560606060606061,0.18686868686868688,0.12366405001736715,0.1327448618071751,0.8548845333201012,23.3907398402223,10.117771051456357,0.06995850741825038,0.17405422517739294,0.12170623728477149,110.83094725351063,110.42160075423014,0.4102753932417011,0.10685250831141765,65.3,73.4,57.9,80.4,70.1,Forward-Center,Big,78.0,245.0,1993-01-01,22.9
1626220,Royce,O'Neale,154,3791.133333333333,1288,455,1109,335,863,43,61,120,246,382,138,126,77,113,613,726,540.7052666666667,532.9198333333334,4969.847833333333,86849.98,31708.333333333332,106.47538333333333,591.0277833333333,351.6298,428783.55333333334,430489.80666666664,-1727.3366666666666,317.45844999999997,0.4878048780487805,0.388180764774044,0.4102795311091073,0.7049180327868853,0.5669812649668968,0.5613165013525698,0.33974009531010957,0.10076142578296728,0.03323544410642376,0.020310549176147854,0.7781785392245266,0.05500450856627592,0.14262364816149967,0.14057005820598942,1.3109134911284224,22.908711555031918,8.36381381117344,0.0280853702498813,0.1558973877644328,0.09275057590518226,113.10168111558549,113.55174530043786,-0.4556254066506058,0.08373708389751525,29.0,72.4,66.9,58.4,51.4,Forward,Forward,78.0,226.0,1993-06-05,38.2
1626224,Cedi,Osman,72,1268.7666666666667,489,184,384,86,221,35,52,98,163,119,47,36,11,25,155,180,184.28571666666667,162.41948333333335,888.1379999999999,26242.251666666667,8851.536666666667,22.703833333333332,155.62105,86.4286,134972.735,151493.38999999998,-16513.596666666668,97.80828333333334,0.6012269938650306,0.3891402714932127,0.4791666666666667,0.6730769230769231,0.6009142744789618,0.5911458333333334,0.38541365630664953,0.09379187137114783,0.028374011507238,0.008669836849433834,0.5755208333333334,0.13541666666666666,0.1452479179255445,0.12801367469721253,0.7000010508893151,20.6832764101621,6.976488978798308,0.017894411896067046,0.122655373985235,0.06812016919317973,106.3810537792607,119.40208864251372,-13.01547171794131,0.07708925991119986,60.9,71.4,58.9,35.5,23.3,Forward,Forward,79.0,230.0,1995-04-08,52.4
1626246,Boban,Marjanović,14,70.91666666666667,45,18,34,0,2,9,14,18,32,6,5,1,2,7,25,32,17.35268333333333,7.686266666666667,9.916666666666666,888.5933333333332,600.5916666666666,5.828333333333333,20.527316666666668,14.167066666666667,7321.293333333333,8197.536666666667,-875.9383333333334,11.707666666666666,0.5625,0.0,0.5294117647058824,0.6428571428571429,0.5602589641434264,0.5294117647058824,0.6345475910693301,0.08460634547591069,0.014101057579318448,0.028202115158636895,0.058823529411764705,0.4117647058823529,0.2446911868390129,0.10838448883666274,0.1398354876615746,12.530105757931842,8.468977673325497,0.08218566392479436,0.28945687426556993,0.19977062279670973,103.23797884841362,115.5939365452409,-12.35165687426557,0.16509048178613395,77.0,16.7,36.2,95.1,33.4,Center,Big,88.0,290.0,1988-08-15,99.3
1627732,Ben,Simmons,66,1478.65,348,159,297,0,0,30,48,159,297,371,129,50,32,78,282,360,193.23956666666666,516.4885166666667,3859.8051666666665,68132.23833333333,23512.735,79.71485,299.2833,183.99855,164364.32833333334,167781.38166666665,-3431.588333333334,158.2626,0.5353535353535354,,0.5353535353535354,0.625,0.5469634100339494,0.5353535353535354,0.23534981232881344,0.25090454130456835,0.03381462820816285,0.021641362053224224,0.0,0.16161616161616163,0.13068648203879663,0.3492973432973771,2.6103575333355873,46.07732616463215,15.901487843641158,0.05391056030838941,0.2024030703682413,0.12443685118182124,111.15837306552147,113.46930082620406,-2.320757673102718,0.10703181956514386,38.1,18.3,83.2,80.1,52.9,Guard-Forward,Wing,82.0,240.0,1996-07-20,99.1
1627734,Domantas,Sabonis,152,5356.95,2930,1161,1961,98,243,510,704,1063,1718,1096,474,122,74,561,1531,2092,1159.2166166666666,1594.8216,15167.4645,151999.555,66831.05333333333,546.0149166666666,1567.0816,1049.2405666666666,622898.1,614026.0733333334,8863.221666666668,901.0339333333334,0.6187427240977881,0.40329218106995884,0.592044875063743,0.7244318181818182,0.6451584491535873,0.6170321264660887,0.5469530236421845,0.20459403205182053,0.022774153202848636,0.013813830631236059,0.12391636919938807,0.35900050994390614,0.21639489199388956,0.2977107495869851,2.831361969030885,28.374271740449323,12.475579076402306,0.10192645379678113,0.2925324298341407,0.19586529026156052,116.27849802592894,114.6223267593189,1.6545276074383126,0.16819905605490687,87.4,62.8,82.8,96.8,31.7,Forward-Center,Big,82.0,240.0,1996-05-03,32.8
1627736,Malik,Beasley,161,4620.366666666667,2225,781,1793,543,1308,120,175,238,485,247,137,132,14,88,416,504,823.9167333333334,347.0554,3391.0625,52003.46166666667,28868.963333333333,83.43163333333334,399.00295,242.89545,535565.2983333333,515424.415,20138.50833333333,347.93126666666666,0.49072164948453606,0.4151376146788991,0.43558282208588955,0.6857142857142857,0.5949197860962567,0.587005019520357,0.48156351227536054,0.053458960688545644,0.02856916117768431,0.0030300625491483358,0.7295036252091467,0.09760178471834914,0.17832280266356926,0.07511425500140682,0.7339379630765235,11.25526725873127,6.248197473504988,0.018057361969829235,0.08635742112819329,0.05257060045739516,115.91402522166351,111.5548726291564,4.3586385640389285,0.07530382148602924,41.8,79.1,36.9,18.4,38.6,Guard,Guard,76.0,187.0,1996-11-26,39.9
1627739,Kris,Dunn,140,3032.0833333333335,831,339,750,116,335,37,54,223,415,464,153,196,55,103,337,440,390.5910166666667,581.9345166666667,5924.8955000000005,100828.09666666666,32040.703333333335,104.0776,326.58495,218.50751666666667,350255.75,336001.0183333333,14240.595000000001,224.04953333333333,0.5373493975903615,0.34626865671641793,0.452,0.6851851851851852,0.5369882133995038,0.5293333333333333,0.2740689844716229,0.15303009481929367,0.06464202281159818,0.018139343135907652,0.44666666666666666,0.072,0.12881935412944895,0.19192563418991343,1.9540675003435481,33.253735330493335,10.56722385598461,0.034325441802940775,0.10770975401951353,0.07206514222894049,115.51653153772158,110.81523210114057,4.696637075718016,0.07389293390133296,33.3,46.5,76.4,43.0,70.6,Guard,Guard,75.0,205.0,1994-03-18,50.2
1627741,Buddy,Hield,166,4022.95,1925,699,1636,422,1117,105,123,277,519,370,194,139,65,112,421,533,767.6445166666666,514.3180666666667,5502.675,63872.60333333333,34635.198333333334,102.02535,427.79036666666667,257.1471833333333,462114.93333333335,455268.37833333336,6854.463333333334,337.78423333333336,0.5337186897880539,0.37779767233661593,0.42726161369193155,0.8536585365853658,0.5694861903296807,0.5562347188264058,0.4785045799724083,0.09197230887781355,0.03455175928112455,0.01615729750556184,0.6827628361858191,0.07518337408312958,0.19081632052763933,0.12784600024028803,1.3678208777141154,15.877056223252422,8.609403132858558,0.025360829739370365,0.10633748037302643,0.06392005452052184,114.86966860968528,113.16779436317464,1.7038400510404887,0.0839643130869967,47.1,76.9,57.7,33.5,50.4,Guard,Guard,76.0,220.0,1992-12-17,72.2
1627742,Brandon,Ingram,82,2697.75,1732,655,1350,129,357,293,362,526,993,456,232,66,51,60,364,424,746.2249666666667,719.1492833333333,6812.825333333333,57476.638333333336,28446.926666666666,60.68176666666667,365.34476666666666,215.1502,309114.00333333336,306649.89166666666,2471.1016666666665,338.5824166666667,0.5297079556898288,0.36134453781512604,0.48518518518518516,0.8093922651933702,0.5737835259196438,0.532962962962963,0.6420164952275044,0.1690297470113984,0.024464831804281346,0.01890464275785377,0.2644444444444444,0.26814814814814814,0.27661012572205235,0.2665737311957495,2.5253731195749545,21.3053983257653,10.544686003768572,0.02249347295585828,0.1354257313193093,0.07975171902511352,114.58215302875854,113.6687579155469,0.9159861613072622,0.12550548296419856,64.9,53.8,79.6,47.6,41.3,Forward,Forward,80.0,190.0,1997-09-02,34.3
1627745,Damian,Jones,39,269.73333333333335,107,43,72,3,14,18,21,40,58,15,13,7,13,20,42,62,40.524683333333336,24.9372,68.125,2787.115,2574.0466666666666,17.97535,43.166516666666666,30.79055,25525.648333333334,30361.018333333333,-4832.678333333333,30.086033333333333,0.6896551724137931,0.21428571428571427,0.5972222222222222,0.8571428571428571,0.6585425898572133,0.6180555555555556,0.39668808699950564,0.05561047948591201,0.025951557093425604,0.04819574888779041,0.19444444444444445,0.2916666666666667,0.15023980474542759,0.092451309935739,0.25256426099851703,10.332853435491842,9.542931290163123,0.06664118882847256,0.1600340459713297,0.11415181660899654,94.63290286702916,112.55938581314878,-17.916503954522984,0.11153991596638654,81.8,42.6,29.2,77.0,56.5,Center,Big,82.0,245.0,1995-06-30,40.2
1627746,Skal,Labissiere,4,11.966666666666665,5,2,4,1,1,0,0,1,3,1,0,0,0,1,2,3,1.5624833333333332,0.8233333333333333,0.0,411.66666666666663,0.0,1.37085,1.682633333333333,1.870483333333333,1429.9783333333332,1653.4483333333333,-223.47,0.9099999999999999,0.3333333333333333,1.0,0.5,,0.625,0.625,0.41782729805013935,0.08356545961002787,0.0,0.0,0.25,0.0,0.13056963788300838,0.06880222841225626,0.0,34.401114206128135,0.0,0.1145557103064067,0.1406100278551532,0.15630779944289694,119.49679665738162,138.17116991643456,-18.674373259052928,0.07604456824512536,28.2,73.6,42.0,86.5,2.7,Forward-Center,Big,82.0,235.0,1996-03-18,27.3
1627747,Caris,LeVert,132,3554.1833333333334,1728,625,1419,214,616,264,356,411,803,561,193,133,67,80,403,483,741.2243333333333,792.0534166666666,8757.026,83330.81666666667,29954.44,78.91991666666667,392.5494,238.06628333333333,415949.3333333333,399318.24666666664,16618.433333333334,359.85248333333334,0.5118306351183064,0.3474025974025974,0.4404510218463707,0.7415730337078652,0.548348607549948,0.5158562367864693,0.4861876380415567,0.15784216721140815,0.0374206920483374,0.018851025317583505,0.43410852713178294,0.25088090204369273,0.2085498309503824,0.22285103000689327,2.4638644601901047,23.44584081669019,8.427938907672178,0.02220479622604349,0.11044714444480916,0.0669819930504429,117.03091661938278,112.35161757740877,4.675738917988661,0.10124758617779049,54.2,49.8,81.8,35.0,58.1,Guard,Guard,79.0,205.0,1994-08-25,84.6
1627749,Dejounte,Murray,109,3795.5,2295,866,1957,253,728,310,386,613,1229,730,307,174,36,79,537,616,990.50325,1118.2709166666666,11332.052666666666,85606.94166666667,36806.53,69.72995,549.6824666666666,296.0984833333333,435329.495,452196.93333333335,-16836.37,463.26925,0.49877949552481693,0.3475274725274725,0.44251405212059275,0.8031088082901554,0.5395328280453631,0.5071538068472151,0.6046634172045844,0.192333025951785,0.045843762350151494,0.009484916348307205,0.3719979560551865,0.19724067450178845,0.2609677908049005,0.2946307249813375,2.9856547666095814,22.554852237298554,9.6974127255961,0.018371742853379003,0.14482478373512492,0.07801303736881395,114.69621788960612,119.14028015632547,-4.435876696087472,0.12205750230536161,48.6,49.5,84.5,45.2,36.9,Guard,Guard,76.0,180.0,1996-09-19,34.1
1627750,Jamal,Murray,126,4279.766666666666,2686,1005,2107,301,738,375,430,704,1369,787,263,148,72,87,416,503,1077.8414666666667,1091.6004333333333,13934.707666666667,101689.775,34048.558333333334,94.8963,400.51711666666665,253.9575,520499.3,489155.56333333335,31304.68,522.91765,0.5142439737034331,0.4078590785907859,0.47698149027052683,0.872093023255814,0.584879365908893,0.5484100616990982,0.62760430864611,0.18388852974850656,0.03458132452703808,0.016823347067207714,0.3502610346464167,0.20408163265306123,0.25184584829391016,0.2550607353983473,3.2559503243946324,23.760588583489753,7.955704360829641,0.022173241531859213,0.09358386750056467,0.059339099483616715,121.61861627970373,114.29491405294682,7.3145763398316115,0.12218368213220347,58.1,72.2,87.2,26.2,47.1,Guard,Guard,76.0,215.0,1997-02-23,69.7
1627751,Jakob,Poeltl,107,3004.95,1379,611,957,1,3,156,251,610,954,285,188,101,147,335,641,976,519.9023166666667,400.48941666666667,4493.2215,56871.198333333334,35992.66333333333,325.92645,631.4873333333334,480.30331666666666,337205.615,339532.2033333333,-2333.38,382.98538333333335,0.639412997903564,0.3333333333333333,0.6384535005224661,0.6215139442231076,0.6459379449898823,0.6389759665621735,0.458909466047688,0.09484350821145111,0.03361120817318092,0.04891928318274847,0.003134796238244514,0.26227795193312436,0.1730152969822016,0.1332765658885062,1.4952732990565567,18.925838477623035,11.97779108914735,0.10846318574352319,0.21014903187518374,0.1598373738886393,112.21671408842077,112.99096601718276,-0.7765120883874941,0.12745149947031842,80.7,40.7,57.2,92.3,62.3,Center,Big,84.0,253.0,1995-10-15,74.2
1627752,Taurean,Prince,158,4273.5,1353,488,1086,288,691,89,116,200,395,274,155,134,50,55,462,517,549.5057166666667,354.76375,3952.0226666666667,73557.81,41538.909999999996,54.86836666666667,442.5468666666667,253.98843333333335,487365.98833333334,493867.4816666667,-6493.13,253.71821666666668,0.5063291139240507,0.41678726483357453,0.44935543278084716,0.7672413793103449,0.5949658763104201,0.58195211786372,0.3166023166023166,0.06411606411606412,0.03135603135603136,0.0117000117000117,0.6362799263351749,0.10681399631675875,0.1285844662844663,0.08301480051480052,0.9247742287742288,17.21254475254475,9.720114660114659,0.01283921063921064,0.10355607035607037,0.05943335283335284,114.04375531375531,115.56510627510627,-1.5193939393939395,0.05937012207012207,36.9,80.8,43.5,23.4,35.4,Forward,Forward,78.0,218.0,1994-03-22,26.7
1627759,Jaylen,Brown,133,4500.483333333334,3008,1145,2374,261,768,457,622,884,1606,535,328,156,56,166,589,755,1273.08985,836.9044333333334,7128.731833333333,68968.81166666666,42873.94,161.6744,556.2923833333333,364.4308833333333,543938.8516666667,503154.70666666667,40822.57,514.7305833333334,0.5504358655043586,0.33984375,0.4823083403538332,0.7347266881028939,0.5680444766739183,0.5372788542544229,0.6683726562702524,0.11887612071296046,0.03466294360976043,0.012443107962478104,0.3235046335299073,0.2620050547598989,0.2828784723122331,0.18595878961148618,1.583992497102163,15.324756600217011,9.526519003514437,0.03592378596372982,0.12360725329501644,0.08097594332460586,120.86231886204814,111.80014887289883,9.070707960996781,0.11437228964296427,68.9,45.6,65.4,52.3,52.1,Guard-Forward,Wing,78.0,223.0,1996-10-24,63.2
1627763,Malcolm,Brogdon,63,1684.9,918,322,736,98,255,176,208,224,481,312,98,40,13,49,190,239,384.45730000000003,495.5815166666667,5294.998333333333,41582.79833333333,13379.27,47.65983333333333,188.43773333333334,116.39783333333334,184515.25833333333,194548.435,-10035.64,199.88335,0.4656964656964657,0.3843137254901961,0.4375,0.8461538461538461,0.554669373549884,0.5040760869565217,0.5448394563475577,0.18517419431420262,0.02374028132233367,0.007715591429758442,0.34646739130434784,0.2826086956521739,0.2281781114606208,0.29413111559538646,3.1426187508655308,24.679683265080023,7.94069084218648,0.02828644627772172,0.11183912002690564,0.06908293271608602,109.51110352741013,115.46586444299365,-5.956222921241616,0.1186321740162621,49.7,61.9,89.7,39.4,23.6,Guard,Guard,76.0,229.0,1992-12-11,73.6
1627777,Georges,Niang,161,3528.4333333333334,1552,570,1252,315,805,97,118,255,447,209,154,58,32,69,481,550,617.10965,287.98556666666667,2295.4236666666666,44071.05,31593.75,68.38536666666667,462.5454,269.77928333333335,411631.50666666665,402293.9816666667,9338.435,240.80123333333333,0.5704697986577181,0.391304347826087,0.45527156549520764,0.8220338983050848,0.595128535492975,0.5810702875399361,0.43985527098901306,0.05923308739478333,0.0164378902818059,0.00906918084513429,0.6429712460063898,0.09424920127795527,0.1748962192852352,0.08161853702776492,0.650550385912539,12.490260077654861,8.954044760186296,0.01938122679565057,0.13109087130265556,0.0764586596506476,116.6612679848469,114.01490227012934,2.646623619547863,0.0682459354009806,57.1,81.0,35.1,42.8,25.0,Forward,Forward,78.0,230.0,1993-06-17,41.7
1627780,Gary,Payton II,106,1607.1333333333334,640,274,481,51,150,41,61,223,331,131,66,91,35,99,199,298,233.02036666666666,183.02023333333332,889.6703333333334,32042.666666666668,15174.753333333332,92.55333333333333,197.17715,147.11526666666666,183601.28,176348.44833333333,7244.429999999999,145.98481666666666,0.6737160120845922,0.34,0.5696465696465697,0.6721311475409836,0.630119722747322,0.6226611226611226,0.39822458207159744,0.0815115941427801,0.05662255776330526,0.021777906832040485,0.31185031185031187,0.12681912681912683,0.14499130957813083,0.11387993114033267,0.553575932301821,19.93777740905131,9.442124694072259,0.05758908200937486,0.12268873148877919,0.09153893060107021,114.24147343095366,109.72857365080681,4.5076720454639725,0.09083553532169078,67.5,49.5,49.3,64.1,75.2,Guard,Guard,74.0,195.0,1992-12-01,31.9
1627783,Pascal,Siakam,158,5205.833333333333,3315,1294,2453,211,570,516,704,1083,1883,605,250,133,67,272,833,1105,1268.38575,899.83595,9892.894666666667,86525.49833333334,36077.705,271.85630000000003,821.5399666666667,547.8004166666667,604490.1816666666,583902.6816666666,20587.219999999998,684.4411833333334,0.5751460435475305,0.3701754385964912,0.5275173257236038,0.7329545454545454,0.5999435347261434,0.5705258866693844,0.6367856571154155,0.11621578357611655,0.025548263166319835,0.01287017768528894,0.2323685283326539,0.28699551569506726,0.24364701456699214,0.17285147110613094,1.9003479430126462,16.620873699375704,6.930245878021451,0.05222147590843606,0.1578114230830799,0.10522818953097487,116.11785144869538,112.16315319353289,3.9546444693452854,0.1314758155914839,78.8,54.0,72.4,71.7,42.3,Forward,Forward,80.0,245.0,1994-04-02,74.2
1627788,Furkan,Korkmaz,35,299.9166666666667,88,30,76,14,40,14,20,16,36,25,10,14,3,4,26,30,37.94478333333333,29.109166666666667,90.11666666666666,5687.565,2669.38,3.8250833333333336,27.943683333333333,14.957183333333333,35017.635,33129.02166666667,1887.555,19.187549999999998,0.4444444444444444,0.35,0.39473684210526316,0.7,0.5188679245283019,0.4868421052631579,0.29341483745484853,0.08335648791330924,0.04667963323145318,0.01000277854959711,0.5263157894736842,0.2631578947368421,0.12651775493192552,0.09705751597666018,0.3004723534315087,18.963817727146427,8.900405668241177,0.012753820505696028,0.09317149208113364,0.04987113086968602,116.757882745207,110.4607557654904,6.293598221728257,0.06397627118644067,31.2,51.0,42.4,15.8,60.6,Guard-Forward,Wing,79.0,202.0,1997-07-24,47.8
1627814,Damion,Lee,25,144.01666666666665,83,27,74,9,37,20,21,18,37,11,10,6,0,3,17,20,38.58725,18.035183333333332,67.63333333333334,1859.0216666666665,1370.5900000000001,2.26795,14.173383333333334,9.253583333333333,15132.818333333333,14111.654999999999,1021.0916666666666,12.550633333333334,0.4864864864864865,0.24324324324324326,0.36486486486486486,0.9523809523809523,0.49855838539163866,0.42567567567567566,0.5763221849322996,0.07638004860548549,0.041661844693901176,0.0,0.5,0.28378378378378377,0.26793600277745633,0.1252298345098947,0.46962157157736384,12.908378659877329,9.51688461983567,0.01574783011225553,0.09841488253674345,0.06425355861590094,105.07685453072561,97.98626316398565,7.090093739150562,0.08714708945723876,50.2,42.8,41.8,26.7,62.9,Guard-Forward,Wing,78.0,210.0,1992-10-21,42.9
1627824,Guerschon,Yabusele,70,1894.75,768,282,563,104,274,100,138,178,289,148,87,58,24,134,261,395,309.20976666666667,218.34138333333334,2611.7435,32090.135,19056.513333333332,132.87635,280.17538333333334,204.18046666666666,215322.51499999998,221326.98833333334,-5998.733333333333,174.11708333333334,0.615916955017301,0.3795620437956204,0.5008880994671403,0.7246376811594203,0.6156608734688642,0.5932504440497336,0.40533051853806573,0.07811056867660642,0.030610898535426836,0.012666578704314554,0.4866785079928952,0.24511545293072823,0.16319291023441967,0.11523492985002419,1.378410608259665,16.936342525399127,10.057534415270263,0.07012869771737697,0.14786931433346528,0.10776116462154198,113.64164929410212,116.81065487971149,-3.165976162202577,0.09189448915864011,73.6,68.4,54.2,74.6,33.0,Forward,Forward,79.0,265.0,1995-12-17,63.9
1627826,Ivica,Zubac,148,4418.75,2134,929,1461,0,0,276,402,929,1461,307,206,77,173,496,1140,1636,798.8180166666667,450.2373166666667,5249.542666666666,61183.42333333333,42999.72666666667,524.5335,1136.5837,844.5492333333333,516502.0466666667,483998.855,32497.635000000002,642.5574166666667,0.6358658453114305,,0.6358658453114305,0.6865671641791045,0.6514518768163723,0.6358658453114305,0.48294200848656293,0.06947666195190948,0.017425742574257427,0.03915134370579915,0.0,0.2751540041067762,0.18077918340405472,0.10189246204620463,1.1880153135313531,13.846319283356907,9.7311969825554,0.11870630834512022,0.2572183762376237,0.19112853936822252,116.88872343234324,109.53297991513436,7.354485997171146,0.14541610561056106,82.2,38.4,47.4,97.5,58.5,Center,Big,84.0,240.0,1997-03-18,55.8
1627827,Dorian,Finney-Smith,131,3753.2833333333333,1129,410,946,246,650,63,91,164,296,197,115,114,61,189,375,564,478.8998,271.6349,2665.1873333333333,53042.63,32681.555,181.21733333333333,375.0712,280.27008333333333,431961.9116666667,420107.28,11821.873333333333,228.62175,0.5540540540540541,0.37846153846153846,0.4334038054968288,0.6923076923076923,0.5724919881546388,0.5634249471458774,0.3008032966691386,0.05248737771817564,0.03037340639528946,0.016252436755374182,0.6871035940803383,0.09619450317124736,0.12759489691248108,0.07237260709512117,0.7100948946922028,14.132327695306776,8.707457470570212,0.04828234834389446,0.09993149109446395,0.07467330825899102,115.08907623103327,111.93060653561105,3.149741781640075,0.060912467750458485,43.0,69.1,35.1,48.0,51.8,Forward,Forward,79.0,220.0,1993-05-04,40.7
1627832,Fred,VanVleet,133,4795.783333333333,2114,710,1777,386,1047,308,366,324,730,922,213,195,84,65,434,499,893.0181166666666,1289.7433833333334,17981.0035,145148.11166666666,33410.95,58.9516,424.44601666666665,238.57098333333334,550375.5883333334,530034.255,20332.156666666666,505.5994166666667,0.4438356164383562,0.36867239732569246,0.3995498030388295,0.8415300546448088,0.5453963798476812,0.5081598199212155,0.4408039006488339,0.1922522215696428,0.04066071931245157,0.017515386780748366,0.5891952729319077,0.20596510973550927,0.1862090204241921,0.2689327881785041,3.749336083434406,30.26577757543954,6.966734666217198,0.012292381849332921,0.08850400177934088,0.04974598866365245,114.76239648024135,110.5208926591763,4.239590334564739,0.10542582546473118,37.2,67.6,92.4,14.4,65.5,Guard,Guard,72.0,197.0,1994-02-25,26.2
1627853,Ryan,Arcidiacono,20,45.166666666666664,0,0,6,0,6,0,0,0,0,4,2,2,0,0,8,8,3.1443,5.857433333333334,0.0,765.8333333333334,168.33333333333331,0.0,8.032016666666667,3.7750000000000004,3652.05,3556.8233333333333,95.22666666666665,-6.830533333333333,,0.0,0.0,,0.0,0.0,0.0,0.0885608856088561,0.04428044280442805,0.0,1.0,0.0,0.06961549815498155,0.1296848708487085,0.0,16.955719557195575,3.7269372693726934,0.0,0.17783062730627308,0.08357933579335794,80.85719557195573,78.74885608856088,2.1083394833948335,-0.15122952029520295,1.7,31.6,47.4,46.5,65.8,Guard,Guard,75.0,195.0,1994-03-26,39.2
1627863,Danuel,House Jr.,34,509.06666666666666,144,47,105,15,50,35,46,32,55,28,19,15,5,16,42,58,58.30726666666667,39.78825,108.41666666666666,7502.8133333333335,6752.731666666667,14.306083333333333,42.82556666666667,28.230183333333333,56154.145000000004,54852.305,1304.2999999999997,26.095933333333335,0.5818181818181818,0.3,0.44761904761904764,0.7608695652173914,0.5748961992973491,0.5190476190476191,0.2828706128863279,0.05500261917234154,0.029465688842325824,0.009821896280775275,0.47619047619047616,0.4380952380952381,0.11453758512310111,0.07815921293871136,0.2129714510214772,14.738370874803563,13.264926008381352,0.028102573336825563,0.08412565479308538,0.055454786537454163,110.30803758512312,107.7507300942902,2.5621398638030377,0.05126231011000524,67.7,46.9,23.3,24.5,56.4,Forward-Guard,Wing,78.0,220.0,1993-06-07,58.2
1627884,Derrick,Jones Jr.,153,3656.266666666667,1438,549,1084,160,458,180,254,389,626,135,131,132,84,175,338,513,561.8621833333333,185.16983333333334,1552.5028333333332,33115.06333333333,35306.33666666666,175.09251666666665,331.48658333333333,254.46123333333333,420141.19333333336,404078.44166666665,16086.126666666667,269.22366666666665,0.6214057507987221,0.34934497816593885,0.5064575645756457,0.7086614173228346,0.6012912290091658,0.5802583025830258,0.39329735249070086,0.03692290861352199,0.0361023995332215,0.02297425424841368,0.4225092250922509,0.23431734317343172,0.15367100776748593,0.05064450988257603,0.42461422398074533,9.057070053241922,9.656389942382027,0.04788833327255488,0.09066258387426153,0.06959591751148712,114.90988804609438,110.5166768470571,4.399604332287944,0.07363348771059731,71.7,55.5,18.9,42.6,66.0,Forward,Forward,78.0,210.0,1997-02-15,19.5
1627885,Shaquille,Harrison,3,5.966666666666667,2,1,2,0,0,0,0,1,2,0,0,0,1,0,2,2,1.1583333333333332,0.0,0.0,0.0,0.0,0.0,1.829883333333333,0.9159499999999999,313.3333333333333,722.0,-408.66666666666663,1.00535,0.5,,0.5,,0.5,0.5,0.33519553072625696,0.0,0.0,0.16759776536312848,0.0,0.0,0.19413407821229048,0.0,0.0,0.0,0.0,0.0,0.3066843575418994,0.15351117318435753,52.513966480446925,121.00558659217877,-68.49162011173183,0.16849441340782123,25.4,11.0,16.9,66.9,32.5,Guard,Guard,76.0,195.0,1993-10-06,49.6
1627936,Alex,Caruso,125,3081.0333333333333,1097,393,855,196,503,115,147,197,352,384,139,207,100,100,332,432,450.3817,518.4483833333334,5063.339333333333,82547.57833333334,28534.646666666667,96.05515,323.99828333333335,211.14266666666666,348760.49833333335,332851.80166666664,15915.711666666668,288.55718333333334,0.5596590909090909,0.38966202783300197,0.45964912280701753,0.782312925170068,0.5964030967292971,0.5742690058479533,0.35604937737339204,0.1246335104023542,0.06718525170126906,0.032456643333946406,0.5883040935672514,0.17192982456140352,0.1461787820103645,0.16827094264911124,1.6433899882074197,26.79217308046002,9.261388495201826,0.03117627743938722,0.10515896722960912,0.06852982224578334,113.1959510337441,108.03252209756467,5.165705769709297,0.09365597580898184,56.0,76.8,73.3,39.3,85.0,Guard,Guard,77.0,186.0,1994-02-28,51.7
1628365,Markelle,Fultz,64,1093.9833333333333,396,182,393,8,26,24,34,174,367,147,65,52,17,62,96,158,202.03965,219.15483333333333,1815.8603333333333,25782.511666666665,12161.288333333334,61.06688333333334,100.49216666666666,81.05453333333334,120176.15833333333,118736.69333333333,1439.1350000000002,89.7801,0.47411444141689374,0.3076923076923077,0.4631043256997455,0.7058823529411765,0.48534170016668304,0.4732824427480916,0.3619799204741084,0.1343713341153887,0.04753271682993342,0.015539542040555158,0.06615776081424936,0.08651399491094147,0.1846825667667088,0.2003273968220113,1.6598610582123432,23.56755435031003,11.11652066606743,0.05582067063788297,0.09185895580371425,0.07409119578299488,109.85190968783802,108.53610810646109,1.315499931443197,0.08206715519736742,23.5,24.6,71.3,48.0,71.4,Guard,Guard,76.0,209.0,1998-05-29,64.6
1628366,Lonzo,Ball,35,777.0166666666667,267,89,243,67,195,22,27,22,48,115,41,47,17,25,93,118,118.58213333333333,144.55851666666666,1083.3936666666666,21461.06,7401.118333333334,22.63576666666667,80.73633333333333,51.603950000000005,88365.05833333333,83871.92,4493.76,60.612516666666664,0.4583333333333333,0.3435897435897436,0.3662551440329218,0.8148148148148148,0.5237758945386064,0.5041152263374485,0.34362197293065355,0.1480019733596448,0.06048776302524613,0.021878552583599664,0.8024691358024691,0.1111111111111111,0.15261208468286824,0.1860430063705197,1.3942991355826773,27.61981939469338,9.525044507839816,0.02913163595804466,0.1039055361317861,0.06641292550567342,113.72350442933443,107.9409536474979,5.7833508504751086,0.07800671371270457,23.8,62.5,73.5,36.5,80.2,Guard,Guard,77.0,190.0,1997-10-27,55.5
1628368,De'Aaron,Fox,136,4899.916666666667,3425,1259,2712,332,961,575,741,927,1751,810,368,241,56,121,517,638,1412.0140833333332,1245.5168,12852.999666666667,93340.65,42563.135,113.94643333333333,518.7915666666667,309.31615,564712.9366666666,556595.93,8138.753333333334,615.1345,0.5294117647058824,0.34547346514047866,0.4642330383480826,0.7759784075573549,0.5636857974220221,0.5254424778761062,0.6989914794469293,0.16530893382540518,0.049184509940645244,0.011428765795336655,0.35435103244837757,0.27323008849557523,0.288171040323815,0.2541914250242351,2.6231057671048825,19.04943621490161,8.686501811255294,0.023254769638939438,0.10587763057194849,0.06312681848330753,115.24949812071632,113.59293797513564,1.6609983162978963,0.1255397880916342,64.1,49.7,80.9,31.9,52.2,Guard,Guard,75.0,185.0,1997-12-20,27.3
1628369,Jayson,Tatum,146,5269.066666666667,3919,1334,2891,479,1337,772,937,855,1554,795,397,151,81,115,1109,1224,1575.00485,1253.42905,13038.778333333334,93375.92,47103.785,110.69151666666667,1032.2536333333333,584.2403333333333,636668.845,581936.4016666666,54755.15,824.82595,0.5501930501930502,0.3582647718773373,0.46143203043929437,0.823906083244397,0.59319827565329,0.5442753372535455,0.743774988612784,0.150880611366972,0.02865782681309783,0.01537274153550281,0.46246973365617433,0.3241093047388447,0.2989153392125108,0.23788445455235588,2.4745897439141658,17.721529429627005,8.939682866035731,0.021007803406042816,0.19590825067058049,0.11088118072776962,120.83142713447036,110.44392460397792,10.391811959107242,0.1565411869274761,75.7,65.1,77.1,63.4,53.7,Forward-Guard,Wing,80.0,210.0,1998-03-03,68.9
1628370,Malik,Monk,137,3926.4833333333336,2227,808,1832,287,851,324,383,521,981,732,309,106,77,58,399,457,948.1369,1050.53435,10629.995499999999,93762.535,40041.44666666666,56.409666666666666,404.23473333333334,226.91076666666666,455991.60833333334,450741.165,5249.29,408.7144,0.5310907237512742,0.3372502937720329,0.4410480349344978,0.8459530026109661,0.5566052826265171,0.5193777292576419,0.5671741889477012,0.18642636116287262,0.026996167053640024,0.01961042323707813,0.4645196506550218,0.20906113537117904,0.24147228435962628,0.26755095102063337,2.707255983938129,23.87951941729028,10.197788521535385,0.0143664602337121,0.10295083386745561,0.0577898204075742,116.13231729834584,114.79513007822945,1.3368934882358683,0.1040917190530967,57.2,55.8,82.7,22.8,40.5,Guard,Guard,75.0,200.0,1998-02-04,44.7
1628371,Jonathan,Isaac,129,2004.7,773,280,610,81,263,132,189,199,347,70,60,104,150,193,381,574,314.68488333333335,105.09606666666667,502.26666666666665,16884.726666666666,13160.145,194.917,398.5728833333333,289.31941666666665,219872.93,210031.10166666665,9840.25,250.71523333333334,0.5734870317002881,0.30798479087452474,0.45901639344262296,0.6984126984126984,0.5575913209071499,0.5254098360655738,0.3855938544420611,0.0349179428343393,0.05187808649673268,0.07482416321644136,0.4311475409836066,0.30983606557377047,0.15697355381520095,0.05242483497115113,0.25054455363229744,8.422570293144442,6.564645582880232,0.09723000947772734,0.19881921650787315,0.14432055502901514,109.67872000798124,104.76934287757103,4.9085898139372475,0.12506371693187676,66.3,40.3,21.7,89.1,91.6,Forward,Forward,82.0,230.0,1997-10-03,83.3
1628372,Dennis,Smith Jr.,56,1058.7,369,147,338,32,109,43,58,115,229,203,68,68,12,50,114,164,184.01163333333332,294.7978166666667,2107.6795,33234.88333333333,11397.628333333334,48.085966666666664,116.107,80.04535,116613.41333333333,116417.86,197.76833333333298,96.09986666666667,0.5021834061135371,0.29357798165137616,0.4349112426035503,0.7413793103448276,0.507537411971831,0.4822485207100592,0.34854066307735904,0.19174459242467176,0.06422971568905261,0.011334655709832813,0.3224852071005917,0.17159763313609466,0.17380904253644405,0.2784526463272567,1.9908184565977143,31.392163344982837,10.765682755580745,0.0454198230534303,0.10966940587512987,0.07560720695192216,110.14774094014672,109.9630301312931,0.1868029973867318,0.09077157520229212,36.3,30.3,82.5,50.0,66.8,Guard,Guard,75.0,205.0,1997-11-25,50.2
1628373,Frank,Ntilikina,5,42.9,5,1,9,1,8,2,2,0,1,4,1,0,0,1,5,6,4.815483333333333,4.720000000000001,3.5,541.26,116.54999999999998,0.70455,5.580533333333333,2.8613166666666667,5234.41,5172.59,61.81999999999999,0.6963666666666668,0.0,0.125,0.1111111111111111,1.0,0.25303643724696356,0.16666666666666666,0.11655011655011656,0.09324009324009325,0.0,0.0,0.8888888888888888,0.2222222222222222,0.11224902874902874,0.11002331002331005,0.08158508158508158,12.616783216783217,2.7167832167832167,0.016423076923076922,0.1300823620823621,0.0666973581973582,122.01421911421912,120.57319347319348,1.441025641025641,0.016232323232323237,15.1,44.2,41.0,35.2,4.3,Guard,Guard,76.0,200.0,1998-07-28,55.1
1628374,Lauri,Markkanen,102,3295.6,2170,723,1590,313,838,411,462,410,752,180,143,83,43,194,533,727,778.7734333333333,273.35255,3359.7826666666665,27027.03,22483.551666666666,187.34691666666666,513.4104,351.90655,378870.22,386796.585,-7900.691666666666,399.4714666666667,0.5452127659574468,0.373508353221957,0.4547169811320755,0.8896103896103896,0.6050365810135617,0.5531446540880504,0.6584536958368734,0.05461827891734434,0.025185095278553223,0.013047699963587815,0.5270440251572327,0.29056603773584905,0.23630702552898813,0.0829446989925962,1.0194752599425496,8.200943682485738,6.822293866569567,0.05684758971558037,0.1557866245903629,0.106780722781891,114.96244083019783,117.36757646559049,-2.397345450499656,0.12121357769955901,73.3,76.8,41.3,73.0,26.6,Forward-Center,Big,85.0,240.0,1997-05-22,63.8
1628378,Donovan,Mitchell,126,4174.733333333334,3164,1088,2409,415,1127,573,680,673,1282,687,303,196,47,103,499,602,1248.7529666666667,1065.3749833333334,11014.374666666667,78067.885,34381.81166666667,98.43426666666667,476.2919333333333,290.63006666666666,492471.1016666667,455451.8483333333,37022.825000000004,604.2601833333333,0.5249609984399376,0.3682342502218279,0.45163968451639686,0.8426470588235294,0.5841518351672698,0.5377750103777501,0.7578927196946711,0.16456140911195924,0.04694910652975839,0.011258204116829817,0.46782897467828977,0.282274802822748,0.2991216125580875,0.25519593666661344,2.638342089714313,18.70008902764248,8.235690503185833,0.02357857587710193,0.11408918733332267,0.06961643857491895,117.96468477028472,109.09723136008687,8.868308953865318,0.14474222305616324,66.9,67.6,81.6,37.6,65.9,Guard,Guard,74.0,215.0,1996-09-07,52.1
1628379,Luke,Kennard,104,2470.733333333333,1005,347,746,220,499,91,102,127,247,351,126,70,7,48,248,296,371.7794166666667,473.8874,4964.195333333333,68116.04666666666,24569.181666666667,46.04676666666666,246.14356666666666,145.2086,279785.04333333333,283468.1516666667,-3679.316666666667,241.9637666666667,0.5141700404858299,0.4408817635270541,0.4651474530831099,0.8921568627450981,0.6353681974509408,0.6126005361930295,0.40676182509916087,0.14206308518388605,0.0283316694098918,0.00283316694098918,0.6689008042895442,0.13672922252010725,0.15047330752003457,0.19180030220447372,2.0091991581446806,27.56916165241089,9.94408475216535,0.01863688243706322,0.09962368797388091,0.058771457866760204,113.2396764793179,114.73037087504386,-1.4891597636329297,0.09793196351960283,48.5,92.8,76.6,24.7,26.8,Guard,Guard,77.0,206.0,1996-06-24,74.9
1628380,Zach,Collins,133,2502.8166666666666,1183,451,918,90,287,191,240,361,631,305,192,63,81,220,438,658,503.91453333333334,448.35898333333336,3633.903,50644.485,31289.846666666665,203.73741666666666,419.79721666666666,308.06511666666665,267609.1583333333,285194.325,-17597.73,243.25548333333333,0.572107765451664,0.313588850174216,0.4912854030501089,0.7958333333333333,0.5778624462680735,0.5403050108932462,0.472667461326905,0.12186270135647172,0.025171639952320385,0.03236353708155478,0.31263616557734203,0.26143790849673204,0.20133897142552726,0.17914176028341403,1.4519253640897922,20.234995904614134,12.501853245343579,0.08140325233570178,0.1677299109669772,0.12308736823179219,106.92319653190738,113.94934706896898,-7.0311702148912225,0.09719268956975141,70.3,44.0,64.6,82.0,46.8,Forward-Center,Big,81.0,240.0,1997-11-19,22.6
1628381,John,Collins,108,3121.5666666666666,1785,677,1277,145,380,286,349,532,897,157,201,79,101,246,656,902,664.83795,247.32143333333335,2506.7523333333334,26353.406666666666,34986.168333333335,237.11968333333334,647.4056333333333,440.3749,354462.81333333335,370148.74833333335,-15680.106666666667,370.31865,0.5930880713489409,0.3815789473684211,0.5301487862176977,0.8194842406876791,0.6238815568728331,0.5869224745497259,0.5718282486358346,0.05029525772315184,0.025307804841585957,0.032355547962027616,0.2975724353954581,0.27329678935003915,0.21298214037822888,0.07922990592330775,0.8030430232682307,8.442365478872787,11.207887599175628,0.07596175531517294,0.20739766356637157,0.1410749623586447,113.55285700556345,118.57787702756096,-5.023152903990518,0.1186323053594883,80.3,66.1,28.7,86.5,36.8,Forward-Center,Big,81.0,226.0,1997-09-23,13.2
1628382,Justin,Jackson,2,0.7166666666666667,0,0,0,0,0,0,0,0,0,0,0,0,0,0,0,0,0.0,0.0,0.0,0.0,0.0,0.0,0.0,0.0,0.0,0.0,0.0,0.0,,,,,,,0.0,0.0,0.0,0.0,,,0.0,0.0,0.0,0.0,0.0,0.0,0.0,0.0,0.0,0.0,0.0,0.0,1.2,50.0,16.9,1.4,42.4,Forward,Forward,80.0,220.0,1995-03-28,53.4
1628384,OG,Anunoby,124,4407.866666666667,2065,771,1604,273,727,250,315,498,877,271,183,178,101,144,422,566,822.7582333333334,376.68631666666664,5446.092,53505.695,38162.988333333335,143.13008333333335,421.12505,285.87215,519628.4016666667,486344.0316666667,33278.89833333333,388.59945,0.5678449258836944,0.37551581843191195,0.48067331670822944,0.7936507936507936,0.5925054516240101,0.5657730673316709,0.46848059529931335,0.06148098853564839,0.04038234671345171,0.022913578753138326,0.4532418952618454,0.19638403990024939,0.1866567878641217,0.0854577384373393,1.2355391875132338,12.138682733899996,8.657927115157749,0.03247150927130282,0.09553942572370609,0.06485499032033636,117.88659706887685,110.33546802686107,7.549887700777397,0.08816043664357663,65.3,67.6,43.9,35.3,69.6,Forward-Guard,Wing,79.0,240.0,1997-07-17,83.8
1628385,Harry,Giles III,23,99.91666666666667,56,23,50,3,14,7,13,20,36,6,6,2,3,12,18,30,23.397066666666667,9.35025,6.45,585.4200000000001,987.5,10.027983333333335,18.80665,13.098566666666667,10884.826666666666,12453.491666666667,-1566.3549999999998,16.292466666666666,0.5555555555555556,0.21428571428571427,0.46,0.5384615384615384,0.5025125628140703,0.49,0.5604670558798999,0.060050041701417846,0.020016680567139282,0.030025020850708923,0.28,0.26,0.23416580483736446,0.09358048373644705,0.06455379482902418,5.85908256880734,9.88323603002502,0.10036346955796498,0.188223352793995,0.1310949124270225,108.93904920767305,124.63878231859883,-15.676613844870722,0.1630605504587156,63.3,18.9,25.1,86.7,29.4,Forward-Center,Big,82.0,240.0,1998-04-22,32.8
1628386,Jarrett,Allen,159,4738.183333333333,2374,971,1459,0,11,432,591,971,1448,368,218,130,154,459,1150,1609,824.9647833333333,526.864,5722.3921666666665,74751.11333333334,46532.628333333334,462.6587666666667,1120.6216333333334,798.9875166666667,562008.7683333333,526530.515,35490.02166666667,708.1567,0.6705801104972375,0.0,0.6655243317340644,0.7309644670050761,0.6905016753536858,0.6655243317340644,0.5010359103875958,0.0776668976506467,0.02743667580050019,0.03250190825597715,0.0075394105551747775,0.40507196710075394,0.17410993313189654,0.11119535968426718,1.207718605231963,15.776323555793185,9.82077413636028,0.09764475836378922,0.23650871114456667,0.16862739587253905,118.61271056769296,111.12497722404156,7.490217066315853,0.14945742918347749,91.1,28.2,51.8,93.6,59.6,Center,Big,81.0,243.0,1998-04-21,27.4
1628389,Bam,Adebayo,149,5090.183333333333,2777,1070,2130,94,263,543,715,976,1867,615,323,179,119,344,1142,1486,1216.56345,1011.1458,10020.2825,91019.81666666667,48589.23166666667,340.3901666666667,1162.3710333333333,751.1102833333333,562732.51,560991.9133333333,1747.558333333333,740.3816333333333,0.5227637921799678,0.3574144486692015,0.5023474178403756,0.7594405594405594,0.5679865826720119,0.5244131455399061,0.5455599176192082,0.12082079558365612,0.0351657274950804,0.023378332803991996,0.12347417840375587,0.33568075117370894,0.2390018925317032,0.19864624391393892,1.9685504123951003,17.881441729341773,9.545674189862186,0.06687188739108939,0.22835543578980455,0.1475605561030873,110.55250334794752,110.2105516828143,0.3433193303450104,0.1454528422355449,64.5,46.6,71.3,87.3,66.5,Center-Forward,Big,81.0,255.0,1997-07-18,43.0
1628391,D.J.,Wilson,2,15.466666666666665,10,4,6,2,2,0,0,2,4,2,0,0,2,1,1,2,2.79,3.4875,0.0,348.75,0.0,1.26945,0.9904499999999998,1.1159999999999999,1857.4666666666667,1812.0016666666666,45.31333333333333,2.6784,0.5,1.0,0.6666666666666666,,0.8333333333333334,0.8333333333333334,0.646551724137931,0.12931034482758622,0.0,0.12931034482758622,0.3333333333333333,0.0,0.18038793103448278,0.22548491379310345,0.0,22.54849137931035,0.0,0.08207650862068966,0.06403771551724137,0.0721551724137931,120.09482758620692,117.1552801724138,2.9297413793103453,0.17317241379310347,49.0,80.1,64.6,46.6,35.8,Forward,Forward,82.0,231.0,1996-02-19,85.6
1628392,Isaiah,Hartenstein,132,3486.0333333333333,1219,514,845,1,22,190,274,513,823,407,189,134,147,407,830,1237,482.75373333333334,527.85075,5919.2705,91166.17,42877.753333333334,404.9137333333333,798.13305,607.3315666666666,416545.19833333336,376783.915,39757.90833333333,441.77326666666664,0.6233292831105711,0.045454545454545456,0.6082840236686391,0.6934306569343066,0.6312399022329012,0.6088757396449704,0.34968110842313616,0.11675160880083381,0.03843910461747354,0.042168271483347834,0.02603550295857988,0.3242603550295858,0.13848224820952182,0.15141873284822288,1.6979959552882453,26.151835419435653,12.299869001061378,0.11615314445262523,0.22895164035532267,0.17421851961637388,119.48973475105421,108.08385318556907,11.404913416394947,0.12672663294479877,76.4,27.5,65.9,95.2,80.0,Center-Forward,Big,84.0,250.0,1998-05-05,70.4
1628396,Tony,Bradley,13,112.75,61,29,45,1,3,2,6,28,42,6,5,2,9,18,23,41,20.144166666666667,8.5244,40.87866666666667,1029.6533333333334,763.4116666666667,16.4371,20.648466666666668,18.959566666666667,12677.868333333332,10641.705,2038.8933333333334,18.1784,0.6666666666666666,0.3333333333333333,0.6444444444444445,0.3333333333333333,0.6402183039462637,0.6555555555555556,0.541019955654102,0.05321507760532151,0.017738359201773836,0.07982261640798226,0.06666666666666667,0.13333333333333333,0.17866223207686624,0.07560443458980044,0.362560236511456,9.132180339985219,6.770835181079084,0.14578359201773836,0.1831349593495935,0.16815580192165558,112.44229120473021,94.38319290465631,18.083311160384334,0.16122749445676274,73.8,40.1,29.3,93.2,71.7,Center-Forward,Big,82.0,248.0,1998-01-08,43.1
1628398,Kyle,Kuzma,135,4217.616666666667,2517,978,2161,247,763,314,442,731,1398,448,338,73,68,116,718,834,1123.46135,696.4675666666667,6192.431833333333,59445.18,47008.72,110.83431666666667,692.2921666666666,399.0437166666667,455343.97,500787.125,-45448.415,413.88831666666664,0.522889842632332,0.3237221494102228,0.45256825543729756,0.7104072398190046,0.5342860054001732,0.509717723276261,0.5967825430634205,0.10622112804625045,0.017308353453964916,0.016122849792734442,0.35307727903748265,0.2045349375289218,0.26637350873518617,0.1651329700423225,1.4682301220673601,14.094495706500906,11.14580193395164,0.02627889763966221,0.16414297964490213,0.09461355741986983,107.9623887108438,118.73699403691658,-10.775852475924397,0.0981332229497702,53.8,36.9,58.0,59.0,22.3,Forward,Forward,80.0,221.0,1995-07-24,56.1
1628401,Derrick,White,149,4954.616666666667,2355,811,1798,461,1186,272,313,350,612,738,243,146,167,118,533,651,939.8761166666667,1003.7803833333334,12270.452666666666,125858.61333333333,41461.15833333333,119.41901666666666,496.8036333333333,313.95705,600331.5,544567.0416666666,55719.74833333333,523.9145333333333,0.5718954248366013,0.38870151770657674,0.4510567296996663,0.8690095846645367,0.6083007873039489,0.5792547274749722,0.47531426918328695,0.14895198754024025,0.029467466369749423,0.03370593755991886,0.6596218020022246,0.17408231368186874,0.18969704013428554,0.20259496361978896,2.4765695294287817,25.402290792762305,8.368186909851755,0.024102574366668125,0.10027085176451592,0.06336656720836122,121.16608415720019,109.91103415333173,11.246026096872614,0.10574269788782852,66.2,84.3,81.3,31.3,66.9,Guard,Guard,76.0,190.0,1994-07-02,43.5
1628404,Josh,Hart,158,5603.666666666667,1812,699,1449,164,510,250,320,535,939,784,276,194,50,289,1123,1412,798.3336166666667,1040.9696333333334,15444.214833333333,162739.21166666667,57618.625,290.1939,1147.5737666666666,713.57835,658653.8416666667,631056.6183333333,27596.786666666667,622.4452,0.56975505857295,0.3215686274509804,0.4824016563146998,0.78125,0.5698830041514656,0.538992408557626,0.3233597049550889,0.1399083933139016,0.03462018916185831,0.008922729165427398,0.35196687370600416,0.22084195997239475,0.14246629290345605,0.18576580215335198,2.7560909226101957,29.04155820593659,10.282307715186484,0.051786431503182434,0.20478979834632086,0.12734132710725118,117.53979685919933,112.61494586877639,4.924773065254892,0.1110781987984058,56.8,44.9,78.1,80.3,45.1,Guard,Guard,77.0,215.0,1995-03-06,81.7
1628408,PJ,Dozier,9,34.916666666666664,7,2,3,2,3,1,6,0,0,5,1,1,0,1,4,5,3.4563,4.526266666666666,5.566666666666666,1002.6666666666665,278.3333333333333,1.0291666666666666,2.8028166666666667,2.4508,3477.2216666666664,3678.3133333333335,-200.52666666666673,3.5267333333333335,,0.6666666666666666,0.6666666666666666,0.16666666666666666,0.6205673758865248,1.0,0.20047732696897377,0.1431980906921241,0.028639618138424822,0.0,1.0,2.0,0.09898711217183773,0.12963054892601433,0.1594272076372315,28.71599045346062,7.971360381861575,0.02947494033412888,0.08027159904534607,0.07018997613365156,99.58630071599045,105.34548926014321,-5.743007159904537,0.10100429594272077,65.4,82.0,53.6,33.3,49.9,Guard-Forward,Wing,78.0,205.0,1996-10-25,36.9
1628415,Dillon,Brooks,147,4615.083333333333,1968,713,1663,319,839,223,268,394,824,247,164,124,26,128,393,521,811.8285166666667,345.3222833333333,3428.667,52218.48,33375.528333333335,114.02573333333333,378.77515,246.39208333333332,524216.4666666667,513734.5316666667,10454.25,278.35358333333335,0.47815533980582525,0.3802145411203814,0.428743235117258,0.832089552238806,0.5525234148642274,0.5246542393265183,0.42642783626153374,0.05352016034380022,0.026868420577454363,0.005633701088821076,0.5045099218280217,0.16115453998797355,0.17590766147234613,0.07482471244650692,0.7429263465809574,11.314742601253139,7.231836550441488,0.024707188385908525,0.08207330672974486,0.05338843646738051,113.58764919376682,111.31641501598023,2.2652353695310667,0.06031388021162493,37.4,68.2,35.7,21.3,38.9,Guard-Forward,Wing,79.0,225.0,1996-01-22,79.4
1628418,Thomas,Bryant,104,1404.4166666666667,646,249,470,52,170,96,111,197,300,76,51,38,57,123,269,392,237.23073333333332,107.27915,630.852,16061.723333333333,10553.153333333334,121.76038333333334,272.70933333333335,198.8018,156189.115,158349.805,-2157.1266666666675,170.47661666666667,0.6566666666666666,0.3058823529411765,0.5297872340425532,0.8648648648648649,0.6225425950196593,0.5851063829787234,0.459977452085682,0.05411499436302142,0.02705749718151071,0.040586245772266064,0.3617021276595745,0.23617021276595745,0.1689176289087996,0.07638698154631222,0.44919147926185243,11.43657983741767,7.514260962439922,0.0866981902331929,0.19417978994837715,0.14155471429419092,111.21280365513557,112.75130006527027,-1.5359591764077618,0.12138606776241619,78.5,52.9,31.4,87.3,55.7,Center-Forward,Big,81.0,248.0,1997-07-31,32.9
1628420,Monté,Morris,78,1046.8666666666666,397,145,348,58,156,49,61,87,192,142,28,39,12,19,105,124,170.68403333333333,202.60506666666666,597.3333333333333,25783.046666666665,4846.2,19.663566666666668,103.68285,60.983066666666666,117700.93833333334,111379.62666666666,6329.306666666666,100.26288333333333,0.453125,0.3717948717948718,0.4166666666666667,0.8032786885245902,0.529559278625547,0.5,0.3792268993186016,0.1356428707890212,0.03725402789275935,0.011462777813156723,0.4482758620689655,0.1752873563218391,0.163042762529453,0.19353473858498377,0.5705916066993568,24.62877794052092,4.629242819843342,0.0187832579761829,0.09904112271540472,0.058252945297076995,112.43164204292175,106.39332611602879,6.0459530026109665,0.09577426287970453,30.6,58.4,70.4,24.4,65.6,Guard,Guard,74.0,183.0,1995-06-27,17.7
1628424,Kobi,Simmons,4,67.43333333333334,20,9,21,2,8,0,0,7,13,12,1,6,2,1,6,7,9.519733333333333,20.241633333333333,0.0,2248.3716666666664,247.1516666666667,1.1579833333333336,5.341216666666667,3.3750000000000004,6351.030000000001,7842.450000000001,-1491.4199999999998,7.08305,0.5384615384615384,0.25,0.42857142857142855,,0.47619047619047616,0.47619047619047616,0.29658922392486403,0.17795353435491842,0.08897676717745921,0.029658922392486405,0.38095238095238093,0.0,0.1411725160652496,0.3001725160652496,0.0,33.34214038556598,3.6651260504201684,0.01717226890756303,0.0792073652990608,0.05004943153732081,94.18235294117648,116.29930795847751,-22.116955017301034,0.10503781512605041,29.9,25.5,72.9,14.3,59.2,Guard,Guard,77.0,180.0,1997-07-04,46.1
1628426,Sasha,Vezenkov,42,511.0833333333333,225,84,191,45,120,12,15,39,71,19,12,20,7,30,66,96,87.6906,27.7209,92.85,3569.7916666666665,2389.213333333333,25.2258,66.39118333333333,46.60805,58186.435,57867.76,322.19666666666654,35.7028,0.5492957746478874,0.375,0.4397905759162304,0.8,0.5693319838056681,0.5575916230366492,0.4402413174629056,0.037175933474645366,0.03913256155225828,0.013696396543290397,0.6282722513089005,0.07853403141361257,0.17157789010272298,0.054239491276699824,0.18167291700635904,6.9847546062285994,4.674801891407141,0.04935750856024784,0.1299028534159465,0.09119461927278656,113.84921245719876,113.22568400456548,0.6304190445132886,0.06985710092939834,49.3,71.9,22.5,62.7,51.7,Forward,Forward,80.0,225.0,1995-08-06,59.3
1628427,Vlatko,Čančar,13,135.83333333333334,24,10,26,4,15,0,0,6,11,9,11,3,2,6,26,32,14.590966666666667,11.662466666666667,99.89633333333335,2204.29,2822.2016666666664,5.18975,22.676450000000003,13.548,12660.685000000001,13715.773333333334,-1051.8366666666666,-2.5413333333333323,0.5454545454545454,0.26666666666666666,0.38461538461538464,,0.46153846153846156,0.46153846153846156,0.17668711656441716,0.06625766871165643,0.022085889570552145,0.014723926380368096,0.5769230769230769,0.0,0.10741815950920244,0.08585865030674847,0.7354331288343559,16.227901840490794,20.77694478527607,0.03820674846625767,0.1669431901840491,0.0997398773006135,93.20749693251534,100.97501840490797,-7.743582822085888,-0.01870920245398772,27.7,37.2,34.4,66.3,57.7,Forward,Forward,80.0,236.0,1997-04-10,70.9
1628436,Luke,Kornet,136,2344.483333333333,775,329,483,1,4,116,151,328,479,184,52,59,132,308,341,649,256.0373333333333,248.90785,1483.0976666666666,50438.38333333333,16505.75833333333,291.66743333333335,330.6451666666667,312.70978333333335,285660.775,253489.485,32177.285,269.4992833333333,0.6847599164926931,0.25,0.6811594202898551,0.7682119205298014,0.7052635410599882,0.6821946169772257,0.33056323710270213,0.07848211048631895,0.025165459340721837,0.05630238360975055,0.008281573498964804,0.31262939958592134,0.10920842545265837,0.10616746404680492,0.6325904072681259,21.513645508249866,7.040254071614926,0.1244058463485203,0.14103114403315586,0.13338110742238873,121.84380709324729,108.12168352657658,13.72468063325964,0.11495039418777414,79.0,36.9,54.9,83.7,69.4,Center-Forward,Big,85.0,250.0,1995-07-15,78.4
1628449,Chris,Boucher,100,1567.1666666666667,824,292,587,101,287,139,179,191,300,56,57,38,49,132,299,431,296.7341,85.17631666666666,327.5101666666667,10701.465,11211.525,123.89595,293.84516666666667,209.70556666666667,179971.38833333334,177903.6,2065.7899999999995,178.2,0.6366666666666667,0.3519163763066202,0.49744463373083475,0.776536312849162,0.6188416246094689,0.5834752981260647,0.5257896416037434,0.03573327661384664,0.024247580559395937,0.031266617037115814,0.4889267461669506,0.3049403747870528,0.1893443156439434,0.05435051579283207,0.20898234605976818,6.828543018185685,7.154009358715303,0.07905729022652344,0.1875009039668191,0.1338119110922046,114.83870360523237,113.51925981069871,1.31816866957354,0.11370839093906199,84.2,64.7,20.6,84.9,47.2,Forward,Forward,80.0,200.0,1993-01-11,36.2
1628464,Daniel,Theis,98,1636.1,538,217,422,35,108,69,87,182,314,121,67,39,71,129,279,408,221.02463333333333,167.38681666666668,1294.05,30353.261666666665,16910.966666666667,119.57605,270.65886666666665,192.05785,185374.05333333334,186824.21,-1448.3900000000003,137.62483333333333,0.5796178343949044,0.32407407407407407,0.514218009478673,0.7931034482758621,0.584426870600504,0.5556872037914692,0.3288307560662551,0.07395635963571909,0.023837173766884667,0.043395880447405416,0.2559241706161137,0.20616113744075829,0.13509237414175987,0.10230842654279487,0.7909357618727462,18.552204429232116,10.33614489741866,0.07308602774891511,0.16542929323798464,0.1173875985575454,113.30239797893366,114.18874763156286,-0.8852698490312331,0.08411761709756943,59.4,44.6,47.1,79.2,47.5,Forward-Center,Big,80.0,245.0,1992-04-04,24.7
1628467,Maxi,Kleber,77,1508.3333333333333,294,100,242,45,141,49,68,55,101,111,51,26,47,55,183,238,138.0576,147.46703333333332,1331.5083333333332,37997.01833333333,20068.47,55.30331666666667,176.16915,118.21470000000001,172900.33333333334,167409.455,5502.741666666666,71.75595,0.5445544554455446,0.3191489361702128,0.4132231404958678,0.7205882352941176,0.5406001765225066,0.506198347107438,0.1949171270718232,0.07359116022099448,0.01723756906077348,0.03116022099447514,0.5826446280991735,0.2809917355371901,0.09152990055248619,0.09776819889502762,0.8827679558011049,25.19139337016575,13.305062983425415,0.03666518232044199,0.11679722651933702,0.0783743867403315,114.6300552486188,110.98969392265192,3.6482265193370162,0.04757300552486188,48.5,47.5,48.9,49.8,51.1,Forward,Forward,82.0,240.0,1992-01-29,90.3
1628470,Torrey,Craig,79,1362.5333333333333,411,146,341,84,219,35,48,62,122,75,40,38,33,96,194,290,170.02238333333332,96.71103333333333,623.1203333333333,21347.72,12031.191666666668,87.89868333333334,195.05326666666667,140.19545,149676.80000000002,158975.35,-9300.189999999999,91.64491666666667,0.5081967213114754,0.3835616438356164,0.4281524926686217,0.7291666666666666,0.5674914393018888,0.5513196480938416,0.3016439964771504,0.05504452490458949,0.027889225951658676,0.024219590958019375,0.6422287390029325,0.14076246334310852,0.12478401751639104,0.07097883843820335,0.4573248360896369,15.66766806928271,8.830016391036306,0.06451121685096389,0.14315485859673158,0.10289322585380174,109.85184460319014,116.67630149721109,-6.825660534298854,0.0672606786378315,36.0,69.7,32.3,71.6,38.7,Forward,Forward,77.0,221.0,1990-12-19,26.5
1628960,Grayson,Allen,139,4057.0333333333333,1694,559,1171,354,795,222,261,205,376,364,170,123,64,82,407,489,620.08225,488.7643166666667,5761.0955,81212.16833333333,39090.25666666667,84.25311666666667,410.0206333333333,251.80828333333335,476891.36666666664,468977.56,7924.901666666666,345.66325,0.5452127659574468,0.44528301886792454,0.47736976942783943,0.8505747126436781,0.6587133702482424,0.6285226302305722,0.4175464830623362,0.08972073189769207,0.030317719844549795,0.01577507374025355,0.6789069171648164,0.2228864218616567,0.1528413002933178,0.12047333026595788,1.420026661517858,20.0176241260034,9.635182522532885,0.020767173879107065,0.1010641519665437,0.06206709746859364,117.54681992589,115.59618111756538,1.9533735652488269,0.08520098840696404,63.6,92.2,59.5,28.8,38.3,Guard,Guard,75.0,198.0,1995-10-08,42.4
1628962,Udoka,Azubuike,16,112.83333333333334,35,16,23,0,0,3,13,16,23,3,4,1,6,11,21,32,13.917033333333332,5.023300000000001,57.0,803.2066666666667,1943.27,12.38785,21.308883333333334,16.194950000000002,12248.86,14200.788333333334,-1950.2766666666666,8.228666666666667,0.6956521739130435,,0.6956521739130435,0.23076923076923078,0.6093314763231198,0.6956521739130435,0.310192023633678,0.02658788774002954,0.008862629246676513,0.05317577548005908,0.0,0.5652173913043478,0.12334150664697192,0.04451964549483014,0.5051698670605612,7.118522895125554,17.22248153618907,0.10978892171344165,0.18885273264401772,0.14352983751846382,108.55710487444608,125.85632200886262,-17.28457902511078,0.07292762186115215,80.3,28.4,12.6,89.5,30.9,Center-Forward,Big,83.0,270.0,1999-09-17,71.0
1628963,Marvin,Bagley III,81,1318.6,719,294,514,12,42,119,161,282,472,66,71,29,41,168,228,396,266.56848333333335,97.55331666666666,905.3655,11921.346666666666,11799.625,149.40701666666666,225.13126666666668,187.91723333333334,144287.895,150476.165,-6193.648333333333,163.30901666666668,0.597457627118644,0.2857142857142857,0.5719844357976653,0.7391304347826086,0.6146980370699678,0.5836575875486382,0.5452752919763386,0.050053086607007434,0.021993022903079026,0.031093584104353103,0.08171206225680934,0.3132295719844358,0.2021602330754841,0.07398249405935588,0.6866111785226756,9.040912078467061,8.948600788715305,0.11330730825623136,0.17073507255169626,0.14251269022700847,109.42506825420901,114.11812907629306,-4.697139643055766,0.1238503084079074,81.8,36.5,29.9,87.9,43.0,Forward,Forward,82.0,235.0,1999-03-14,87.6
1628964,Mo,Bamba,89,1153.8666666666668,391,149,310,40,118,53,77,109,192,59,59,31,91,109,274,383,171.98183333333333,89.90305000000001,551.9238333333334,14264.386666666667,14848.811666666666,102.80786666666667,276.8901166666667,186.17275,122861.785,128613.01166666667,-5761.25,94.8002,0.5677083333333334,0.3389830508474576,0.4806451612903226,0.6883116883116883,0.5685122717226939,0.5451612903225806,0.33886064247746706,0.05113242431245666,0.026866189045528076,0.0788652646175179,0.38064516129032255,0.24838709677419354,0.14904827247515598,0.077914591518373,0.4783254853247053,12.362248671134735,12.868741333487403,0.08909856713658423,0.23996716836145135,0.16134684827825282,106.47832071874276,111.46262855327016,-4.99299456898544,0.08215871273399583,59.5,46.0,24.8,92.1,63.0,Center,Big,84.0,231.0,1998-05-12,49.2
1628966,Keita,Bates-Diop,53,664.5833333333334,197,72,166,21,69,32,42,51,97,38,15,25,22,31,79,110,84.85808333333333,56.917183333333334,178.85833333333332,11636.156666666666,4008.758333333333,31.868883333333333,83.92533333333333,55.75405,72836.49333333333,75206.63666666667,-2373.5866666666666,55.50411666666667,0.5257731958762887,0.30434782608695654,0.43373493975903615,0.7619047619047619,0.5339332176929749,0.49698795180722893,0.29642633228840126,0.05717868338557994,0.037617554858934164,0.03310344827586207,0.41566265060240964,0.25301204819277107,0.12768614420062693,0.0856434106583072,0.269128526645768,17.508950470219432,6.0319874608150466,0.047953178683385576,0.12628263322884012,0.08389324137931034,109.59723134796238,113.16359122257053,-3.5715410658307207,0.08351716614420063,44.7,38.4,41.5,58.4,62.0,Forward,Forward,80.0,229.0,1996-01-23,62.7
1628969,Mikal,Bridges,164,5890.35,3050,1156,2477,384,1055,354,435,772,1422,605,296,156,73,139,492,631,1263.1668666666667,911.0418333333333,10993.840666666667,101337.065,48840.15833333333,132.47245,489.8338333333333,308.94425,676456.6816666666,669203.3666666667,7264.715,568.8829,0.5428973277074542,0.3639810426540284,0.46669358094469116,0.8137931034482758,0.5715035227102383,0.5442067016552281,0.5177960562615125,0.10271036525843116,0.026483995008785555,0.012393151510521446,0.4259184497375858,0.17561566410981025,0.21444682687220057,0.15466684209483872,1.8664155214319464,17.20391233118575,8.29155454825831,0.022489741696164064,0.08315869741752753,0.052449217788416644,114.84150885204896,113.61011937604161,1.2333248448733947,0.0965787941293811,58.0,61.1,68.2,20.0,37.6,Guard-Forward,Wing,78.0,209.0,1996-08-30,40.1
1628970,Miles,Bridges,133,4609.833333333333,2749,1028,2299,298,900,395,465,730,1399,479,274,109,78,143,843,986,1180.9036,782.0192,8906.526166666667,67267.87333333334,39603.456666666665,138.04803333333334,844.0900666666666,478.49081666666666,498797.28833333333,541014.2233333334,-42228.08,561.5627666666667,0.5218012866333095,0.33111111111111113,0.44715093518921273,0.8494623655913979,0.5490094264259466,0.5119617224880383,0.5963339238584187,0.10390831194186341,0.023645106475288336,0.016920351422683395,0.39147455415397997,0.20226185297955632,0.25617056292707624,0.1696415344010991,1.9320711884016053,14.592257131494272,8.591082107089917,0.029946426118080918,0.18310641744097764,0.10379785603239453,108.20288983694277,117.36090748038615,-9.160435301348567,0.1218184533063379,54.7,49.5,66.8,65.2,28.9,Forward,Forward,79.0,225.0,1998-03-21,46.5
1628971,Bruce,Brown,108,2786.9333333333334,1066,408,891,80,245,170,207,328,646,276,125,93,27,93,355,448,457.40285,377.55926666666664,3090.8803333333335,53790.975,24831.12,86.8489,359.35313333333335,221.39105,312213.4866666667,334530.86,-22325.871666666666,212.02925,0.5077399380804953,0.32653061224489793,0.45791245791245794,0.821256038647343,0.5427256435320951,0.5028058361391695,0.3824992823653239,0.09903358530284183,0.033370012439001055,0.009688068127451918,0.27497194163860833,0.23232323232323232,0.16412407305521,0.13547481102286862,1.1090614534494307,19.301134460817146,8.909836379293846,0.03116289111089848,0.12894213472394986,0.07943894722993015,112.02761219022103,120.03547268204,-8.010909841163524,0.07607977107453831,46.3,41.3,60.9,50.2,28.8,Guard-Forward,Wing,76.0,202.0,1996-08-15,11.6
1628972,Troy,Brown Jr.,59,826.5,247,84,226,47,141,32,37,37,85,60,30,24,3,25,119,144,114.62176666666667,84.5915,704.6953333333333,13006.001666666667,6676.375,25.983333333333334,121.12051666666667,71.83598333333333,88357.22666666667,94194.00666666667,-5840.014999999999,55.4364,0.43529411764705883,0.3333333333333333,0.37168141592920356,0.8648648648648649,0.5097407957734852,0.4756637168141593,0.2988505747126437,0.07259528130671507,0.029038112522686024,0.003629764065335753,0.6238938053097345,0.16371681415929204,0.13868332325065538,0.10234906231094978,0.8526259326477112,15.736239161121194,8.07788868723533,0.03143778987699133,0.14654629965718896,0.0869158903004638,106.9052954224642,113.96734018955435,-7.065958862673925,0.06707368421052631,22.2,57.8,49.8,56.9,31.1,Guard-Forward,Wing,79.0,215.0,1999-07-28,65.7
1628973,Jalen,Brunson,142,5027.133333333333,3902,1375,2848,363,923,789,945,1012,1925,994,350,130,21,70,395,465,1516.1555333333333,1596.2999166666666,15115.211666666666,110014.75666666667,38976.83833333333,68.24613333333333,406.9952833333333,235.53286666666668,602846.1583333333,572678.85,30124.288333333334,743.8388,0.5257142857142857,0.39328277356446373,0.4827949438202247,0.834920634920635,0.5977694711685765,0.5465238764044944,0.7761878870661875,0.1977270014720119,0.025859668200564935,0.0041773310170143355,0.3240870786516854,0.331811797752809,0.3015944540957736,0.317536816873765,3.0067258344716006,21.884193112045303,7.75329312928508,0.013575556645934728,0.08095971527842243,0.046852321402522316,119.91847408065564,113.91757728062382,5.992339239062686,0.1479648043285106,70.7,68.8,88.9,11.7,28.0,Guard,Guard,74.0,190.0,1996-08-31,25.9
1628975,Jevon,Carter,108,1324.1833333333334,510,193,511,112,339,12,17,81,172,134,47,50,19,15,84,99,233.63201666666666,184.01518333333334,1360.0948333333333,25879.051666666666,8604.048333333334,12.8486,78.36056666666667,45.217533333333336,147494.9,144715.57333333333,2784.83,73.34373333333333,0.47093023255813954,0.3303834808259587,0.3776908023483366,0.7058823529411765,0.49182224965283133,0.487279843444227,0.38514304414041356,0.10119444689179494,0.03775912197455035,0.014348466350329133,0.6634050880626223,0.033268101761252444,0.17643479628953693,0.13896503505305158,1.0271197341757812,19.543405369347145,6.4976262098652,0.009703037092044151,0.05917652389523102,0.03414748713043259,111.38555839448212,109.28665970220639,2.103054712967741,0.055387899460044555,23.3,48.0,65.4,4.9,64.3,Guard,Guard,72.0,190.0,1995-09-14,17.2
1628976,Wendell,Carter Jr.,123,3164.5666666666666,1221,449,916,101,329,222,309,348,587,229,145,87,69,263,610,873,521.0125166666667,352.56446666666665,2807.969666666667,51358.505,30673.298333333332,262.87306666666666,643.66995,447.82703333333336,345856.22000000003,344264.83666666667,1612.3516666666662,337.52785,0.5928449744463373,0.3069908814589666,0.490174672489083,0.7184466019417476,0.5803452602760562,0.5453056768558951,0.38583481677322856,0.07236377808441388,0.027491915691458545,0.021803933134605054,0.35917030567685587,0.3373362445414847,0.1646394503723522,0.11141002980924192,0.8873156935652065,16.22923781033738,9.692732548953517,0.0830676343259214,0.20339908044281996,0.14151290856041376,109.29023036329356,108.78735477211204,0.509501564195203,0.10665847351401456,73.0,40.7,49.4,87.5,62.0,Center-Forward,Big,82.0,270.0,1999-04-16,58.8
1628977,Hamidou,Diallo,2,4.75,2,1,2,0,0,0,0,1,2,1,1,2,0,2,0,2,0.847,1.8333333333333333,3.6666666666666665,91.66666666666666,91.66666666666666,0.814,0.0,0.5646666666666667,407.06666666666666,229.16666666666666,177.9,1.375,0.5,,0.5,,0.5,0.5,0.42105263157894735,0.21052631578947367,0.42105263157894735,0.0,0.0,0.0,0.1783157894736842,0.38596491228070173,0.7719298245614035,19.298245614035086,19.298245614035086,0.17136842105263156,0.0,0.11887719298245614,85.69824561403509,48.24561403508772,37.45263157894737,0.2894736842105263,30.9,11.0,65.1,66.3,71.3,Guard,Guard,77.0,202.0,1998-07-31,69.6
1628978,Donte,DiVincenzo,143,3966.15,1982,695,1597,457,1143,135,177,238,454,441,212,180,53,95,430,525,797.9359833333333,642.0210333333333,6141.359833333333,75130.61666666667,35849.74,92.05114999999999,427.92575,258.55735,462834.50833333336,444755.89,18048.358333333334,391.65071666666665,0.5242290748898678,0.399825021872266,0.43519098309329995,0.7627118644067796,0.5916841803591899,0.5782717595491547,0.4997289562926263,0.11119095344351575,0.04538406263000643,0.013363085107724115,0.7157169693174703,0.110832811521603,0.20118653690186536,0.16187512659211914,1.5484436628300324,18.942958956838915,9.03892691905248,0.023209195315356198,0.10789449466106929,0.06519101647693606,116.69616840849018,112.13793981569027,4.550599027604436,0.09874833696826056,49.7,80.1,67.8,33.4,58.5,Guard,Guard,76.0,203.0,1997-01-31,58.1
1628981,Bruno,Fernando,62,828.9,340,135,236,0,4,70,104,135,232,64,58,29,37,80,164,244,143.0904,96.87005,424.6768333333333,13943.34,11732.283333333333,78.456,176.1518,122.60815,88742.19333333333,93804.465,-5064.176666666667,84.34838333333333,0.5818965517241379,0.0,0.5720338983050848,0.6730769230769231,0.6033503691084611,0.5720338983050848,0.41018216913982386,0.0772107612498492,0.03498612619133792,0.04463747134756907,0.01694915254237288,0.4406779661016949,0.1726268548678972,0.11686578598142117,0.5123378372944062,16.821498371335505,14.154039490087264,0.09465074194715889,0.2125127277114248,0.14791669682712028,107.06019222262437,113.16740861382556,-6.109514617766519,0.10175942011501186,78.2,22.6,39.6,90.2,62.4,Forward-Center,Big,81.0,240.0,1998-08-15,22.6
1628983,Shai,Gilgeous-Alexander,151,5150.333333333333,4738,1656,3143,258,704,1168,1318,1398,2439,951,345,281,144,132,662,794,1684.6219666666666,1516.3597666666667,16273.853333333333,98493.935,35920.85333333333,128.56541666666666,621.9694000000001,382.70326666666665,626821.6283333333,555903.14,70932.84333333334,1004.6265833333333,0.5731857318573186,0.3664772727272727,0.5268851415844734,0.8861911987860395,0.6363284733488767,0.5679287305122495,0.9199404569283542,0.18464824283217915,0.05455957543201088,0.027959355381528706,0.22398981864460707,0.4193445752465797,0.3270898906219662,0.29441973335059224,3.1597670053718208,19.123798136042975,6.974471555239143,0.02496254287748366,0.12076294090997348,0.07430650443337002,121.70506019027894,107.93537117338684,13.772476215131709,0.1950604977024141,86.6,63.7,87.7,43.0,82.1,Guard,Guard,78.0,195.0,1998-07-12,69.9
1628984,Devonte',Graham,23,312.9166666666667,114,38,108,25,83,13,16,13,25,49,17,9,2,5,31,36,54.62488333333333,67.07466666666667,328.00683333333336,7868.138333333333,2821.983333333333,4.67675,28.994966666666667,16.847833333333334,34146.955,33139.85666666667,1000.8466666666665,22.183066666666665,0.52,0.30120481927710846,0.35185185185185186,0.8125,0.4954798331015299,0.4675925925925926,0.3643142476697736,0.1565912117177097,0.02876165113182423,0.0063914780292942735,0.7685185185185185,0.14814814814814814,0.17456687083888148,0.2143531291611185,1.0482242343541945,25.144516644474034,9.018322237017308,0.014945672436750998,0.09266034620505992,0.05384127829560586,109.12475632490013,105.90633288948068,3.198444740346204,0.07089129161118508,36.8,51.1,73.4,18.8,53.8,Guard,Guard,73.0,195.0,1995-02-22,26.8
1628988,Aaron,Holiday,140,2061.5666666666666,854,303,685,156,398,92,104,147,287,223,90,61,17,36,165,201,328.89895,316.91295,1630.628,43366.99333333333,16989.908333333333,32.038783333333335,158.67316666666667,93.40013333333333,228092.11166666666,219428.27833333332,8677.266666666666,156.34045,0.5121951219512195,0.39195979899497485,0.44233576642335765,0.8846153846153846,0.5843231703979419,0.5562043795620438,0.4142480637702718,0.10817016185101945,0.029589147412162273,0.008246155836176371,0.581021897810219,0.15182481751824817,0.15953835270910474,0.15372432777661005,0.7909654469901531,21.03594030429932,8.241260691706954,0.015540988245185702,0.0769672740795835,0.04530541497566575,110.64018222387504,106.43763400003233,4.209064303846589,0.07583574789399648,46.7,80.6,63.2,11.1,56.1,Guard,Guard,72.0,185.0,1996-09-30,11.4
1628989,Kevin,Huerter,133,3241.2333333333336,1336,505,1164,255,732,71,96,250,432,322,120,111,46,68,361,429,557.1217833333334,429.3357833333333,4633.733,61555.47833333333,22207.606666666667,66.07195,362.58848333333333,213.2948,375933.89666666667,368071.73,7870.256666666665,240.28566666666666,0.5787037037037037,0.3483606557377049,0.4338487972508591,0.7395833333333334,0.5537869743997877,0.5433848797250859,0.41218877587749514,0.09934489957526456,0.03424622314551045,0.01419212851075208,0.6288659793814433,0.08247422680412371,0.17188573793926182,0.1324606219854582,1.4296203091415818,18.991375196684388,6.851591472381911,0.020384817507738823,0.11186744243446424,0.06580667852772093,115.98482984872012,113.55915855075742,2.4281672614334044,0.07413402305706675,52.1,59.0,65.7,33.5,47.0,Guard-Forward,Wing,78.0,190.0,1998-08-27,26.0
1628991,Jaren,Jackson Jr.,140,4331.216666666666,3127,1108,2375,263,755,648,815,845,1620,302,313,172,219,176,606,782,1246.4513333333334,517.5029333333333,4505.082166666667,38141.88333333333,41358.253333333334,163.10573333333335,573.3519333333334,366.4712333333333,481314.95,482864.7733333333,-1559.4916666666663,505.82826666666665,0.5216049382716049,0.3483443708609272,0.4665263157894737,0.7950920245398773,0.5719563944980978,0.5218947368421053,0.7219680382340605,0.06972636634048171,0.03971170533298958,0.05056315969723673,0.3178947368421053,0.3431578947368421,0.287783186402589,0.11948211626448305,1.0401424157184473,8.806274603363951,9.548876566630625,0.037658179187526224,0.13237664551530942,0.08461161413459652,111.12696201606171,111.4847883389194,-0.3600585670692992,0.11678664578467175,67.7,51.7,45.0,56.1,72.8,Forward-Center,Big,82.0,242.0,1999-09-15,36.8
1628995,Kevin,Knox II,45,643.9,269,104,222,35,109,26,30,69,113,28,26,15,11,25,67,92,104.24265,39.2624,297.5333333333333,6080.47,5423.333333333333,21.675766666666668,75.11046666666667,46.026266666666665,70979.30500000001,75347.98666666666,-4375.1050000000005,42.185433333333336,0.6106194690265486,0.3211009174311927,0.46846846846846846,0.8666666666666667,0.5718537414965986,0.5472972972972973,0.4177667339649014,0.04348501320080758,0.023295542786146917,0.017083398043174408,0.49099099099099097,0.13513513513513514,0.16189260754775586,0.06097592793912098,0.4620800331314386,9.443189936325517,8.422632914013564,0.03366324998705803,0.11664927266138635,0.07148045762799607,110.23342910389813,117.01814981622405,-6.794696381425688,0.06551550447792101,60.8,56.7,24.3,44.6,29.1,Forward,Forward,80.0,215.0,1999-08-11,46.8
1628997,Caleb,Martin,109,2974.616666666667,996,370,863,118,335,138,197,252,528,238,133,93,52,127,331,458,470.8243166666667,350.24345,3408.9386666666664,54808.55333333333,30750.141666666666,124.24549999999999,334.6765,227.8496,328343.93666666665,332928.135,-4595.448333333332,208.28673333333333,0.4772727272727273,0.3522388059701492,0.4287369640787949,0.700507614213198,0.5243871619914076,0.49710312862108924,0.33483305972198096,0.08001030945163802,0.031264532684883765,0.017481244081870493,0.388180764774044,0.22827346465816917,0.15828066921788242,0.11774406226012314,1.1460094017716567,18.42541728065801,10.337514077444151,0.041768575222577695,0.11251079971088711,0.0765979706068569,110.38193268600435,111.92303826263328,-1.5448875765504793,0.07002136970029751,35.0,45.2,53.9,50.2,53.9,Forward,Forward,77.0,205.0,1995-09-28,9.0
1628998,Cody,Martin,81,1926.2,569,218,540,70,237,63,94,148,303,209,95,88,50,72,261,333,285.8107,301.5425833333333,2797.9438333333333,42301.39833333333,20979.79,64.88351666666667,254.32906666666668,158.0356,207513.16833333333,218928.00666666668,-11421.133333333333,153.5755,0.4884488448844885,0.29535864978902954,0.40370370370370373,0.6702127659574468,0.4893697536810238,0.4685185185185185,0.29540026996158236,0.10850378984529124,0.04568580625064895,0.025957844460595993,0.4388888888888889,0.17407407407407408,0.14838059391548125,0.15654790952825942,1.4525718167030075,21.96106236804762,10.891802512719345,0.03368472467379642,0.13203668708683763,0.08204527048073927,107.7318909424428,113.65798290243312,-5.929360052607898,0.0797297788391652,28.6,32.0,65.2,53.2,61.8,Forward,Forward,78.0,205.0,1995-09-28,15.2
1629001,De'Anthony,Melton,44,1144.35,483,161,414,90,249,71,87,71,165,131,49,67,18,34,127,161,207.80598333333333,171.16338333333334,2094.9726666666666,23063.508333333335,8189.163333333334,33.01205,130.75123333333335,80.39101666666667,137960.12666666668,126489.42833333333,11467.871666666668,88.6874,0.4303030303030303,0.3614457831325301,0.3888888888888889,0.8160919540229885,0.5339612629344654,0.4975845410628019,0.42207366627343035,0.11447546642198629,0.058548520994451,0.0157294534014943,0.6014492753623188,0.21014492753623187,0.18159302952185374,0.14957258123243183,1.8307097187631989,20.15424331134123,7.156170169382912,0.02884786123126666,0.11425807955025417,0.07025037503094916,120.55763242597692,110.53386493060107,10.021297388619452,0.07750024031109363,35.0,63.5,72.1,40.6,68.4,Guard,Guard,74.0,200.0,1998-05-28,37.5
1629002,Chimezie,Metu,51,858.9,332,123,244,28,94,58,64,95,150,46,52,43,16,41,153,194,138.65888333333334,69.36458333333333,548.0648333333334,11207.758333333333,12362.126666666667,41.14615,155.11391666666665,99.43615,90713.685,96539.535,-5832.628333333333,85.81896666666667,0.6333333333333333,0.2978723404255319,0.5040983606557377,0.90625,0.6099353321575544,0.5614754098360656,0.38654092443823496,0.0535568750727675,0.050064035394108745,0.018628478286179997,0.38524590163934425,0.26229508196721313,0.16143774983506035,0.08075978965343268,0.6381008654480538,13.048967671828308,14.39297551131292,0.04790563511468157,0.18059601428183333,0.11577151007102107,105.61611945511702,112.39903946908838,-6.790811891178639,0.09991729731827531,74.5,53.1,27.9,75.0,63.3,Forward-Center,Big,82.0,225.0,1997-03-22,22.7
1629003,Shake,Milton,105,1417.4333333333334,531,194,449,56,170,87,108,138,279,162,71,44,10,45,134,179,235.51686666666666,230.37406666666666,1881.6121666666666,31199.895,13041.261666666665,38.92405,133.34521666666666,84.71495,149600.53333333333,158215.465,-8620.796666666667,105.03836666666666,0.4946236559139785,0.32941176470588235,0.43207126948775054,0.8055555555555556,0.5347216627728995,0.49443207126948774,0.37462079345295485,0.11429108952802013,0.03104202431625238,0.007055005526420996,0.37861915367483295,0.24053452115812918,0.166157279589869,0.16252903134774122,1.3274784234414316,22.01154316487548,9.20061731298356,0.027460938786068714,0.09407512405051383,0.05976644404204783,105.5432589422195,111.62109799402675,-6.081976812548503,0.07410462573195682,42.3,44.3,68.5,29.5,43.9,Guard,Guard,77.0,205.0,1996-09-26,72.6
1629004,Svi,Mykhailiuk,79,1173.4666666666667,496,175,439,112,311,34,44,63,128,111,64,30,8,33,108,141,214.25441666666666,151.2289,1056.225,20166.38333333333,11333.016666666666,30.220100000000002,100.42453333333333,66.77576666666667,134515.31833333333,132472.23666666666,2040.7733333333335,74.89285,0.4921875,0.36012861736334406,0.39863325740318906,0.7727272727272727,0.5410594292695697,0.5261958997722096,0.42267924099534143,0.09459152369048972,0.02556527667310533,0.006817407112828087,0.7084282460136674,0.10022779043280182,0.18258244801727075,0.12887362231564595,0.9000894784683557,17.185305647085556,9.657723554141574,0.025752840586297013,0.0855793659811385,0.05690469832973526,114.63071099875013,112.88964606294739,1.7390978297920692,0.06382188103624588,34.3,64.0,53.1,25.3,33.2,Guard-Forward,Wing,79.0,205.0,1997-06-10,52.2
1629006,Josh,Okogie,100,1584.7,560,180,418,61,186,139,187,119,232,97,67,96,43,119,148,267,235.805,140.5743,1000.1036666666666,22272.488333333335,15492.793333333333,118.95053333333334,141.13876666666667,131.15196666666665,176623.10666666666,175839.64,784.5733333333337,130.42055,0.5129310344827587,0.3279569892473118,0.430622009569378,0.7433155080213903,0.5596865755177101,0.5035885167464115,0.353379188489935,0.061210323720578025,0.06057928945541743,0.027134473401905723,0.4449760765550239,0.4473684210526316,0.14880103489619487,0.08870720010096547,0.6310996823794198,14.054703308722997,9.776483456385014,0.07506186239246125,0.08906339790917313,0.08276138490986726,111.45523232578195,110.96083801350414,0.4950926568646013,0.08229983593109105,56.0,46.3,37.4,55.0,74.8,Guard,Guard,76.0,213.0,1998-09-01,67.9
1629007,Jontay,Porter,26,359.73333333333335,115,40,104,20,60,15,18,20,44,60,21,20,20,26,56,82,55.58765,82.46303333333333,479.9873333333333,11045.695,3577.4316666666664,26.300766666666668,53.55083333333333,39.83311666666667,38187.65833333333,41624.145,-3434.2416666666663,34.665016666666666,0.45454545454545453,0.3333333333333333,0.38461538461538464,0.8333333333333334,0.513759828448892,0.4807692307692308,0.3196812453669385,0.16679021497405486,0.05559673832468495,0.05559673832468495,0.5769230769230769,0.17307692307692307,0.15452460155670866,0.22923378428465527,1.334286508524833,30.705230726464045,9.94467661230541,0.07311184210526316,0.14886258339510747,0.11072956819866568,106.1554623795404,115.70833487768716,-9.546631764269828,0.09636309303187546,26.0,54.9,76.7,75.7,63.6,Center-Forward,Big,82.0,240.0,1999-11-15,32.8
1629008,Michael,Porter Jr.,158,5157.916666666667,2754,1050,2127,413,1043,241,304,637,1084,287,196,92,91,244,861,1105,1030.7914,380.8931166666667,5674.192166666667,52691.62333333334,36592.57833333333,250.2577,841.7917666666667,551.1437166666667,620205.9416666667,587533.2433333333,32629.575,531.9463666666667,0.5876383763837638,0.3959731543624161,0.4936530324400564,0.7927631578947368,0.6090872096109272,0.5907381288199341,0.533936505372001,0.05564262056708942,0.01783665885774295,0.017642782131028354,0.4903620122237894,0.14292430653502586,0.19984646255755714,0.07384631068745456,1.100093804022942,10.215679457145166,7.09444930931416,0.048519143711123675,0.16320383229663138,0.10685393973665078,120.2434978592778,113.90902205347764,6.326115195088456,0.1031320203570563,67.1,75.7,39.5,71.5,34.7,Forward,Forward,82.0,218.0,1998-06-29,68.3
1629010,Jerome,Robinson,22,80.71666666666667,31,11,33,2,17,7,11,9,16,5,2,1,3,1,5,6,15.443283333333333,6.1175,8.5,740.085,187.19166666666663,0.66495,4.441216666666667,3.0392,8784.183333333332,7605.586666666667,1178.225,2.16565,0.5625,0.11764705882352941,0.3333333333333333,0.6363636363636364,0.4096194503171247,0.36363636363636365,0.38405946727235185,0.06194507536650836,0.012389015073301672,0.037167045219905014,0.5151515151515151,0.3333333333333333,0.19132706999793517,0.07578979971092298,0.10530662812306421,9.168924220524469,2.319120379929795,0.008238075572991948,0.05502230022713194,0.03765269461077844,108.82737972331198,94.22572785463556,14.597047284740862,0.026830270493495765,59.3,25.0,28.3,4.7,66.6,Guard,Guard,77.0,190.0,1997-02-22,55.5
1629011,Mitchell,Robinson,48,1058.2833333333333,260,110,183,0,0,40,85,110,183,31,35,53,53,194,170,364,106.52865,41.0654,287.2361666666667,12716.023333333333,12541.121666666668,180.51623333333333,185.55586666666667,182.01778333333334,123186.07166666667,120883.67666666667,2302.305,102.74633333333333,0.6010928961748634,,0.6010928961748634,0.47058823529411764,0.5898366606170599,0.6010928961748634,0.24568089831015638,0.029292722490826338,0.05008110619399342,0.05008110619399342,0.0,0.4644808743169399,0.10066174779910862,0.03880378600563806,0.2714170748224326,12.015707828716318,11.850438603398587,0.1705745783265351,0.1753366615745626,0.1719934327606029,116.40178748602297,114.226193363466,2.1755090791690943,0.09708773642849268,70.3,25.7,14.4,93.1,66.8,Center-Forward,Big,84.0,240.0,1998-04-01,55.8
1629012,Collin,Sexton,141,3832.55,2617,922,1905,238,596,535,621,684,1309,647,325,109,24,131,245,376,1016.7386166666666,1025.0078166666667,8058.7785,76985.59666666666,38900.38333333333,129.49588333333332,235.87605,183.13503333333333,437163.7033333333,457292.9716666667,-20133.15,433.9911333333333,0.5225362872421696,0.39932885906040266,0.483989501312336,0.8615136876006442,0.6007143381812841,0.5464566929133858,0.6828351880601687,0.16881710610429088,0.028440594382330302,0.006262149221797498,0.31286089238845144,0.32598425196850395,0.26529037238044295,0.2674479958948133,2.102719729683892,20.087303927324278,10.150000217435736,0.0337884393767422,0.061545459289506985,0.047784121103008004,114.06601435945605,119.31820111066175,-5.2531995668680125,0.1132382182445978,69.4,70.8,78.7,20.4,20.9,Guard,Guard,75.0,190.0,1999-01-04,33.1
1629013,Landry,Shamet,96,1488.1166666666666,613,224,504,115,313,50,64,109,191,81,52,48,12,27,96,123,241.01661666666666,117.34785000000001,469.95833333333337,16996.835,12688.013333333332,24.76813333333333,93.45713333333333,59.89398333333333,164673.77666666667,167803.98833333334,-3118.5333333333338,94.97408333333333,0.5706806282722513,0.36741214057507987,0.4444444444444444,0.78125,0.5759546001202647,0.558531746031746,0.41193006820701783,0.05443121619048686,0.03225553552028851,0.008063883880072127,0.621031746031746,0.12698412698412698,0.16196083416398804,0.07885661966467684,0.31580745237268587,11.421708647395478,8.526222182400574,0.01664394592717865,0.06280228924703485,0.04024817722624794,110.65918442774425,112.76265637774817,-2.095624223011189,0.06382166496802447,55.8,69.2,28.6,8.6,42.3,Guard,Guard,77.0,190.0,1997-03-13,55.5
1629014,Anfernee,Simons,116,3873.65,2387,839,1962,371,998,338,372,468,964,592,269,83,10,47,309,356,990.4861833333333,975.2923,9306.044666666667,77736.12166666667,35136.39166666667,42.71333333333333,312.65698333333336,171.45278333333334,424175.58166666667,450632.88833333337,-26464.8,414.8566,0.4854771784232365,0.3717434869739479,0.427624872579001,0.9086021505376344,0.5614673892589666,0.52217125382263,0.6162146812437882,0.1528274366553509,0.02142681966620629,0.0025815445380971435,0.508664627930683,0.18960244648318042,0.25569841966448525,0.25177605101132006,2.4023968780521385,20.067926030143838,9.070615999552533,0.011026637237058932,0.08071379276220964,0.04426129963557197,109.50281560457621,116.33288715638567,-6.832005989183328,0.10709707898235514,47.6,69.6,80.4,9.5,15.4,Guard,Guard,75.0,200.0,1999-06-08,44.7
1629018,Gary,Trent Jr.,145,3887.0333333333333,1798,644,1504,358,886,152,188,286,618,206,89,149,14,45,311,356,707.19875,288.6150333333333,2260.449,42676.13166666667,18550.301666666666,43.05811666666666,309.9445166666667,176.28501666666668,446069.335,451625.18333333335,-5590.391666666666,286.40656666666666,0.4627831715210356,0.4040632054176072,0.42819148936170215,0.8085106382978723,0.5665775940304527,0.5472074468085106,0.46256356604436977,0.05299671557571756,0.03833257582903843,0.003601718534272067,0.589095744680851,0.125,0.18193791752064556,0.07425072248758693,0.5815357899340543,10.979101028204887,4.772354666369382,0.011077372632084451,0.07973806501959507,0.04535207227448526,114.7582993885654,116.18762809683479,-1.4382155199766746,0.07368255996432584,35.7,76.8,34.9,9.7,31.7,Guard,Guard,77.0,204.0,1999-01-18,70.5
1629020,Jarred,Vanderbilt,65,1162.1333333333334,297,118,235,17,59,44,72,101,176,77,57,71,15,109,211,320,131.79778333333334,106.65196666666667,830.5845,22867.121666666666,15604.371666666668,107.74541666666667,206.7311,158.75473333333335,133359.905,128715.71166666667,4649.330000000001,92.5267,0.5738636363636364,0.288135593220339,0.502127659574468,0.6111111111111112,0.5568471576421179,0.5382978723404256,0.2555644791188618,0.06625745754933456,0.06109453877925653,0.012907296925195043,0.251063829787234,0.30638297872340425,0.11341020823772373,0.09177257342817806,0.7147067175309775,19.676848611748508,13.427350562184488,0.09271347234970169,0.17788931275814593,0.1366062987608995,114.75439278338686,110.75812729463055,4.000685520881139,0.07961797269389628,59.0,27.9,41.2,85.9,65.7,Forward,Forward,80.0,214.0,1999-04-03,45.0
1629021,Moritz,Wagner,110,1978.9333333333334,1254,472,801,65,190,245,314,407,611,138,146,63,33,157,338,495,455.13315,235.06165,1566.4821666666667,22762.166666666668,24739.99,151.32933333333332,352.7187333333333,251.84173333333334,221885.63166666665,216824.58333333334,5069.985000000001,299.4135166666667,0.6661211129296236,0.34210526315789475,0.5892634207240949,0.7802547770700637,0.6676178712892372,0.6298377028714107,0.6336747069128149,0.06973453712437677,0.03183533216547635,0.016675650181916184,0.23720349563046192,0.3920099875156055,0.22998912713919956,0.11878199535103084,0.7915790493194987,11.502240264115349,12.501679355881958,0.07647015227058347,0.1782367942325832,0.12726135291739657,112.12385375960112,109.56639098504245,2.5619786753806766,0.15130045647486862,92.7,53.8,39.3,82.7,61.0,Forward-Center,Big,83.0,245.0,1997-04-26,52.4
1629022,Lonnie,Walker IV,78,1487.8333333333333,812,297,704,149,398,69,89,148,306,124,76,42,25,19,171,190,339.7420333333333,198.08798333333334,1215.4195,18749.373333333333,11908.916666666666,18.065733333333334,166.5609,91.51778333333333,162354.11833333332,170056.93833333332,-7701.225,125.0877,0.48366013071895425,0.3743718592964824,0.421875,0.7752808988764045,0.5463157328166209,0.5276988636363636,0.5457600537694635,0.0833426683096225,0.028228968298420525,0.016802957320488407,0.5653409090909091,0.12642045454545456,0.228346835443038,0.13313855718606477,0.8169056793995744,12.601796796236139,8.004200739330122,0.012142309846532992,0.1119486277584855,0.061510776296628204,109.12117284642096,114.29837907471715,-5.176134199619134,0.0840737313767223,39.3,64.7,51.0,26.2,41.1,Guard-Forward,Wing,76.0,204.0,1998-12-14,13.4
1629023,P.J.,Washington,130,4055.5333333333333,1775,655,1476,223,652,242,343,432,824,272,214,135,119,167,686,853,773.6825166666666,379.56823333333335,4068.3483333333334,52990.448333333334,39455.85333333333,160.57515,667.04,412.99038333333334,460209.96,464727.35333333333,-4494.925,353.39453333333336,0.5242718446601942,0.34202453987730064,0.4437669376693767,0.7055393586005831,0.5455093059277654,0.5193089430894309,0.4376736310883895,0.06706886065129124,0.0332878536320747,0.02934262653493992,0.44173441734417346,0.23238482384823847,0.19077207683329772,0.0935926799598902,1.0031598803281114,13.066209540874198,9.728893856952642,0.03959408955665511,0.16447651767954893,0.10183380319892164,113.47705028520704,114.59093419689971,-1.108343744349284,0.08713885555537292,52.4,47.0,43.0,67.4,51.9,Forward,Forward,79.0,230.0,1998-08-23,52.4
1629026,Kenrich,Williams,138,2160.6,761,302,634,122,312,35,53,180,322,190,71,81,19,126,324,450,306.75335,241.47288333333333,1461.9473333333333,43067.45,14615.968333333334,121.14508333333333,310.0503166666667,219.94650000000001,253211.415,228210.76,25004.13333333333,185.31981666666667,0.5590062111801242,0.391025641025641,0.47634069400630913,0.660377358490566,0.5788656970729629,0.5725552050473186,0.35221697676571323,0.0879385355919652,0.037489586226048324,0.00879385355919652,0.4921135646687697,0.083596214511041,0.14197600203647137,0.11176195655527786,0.676639513715326,19.933097287790428,6.7647729025887875,0.056070111697368016,0.14350195161837762,0.10179880588725355,117.19495279089143,105.62378968804963,11.572772995155667,0.0857723857570428,47.6,65.3,56.2,70.0,63.8,Guard-Forward,Wing,79.0,210.0,1994-12-02,58.2
1629027,Trae,Young,130,4680.783333333334,3230,999,2384,393,1111,839,968,606,1273,1463,590,163,23,59,326,385,1342.6312333333333,2082.3356166666667,14528.546833333334,141908.79666666666,57842.07833333333,55.311099999999996,321.4820666666667,185.88088333333334,542533.5866666667,545180.5633333334,-2633.9283333333324,608.3151,0.4760408483896308,0.35373537353735374,0.4190436241610738,0.8667355371900827,0.5747494590593326,0.5014681208053692,0.6900554394385554,0.31255452256922805,0.03482323115432958,0.004913707463494357,0.4660234899328859,0.40604026845637586,0.28683900486741887,0.44486904613544026,3.1038708264642314,30.317317970282748,12.357350087414142,0.011816633255829686,0.06868125349389526,0.039711490598083654,115.90657973914621,116.47207839143732,-0.5627110134699673,0.12996010639244857,61.0,64.1,85.5,6.8,29.1,Guard,Guard,74.0,164.0,1998-09-19,12.2
1629028,Deandre,Ayton,95,2989.1,1496,692,1217,7,42,105,139,685,1175,154,168,87,81,300,715,1015,615.18595,257.18101666666666,2917.968,28995.77,32178.988333333335,293.92535,735.7655,506.03796666666665,323212.1716666667,346296.48333333334,-23087.348333333335,411.61108333333334,0.5829787234042553,0.16666666666666666,0.5686113393590797,0.7553956834532374,0.5852162483570131,0.5714872637633525,0.5004850958482486,0.05152052457261383,0.029105750894918205,0.027098457729751432,0.03451109285127362,0.114215283483977,0.20580975879027133,0.0860396161609403,0.9762028704292262,9.700501823291292,10.76544389058022,0.09833239102070856,0.24614950988591883,0.16929442530081518,108.13026384753495,115.85309401938153,-7.723846085220748,0.13770401904698182,62.1,28.2,35.4,94.0,44.0,Center,Big,84.0,252.0,1998-07-23,73.8
1629029,Luka,Dončić,120,4392.6,3778,1265,2677,461,1225,787,1003,804,1452,1069,461,188,59,99,957,1056,1511.3179333333333,1720.9181333333333,12061.736666666666,100131.135,43787.49833333334,96.14191666666666,927.6076666666667,516.5969666666666,525416.39,494616.525,30777.146666666667,823.9837166666666,0.5537190082644629,0.3763265306122449,0.47254389241688455,0.7846460618145563,0.6057749044357218,0.5586477400074711,0.860082866639348,0.2433638391840823,0.04279925328962345,0.013431680553658424,0.4576017930519238,0.3746731415763915,0.3440599948398063,0.3917766546768049,2.7459219293053465,22.795413877885533,9.96846931961329,0.02188724597429009,0.2111750823354429,0.11760619375009483,119.61398488366798,112.60222305695943,7.006589870843388,0.18758450955394676,80.0,69.1,85.4,66.4,55.8,Forward-Guard,Wing,80.0,230.0,1999-02-28,91.7
1629048,Goga,Bitadze,132,2386.55,813,333,548,5,42,142,220,328,506,216,116,81,170,276,473,749,325.2861833333333,323.78821666666664,2688.619166666667,51541.0,29421.393333333333,265.61581666666666,504.44598333333334,381.9995,264233.9716666667,259535.96333333332,4701.501666666666,300.5431,0.6482213438735178,0.11904761904761904,0.6076642335766423,0.6454545454545455,0.6304280397022333,0.6122262773722628,0.3406591104313758,0.09050721753158324,0.03394020657434371,0.07123253231652385,0.07664233576642336,0.40145985401459855,0.13629975627300217,0.13567208592598798,1.1265714804494633,21.59644675368209,12.328002067140153,0.1112969837911071,0.2113703812337195,0.1600634807567409,110.71797015217224,108.7494346790695,1.9699992318060235,0.1259320357838721,80.1,27.1,57.0,92.7,77.3,Center-Forward,Big,83.0,250.0,1999-07-20,59.6
1629052,Oshae,Brissett,61,772.4166666666666,253,87,192,21,73,58,97,66,119,48,28,23,11,68,114,182,106.29365,63.60896666666667,222.58966666666666,12729.404999999999,6085.408333333333,60.494233333333334,109.83196666666666,84.7297,90169.44666666667,85149.47333333333,5021.5599999999995,51.663666666666664,0.5546218487394958,0.2876712328767123,0.453125,0.5979381443298969,0.5390318731890233,0.5078125,0.3275434243176179,0.062142625957492724,0.02977667493796526,0.014241018448592081,0.3802083333333333,0.5052083333333334,0.1376118027834718,0.08235058798144353,0.2881730499514511,16.479971949509117,7.8784011220196355,0.07831813572122127,0.14219264214046823,0.10969429280397022,116.73679577084907,110.23774732980904,6.501102600064732,0.06688574819290106,61.6,30.4,36.6,75.6,55.2,Forward-Guard,Wing,79.0,210.0,1998-06-20,58.2
1629056,Terence,Davis,1,7.883333333333333,0,0,2,0,1,0,0,0,1,1,0,0,0,0,1,1,0.87505,1.3165166666666666,0.0,262.515,0.0,0.0,0.87505,0.4651166666666666,683.485,841.1516666666666,-157.66666666666666,0.0,0.0,0.0,0.0,,0.0,0.0,0.0,0.12684989429175478,0.0,0.0,0.5,0.0,0.111,0.167,0.0,33.3,0.0,0.0,0.111,0.059,86.7,106.7,-20.0,0.0,1.5,21.6,63.2,22.4,36.1,Guard,Guard,76.0,201.0,1997-05-16,57.2
1629057,Robert,Williams III,26,470.0833333333333,157,67,104,1,3,22,26,66,101,26,24,20,40,46,110,156,56.33931666666667,41.36108333333333,351.67133333333334,7372.538333333333,6452.6849999999995,43.41851666666667,103.94935,73.63901666666666,49440.48166666667,51826.455,-2387.838333333333,59.695350000000005,0.6534653465346535,0.3333333333333333,0.6442307692307693,0.8461538461538461,0.68000693000693,0.6490384615384616,0.33398333628789223,0.05530934231519234,0.04254564793476334,0.08509129586952668,0.028846153846153848,0.25,0.11984963658925724,0.08798670448502038,0.7481042368374402,15.683471015777345,13.726683212196418,0.09236344619748273,0.22112962240737458,0.1566509838681085,105.17386633575607,110.24950540684277,-5.079606452756603,0.12698886722212374,73.6,52.4,36.0,91.4,80.4,Center-Forward,Big,81.0,249.0,1997-10-17,34.0
1629060,Rui,Hachimura,127,3694.3333333333335,1698,656,1252,200,479,186,247,456,773,164,95,86,51,137,452,589,625.2593666666667,233.46475,2335.8213333333333,37475.255,22043.88,141.74091666666666,428.95411666666666,294.4911666666667,426414.2216666667,414987.82,11413.311666666666,333.723,0.5899094437257438,0.4175365344467641,0.5239616613418531,0.7530364372469636,0.6239527295175941,0.6038338658146964,0.45962284579987367,0.044392312550753404,0.023278895605882883,0.013804926463953803,0.38258785942492013,0.19728434504792333,0.16924822701434628,0.06319536677794821,0.6322714066588468,10.143983127312099,5.966943968239646,0.03836711630424975,0.11611137327438419,0.07971429215916269,115.4238622214202,112.33090859875485,3.0894103582062615,0.09033375439862854,70.8,71.9,31.8,51.0,40.2,Forward,Forward,80.0,230.0,1998-02-08,65.1
1629098,Jack,McVeigh,9,43.25,14,5,17,4,13,0,0,1,4,1,2,0,2,2,3,5,7.5899833333333335,3.9833333333333334,0.0,132.64499999999998,441.465,1.7926666666666669,1.9127166666666666,1.9858666666666667,3608.41,4181.4,-572.99,6.052616666666666,0.25,0.3076923076923077,0.29411764705882354,,0.4117647058823529,0.4117647058823529,0.3236994219653179,0.023121387283236993,0.0,0.046242774566473986,0.7647058823529411,0.0,0.17549094412331406,0.09210019267822736,0.0,3.0669364161849706,10.207283236994218,0.041448940269749525,0.04422466281310212,0.045915992292870904,83.4314450867052,96.67976878612716,-13.248323699421965,0.13994489402697494,9.2,46.5,22.2,21.8,65.9,Guard-Forward,Wing,80.0,215.0,1996-06-27,76.4
1629111,Jock,Landale,98,1263.5166666666667,474,187,358,21,66,79,105,166,292,102,52,33,43,144,165,309,179.89928333333333,149.01831666666666,561.1285,22274.673333333332,11381.126666666667,131.24011666666667,159.92940000000002,141.5935,143328.05666666667,136997.91,6326.293333333333,130.35176666666666,0.5684931506849316,0.3181818181818182,0.5223463687150838,0.7523809523809524,0.5863433943592281,0.5516759776536313,0.3751434488398781,0.08072707126934087,0.02611758188125734,0.0340320006331535,0.18435754189944134,0.29329608938547486,0.1423798261466014,0.11793933598026672,0.4441005922623366,17.629109232169473,9.007500230837215,0.10386892403477067,0.12657482423395022,0.11206302515466093,113.43582593555026,108.42588278745829,5.006893458732901,0.10316584664494598,67.4,40.3,46.6,76.0,66.7,Center,Big,83.0,255.0,1995-10-25,65.4
1629117,Wenyen,Gabriel,5,81.01666666666667,17,8,22,1,6,0,5,7,16,3,8,2,2,7,18,25,13.454216666666666,6.256166666666667,30.8075,565.6916666666667,1735.8666666666668,6.086683333333334,19.53536666666667,11.489366666666665,7285.305,7875.3,-589.8533333333332,2.60835,0.4375,0.16666666666666666,0.36363636363636365,0.0,0.3512396694214876,0.38636363636363635,0.20983336761983132,0.03702941781526435,0.024686278543509566,0.024686278543509566,0.2727272727272727,0.22727272727272727,0.16606727010903105,0.07722073647397655,0.38026126311458547,6.982411026537751,21.426044023863405,0.07512878008640199,0.24112775149146268,0.14181485291092366,89.92353425221148,97.20592470685044,-7.2806418432421305,0.032195227319481594,21.6,12.1,17.4,87.8,67.8,Forward,Forward,81.0,205.0,1997-03-26,50.2
1629130,Duncan,Robinson,142,3691.116666666667,1692,594,1338,377,956,127,143,217,382,368,181,86,22,33,307,340,684.3788833333333,549.7410833333333,5600.308166666667,68092.25333333333,34634.755,32.877916666666664,317.07875,174.5032,409480.32666666666,407876.05166666664,1591.2916666666665,286.4218666666667,0.5680628272251309,0.39435146443514646,0.4439461883408072,0.8881118881118881,0.603888873026297,0.5848281016442451,0.4583978651446942,0.09969882646173019,0.023299182270947814,0.005960255929777348,0.7144992526158446,0.10687593423019431,0.18541242261826818,0.1489362523536238,1.5172395435888868,18.447602577359152,9.38327290296071,0.008907308989601159,0.08590320454063134,0.04727653329841466,110.93670659737116,110.50207525274645,0.4311138905570581,0.07759761950990442,58.7,87.0,63.8,11.8,38.2,Forward,Forward,79.0,215.0,1994-04-22,34.1
1629139,Yuta,Watanabe,34,464.4166666666667,117,41,116,25,85,10,17,16,31,15,19,12,7,11,43,54,60.14808333333333,19.088033333333335,64.35,4493.291666666667,5654.496666666666,9.163283333333334,41.885533333333335,26.0532,50076.78166666667,53236.956666666665,-3158.5,14.678416666666667,0.5161290322580645,0.29411764705882354,0.35344827586206895,0.5882352941176471,0.4737609329446064,0.46120689655172414,0.2519289431186076,0.032298582451103536,0.025838865960882827,0.015072671810514983,0.7327586206896551,0.14655172413793102,0.1295131885878342,0.041101094563071955,0.13856091871523415,9.675130091512651,12.175481787188227,0.0197307374842993,0.09018955679167415,0.0560987618876727,107.82727076978288,114.63188228961062,-6.801004844787367,0.03160613673066571,29.7,40.1,10.5,21.9,35.6,Guard-Forward,Wing,81.0,215.0,1994-10-13,80.2
1629162,Jordan,McLaughlin,102,940.4333333333334,293,101,217,61,135,30,40,40,82,161,35,51,8,24,78,102,116.8665,202.33583333333334,929.4833333333333,33727.53166666667,7484.0233333333335,23.85845,77.53463333333333,52.011433333333336,106936.17833333333,97250.51166666667,9686.635,83.55036666666666,0.4878048780487805,0.45185185185185184,0.46543778801843316,0.75,0.6244671781756181,0.6059907834101382,0.3115585014000638,0.17119767483075177,0.054230319356325093,0.008506716761776485,0.6221198156682027,0.18433179723502305,0.12426877680501895,0.215151703115585,0.9883564314323184,35.86381987027257,7.958058341899124,0.025369634565625774,0.08244564562435756,0.05530581646758587,113.70947258356075,103.41031971077163,10.300182539963846,0.08884241307198808,40.4,83.8,77.3,22.7,71.3,Guard,Guard,71.0,185.0,1996-04-09,9.6
1629216,Gabe,Vincent,83,1744.9,494,183,469,112,337,16,23,71,132,119,46,60,13,24,77,101,222.05516666666668,167.08431666666667,863.2131666666667,30711.906666666666,13400.838333333333,23.286383333333333,76.40090000000001,49.561816666666665,194512.21,191898.00333333333,2619.725,61.811766666666664,0.5378787878787878,0.3323442136498516,0.39019189765458423,0.6956521739130435,0.5155284688595759,0.509594882729211,0.2831107799873918,0.06819875064473609,0.03438592469482492,0.007450283683878732,0.7185501066098081,0.04904051172707889,0.12725953731827994,0.095755812176438,0.49470638240968917,17.600955164574856,7.680003629625384,0.013345397061913768,0.04378525990028082,0.028403814927311973,111.4747034213995,109.97650486178767,1.5013611095191701,0.035424245897568145,31.7,50.8,45.6,5.2,52.5,Guard,Guard,74.0,200.0,1996-06-14,37.5
1629232,Kaiser,Gates,1,7.433333333333334,0,0,4,0,2,0,0,0,2,0,0,0,0,0,1,1,1.6502000000000001,0.0,0.0,0.0,0.0,0.0,0.6764333333333333,0.3345,604.33,655.62,-52.03333333333333,-1.115,0.0,0.0,0.0,,0.0,0.0,0.0,0.0,0.0,0.0,0.5,0.0,0.222,0.0,0.0,0.0,0.0,0.0,0.091,0.045,81.3,88.2,-6.999999999999999,-0.15,1.5,21.6,16.9,10.6,41.5,Forward,Forward,79.0,225.0,1996-11-08,46.5
1629234,Drew,Eubanks,136,1914.8166666666666,659,267,447,6,9,119,164,261,438,117,102,39,100,163,385,548,261.4868333333333,181.58046666666667,913.506,29049.531666666666,26205.991666666665,158.08278333333334,363.00463333333335,264.77125,206968.645,217695.49833333335,-10721.483333333332,197.31796666666668,0.5958904109589042,0.6666666666666666,0.5973154362416108,0.725609756097561,0.6346790970028507,0.6040268456375839,0.3441582745084386,0.061102455413486065,0.020367485137828687,0.05222432086622741,0.020134228187919462,0.3668903803131991,0.13655972286293727,0.0948291655423931,0.4770723045722393,15.170920627736336,13.685901174176813,0.08255766000226306,0.18957670447127228,0.13827498716152112,108.08796925728312,113.68999556093274,-5.599221857619092,0.10304796803871565,75.6,65.0,33.0,86.1,48.3,Forward-Center,Big,82.0,245.0,1997-02-01,40.2
1629308,Juan,Toscano-Anderson,11,52.666666666666664,7,3,12,1,4,0,0,2,8,4,2,1,1,4,10,14,5.576083333333333,8.416483333333334,14.283333333333333,897.3333333333333,525.6666666666667,4.118783333333333,7.745783333333334,6.017833333333333,5288.645,5064.253333333333,224.95499999999998,-7.650733333333333,0.25,0.25,0.25,,0.2916666666666667,0.2916666666666667,0.1329113924050633,0.0759493670886076,0.0189873417721519,0.0189873417721519,0.3333333333333333,0.0,0.105875,0.15980664556962026,0.2712025316455696,17.037974683544302,9.98101265822785,0.07820474683544304,0.14707183544303798,0.1142626582278481,100.4173101265823,96.1567088607595,4.2712974683544305,-0.14526708860759494,3.2,20.1,48.4,77.4,60.8,Forward,Forward,78.0,209.0,1993-04-10,17.4
1629312,Haywood,Highsmith,140,3184.2,883,332,720,165,425,54,79,167,295,182,88,121,67,137,325,462,366.90105,250.57861666666668,2311.6835,56427.335,26814.163333333334,136.49303333333333,326.2791,231.62701666666666,354048.12,349712.50666666665,4322.361666666667,193.37355,0.5661016949152542,0.38823529411764707,0.46111111111111114,0.6835443037974683,0.5849541576130161,0.5756944444444444,0.2773067018403367,0.05715721374285535,0.038000125620249986,0.02104139187236983,0.5902777777777778,0.10972222222222222,0.11522550405125306,0.0786943711659653,0.7259856478864394,17.721039821619247,8.421004752632792,0.04286572242112095,0.102468155266629,0.07274260934195927,111.18903335217638,109.82743127525491,1.3574403827230284,0.06072908422837762,46.3,70.1,42.2,45.7,68.1,Forward,Forward,77.0,220.0,1996-12-09,23.8
1629599,Amir,Coffey,142,3208.0833333333335,1159,406,862,171,431,176,200,235,431,153,78,81,21,61,248,309,434.9323,215.12771666666666,1630.895,42322.915,20816.635,60.2353,245.56573333333333,154.00331666666668,358597.065,365972.87833333336,-7389.645,209.85823333333335,0.5452436194895591,0.39675174013921116,0.4709976798143852,0.88,0.61,0.570185614849188,0.3612749045380159,0.047692027950229886,0.02524872067953347,0.006545964620619789,0.5,0.23201856148491878,0.1355738784840377,0.06705802010546276,0.5083705223783671,13.192585915785646,6.488807439540743,0.01877610203392472,0.07654593344935968,0.04800477439800504,111.77922383562355,114.07835779411383,-2.3034454632828534,0.06541545574979869,58.8,81.2,33.3,13.9,28.3,Guard-Forward,Wing,79.0,210.0,1997-06-17,58.2
1629603,Mamadi,Diakite,6,24.433333333333334,12,4,6,0,1,4,6,4,5,2,1,1,1,1,3,4,4.304833333333334,6.425433333333333,0.0,313.0833333333333,154.16666666666669,0.53465,2.089033333333333,1.4339333333333333,2198.1916666666666,2086.6266666666666,111.56499999999998,16.647683333333333,0.8,0.0,0.6666666666666666,0.6666666666666666,0.6944444444444444,0.6666666666666666,0.49113233287858116,0.08185538881309685,0.04092769440654843,0.04092769440654843,0.16666666666666666,1.0,0.17618690313778992,0.2629781718963165,0.0,12.813778990450203,6.30968622100955,0.021881991814461117,0.08549931787175988,0.05868758526603001,89.96691678035471,85.40081855388813,4.566098226466575,0.6813512960436562,94.4,28.3,55.8,23.6,89.1,Forward,Forward,81.0,228.0,1997-01-21,73.8
1629610,DaQuan,Jeffries,64,1117.45,329,124,308,57,174,24,32,67,134,58,38,26,26,37,103,140,155.64706666666666,85.87311666666668,525.0565,16474.658333333333,9207.633333333333,34.53698333333333,95.77011666666667,65.82335,118680.075,131113.62666666668,-12439.518333333333,79.34676666666667,0.5,0.3275862068965517,0.4025974025974026,0.75,0.5107426726279185,0.49512987012987014,0.2944203320059063,0.051903888317150655,0.023267260280102016,0.023267260280102016,0.564935064935065,0.1038961038961039,0.13928772353722016,0.07684739063641924,0.46987024027920715,14.743083210285322,8.239861589631154,0.03090696078870046,0.08570416275150268,0.05890496219070205,106.20616134950109,117.33287992005609,-11.132058108491059,0.07100699509299446,26.8,47.5,34.6,28.7,32.6,Guard-Forward,Wing,77.0,222.0,1997-08-30,48.9
1629611,Terance,Mann,142,3287.15,1175,459,906,131,367,126,163,328,539,240,95,90,30,155,298,453,457.64835,328.7715666666667,2744.398666666667,58252.545,23916.368333333332,160.98688333333334,301.94596666666666,230.22441666666666,378413.2266666667,378462.00166666665,-53.99166666666582,239.88485,0.608534322820037,0.3569482288828338,0.5066225165562914,0.7730061349693251,0.6008877797324387,0.5789183222958058,0.35745250444914284,0.0730115753768462,0.027379340766317324,0.009126446922105775,0.40507726269315675,0.17991169977924945,0.13922344584214288,0.10001720842269646,0.8348869588143732,17.721292000669273,7.2757155387899335,0.048974608196563386,0.09185646127090843,0.07003769729603658,115.11894092653718,115.13377900815802,-0.01642506933564511,0.07297654503141018,63.4,59.6,52.7,43.8,29.9,Guard-Forward,Wing,78.0,215.0,1996-10-18,50.4
1629614,Andrew,Nembhard,133,3577.4,1279,507,1061,112,346,153,192,395,715,606,213,142,17,70,287,357,576.5235166666666,789.5800166666667,8849.750666666667,110702.71666666667,38409.03666666667,70.00248333333333,274.83575,175.64090000000002,414512.7416666667,400408.73,14081.306666666665,274.1659333333333,0.5524475524475524,0.3236994219653179,0.47785108388312914,0.796875,0.558281244543772,0.530631479736098,0.3575222228434058,0.16939676860289596,0.03969363224688321,0.004752054564767709,0.32610744580584355,0.18096135721017909,0.16115712994539794,0.22071337190883508,2.473794003093494,30.94502059223645,10.736578707068448,0.0195679776746613,0.07682555766757981,0.04909736121205345,115.86983330538008,111.9273019511377,3.9361845660721935,0.07663832205885093,50.8,43.1,79.6,15.3,47.7,Guard-Forward,Wing,76.0,191.0,2000-01-16,5.9
1629618,Jalen,Pickett,76,788.0166666666667,242,92,215,49,126,9,12,43,89,128,33,23,5,16,69,85,107.93946666666666,180.19175,906.0856666666666,25284.351666666666,6568.595,13.792733333333334,63.042500000000004,39.75183333333333,87423.595,85882.72833333333,1537.7116666666666,66.997,0.48314606741573035,0.3888888888888889,0.42790697674418604,0.75,0.5493008897766479,0.541860465116279,0.3071001036357099,0.16243311266682178,0.029187199932319538,0.006345043463547725,0.586046511627907,0.05581395348837209,0.13697612148643218,0.22866489710454518,1.1498305873395231,32.08606205452507,8.335604153888454,0.017503098496224702,0.0800014805101415,0.050445422051141046,110.94130200291872,108.98592880861234,1.9513694718808823,0.08501977538546139,24.1,67.8,78.9,15.1,49.7,Guard,Guard,74.0,202.0,1999-10-22,40.0
1629622,Max,Strus,120,3511.9333333333334,1324,469,1101,281,772,105,131,188,329,441,166,90,41,119,436,555,557.0140666666666,573.4190166666667,5946.899333333334,87409.32833333334,32339.15166666667,122.43241666666667,416.32335,271.87926666666664,411493.995,389204.2083333333,22269.456666666665,280.7658166666667,0.5714285714285714,0.3639896373056995,0.4259763851044505,0.8015267175572519,0.5713595249602982,0.5535876475930972,0.37700032270923894,0.12557185975436133,0.02562691015395129,0.011674481292355588,0.701180744777475,0.11898274296094459,0.15860610489948554,0.16327730689648629,1.6933406101102908,24.88923337572847,9.208361491296342,0.03486182824275328,0.11854534539380018,0.07741583932876478,117.17021820839423,110.82334753886747,6.341081835266424,0.07994622620019363,52.8,70.9,72.6,49.0,45.6,Guard-Forward,Wing,77.0,215.0,1996-03-28,37.0
1629623,Lindell,Wigginton,3,7.633333333333334,6,2,5,0,2,2,2,2,3,0,1,0,0,0,0,0,3.2714333333333334,0.0,0.0,0.0,118.33333333333333,0.0,0.0,0.0,546.3333333333334,967.6666666666666,-421.3333333333333,-0.023299999999999987,0.6666666666666666,0.0,0.4,1.0,0.5102040816326531,0.4,0.7860262008733624,0.0,0.0,0.0,0.4,0.4,0.42857205240174673,0.0,0.0,0.0,15.502183406113536,0.0,0.0,0.0,71.57205240174673,126.76855895196505,-55.19650655021834,-0.003052401746724889,84.0,32.5,3.0,1.4,3.2,Guard,Guard,73.0,189.0,1998-03-28,17.9
1629626,Bol,Bol,78,917.5333333333333,467,189,334,54,145,35,45,135,189,39,39,19,50,52,189,241,164.74563333333333,57.951433333333334,250.16666666666666,9278.935,6858.925,53.631,174.51866666666666,117.99348333333333,101913.96666666666,103381.83333333333,-1468.2133333333338,111.8993,0.7142857142857143,0.3724137931034483,0.5658682634730539,0.7777777777777778,0.6599773883550029,0.6467065868263473,0.5089733343021143,0.04250526774685752,0.020707694543340843,0.05449393300879169,0.4341317365269461,0.1347305389221557,0.17955275012715252,0.06316003051660249,0.2726513114873211,10.11291324565865,7.475395989246531,0.058451282423890145,0.1902041706023396,0.1285985795248129,111.07385744387125,112.67365399985468,-1.6001743805856288,0.12195665915861367,74.9,68.9,24.3,81.4,52.2,Center-Forward,Big,87.0,220.0,1999-11-16,57.2
1629627,Zion,Williamson,100,3064.2,2338,912,1602,9,31,505,735,903,1571,511,283,114,74,198,424,622,908.9345666666667,825.4449666666667,6858.627833333333,57689.14666666667,31981.473333333335,187.5682,411.04795,300.76955,350509.33166666667,345676.9716666667,4832.6083333333345,461.70533333333333,0.5747931253978358,0.2903225806451613,0.5692883895131086,0.6870748299319728,0.6071465669471279,0.5720973782771536,0.763005025781607,0.1667645715031656,0.03720383786959076,0.024149859669734354,0.019350811485642945,0.45880149812734083,0.2966303004590649,0.2693835150011966,2.238309455431543,18.82682157387464,10.43713639231556,0.06121277984465766,0.13414527445989166,0.09815597872201554,114.38852936057265,112.8114913082262,1.5771190957944439,0.15067728390226923,85.8,33.3,77.2,68.7,59.3,Forward,Forward,78.0,284.0,2000-07-06,53.8
1629628,RJ,Barrett,116,3706.9166666666665,2393,896,1862,197,556,404,602,699,1306,507,292,77,39,114,567,681,994.9469833333334,766.9645166666667,7320.285,61907.15,36739.151666666665,108.37136666666666,560.012,332.3149,415068.07166666666,426768.3783333333,-11720.118333333332,423.35360000000003,0.5352220520673813,0.35431654676258995,0.48120300751879697,0.6710963455149501,0.5625611223952456,0.5341031149301826,0.6455499853876763,0.1367713508531349,0.020771980307083607,0.010520873142548839,0.29860365198711064,0.3233082706766917,0.26840284603106807,0.20690093294067397,1.9747638423667468,16.70044286581391,9.910973180765685,0.02923490771755502,0.15107218487961693,0.0896472540071488,111.9712442955736,115.1275889665715,-3.161689184632331,0.11420639794977858,67.9,44.6,70.1,57.5,25.4,Forward-Guard,Wing,78.0,214.0,2000-06-14,46.3
1629629,Cam,Reddish,81,1573.4833333333333,365,129,328,50,157,57,80,79,171,70,43,80,24,44,121,165,171.00968333333333,86.04161666666667,798.945,20332.84833333333,13094.156666666666,42.99745,116.57048333333333,81.30595,171654.09166666667,179109.59,-7455.655,66.7052,0.4619883040935672,0.3184713375796178,0.3932926829268293,0.7125,0.5024779735682819,0.4695121951219512,0.2319694096961095,0.04448728405130867,0.050842610344352765,0.015252783103305828,0.47865853658536583,0.24390243902439024,0.1086822336853478,0.05468225486976877,0.5077556165196115,12.922188562531113,8.321763814890529,0.027326282451884884,0.07408434577211918,0.05167258418159285,109.0917762077768,113.82998866633477,-4.738312025336567,0.0423933311442765,28.5,40.0,27.6,20.4,55.1,Forward-Guard,Wing,79.0,217.0,1999-09-01,70.3
1629630,Ja,Morant,59,1837.05,1385,484,1059,102,336,315,383,382,723,437,212,68,17,40,215,255,568.6685833333333,658.7463,4621.0216666666665,43165.82,20391.101666666666,38.004933333333334,200.8333,119.26806666666667,212324.27833333332,201903.15833333333,10423.033333333333,262.1227333333333,0.5283540802213001,0.30357142857142855,0.45703493862134087,0.8224543080939948,0.5641455943691345,0.5051935788479698,0.7539261315696362,0.2378813859176397,0.0370158678315778,0.00925396695789445,0.31728045325779036,0.3616619452313503,0.30955531059760666,0.3585892055197191,2.515457753826334,23.497357175907027,11.099916532847047,0.02068802337080283,0.10932380719087668,0.06492369106266388,115.57893270914418,109.9061856418352,5.673788592217595,0.14268677136350852,69.0,41.9,82.8,32.3,56.9,Guard,Guard,74.0,174.0,1999-08-10,13.4
1629631,De'Andre,Hunter,121,3421.1666666666665,1979,662,1425,274,692,381,450,388,733,179,165,90,29,75,405,480,727.9401166666667,263.0419333333333,2404.0646666666667,30767.765,28297.785,70.95358333333333,396.3928,232.16053333333335,398331.025,396589.48,1740.478333333333,309.08135,0.529331514324693,0.3959537572254335,0.46456140350877195,0.8466666666666667,0.6096734442390634,0.5607017543859649,0.5784576411555512,0.05232133287864764,0.02630681541384518,0.008476640522239003,0.4856140350877193,0.3157894736842105,0.21277540312758805,0.07688661762556633,0.7027031714327472,8.993354606128515,8.271384517951965,0.02073958688556535,0.11586480245530278,0.06786004774199834,116.43134164758612,115.9222916159205,0.5087382471866322,0.09034384469235641,69.4,78.6,32.4,35.6,25.6,Forward-Guard,Wing,79.0,221.0,1997-12-02,76.6
1629632,Coby,White,153,5331.65,3018,1049,2330,425,1140,495,567,624,1190,735,343,122,34,69,562,631,1224.7147166666666,1079.5249333333334,12668.391833333333,107573.505,50719.315,67.06291666666667,547.29865,308.4595,605187.0616666666,613228.4366666666,-8064.419999999999,532.8881333333334,0.5243697478991597,0.37280701754385964,0.45021459227467814,0.873015873015873,0.5850016282351481,0.5414163090128755,0.5660536606866543,0.13785601080340984,0.022882222201382314,0.00637701274464753,0.4892703862660944,0.24334763948497853,0.22970651049237417,0.2024748311185718,2.376073416922216,20.176400363864847,9.512874063376254,0.01257826689048731,0.10265089606407023,0.057854416550223664,113.50840015129776,115.0166340001063,-1.5125561505350125,0.0999480711099441,61.8,71.8,75.7,21.8,22.9,Guard,Guard,76.0,210.0,2000-02-16,66.2
1629634,Brandon,Clarke,70,1341.2166666666667,602,269,439,2,23,62,94,267,416,75,44,57,42,140,218,358,206.99608333333333,104.64491666666666,670.975,15779.203333333333,10002.81,130.97741666666667,197.8636,165.58283333333333,154266.01166666666,145066.585,9199.026666666667,150.3905,0.6418269230769231,0.08695652173913043,0.6127562642369021,0.6595744680851063,0.6266133733033558,0.6150341685649203,0.448846196861059,0.05591937668534788,0.04249872628086439,0.03131485094379481,0.05239179954441914,0.214123006833713,0.15433455941744437,0.07802238017720228,0.5002733836193506,11.764842866551513,7.458012004026195,0.09765567333142794,0.14752545574291998,0.12345718439725124,115.01945621512805,108.16044014762714,6.858717830825245,0.11212990692530414,75.9,26.6,33.6,81.4,79.5,Forward,Forward,80.0,215.0,1996-09-19,46.8
1629636,Darius,Garland,132,4201.233333333334,2572,929,2015,344,885,370,430,585,1130,879,365,165,18,77,289,366,1083.6316833333333,1273.1949833333333,11705.427,108143.72333333333,44961.26833333333,77.89085,277.92836666666665,180.8059,499464.84,473323.24666666664,26147.531666666666,494.83138333333335,0.5176991150442478,0.3887005649717514,0.4610421836228288,0.8604651162790697,0.583431630523546,0.5464019851116625,0.6122011790188595,0.20922427541118876,0.039274181391178775,0.004284456151764958,0.4392059553349876,0.21339950372208435,0.25793180177249536,0.3030526710410435,2.7861882621769793,25.740946706125975,10.701921261216944,0.01853999619159453,0.06615399446194371,0.04303638614057777,118.88528924046113,112.66292755302014,6.223775161262169,0.11778240913382577,58.7,72.3,84.5,10.6,44.5,Guard,Guard,73.0,192.0,2000-01-26,23.6
1629637,Jaxson,Hayes,126,1969.8333333333333,686,287,398,0,11,112,180,287,387,91,86,65,80,147,333,480,237.89075,136.84066666666666,931.631,25515.71,26781.96,149.44696666666667,308.02438333333333,235.528,219277.52333333335,220344.69,-1060.6883333333326,171.7065,0.7416020671834626,0.0,0.7211055276381909,0.6222222222222222,0.7187761944677284,0.7211055276381909,0.3482528132667739,0.04619680175987816,0.03299771554277012,0.04061257297571707,0.02763819095477387,0.45226130653266333,0.1207669430577883,0.06946814451307218,0.47294914967425333,12.953232930027921,13.596053811659193,0.07586782299686945,0.1563707843303156,0.11956747609780861,111.31780522886878,111.85956003045943,-0.538466029274896,0.08716803452068704,85.4,25.7,22.2,79.2,64.8,Center-Forward,Big,84.0,220.0,2000-05-23,44.0
1629638,Nickeil,Alexander-Walker,164,3994.116666666667,1428,506,1154,272,705,144,183,234,449,427,175,114,76,89,343,432,595.69255,584.7575833333333,6014.050166666667,91986.945,37010.19333333333,86.32531666666667,333.73408333333333,211.22098333333332,456864.5466666667,428362.02,28512.865,299.53673333333336,0.5211581291759465,0.38581560283687943,0.43847487001733104,0.7868852459016393,0.5783624404626899,0.5563258232235702,0.35752586095381955,0.10690724273619115,0.028541980496313325,0.01902798699754222,0.6109185441941074,0.158578856152513,0.14914250126227324,0.1464047327944852,1.505727215446052,23.030610439521464,9.26617733583145,0.021613118461737472,0.08355641839872813,0.0528830279536151,114.38437702120203,107.2482493000121,7.138716111614166,0.07499448772569654,43.9,74.6,67.4,19.9,64.5,Guard,Guard,77.0,205.0,1998-09-02,72.6
1629639,Tyler,Herro,119,4132.216666666666,2715,975,2113,383,1003,382,438,592,1110,612,291,99,20,54,567,621,1114.8855833333334,1001.9347166666666,10671.003,78990.735,37647.98166666667,55.0733,559.6759500000001,308.1697833333333,468358.13,463752.37666666665,4639.683333333334,546.7567333333334,0.5333333333333333,0.3818544366899302,0.461429247515381,0.8721461187214612,0.5887531877244419,0.5520586843350687,0.6570323434153582,0.14810452823948406,0.023958085450504776,0.004840017262728238,0.47468054898248935,0.20728821580690962,0.26980327346500876,0.2424690662396696,2.582391936531241,19.115826049779578,9.110844058677143,0.013327786135770552,0.1354420629766913,0.0745773535592277,113.3430717169558,112.22847543489573,1.1228073713462914,0.13231560139231166,62.5,73.7,79.0,39.5,32.4,Guard,Guard,77.0,195.0,2000-01-20,61.5
1629640,Keldon,Johnson,146,3876.383333333333,2063,762,1632,214,641,325,415,548,991,320,177,100,42,207,541,748,812.8589333333333,481.6115,4510.3165,53287.845,29007.846666666668,190.61101666666667,532.0234666666666,358.3107,424094.4083333333,449996.155,-25901.876666666667,387.9563,0.5529767911200807,0.3338533541341654,0.46691176470588236,0.7831325301204819,0.5684448363275654,0.5324754901960784,0.532197108129141,0.08255117527936263,0.025797242274800826,0.010834841755416347,0.39276960784313725,0.2542892156862745,0.2096951883843617,0.12424248547830237,1.163537274865317,13.746794477670338,7.4832244833027355,0.04917238577196098,0.1372473826547942,0.09243427937553476,109.40466199163309,116.08659833263825,-6.681969877420104,0.10008202663135311,66.5,50.0,55.8,64.6,27.1,Forward-Guard,Wing,78.0,220.0,1999-10-11,58.2
1629642,Nassir,Little,45,458.31666666666666,152,57,124,21,70,17,20,36,54,21,14,10,10,14,61,75,61.43105,33.23461666666667,139.625,5253.213333333333,3683.846666666667,16.209616666666665,55.8283,36.464933333333335,47676.295,51803.57666666667,-4137.224999999999,31.776866666666667,0.6666666666666666,0.3,0.4596774193548387,0.85,0.5722891566265059,0.5443548387096774,0.33164842357903923,0.04581984799447253,0.021818975235463108,0.021818975235463108,0.5645161290322581,0.16129032258064516,0.1340362558638496,0.07251452780101095,0.3046474417251536,11.46197316266046,8.037775919124332,0.035367722462635004,0.1218116295138005,0.07956274773628132,104.02478999236335,113.03009563984145,-9.027000981853885,0.06933386668606131,61.3,55.5,27.1,50.9,43.2,Forward-Guard,Wing,78.0,220.0,2000-02-11,58.2
1629643,Chuma,Okeke,56,628.4333333333333,160,60,152,34,110,6,10,26,42,35,19,14,11,39,88,127,75.34745,54.39638333333333,228.64166666666665,10475.818333333333,5475.486666666667,33.93865,88.11746666666667,61.06093333333333,65879.51333333334,70252.135,-4369.706666666667,49.000099999999996,0.6190476190476191,0.3090909090909091,0.39473684210526316,0.6,0.5115089514066496,0.506578947368421,0.2546013896992521,0.0556940539967114,0.02227762159868456,0.017503845541823583,0.7236842105263158,0.06578947368421052,0.1198972842518432,0.0865587174454994,0.36382803797804064,16.66973691189731,8.712915716331619,0.054005171590728276,0.1402176841881929,0.09716374051875033,104.83134779610674,111.78932000212168,-6.953333686946376,0.07797183472126452,43.7,44.6,38.4,67.6,45.0,Forward,Forward,79.0,229.0,1998-08-18,49.9
1629645,Kevin,Porter Jr.,75,1482.05,771,293,652,55,177,130,169,238,475,256,136,81,13,42,236,278,368.46985,401.7515333333333,2980.812,33566.51,17907.463333333333,43.008633333333336,225.32805,137.53896666666665,161769.71166666667,160142.91833333333,1614.8883333333329,166.99571666666668,0.5010526315789474,0.3107344632768362,0.4493865030674847,0.7692307692307693,0.5307285643482571,0.4915644171779141,0.5202253635167504,0.17273371343746838,0.05465402651732398,0.008771633885496441,0.2714723926380368,0.25920245398773006,0.2486217401572147,0.2710782587182169,2.0112762727303397,22.64870281029655,12.082900936765517,0.029019691193504494,0.15203808913329508,0.09280318927611528,109.15266803864017,108.0550037673043,1.0896314789199641,0.1126788682343151,52.9,34.3,77.3,58.5,67.4,Guard-Forward,Wing,77.0,203.0,2000-05-04,20.5
1629646,Charles,Bassey,55,580.8333333333334,220,97,157,0,1,26,39,97,156,38,38,22,47,79,149,228,83.61588333333333,53.18166666666667,366.06666666666666,9001.535,8281.966666666667,70.49098333333333,144.37308333333334,105.14206666666666,59651.655,67947.755,-8301.316666666668,68.59916666666666,0.6217948717948718,0.0,0.6178343949044586,0.6666666666666666,0.6316031235645384,0.6178343949044586,0.37876614060258246,0.06542324246771879,0.037876614060258246,0.08091822094691535,0.006369426751592357,0.2484076433121019,0.14395847919655666,0.0915609756097561,0.6302439024390244,15.497621233859396,14.258766140602582,0.12136180774748923,0.2485619799139168,0.18101934002869438,102.70012338593973,116.98322238163558,-14.292080344332856,0.11810473457675752,73.6,24.1,34.1,96.8,56.0,Center-Forward,Big,82.0,230.0,2000-10-28,25.1
1629647,Darius,Bazley,9,151.83333333333334,48,18,30,2,8,10,12,16,22,7,8,6,7,8,20,28,17.742350000000002,8.4524,118.1,2291.9700000000003,2095.3983333333335,7.938,19.831383333333335,13.743266666666667,17316.586666666666,19029.621666666666,-1710.73,13.424133333333334,0.7272727272727273,0.25,0.6,0.8333333333333334,0.6802721088435374,0.6333333333333333,0.31613611416026344,0.04610318331503842,0.03951701427003293,0.04610318331503842,0.26666666666666666,0.4,0.11685411635565314,0.05566893523600439,0.7778265642151481,15.09530186608123,13.800647639956093,0.05228100987925356,0.13061284302963777,0.09051547749725576,114.04996706915476,125.33230515916574,-11.267156970362239,0.08841361141602634,82.0,44.6,26.0,63.2,50.3,Forward,Forward,81.0,216.0,2000-06-12,60.1
1629650,Moses,Brown,35,318.5833333333333,151,67,114,0,0,17,42,67,114,9,22,11,11,49,81,130,60.47391666666667,14.955583333333333,36.75833333333333,1576.3583333333331,4575.41,41.348600000000005,75.19725,58.533116666666665,33018.87666666666,36402.35,-3382.0983333333334,32.54535,0.5877192982456141,,0.5877192982456141,0.40476190476190477,0.5698973429951691,0.5877192982456141,0.4739733193826838,0.028250065393669893,0.03452785770337431,0.03452785770337431,0.0,0.3684210526315789,0.18982134449385302,0.046944023018571805,0.11538059115877583,4.948025111169239,14.361736855872351,0.12978896154852212,0.23603635888046037,0.18372937483651583,103.64282500653937,114.26319644258436,-10.61605545383207,0.10215647397331938,77.1,20.7,7.6,97.0,55.9,Center,Big,86.0,258.0,1999-10-13,89.9
1629651,Nic,Claxton,141,3997.45,1565,686,1150,6,26,187,350,680,1124,304,180,108,246,350,871,1221,641.1905333333333,494.05235,4532.582666666666,67962.77833333334,40746.33666666667,333.9640333333333,896.1919333333333,605.43375,424996.01166666666,459860.7583333333,-34854.486666666664,491.79595,0.604982206405694,0.23076923076923078,0.5965217391304348,0.5342857142857143,0.6000766871165644,0.5991304347826087,0.3914995809828766,0.07604848090657795,0.02701722347996848,0.061539231259928204,0.022608695652173914,0.30434782608695654,0.16039988826210042,0.12359187732179265,1.133868507840415,17.001533060659504,10.193082256605253,0.08354426780405842,0.22419090503529332,0.1514549900561608,106.31677986382986,115.03852664406892,-8.719180144008472,0.12302741747864264,74.6,26.1,53.7,89.9,50.2,Center,Big,83.0,215.0,1999-04-17,31.8
1629652,Luguentz,Dort,150,4319.333333333333,1579,546,1250,326,809,161,201,220,441,228,125,151,86,163,414,577,618.6292166666667,278.76548333333335,2834.6383333333333,58353.32833333333,31023.828333333335,161.18395,398.87763333333334,282.27886666666666,518783.3566666667,475305.8,43484.558333333334,259.10108333333335,0.4988662131519274,0.40296662546353523,0.4368,0.8009950248756219,0.5898658139326379,0.5672,0.36556567371507953,0.05278592375366569,0.034959098626331224,0.019910480012347586,0.6472,0.1608,0.14322330992437107,0.06453900679117149,0.6562675567217163,13.50979973761383,7.182550162062047,0.037316858311467825,0.0923470365797191,0.06535241549621855,120.10727504244484,110.04147244945209,10.067423599320884,0.059986359777743484,41.2,81.3,34.6,36.7,64.6,Guard,Guard,76.0,220.0,1999-04-19,72.2
1629655,Daniel,Gafford,131,3040.4333333333334,1515,631,883,0,0,253,371,631,883,195,140,88,255,350,600,950,491.4097,266.87688333333335,2777.4083333333333,42587.35333333333,30606.03,344.16495,551.4606666666666,451.04446666666666,347433.765,349674.61666666664,-2275.4316666666664,393.6917,0.7146092865232163,,0.7146092865232163,0.6819407008086253,0.724021257072947,0.7146092865232163,0.49828423579972153,0.06413559470689485,0.028943242739521778,0.08386962384747788,0.0,0.420158550396376,0.16162488899608607,0.08777593654413297,0.9134909497549691,14.007001195005097,10.066338131625974,0.11319601920778835,0.18137568109808908,0.1483487441483122,114.27113404887461,115.00815125037,-0.7483905802900901,0.1294853913367612,92.6,39.9,40.9,90.1,53.7,Forward-Center,Big,82.0,265.0,1998-10-01,56.7
1629656,Quentin,Grimes,126,3038.0333333333333,1451,506,1151,243,661,196,259,263,490,294,169,109,29,74,350,424,598.3190166666667,455.0744833333333,3168.1246666666666,50391.151666666665,27949.131666666668,73.04126666666667,334.56625,202.56361666666666,336304.22833333333,350093.6566666667,-13788.615,274.6134,0.536734693877551,0.367624810892587,0.43961772371850566,0.7567567567567568,0.5735359220844928,0.5451781059947871,0.47761161277580894,0.09677313174092889,0.035878474012793364,0.009545649049275299,0.5742832319721981,0.22502172024326672,0.1969428742278448,0.14979245893725107,1.0428209038742169,16.586767206855313,9.199744900758166,0.024042286128087252,0.11012593124938283,0.0666759032707563,110.6980047399085,115.23693727301654,-4.538664816054245,0.09039183243545715,59.3,65.7,59.1,35.6,37.9,Guard,Guard,77.0,207.0,2000-05-08,75.7
1629659,Talen,Horton-Tucker,109,1732.4,895,317,756,101,304,160,207,216,452,260,105,66,30,40,181,221,385.43036666666666,381.2203666666667,3485.8,36206.066666666666,14479.206666666667,35.13405,169.64698333333334,102.91031666666667,194310.06166666668,198352.96166666667,-4033.0149999999994,152.08006666666668,0.4778761061946903,0.33223684210526316,0.4193121693121693,0.7729468599033816,0.5282854039760116,0.4861111111111111,0.5166243361810205,0.1500808127453244,0.038097437081505425,0.01731701685522974,0.4021164021164021,0.27380952380952384,0.22248347186946815,0.22005331717078427,2.0121219117986606,20.899368890941275,8.357888863234049,0.02028056453474948,0.09792598899407373,0.05940332294312322,112.16235376741322,114.4960526822135,-2.3279929577464786,0.08778576926037097,47.8,43.3,78.8,26.0,49.8,Guard,Guard,76.0,234.0,2000-11-25,73.9
1629660,Ty,Jerome,72,1407.2333333333333,882,321,622,111,254,129,148,210,368,240,93,78,3,51,123,174,321.44831666666664,340.61105,2651.013,32871.333333333336,12569.886666666667,50.711133333333336,111.73365,83.84521666666667,169639.91999999998,155776.11833333332,13861.936666666666,187.98021666666668,0.5706521739130435,0.43700787401574803,0.5160771704180064,0.8716216216216216,0.6418092909535452,0.6053054662379421,0.6267617310562096,0.1705474098112135,0.05542790818864438,0.0021318426226401687,0.40836012861736337,0.2379421221864952,0.22842574081531133,0.2420430513774072,1.8838475021910603,23.358836487670846,8.932340052585452,0.036036051827462875,0.0793995191510529,0.05958160219816662,120.54853731908945,110.69672288414618,9.850489139446195,0.13358141270104462,76.2,81.6,80.4,29.8,55.6,Guard-Forward,Wing,77.0,195.0,1997-07-08,14.8
1629661,Cameron,Johnson,115,3398.8166666666666,1846,631,1366,297,761,287,334,334,605,332,156,102,40,109,389,498,708.2497333333333,526.8124833333334,4308.081666666667,56060.236666666664,25240.676666666666,102.62166666666667,402.65953333333334,246.07881666666665,378315.75166666665,394056.4083333333,-15724.421666666665,378.4063,0.5520661157024793,0.3902759526938239,0.46193265007320644,0.8592814371257484,0.6100623942470389,0.5706442166910688,0.5431302070818765,0.09768105566152926,0.030010444811674652,0.011768801886931236,0.5571010248901903,0.2445095168374817,0.20838126995179695,0.1549987936978066,1.2675239911930134,16.49404547661196,7.426313079552197,0.030193351607667375,0.11847050689210462,0.07240132104801181,111.30807830176188,115.93929504876698,-4.626440084539227,0.11133471943666669,69.6,81.4,65.3,44.2,33.3,Forward,Forward,80.0,210.0,1996-03-03,42.9
1629667,Jalen,McDaniels,54,545.3666666666667,169,65,189,12,71,27,37,53,118,38,30,20,6,18,61,79,94.68811666666667,55.68866666666666,248.40916666666666,8894.173333333332,5682.928333333333,16.998266666666666,59.59156666666667,38.01665,55030.66333333333,62634.64833333333,-7607.793333333333,15.2515,0.4491525423728814,0.16901408450704225,0.3439153439153439,0.7297297297297297,0.4116328916601715,0.37566137566137564,0.30988325896950064,0.06967789254935518,0.03667257502597641,0.011001772507792922,0.37566137566137564,0.19576719576719576,0.17362285312633702,0.10211234032149623,0.4554901900861805,16.308611943035263,10.420380783570685,0.03116851048224436,0.10926880997494041,0.0697084224680643,100.90580649104577,114.84869201149074,-13.94986858993949,0.02796558890043396,24.3,22.4,39.3,40.5,41.3,Forward,Forward,81.0,190.0,1998-01-31,45.9
1629669,Jaylen,Nowell,21,381.8333333333333,148,60,151,14,56,14,20,46,95,37,15,5,6,12,32,44,74.32560000000001,60.75808333333333,394.1963333333333,6746.69,2568.39,11.420566666666666,30.556533333333334,20.51878333333333,39372.31166666667,42818.35166666667,-3449.003333333333,23.685216666666665,0.4842105263157895,0.25,0.3973509933774834,0.7,0.46307884856070086,0.44370860927152317,0.3876036665211698,0.09690091663029245,0.013094718463553034,0.01571366215626364,0.3708609271523179,0.13245033112582782,0.1946545613269315,0.15912199912701877,1.0323780008729813,17.669201222173722,6.726468790920995,0.029909821038847664,0.08002584024443475,0.05373753819292885,103.11386730685291,112.13885202968137,-9.032745525971192,0.06203024879965081,28.8,24.8,66.4,23.7,37.9,Guard,Guard,76.0,201.0,1999-07-09,57.2
1629670,Jordan,Nwora,52,711.4,364,138,299,44,131,44,53,94,168,62,53,26,13,28,121,149,151.85621666666665,95.73446666666666,643.3093333333334,9508.645,8660.13,24.652066666666666,116.09568333333334,72.52453333333334,73435.745,83040.40833333334,-9605.986666666666,74.66256666666666,0.5595238095238095,0.33587786259541985,0.46153846153846156,0.8301886792452831,0.5646562422437329,0.5351170568561873,0.5116671352263144,0.08715209446162497,0.03654765251616531,0.018273826258082656,0.43812709030100333,0.17725752508361203,0.21346108612126322,0.13457192390591322,0.9042863836566396,13.366102052291257,12.173362384031487,0.03465289101302596,0.16319325742667043,0.10194620935245058,103.22708040483553,116.72815340642865,-13.502933183394246,0.10495159778839847,61.0,54.5,45.9,65.0,43.0,Forward,Forward,80.0,225.0,1998-09-09,59.3
1629673,Jordan,Poole,146,4346.483333333334,2747,947,2243,419,1186,434,493,528,1057,646,392,172,52,63,352,415,1164.4122333333332,1023.5453666666667,9083.653833333334,80470.48,49465.33833333333,58.83275,335.7865,194.30311666666665,464192.34,516553.71166666667,-52337.71166666667,384.83209999999997,0.49952696310312206,0.35328836424957843,0.4222024074899688,0.8803245436105477,0.5583514911054018,0.5156041016495765,0.6320051842677413,0.14862590063231193,0.03957222122098708,0.01196369478774028,0.5287561301827909,0.219794917521177,0.26789754935982724,0.23548816092703295,2.089885808067058,18.513928118133816,11.380542507544412,0.01353571277929667,0.07725475384314522,0.044703522771282526,106.79722074167239,118.84405668950761,-12.041392466706801,0.08853872671009895,52.8,65.1,71.9,9.9,37.0,Guard,Guard,76.0,194.0,1999-06-19,47.0
1629674,Neemias,Queta,90,1196.3333333333333,464,199,307,0,3,66,89,199,304,65,53,31,63,142,216,358,170.79806666666667,92.72943333333333,419.77983333333333,15730.335,16005.095,141.06161666666668,208.30275,174.17065,144636.355,130042.49833333334,14597.451666666666,129.20383333333334,0.6546052631578947,0.0,0.6482084690553745,0.7415730337078652,0.6702103073723134,0.6482084690553745,0.3878517692950683,0.054332683198662586,0.025912510448592923,0.052660908331011426,0.009771986970684038,0.2899022801302932,0.14276795764837003,0.07751136806910003,0.3508886876567289,13.148789356366676,13.378457787684592,0.11791163276678743,0.17411765115631098,0.14558705767623295,120.89971161883534,108.70089022011703,12.201826414042909,0.1079998606854277,79.8,28.5,23.1,89.2,68.9,Center,Big,84.0,248.0,1999-07-13,66.1
1629675,Naz,Reid,161,4163.933333333333,2228,832,1774,344,870,220,291,488,904,287,219,121,145,165,738,903,900.6259833333334,444.19553333333334,3881.547,49917.348333333335,37223.621666666666,162.22423333333333,715.3306666666666,442.57116666666667,475110.7583333333,447176.865,27960.641666666666,472.9193666666667,0.5398230088495575,0.3954022988505747,0.4689966178128523,0.7560137457044673,0.5856869466467582,0.5659526493799324,0.5350710065803167,0.06892521494100129,0.029059062745160825,0.034822843785523305,0.4904171364148816,0.16403607666290868,0.21629212363310332,0.10667690805168191,0.9321827919114939,11.988027746201508,8.939533533998302,0.03895937334891689,0.17179205558846602,0.10628680414351814,114.10143253974607,107.39289734065547,6.714959013112602,0.11357515330056517,58.2,71.2,45.7,68.8,72.1,Center-Forward,Big,81.0,264.0,1999-08-26,45.4
1629677,Luka,Samanic,43,404.4,177,60,158,13,64,44,56,47,94,19,28,5,7,22,80,102,85.5037,29.91668333333333,234.6205,3192.7166666666667,4370.415,20.698916666666666,76.31426666666667,48.833983333333336,43068.39166666666,45378.77333333333,-2306.4783333333335,29.668016666666666,0.5,0.203125,0.379746835443038,0.7857142857142857,0.48455978975032854,0.4208860759493671,0.43768545994065283,0.046983184965380814,0.012363996043521267,0.017309594460929775,0.4050632911392405,0.35443037974683544,0.21143348170128584,0.07397795087372239,0.5801693867457962,7.894947246950215,10.8071587537092,0.05118426475436861,0.18870985822617872,0.12075663534454337,106.49948483349819,112.21259479063633,-5.703457797560172,0.07336304813715794,52.0,30.1,23.6,77.9,39.2,Forward,Forward,82.0,227.0,2000-01-09,80.2
1629678,Admiral,Schofield,23,84.36666666666667,26,10,26,6,16,0,2,4,10,7,5,1,0,3,14,17,14.060649999999999,12.156416666666667,4.016666666666667,1664.885,637.1916666666666,2.9432333333333336,12.705666666666668,7.676066666666667,7695.403333333334,8040.1900000000005,-345.9949999999999,-1.5384833333333328,0.4,0.375,0.38461538461538464,0.0,0.4836309523809524,0.5,0.3081785855393125,0.08297115764519952,0.011853022520742789,0.0,0.6153846153846154,0.07692307692307693,0.16666120110628208,0.14409028052153297,0.047609640458316865,19.733919399446858,7.552647175029631,0.03488621098380087,0.15060055314105097,0.09098459107072303,91.21378901619913,95.30055314105097,-4.1010865270644,-0.018235677597787426,14.3,54.1,51.3,60.4,42.2,Forward,Forward,77.0,241.0,1997-03-30,43.2
1629680,Matisse,Thybulle,80,1799.6833333333334,466,168,405,101,279,29,44,67,126,118,53,146,58,44,144,188,198.86433333333332,163.41733333333335,1176.917,33433.19666666666,14374.896666666666,39.68915,154.34453333333335,92.0538,193951.05833333335,204253.8,-10302.560000000001,125.86983333333333,0.5317460317460317,0.36200716845878134,0.4148148148148148,0.6590909090909091,0.5490621170704119,0.5395061728395062,0.2589344421703818,0.0655670905066632,0.08112538316926125,0.032227891943953105,0.6888888888888889,0.10864197530864197,0.11049962493401616,0.09080338207647642,0.6539578259138181,18.577266370935625,7.987458904807326,0.02205340754391976,0.08576205073114715,0.05114999861086672,107.76954742037951,113.49429992313462,-5.724651559070578,0.06993998944258711,34.1,59.9,47.0,20.1,69.0,Guard-Forward,Wing,77.0,202.0,1997-03-04,19.2
1629684,Grant,Williams,92,2608.6,950,330,728,153,410,137,177,177,318,211,137,62,52,104,296,400,404.5536666666667,298.67306666666667,3563.2606666666666,46826.71166666666,30762.05,101.54525,303.27093333333335,200.60921666666667,291149.0233333333,302851.38166666665,-11711.045,171.15361666666666,0.5566037735849056,0.37317073170731707,0.4532967032967033,0.7740112994350282,0.5894177793219835,0.5583791208791209,0.36418001993406424,0.08088629916430269,0.023767538143065245,0.019934064249022464,0.5631868131868132,0.24313186813186813,0.1550845919905952,0.1144955403920366,1.3659666743336145,17.95089767180352,11.792551560223876,0.038927106493904774,0.11625812057553223,0.07690301949960388,111.61121802243859,116.09728653939533,-4.489398527946025,0.06561129213626722,60.8,70.2,52.4,50.0,33.4,Forward,Forward,79.0,236.0,1998-11-30,58.2
1629685,Dylan,Windler,17,108.41666666666666,43,15,30,13,27,0,0,2,3,10,2,2,0,3,13,16,13.9695,11.980683333333333,64.69999999999999,2364.9566666666665,532.415,3.3210499999999996,11.706949999999999,7.6400500000000005,11785.234999999999,12163.484999999999,-376.59000000000026,8.9146,0.6666666666666666,0.48148148148148145,0.5,,0.7166666666666667,0.7166666666666667,0.3966179861644889,0.09223674096848579,0.018447348193697158,0.0,0.9,0.0,0.12885011529592622,0.11050591852421215,0.596771714066103,21.81358954650269,4.910822444273636,0.03063228285933897,0.10798109146810146,0.07046933128362799,108.70316679477325,112.19202152190623,-3.4735434281322086,0.08222536510376634,63.6,98.5,56.9,40.4,26.0,Guard-Forward,Wing,79.0,196.0,1996-09-22,44.7
1629716,Marques,Bolden,11,121.28333333333333,37,17,25,0,1,3,4,17,24,4,3,3,7,10,24,34,13.38305,6.008333333333333,120.13333333333333,1130.3866666666665,951.86,10.874783333333333,20.438033333333333,16.732816666666665,12757.838333333333,13745.451666666668,-987.6133333333333,18.03605,0.7083333333333334,0.0,0.68,0.75,0.6913303437967114,0.68,0.3050707709220833,0.032980623883468466,0.024735467912601346,0.05771609179606981,0.04,0.16,0.11034533461591316,0.04953964545829325,0.9905180706335027,9.320214374055242,7.848234162429573,0.08966428473271953,0.16851477257111447,0.13796468324859143,105.1903669094407,113.33339288168202,-8.143025972241308,0.14871004534835783,66.3,30.1,30.9,84.9,53.4,Center,Big,82.0,249.0,1998-04-17,44.2
1629717,Armoni,Brooks,10,104.01666666666667,42,15,46,11,32,1,2,4,14,5,3,1,1,7,11,18,19.562033333333332,5.557266666666667,28.866666666666667,795.3933333333334,642.1733333333334,5.6775,9.813183333333333,7.9245833333333335,13248.574999999999,11834.625,1414.7800000000002,4.765666666666666,0.2857142857142857,0.34375,0.32608695652173914,0.5,0.44795221843003413,0.44565217391304346,0.40378144528120496,0.04806921967633392,0.009613843935266785,0.009613843935266785,0.6956521739130435,0.043478260869565216,0.18806633552315333,0.053426694439993594,0.27751962826470117,7.6467873738183,6.1737542060567225,0.05458259894247717,0.09434241307482776,0.0761857074186829,127.36973241467713,113.77623778240667,13.601474122736743,0.0458163755808364,16.3,47.8,22.8,49.7,25.5,Guard,Guard,75.0,195.0,1998-06-05,39.2
1629718,Charlie,Brown Jr.,8,37.28333333333333,6,2,10,2,7,0,0,0,3,0,2,0,2,1,1,2,5.713566666666667,0.0,0.0,0.0,165.63833333333335,0.8207833333333333,1.1091666666666666,0.9538833333333333,3884.3999999999996,3895.29,-10.8900000000001,-1.2591666666666665,0.0,0.2857142857142857,0.2,,0.3,0.3,0.16092981671881987,0.0,0.0,0.05364327223960662,0.7,0.0,0.15324720607957087,0.0,0.0,0.0,4.442691104157355,0.022014751899865893,0.029749664729548504,0.025584711667411712,104.18596334376396,104.47805096110864,-0.2920876173446607,-0.033772910147519,2.6,40.4,16.1,9.7,64.7,Guard,Guard,78.0,199.0,1997-02-02,73.4
1629723,John,Konchar,101,1731.85,347,129,299,61,182,28,33,68,117,152,62,81,65,109,299,408,155.13811666666666,208.34061666666668,1732.3283333333334,47311.676666666666,19566.031666666666,98.60170000000001,300.6967833333333,195.25345,188684.85333333333,192341.71333333335,-3679.325,152.21631666666667,0.5811965811965812,0.33516483516483514,0.431438127090301,0.8484848484848485,0.553393722888492,0.5334448160535117,0.2003637728440685,0.0877674163466813,0.04677079423737622,0.0375321188324624,0.6086956521739131,0.11036789297658862,0.08957941892581152,0.120299458190182,1.0002761979001262,27.318576474098027,11.297763470662394,0.0569343187920432,0.17362749853239792,0.11274270288997315,108.9498821106524,111.06141601947822,-2.124505586511534,0.08789232131343169,43.6,61.2,57.0,76.6,75.1,Guard,Guard,77.0,210.0,1996-03-22,78.2
1629726,Garrison,Mathews,113,1821.65,678,205,483,170,411,98,120,35,72,97,50,46,23,30,149,179,236.91076666666666,133.63148333333334,592.9833333333333,24289.713333333333,12567.895,29.272383333333334,149.53351666666666,88.18141666666666,200740.325,207990.39166666666,-7254.111666666667,98.33446666666667,0.4861111111111111,0.41362530413625304,0.4244306418219462,0.8166666666666667,0.6326987681970885,0.6004140786749482,0.37219004748442347,0.05324842862240276,0.02525183213021162,0.01262591606510581,0.8509316770186336,0.2484472049689441,0.13005284586318264,0.0733573866183588,0.3255199041162316,13.33390790400644,6.89918206022013,0.016069158912707344,0.08208685349362756,0.048407441971106774,110.19697801443746,114.17692293616592,-3.982165436097311,0.053980987932186024,49.5,89.7,31.7,14.3,34.4,Guard,Guard,77.0,215.0,1996-10-24,81.7
1629731,Dean,Wade,113,2360.6,611,208,503,159,424,36,56,49,79,119,42,82,45,88,379,467,238.19095000000002,146.92253333333335,829.4166666666666,40773.385,13521.746666666666,84.01071666666667,362.16853333333336,225.37963333333335,274616.545,251665.4,22946.228333333336,190.3693,0.620253164556962,0.375,0.4135188866799205,0.6428571428571429,0.5789932529755136,0.5715705765407555,0.2588325002118106,0.050410912479878,0.034736931288655425,0.019062950097432856,0.8429423459244533,0.11133200795228629,0.10090271541133611,0.06223948713603887,0.3513584117032393,17.27246674574261,5.728097376373238,0.03558871332147194,0.15342223728430626,0.09547557118246774,116.3333665169872,106.61077692112175,9.720506792058519,0.08064445479962722,52.1,69.7,35.3,62.4,70.6,Forward-Center,Big,81.0,228.0,1996-11-20,13.9
1629750,Javonte,Green,77,1488.2833333333333,457,168,362,56,168,65,89,112,194,61,39,75,39,79,206,285,178.75146666666666,84.54068333333333,563.575,19596.33,12757.341666666667,72.30618333333334,202.68810000000002,136.26166666666666,164368.79,173123.12,-8743.435,107.84023333333333,0.5773195876288659,0.3333333333333333,0.46408839779005523,0.7303370786516854,0.5695981653205703,0.5414364640883977,0.3070651869603682,0.04098681926604477,0.05039363024513702,0.026204687727471247,0.46408839779005523,0.24585635359116023,0.12010580422634579,0.0568041591542829,0.37867453553870795,13.167069442422479,8.571850118145067,0.048583614231161185,0.13618918888652476,0.09155626728781481,110.44186702800766,116.32403328219313,-5.874845739498527,0.07245947792199066,59.3,49.9,25.7,64.1,54.9,Guard,Guard,77.0,205.0,1993-07-23,72.6
1629875,Xavier,Moon,14,119.25,33,15,46,2,17,1,2,13,29,21,5,3,3,8,10,18,20.801633333333335,28.556283333333337,84.75,3479.465,801.4766666666667,6.6642,8.894333333333332,8.230883333333333,11167.39,12860.576666666668,-1689.7,8.023716666666669,0.4482758620689655,0.11764705882352941,0.32608695652173914,0.5,0.35196245733788395,0.34782608695652173,0.27672955974842767,0.1761006289308176,0.025157232704402517,0.025157232704402517,0.3695652173913043,0.043478260869565216,0.17443717679944096,0.2394656883298393,0.710691823899371,29.1779035639413,6.720978336827393,0.05588427672955975,0.07458560447239691,0.0690220824598183,93.64687631027253,107.8455066387142,-14.169392033542977,0.06728483577917542,12.3,15.5,76.6,41.5,62.9,Guard,Guard,72.0,165.0,1995-01-02,3.8
1630162,Anthony,Edwards,158,5641.45,4226,1439,3170,510,1343,838,1002,929,1827,764,490,192,93,113,767,880,1746.9057,1263.67995,10353.468833333332,90402.28166666666,57595.91333333333,113.10549999999999,747.8723833333333,437.13100000000003,654943.4283333333,621153.98,33765.27333333334,806.9377666666667,0.5084838533114395,0.379746835443038,0.45394321766561513,0.8363273453093812,0.5851759127968805,0.534384858044164,0.7490981928404932,0.1354261758944952,0.034033803366155864,0.016485123505481748,0.42365930599369084,0.3160883280757098,0.3096554431927962,0.22399914029194623,1.835249595996301,16.02465353174568,10.209416609795944,0.020049012222035114,0.13256740436117193,0.0774855755169327,116.09487424923262,110.10537716367246,5.985211839745693,0.14303729833051196,66.3,68.7,69.2,44.1,60.7,Guard,Guard,76.0,225.0,2001-08-05,73.2
1630163,LaMelo,Ball,69,2215.85,1710,589,1426,249,725,283,333,340,701,522,250,94,17,76,269,345,739.55535,886.26205,5992.468,49778.22,23629.226666666666,69.55318333333334,266.4884666666667,162.5187,249244.50666666668,260849.30333333334,-11625.576666666666,294.29195,0.48502139800285304,0.34344827586206894,0.41304347826086957,0.8498498498498499,0.5437132755068298,0.5003506311360448,0.7717128867026198,0.23557551278290498,0.04242164406435454,0.007671999458447098,0.5084151472650772,0.2335203366058906,0.33375695557009727,0.3999648216260126,2.7043653676918566,22.464616287203558,10.663730246481787,0.031388940286270886,0.12026466893818025,0.07334372814044272,112.48257177456357,117.71974787703742,-5.246553993576581,0.13281221653090236,51.1,58.8,83.7,45.7,35.3,Guard,Guard,79.0,180.0,2001-08-22,58.1
1630164,James,Wiseman,64,1095.6666666666667,452,189,309,0,3,74,104,189,306,54,66,12,39,110,227,337,174.68971666666667,83.15271666666666,606.2323333333334,12215.781666666666,16536.58,106.39398333333334,227.36575,165.45356666666666,114986.47666666667,129538.81166666666,-14549.646666666666,104.06963333333333,0.6176470588235294,0.0,0.6116504854368932,0.7115384615384616,0.6370504002706054,0.6116504854368932,0.4125342257377548,0.049285062366899904,0.010952236081533312,0.035594767264983264,0.009708737864077669,0.3365695792880259,0.15943691816245817,0.07589234864618193,0.553299969577122,11.149177061149983,15.09271067843018,0.09710433526011561,0.20751361423790687,0.151007210222087,104.94658655308791,118.22830392455126,-13.279263766352296,0.09498293276543959,81.0,26.2,22.3,90.5,31.2,Center,Big,83.0,240.0,2001-03-31,45.0
1630165,Killian,Hayes,48,1170.05,343,135,326,30,95,43,62,105,231,236,60,40,24,16,121,137,171.81405,311.20453333333336,3423.013,43428.49,10673.635,15.121183333333333,121.93716666666667,68.95995,125451.485,137416.59333333332,-11961.901666666667,89.49091666666666,0.45454545454545453,0.3157894736842105,0.41411042944785276,0.6935483870967742,0.48545063405797106,0.4601226993865031,0.29314986539036797,0.20170078201786248,0.034186573223366525,0.020511943934019915,0.29141104294478526,0.1901840490797546,0.14684334002820393,0.2659754141560902,2.9255271142258876,37.11678133413102,9.122375112174694,0.012923536031223736,0.10421534692249619,0.058937609503867366,107.21890944831418,117.4450607523895,-10.22341068045525,0.07648469438627979,24.9,29.1,88.0,23.1,41.6,Guard,Guard,76.0,195.0,2001-07-27,49.6
1630166,Deni,Avdija,147,4417.833333333333,2321,808,1647,213,577,492,645,595,1070,567,356,131,71,194,868,1062,934.0312666666666,815.8389333333333,7643.677,88641.50833333333,53887.236666666664,181.11783333333332,850.1950166666667,512.7061166666666,493443.75166666665,509890.57166666666,-16450.68833333333,525.7346166666666,0.5560747663551402,0.36915077989601386,0.49058894960534305,0.7627906976744186,0.6010461984669567,0.5552519732847602,0.5253706568076357,0.12834345644546724,0.02965254461085751,0.016071226468480027,0.3503339404978749,0.39162112932604737,0.2114229297921304,0.18466946844229828,1.7301868185762252,20.064475421586753,12.197661749726487,0.04099698192930169,0.1924461500735655,0.11605374806654846,111.69360961255518,115.41643452672879,-3.7237005319349605,0.11900281812351454,76.8,59.7,67.2,73.7,38.7,Forward,Forward,80.0,228.0,2001-01-03,62.2
1630167,Obi,Toppin,161,3275.4166666666665,1676,649,1178,212,554,166,214,437,624,256,137,93,71,141,497,638,569.9495666666667,336.1276,2540.7045,48518.49166666667,25739.301666666666,137.69136666666665,498.11485,316.32225,384047.99166666664,381502.415,2534.1249999999995,354.39168333333333,0.7003205128205128,0.38267148014440433,0.5509337860780985,0.7757009345794392,0.658722173311533,0.6409168081494058,0.511690624602468,0.07815799516600942,0.028393334181401858,0.021676631471822923,0.4702886247877759,0.18166383701188454,0.17400826357969726,0.10262132553110291,0.7756889454267905,14.812922020099226,7.858328965780435,0.04203781707161938,0.15207678921256837,0.09657465971250477,117.25164482890217,116.47446838824577,0.7736801933596233,0.10819743544078363,79.1,73.3,48.1,65.2,38.3,Forward,Forward,81.0,220.0,1998-03-04,65.0
1630168,Onyeka,Okongwu,129,3468.7,1549,611,1049,71,217,256,332,540,832,242,135,95,128,365,671,1036,537.0147333333333,333.9214,3135.9756666666667,53240.621666666666,28472.515,347.7006666666667,679.7732,510.51151666666664,403348.26166666666,402174.9816666667,1173.73,386.18986666666666,0.6490384615384616,0.3271889400921659,0.5824594852240229,0.7710843373493976,0.648073769120059,0.6163012392755005,0.44656499553146717,0.06976677141292127,0.027387782166229425,0.03690143281344596,0.20686367969494757,0.31649189704480457,0.1548172898588328,0.09626701646149854,0.9040780888132922,15.348868932645276,8.208410932049471,0.10023947492336227,0.19597347709516533,0.14717661275597965,116.28225608056813,115.9440083220419,0.33837749012598384,0.11133562045338792,84.0,47.9,48.3,89.6,44.6,Forward-Center,Big,82.0,240.0,2000-12-11,32.8
1630169,Tyrese,Haliburton,142,4673.966666666666,2748,976,2054,413,1097,383,449,563,957,1425,279,188,97,77,452,529,1046.6837166666667,1920.635,23074.4725,169186.20666666667,33459.68,74.0265,439.2829,259.5842666666667,560888.4316666666,538197.0733333334,22686.481666666667,693.8284333333334,0.5882967607105538,0.3764813126709207,0.47517039922103216,0.8530066815144766,0.610243564461973,0.5757059396299903,0.5879374407177345,0.3048802230796112,0.04022279434313467,0.02075325027278757,0.5340798442064265,0.21859785783836416,0.22393906317974027,0.4109218436873748,4.936807244382003,36.197563810895815,7.158733124612215,0.015838046199159888,0.09398503055933932,0.05553832219599342,120.00265976793445,115.14782019555126,4.853796204508662,0.1484453105499255,75.2,77.3,95.9,20.3,51.3,Guard,Guard,77.0,185.0,2000-02-29,49.6
1630170,Devin,Vassell,132,4230.966666666667,2364,892,1945,324,875,256,321,568,1070,460,196,157,56,61,455,516,946.2884833333334,707.9388666666666,7735.873833333333,70277.59333333334,29953.988333333335,59.36448333333333,451.57015,251.5712,466395.0783333333,491869.87333333335,-25494.92166666667,433.2803666666667,0.5308411214953271,0.3702857142857143,0.4586118251928021,0.7975077881619937,0.5665695222026229,0.5419023136246787,0.5587375619440789,0.10872219902465156,0.03710735923232673,0.013235745968218452,0.4498714652956298,0.16503856041131104,0.22365774960804857,0.16732319643265128,1.8283939446462192,16.61029236817433,7.079703219910343,0.014030950373831038,0.10672978200411253,0.05945950885928353,110.23369245798831,116.25472665821049,-6.02579119035051,0.10240694403958117,54.4,62.0,71.1,24.9,40.0,Guard-Forward,Wing,77.0,200.0,2000-08-23,17.3
1630171,Isaac,Okoro,124,2940.3333333333335,984,359,747,140,366,126,183,219,381,200,77,89,50,116,220,336,387.2688166666667,258.54046666666665,2129.7083333333335,52447.525,20070.351666666666,113.82596666666667,210.70468333333335,164.45836666666668,342089.6116666667,324674.015,17406.113333333335,179.95486666666667,0.5748031496062992,0.3825136612021858,0.48058902275769744,0.6885245901639344,0.5945475638051044,0.5742971887550201,0.334655934701281,0.0680194989230246,0.030268677020745944,0.01700487473075615,0.4899598393574297,0.24497991967871485,0.13170915429089672,0.08792896496995804,0.724308468427616,17.837271851264028,6.825876317877791,0.038711926085477834,0.07166013490533953,0.055931878471828594,116.34381986169369,110.42081906813286,5.919775535653554,0.061202199297131846,63.2,66.0,48.9,27.5,57.5,Forward-Guard,Wing,76.0,225.0,2001-01-26,43.1
1630172,Patrick,Williams,106,2750.4,995,364,875,155,420,112,149,209,455,190,143,88,65,89,314,403,452.50628333333333,254.38486666666665,2607.9063333333334,39592.556666666664,29471.725,86.24198333333334,300.7542833333333,193.49111666666667,306388.895,314531.2683333333,-8164.008333333333,171.98913333333334,0.4593406593406593,0.36904761904761907,0.416,0.7516778523489933,0.5289402058348218,0.5045714285714286,0.36176556137289123,0.06908086096567771,0.031995346131471786,0.023632926119837114,0.48,0.1702857142857143,0.16452380865813457,0.09249013476827612,0.9481916569711072,14.395199486135349,10.715432300756254,0.031356160316075236,0.10934928858832654,0.07035017330812487,111.39794029959279,114.35837272154352,-2.9682985505138646,0.06253240740740741,29.7,56.3,41.8,41.1,49.3,Forward,Forward,78.0,235.0,2001-08-26,46.0
1630173,Precious,Achiuwa,131,2793.383333333333,944,399,796,36,133,110,181,363,663,152,128,93,110,292,512,804,424.1119,225.24881666666667,1801.8011666666666,34621.941666666666,30889.778333333332,275.9955,522.2194,392.67205,309914.1166666667,313090.7033333333,-3169.326666666667,261.98793333333333,0.5475113122171946,0.2706766917293233,0.5012562814070352,0.6077348066298343,0.5390343063359372,0.5238693467336684,0.33794144496220235,0.054414300460015635,0.03329296014987799,0.03937877006974816,0.1670854271356784,0.22738693467336685,0.15182731812676384,0.08063655781817748,0.6450246713960968,12.394268002362727,11.058195259034743,0.09880330304350161,0.18694870616874398,0.14057220336151502,110.94578855987066,112.08297106853695,-1.1345835098417094,0.09378875079801674,50.6,23.1,30.1,87.7,64.1,Forward,Forward,80.0,243.0,1999-09-19,73.1
1630174,Aaron,Nesmith,117,3116.3,1418,507,1014,224,529,180,217,283,485,162,101,100,66,100,353,453,510.07905,204.49484999999999,2094.6678333333334,37531.318333333336,22933.796666666665,102.37618333333333,342.15891666666664,227.83935,372760.92,354868.6716666667,17873.61666666667,234.61573333333334,0.5835051546391753,0.42344045368620037,0.5,0.8294930875576036,0.6390381079424595,0.6104536489151874,0.4550267945961557,0.051984725475724414,0.03208933671341013,0.02117896223085069,0.5216962524654832,0.21400394477317555,0.16368098385906363,0.06562104097808298,0.672165014065826,12.043551112965162,7.3593032335354955,0.032851838184171395,0.10979652686412304,0.073112136187145,119.61650675480537,113.87500294152254,5.73552503503086,0.07528663265196975,71.7,84.9,33.2,43.8,49.8,Guard-Forward,Wing,77.0,215.0,1999-10-16,37.0
1630175,Cole,Anthony,148,3051.5,1567,562,1306,170,493,273,331,392,813,427,229,109,69,110,405,515,717.3198166666666,673.9575333333333,4648.553666666667,60393.91166666667,33452.85166666667,109.17611666666667,413.99733333333336,258.26193333333333,338024.89166666666,334602.60833333334,3437.61,330.26523333333336,0.4821648216482165,0.3448275862068966,0.43032159264931086,0.824773413897281,0.5397343694028822,0.49540581929555894,0.5135179419957397,0.1399311813862035,0.035720137637227596,0.022611830247419303,0.3774885145482389,0.25344563552833077,0.23507121634168987,0.22086106286525753,1.5233667595171774,19.791548964989897,10.962756567808183,0.035777852422305974,0.1356701075973565,0.08463442023048774,110.77335463433285,109.65184608662406,1.126531214156972,0.10823045496750233,48.1,50.5,70.2,56.2,68.1,Guard,Guard,74.0,185.0,2000-05-15,20.0
1630177,Theo,Maledon,17,213.2,59,20,70,5,30,14,15,15,40,28,18,7,0,4,20,24,37.11933333333333,32.73766666666667,278.2501666666667,4272.643333333333,3518.925,3.33625,19.8704,11.242283333333333,23191.085,26225.93,-3037.3766666666666,8.272266666666667,0.375,0.16666666666666666,0.2857142857142857,0.9333333333333333,0.3851174934725849,0.32142857142857145,0.27673545966228896,0.13133208255159476,0.03283302063789869,0.0,0.42857142857142855,0.21428571428571427,0.17410569105691057,0.15355378361475924,1.3051133520950597,20.04054096310194,16.505276735459663,0.0156484521575985,0.09320075046904315,0.05273116010006254,108.77619606003752,123.0109287054409,-14.246607254534084,0.03880050031269544,20.7,33.3,58.5,18.6,19.9,Guard,Guard,76.0,175.0,2001-06-12,31.8
1630178,Tyrese,Maxey,122,4586.083333333333,3185,1115,2510,373,1047,582,667,742,1463,750,240,160,54,51,381,432,1291.9889166666667,1217.5606500000001,13640.293166666666,91664.91500000001,29428.215,52.27615,389.67428333333334,215.81221666666667,534170.4716666667,527642.0616666666,6536.85,584.9762833333333,0.507177033492823,0.3562559694364852,0.4442231075697211,0.8725637181409296,0.5680440024540928,0.5185258964143427,0.6944923954718079,0.16353824069194847,0.03488815801428234,0.01177475332982029,0.41713147410358564,0.2657370517928287,0.2817194592335508,0.265490302182327,2.9742793959987646,19.987625243036,6.416851343739212,0.011398866134864537,0.08496886231897226,0.04705806697799503,116.47639888793998,115.05287264005234,1.4253665982228847,0.1275546562971308,60.7,60.8,87.1,11.9,40.2,Guard,Guard,74.0,200.0,2000-11-04,37.5
1630180,Saddiq,Bey,63,2061.6666666666665,863,290,697,113,358,170,203,177,339,92,54,51,11,167,244,411,335.78521666666666,122.66745,1383.6455,19804.626666666667,12394.885,152.35378333333333,247.3119,197.84728333333334,244436.51833333334,245700.195,-1258.0100000000002,162.89553333333333,0.5221238938053098,0.31564245810055863,0.41606886657101866,0.8374384236453202,0.5487587750534133,0.4971305595408895,0.4185933710590138,0.04462409054163299,0.024737267582861763,0.005335489086499596,0.5136298421807748,0.29124820659971307,0.1628707599029911,0.05949916734033954,0.671129587712207,9.606124494745352,6.01207033144705,0.07389835893290218,0.11995726758286178,0.0959647291835085,118.5625796281326,119.17551899757478,-0.6101907841552143,0.07901157639450283,55.6,52.3,31.2,66.9,16.1,Guard-Forward,Wing,80.0,215.0,1999-04-09,76.4
1630181,R.J.,Hampton,8,76.01666666666667,10,4,14,1,8,1,2,3,6,8,3,0,0,2,4,6,7.399866666666667,9.168966666666666,74.6,1742.1933333333334,1102.9533333333334,1.9147333333333334,3.0528333333333335,2.8189333333333333,8996.07,8264.676666666666,731.3933333333332,0.10083333333333322,0.5,0.125,0.2857142857142857,0.5,0.33602150537634407,0.32142857142857145,0.131550098662574,0.1052400789300592,0.0,0.0,0.5714285714285714,0.14285714285714285,0.09734531900898927,0.12061784696338522,0.9813637360228019,22.918570488927866,14.509361982021487,0.02518833589125192,0.040160052620039466,0.03708309581232186,118.3433896075422,108.72190309142732,9.621486516114885,0.0013264634948476196,22.7,25.2,52.3,12.2,33.0,Guard,Guard,76.0,175.0,2001-02-07,31.8
1630182,Josh,Green,125,3392.2666666666664,975,359,795,169,435,88,129,190,360,238,130,121,24,96,260,356,415.03518333333335,329.23556666666667,3213.0091666666667,64037.21333333333,36958.04833333333,90.10826666666667,260.81803333333335,173.76143333333334,374963.1533333333,394639.6383333333,-19676.668333333335,175.35038333333333,0.5277777777777778,0.38850574712643676,0.45157232704402517,0.6821705426356589,0.5723443223443223,0.5578616352201258,0.2874184419463879,0.07015957864947725,0.0356693656159107,0.007074915494064932,0.5471698113207547,0.16226415094339622,0.122347452047795,0.09705474215863534,0.9471570139926108,18.877411367030895,10.894794532662527,0.026562848832638944,0.07688606438173101,0.05122281070670545,110.53469263422687,116.33508715902838,-5.8004485692948675,0.05169121433063439,40.8,66.8,47.6,20.3,32.1,Guard,Guard,78.0,200.0,2000-11-16,75.4
1630183,Jaden,McDaniels,154,4719.9,1757,705,1462,186,558,161,207,519,904,264,182,173,116,185,509,694,749.2781,382.45245,3965.3726666666666,62646.67166666667,42419.263333333336,182.11541666666668,495.3675333333333,340.936,538788.3633333333,520598.9916666667,18208.0,341.4630833333333,0.5741150442477876,0.3333333333333333,0.48221614227086185,0.7777777777777778,0.5656501918767868,0.5458276333789329,0.3722536494417255,0.05593338841924617,0.03665331892624844,0.024576791881183925,0.3816689466484268,0.14158686730506156,0.15874872348990446,0.08102977817326638,0.8401391272413964,13.272881134487314,8.98732247152129,0.038584592187687596,0.10495297216748943,0.07223373376554588,114.15249546247449,110.29873337711959,3.8577088497637666,0.07234540632923014,53.8,48.0,38.4,44.3,67.7,Forward,Forward,81.0,185.0,2000-09-29,44.9
1630184,Kira,Lewis Jr.,28,264.25,89,34,92,4,33,17,20,30,59,37,14,9,2,9,17,26,46.7607,51.67595,317.16666666666663,5468.048333333333,2287.765,9.508183333333333,14.36645,11.403683333333333,26310.1,29691.711666666666,-3386.9333333333334,17.368949999999998,0.5084745762711864,0.12121212121212122,0.3695652173913043,0.85,0.44146825396825395,0.391304347826087,0.336802270577105,0.1400189214758751,0.03405865657521287,0.007568590350047304,0.358695652173913,0.21739130434782608,0.17695629139072847,0.19555704824976347,1.2002522863450014,20.692708924629454,8.657578051087985,0.03598177231157364,0.05436688741721855,0.04315490381583097,99.56518448438977,112.36220119836014,-12.817155471460108,0.06572923368022705,38.2,27.7,71.1,18.7,44.3,Guard,Guard,73.0,170.0,2001-04-06,7.9
1630186,Jahmi'us,Ramsey,7,121.08333333333333,47,18,41,6,22,5,6,12,19,8,7,7,0,4,18,22,21.761316666666666,12.209999999999999,42.853833333333334,1552.9016666666666,1263.5349999999999,3.38575,16.044,9.739883333333333,12187.865,13424.164999999999,-1233.5566666666666,10.376766666666665,0.631578947368421,0.2727272727272727,0.43902439024390244,0.8333333333333334,0.5384967919340055,0.5121951219512195,0.38816242257398487,0.06607019958706126,0.057811424638678596,0.0,0.5365853658536586,0.14634146341463414,0.17972181693048864,0.10083964211975223,0.353920165175499,12.825065381968342,10.435251204404679,0.02796214728148658,0.13250378527185136,0.08043950447350309,100.6568341362698,110.86715760495527,-10.187666896077081,0.08569938059187886,58.2,46.6,33.6,49.9,53.9,Guard,Guard,75.0,190.0,2001-06-09,33.1
1630188,Jalen,Smith,125,2009.0,1125,424,803,133,366,144,193,291,437,128,81,34,82,201,493,694,389.91926666666666,176.78648333333334,1023.047,22837.771666666667,15025.506666666666,190.61663333333334,462.5505333333333,328.39948333333336,231602.09833333333,231944.20333333334,-330.253333333334,262.85183333333333,0.665903890160183,0.3633879781420765,0.5280199252801993,0.7461139896373057,0.633503018289936,0.6108343711083437,0.5599800895968143,0.06371329019412643,0.016923842707814832,0.04081632653061224,0.45579078455790784,0.2403486924034869,0.19408624522979923,0.08799725402356065,0.509231956197113,11.367731043636967,7.479097395055583,0.0948813505890161,0.23023919031027043,0.1634641529782645,115.28227891156462,115.45256512361043,-0.16438692550190842,0.13083714949394393,82.8,64.4,37.1,92.6,38.5,Forward-Center,Big,80.0,244.0,2000-03-16,22.7
1630191,Isaiah,Stewart,118,2856.7166666666667,938,362,697,84,228,130,172,278,469,196,134,45,139,204,500,704,376.49426666666665,281.4179833333333,2083.7213333333334,50752.333333333336,33456.815,192.80208333333334,470.9521833333333,334.08841666666666,313705.73,319039.19,-5316.551666666667,259.35045,0.5927505330490405,0.3684210526315789,0.5193687230989957,0.7558139534883721,0.6069783092612724,0.5796269727403156,0.32834897872265945,0.0686102343599587,0.01575234972550072,0.048657258040991115,0.32711621233859395,0.2467718794835007,0.13179265240398358,0.09851098872248443,0.7294112705145185,17.765966756707876,11.711632235141742,0.06749079654381779,0.16485785546343995,0.11694839063493638,109.8133859967445,111.68037548934383,-1.861070693045046,0.09078619977479975,66.1,58.7,42.6,78.4,52.4,Forward-Center,Big,80.0,250.0,2001-05-22,31.9
1630192,Zeke,Nnaji,115,1184.1333333333334,370,139,290,23,75,69,106,116,215,55,41,40,76,94,122,216,158.02168333333333,73.3839,177.46666666666667,14848.136666666667,9052.565,86.40761666666667,109.91493333333334,98.71545,124891.94333333333,132615.57666666666,-7728.526666666667,96.99465000000001,0.5395348837209303,0.30666666666666664,0.4793103448275862,0.6509433962264151,0.5495484790874525,0.5189655172413793,0.31246481252111247,0.04644747213151672,0.03377997973201216,0.0641819614908231,0.25862068965517243,0.36551724137931035,0.1334492315054611,0.06197266636640017,0.14987051007769395,12.539243891453664,7.644886555568067,0.0729711884922869,0.09282310550613669,0.0833651475059115,105.47118286229026,111.99378729872761,-6.526736853957887,0.08191193277784033,56.3,30.0,24.5,55.9,67.4,Forward-Center,Big,82.0,240.0,2001-01-09,32.8
1630193,Immanuel,Quickley,101,2903.133333333333,1720,572,1332,256,658,320,373,316,674,522,159,73,14,33,343,376,688.3217,772.55165,8669.419833333333,67557.685,20967.626666666667,29.27316666666667,339.0434,180.53691666666666,325054.2216666667,328851.2083333333,-3796.9849999999997,356.03523333333334,0.4688427299703264,0.3890577507598784,0.4294294294294294,0.8579088471849866,0.574820201588108,0.5255255255255256,0.5924633154981974,0.17980572714538315,0.025145245367074655,0.0048223758238225365,0.493993993993994,0.28003003003003,0.23709613750660205,0.2661095999724436,2.986228615059591,23.270610489815603,7.222412565733576,0.010083300801432936,0.11678533538475672,0.06218691873148552,111.96668714262752,113.2745797643925,-1.3078920476726295,0.12263826440397732,53.5,74.2,88.4,27.4,29.4,Guard,Guard,74.0,190.0,1999-06-17,25.9
1630194,Paul,Reed,127,2027.0166666666667,784,331,622,29,85,93,127,302,537,153,93,106,109,233,378,611,324.81905,207.43891666666667,1276.0065,32384.968333333334,17941.321666666667,220.93468333333334,398.5005,304.9721,233780.23166666666,224781.04,8996.858333333334,220.29773333333333,0.5623836126629422,0.3411764705882353,0.5321543408360129,0.7322834645669292,0.5782734407269723,0.5554662379421221,0.38677531018491873,0.07548038578863847,0.05229360061173646,0.05377360817621957,0.13665594855305466,0.20418006430868169,0.16024488369607223,0.10233705527828253,0.6294997574432047,15.976666036293075,8.85109726116378,0.10899500086333774,0.19659458481676684,0.15045367165209955,115.33217043109332,110.89254651745998,4.438472796638739,0.10868077059060524,59.2,43.1,44.8,90.7,79.4,Forward,Forward,81.0,210.0,1999-06-14,54.4
1630196,Filip,Petrusev,3,9.316666666666666,3,1,2,0,0,1,2,1,2,0,0,0,0,0,1,1,1.4861000000000002,0.0,0.0,0.0,0.0,0.0,0.5366666666666667,0.4481166666666667,999.575,767.7816666666666,231.79333333333335,0.17978333333333335,0.5,,0.5,0.5,0.5208333333333334,0.5,0.3220035778175313,0.0,0.0,0.0,0.0,1.0,0.1595098389982111,0.0,0.0,0.0,0.0,0.0,0.057602862254025056,0.04809838998211092,107.28890876565296,82.40948121645796,24.879427549194993,0.01929695885509839,49.4,12.0,16.9,7.2,41.9,Center,Big,83.0,225.0,2000-04-15,34.8
1630197,Aleksej,Pokusevski,28,405.3833333333333,146,49,121,18,55,30,41,31,66,35,19,15,13,17,72,89,70.25246666666666,54.856683333333336,156.897,6814.293333333333,4267.541666666666,15.677616666666667,71.70945,44.397933333333334,42101.105,45863.46833333334,-3760.4200000000005,39.51415,0.4696969696969697,0.32727272727272727,0.4049586776859504,0.7317073170731707,0.5250287686996548,0.4793388429752066,0.36015294166015704,0.08633803395962669,0.037002014554125724,0.032068412613575625,0.45454545454545453,0.33884297520661155,0.17329885293754882,0.13532051967273775,0.3870336718332442,16.80950540640546,10.52717592402253,0.038673560004933605,0.1768929408378901,0.10952086502487358,103.85504666365169,113.13604818484563,-9.276207704641699,0.0974735435595938,42.5,42.4,44.7,69.9,61.1,Forward,Forward,84.0,210.0,2001-12-26,65.3
1630198,Isaiah,Joe,152,3048.866666666667,1392,481,1073,339,819,91,108,142,254,218,85,94,31,73,303,376,492.21265,286.75871666666666,1705.5615,47037.85833333333,18461.363333333335,70.18351666666666,290.1956666666667,181.25995,360568.7683333333,322980.61333333334,37583.88166666667,273.44725,0.5590551181102362,0.4139194139194139,0.4482758620689655,0.8425925925925926,0.621140184914147,0.6062441752096924,0.45656309448319593,0.07150197887739707,0.03083112850676754,0.01016771259265738,0.7632805219012115,0.10065237651444547,0.16144118579581482,0.09405420046793343,0.5594083593903746,15.427981435724748,6.055156014256664,0.02301954278092406,0.09518148820326679,0.05945158310191765,118.26321310650951,105.93464675398509,12.32716473881005,0.08968816281459777,57.9,89.7,46.0,27.1,59.7,Guard,Guard,76.0,165.0,1999-07-02,30.1
1630200,Tre,Jones,123,3043.15,1101,431,838,83,239,156,185,348,599,670,151,115,19,89,316,405,440.49426666666665,893.4842333333333,9476.113,117395.39,25829.116666666665,87.55286666666666,297.95671666666664,191.98931666666667,339201.4766666667,341786.60333333333,-2567.1066666666675,333.26285,0.5809682804674458,0.3472803347280335,0.5143198090692124,0.8432432432432433,0.5987600609092887,0.5638424821002387,0.36179616515781343,0.22016660368368302,0.037789790184512756,0.006243530552223847,0.2852028639618138,0.220763723150358,0.1447494427375143,0.29360505835510353,3.113915843780293,38.57693179764389,8.487625212909867,0.028770473577269164,0.09791062440782303,0.0630890086478375,111.46393594356725,112.31342632907787,-0.8435688896921504,0.10951246241558911,64.2,55.9,91.2,32.8,46.0,Guard,Guard,73.0,190.0,2000-01-08,20.7
1630201,Malachi,Flynn,73,920.6166666666667,396,141,338,57,173,57,77,84,165,137,67,41,8,24,97,121,184.77045,205.71106666666665,1171.936,20909.668333333335,10263.535,21.11965,96.03314999999999,57.95721666666667,96736.14166666666,105415.88333333333,-8691.708333333334,79.00083333333333,0.509090909090909,0.32947976878612717,0.4171597633136095,0.7402597402597403,0.5324298160696999,0.5014792899408284,0.43014645980049604,0.1488132954360302,0.0445353657874251,0.008689827470717091,0.5118343195266272,0.22781065088757396,0.20070291652334488,0.22344920976881436,1.2729902058402882,22.71267628582291,11.148543548708293,0.02294076434274128,0.10431393812118687,0.0629547766895378,105.07754765827254,114.5057298549885,-9.441180730307584,0.08581295146369282,48.2,47.0,70.2,31.1,44.5,Guard,Guard,73.0,185.0,1998-05-09,14.9
1630202,Payton,Pritchard,162,4096.65,1931,706,1501,402,1008,117,140,304,493,560,144,109,20,172,400,572,730.3699666666666,799.1342833333333,7250.928333333333,99802.03166666666,25850.90166666667,163.35688333333334,389.0329,277.3447,493794.9816666667,447537.38333333336,46245.83833333333,441.91395,0.6166328600405679,0.39880952380952384,0.4703530979347102,0.8357142857142857,0.6178804556508384,0.6042638241172552,0.47136074597537014,0.13669705735173862,0.026607105805963413,0.004882037762562094,0.6715522984676882,0.09327115256495669,0.1782846878953942,0.19507018742956644,1.769965296848238,24.361864368854228,6.3102539066473025,0.03987572366038918,0.09496366543395214,0.06770036493232276,120.53628737301618,109.24472027957805,11.28869645523375,0.10787202958514885,65.2,85.8,81.0,40.3,44.8,Guard,Guard,73.0,195.0,1998-01-28,26.8
1630204,Ashton,Hagans,19,315.56666666666666,80,29,71,8,25,14,17,21,46,54,30,11,9,14,31,45,45.84068333333333,80.002,619.0403333333334,10496.46,5450.506666666666,12.080633333333333,33.412733333333335,22.33438333333333,33148.85,33768.81,-621.2516666666667,20.899766666666665,0.45652173913043476,0.32,0.4084507042253521,0.8235294117647058,0.509683995922528,0.4647887323943662,0.2535122002746382,0.1711207351853808,0.034857927537762755,0.0285201225308968,0.352112676056338,0.23943661971830985,0.14526465617407838,0.2535185380796451,1.961678462025985,33.26225837118411,17.27212422097813,0.03828234921305588,0.10588169430653852,0.07077548325763176,105.04547375092426,107.01006654695257,-1.96868596176191,0.0662293229111651,28.6,40.7,76.8,43.6,75.0,Guard-Forward,Wing,75.0,190.0,1999-07-08,2.3
1630205,Lamar,Stevens,55,714.5666666666667,346,137,303,22,73,50,65,115,230,36,34,28,25,40,125,165,151.58708333333334,57.200649999999996,325.5483333333333,6138.916666666666,5971.821666666667,39.64703333333333,110.87683333333334,75.32203333333334,79268.61666666667,74073.59166666666,5188.893333333333,76.99951666666666,0.5,0.3013698630136986,0.4521452145214521,0.7692307692307693,0.5217129071170085,0.4884488448844885,0.4842095442459299,0.05038018379437421,0.03918458739562439,0.034986238746093204,0.24092409240924093,0.2145214521452145,0.21213847553295703,0.08004942389326863,0.45558846853570917,8.591104165694825,8.357263143163689,0.055484022950972614,0.1551665344964314,0.10540938564164762,110.9324299109017,103.66225451322478,7.261594439520455,0.1077569389373513,46.9,31.1,29.2,72.2,83.5,Forward,Forward,79.0,230.0,1997-07-09,52.4
1630207,Nate,Hinton,15,74.55,33,11,26,7,14,4,5,4,12,10,3,3,2,7,15,22,11.237133333333333,11.104966666666666,16.6,1710.2816666666668,414.59,4.539383333333333,10.99225,8.492716666666666,8249.265,7545.368333333334,703.47,8.396266666666667,0.3333333333333333,0.5,0.4230769230769231,0.8,0.5851063829787234,0.5576923076923077,0.4426559356136821,0.1341381623071764,0.04024144869215292,0.02682763246143528,0.5384615384615384,0.19230769230769232,0.15073284149340488,0.14895998211491168,0.22266934942991284,22.94140397943215,5.561234071093226,0.06089045383411581,0.14744802146210598,0.11391974066621954,110.65412474849094,101.21218421640958,9.436217303822938,0.11262597809076684,37.3,80.9,58.3,74.6,82.2,Guard-Forward,Wing,77.0,210.0,1999-06-08,29.5
1630208,Nick,Richards,124,3014.9666666666667,1181,465,723,0,3,251,339,465,720,103,154,40,129,320,685,1005,442.46215,158.43876666666668,1376.968,26586.386666666665,42030.505,316.0065833333333,685.4539833333333,502.37425,328377.74833333335,360594.9866666667,-32212.366666666665,328.69148333333334,0.6458333333333334,0.0,0.6431535269709544,0.7404129793510325,0.6770546688680976,0.6431535269709544,0.39171245674357924,0.03416289842894891,0.013267145020951034,0.042786542692567084,0.004149377593360996,0.46887966804979253,0.14675523775829474,0.05255075235768224,0.45671085363022257,8.81813618724364,13.940620128470187,0.10481262921646452,0.22735043505179714,0.16662680073853775,108.91588021979237,119.60164954836428,-10.684153500867891,0.10901993941337107,85.3,28.3,14.3,93.6,31.4,Center,Big,83.0,245.0,1997-11-29,52.4
1630209,Omer,Yurtseven,48,545.1,222,99,184,5,24,19,28,94,160,29,37,8,18,72,136,208,94.09286666666667,44.99803333333333,309.64733333333334,5434.04,7656.681666666666,63.97238333333333,137.14845,99.12285,57138.388333333336,64321.995,-7190.8133333333335,58.8433,0.5875,0.20833333333333334,0.5380434782608695,0.6785714285714286,0.5654034229828852,0.5516304347826086,0.40726472206934505,0.05320124747752706,0.01467620620069712,0.03302146395156852,0.13043478260869565,0.15217391304347827,0.17261578915183756,0.08255005197823029,0.5680560141869994,9.968886442854522,14.04637986913716,0.11735898611875496,0.25160236653824986,0.1818434232250963,104.82184614443833,118.00035773252614,-13.191732403840273,0.1079495505411851,58.6,24.3,24.9,96.8,31.2,Center,Big,83.0,275.0,1998-06-19,72.3
1630214,Xavier,Tillman,87,1205.4666666666667,318,134,332,25,113,25,54,109,219,84,48,62,49,80,174,254,171.2133,125.90291666666667,790.6126666666667,20340.941666666666,12513.458333333332,71.41755,176.72283333333334,121.90075,128828.77166666667,132025.105,-3197.6366666666663,77.91158333333333,0.4977168949771689,0.22123893805309736,0.4036144578313253,0.46296296296296297,0.4469305149539015,0.44126506024096385,0.2637982524057073,0.06968255723924345,0.05143236367658445,0.040648158389558674,0.34036144578313254,0.16265060240963855,0.14203072115916382,0.10444329996681782,0.6558560999889392,16.873914666519187,10.380592578254616,0.05924473233049442,0.14660117796703906,0.10112328558787745,106.87045542528482,109.52198733547175,-2.6526130958964713,0.06463188530029863,26.5,18.5,43.6,70.9,82.0,Forward,Forward,80.0,245.0,1999-01-12,74.2
1630215,Jared,Butler,100,1609.4,792,301,654,84,247,106,127,217,407,346,130,71,21,34,134,168,343.2266333333333,520.2531333333334,3016.8213333333333,46588.121666666666,18744.953333333335,29.2036,131.11603333333332,77.69348333333333,174468.495,182695.15833333333,-8221.761666666667,165.49776666666668,0.5331695331695332,0.340080971659919,0.4602446483180428,0.8346456692913385,0.557840761818899,0.5244648318042814,0.4921088604448863,0.21498695165900333,0.0441158195600845,0.013048340996644711,0.37767584097859325,0.19418960244648317,0.21326372146969882,0.3232590613479143,1.8745006420612236,28.94750942380183,11.647168717120252,0.018145644339505405,0.0814688910981318,0.048274812559546,108.40592456816204,113.51755830330143,-5.108588086657553,0.10283196636427654,54.4,52.3,81.9,15.0,52.7,Guard,Guard,75.0,193.0,2000-08-25,36.2
1630217,Desmond,Bane,111,3648.116666666667,2324,853,1794,301,778,317,359,552,1016,599,281,123,50,98,505,603,894.1546500000001,910.1297166666667,8498.168,77136.41666666667,36946.138333333336,91.75505,482.28445,284.7434333333333,412272.88833333337,416613.4316666667,-4333.0599999999995,476.29615,0.5433070866141733,0.38688946015424164,0.4754738015607581,0.883008356545961,0.5952990839976229,0.5593645484949833,0.6370410303033072,0.16419431030623105,0.03371602699109586,0.013705702028900757,0.4336677814938685,0.20011148272017837,0.24510034401312095,0.2494793340856241,2.3294671679907895,21.14417484820935,10.127455262304295,0.025151347498937805,0.1322009392974457,0.07805217303905668,113.00978724181884,114.19959111322281,-1.187752584666974,0.13055946218825237,65.2,73.8,78.5,47.1,43.8,Guard,Guard,78.0,215.0,1998-06-25,90.0
1630219,Skylar,Mays,38,433.28333333333336,155,63,159,16,54,13,17,47,105,85,20,21,4,10,33,43,77.40781666666666,125.4888,992.4021666666666,13371.055,2812.923333333333,9.043166666666666,34.33063333333333,20.651233333333334,45246.39166666666,49644.263333333336,-4397.911666666667,33.89816666666667,0.44761904761904764,0.2962962962962963,0.39622641509433965,0.7647058823529411,0.46552138395002407,0.44654088050314467,0.35773358464438204,0.19617648190175788,0.04846713082278724,0.009231834442435666,0.33962264150943394,0.1069182389937107,0.1786540370042697,0.28962295649498015,2.2904231257452783,30.859841520175404,6.492110628149401,0.020871254375504862,0.07923368080932415,0.04766219179136054,104.42679924606684,114.57690502750317,-10.150198099780743,0.07823556564218949,20.8,30.9,91.8,15.7,46.2,Guard,Guard,75.0,205.0,1997-09-05,50.2
1630222,Mason,Jones,15,73.08333333333333,30,11,26,3,15,5,7,8,11,16,3,1,1,3,11,14,12.509666666666666,21.746016666666666,19.583333333333336,2189.463333333333,492.9816666666667,2.5543,10.356083333333334,6.1379,7297.755,7449.99,-151.66500000000016,5.805733333333333,0.7272727272727273,0.2,0.4230769230769231,0.7142857142857143,0.515818431911967,0.4807692307692308,0.41049030786773094,0.21892816419612315,0.013683010262257697,0.013683010262257697,0.5769230769230769,0.2692307692307692,0.17116989737742302,0.29755096921322693,0.2679589509692133,29.958449258836943,6.745473204104904,0.034950513112884836,0.14170239452679592,0.08398494868871152,99.85525655644243,101.93828962371722,-2.075233751425316,0.0794399087799316,71.8,35.7,73.4,56.3,53.0,Guard,Guard,76.0,200.0,1998-07-21,55.1
1630224,Jalen,Green,164,5298.633333333333,3333,1171,2769,435,1266,556,688,736,1503,573,394,137,55,86,714,800,1426.3621666666668,876.5993666666667,8889.698666666667,75196.395,51656.30666666667,78.38985,699.3191166666667,380.9475166666667,603119.745,596942.5766666667,6187.535,582.6285166666667,0.48968729208250167,0.34360189573459715,0.42289635247381724,0.8081395348837209,0.5425299180914926,0.5014445648248466,0.6290301272655213,0.10814109298624174,0.025855723802993225,0.01038003510339144,0.457204767063922,0.24846514987360058,0.2691943520027177,0.16543876722928555,1.6777342585194925,14.191658540881612,9.748986845664607,0.014794352631810719,0.13198103599041264,0.07189542900999629,113.82552953906354,112.65972546379884,1.167760554608421,0.10995826282248881,51.9,53.6,62.0,37.8,38.3,Guard,Guard,76.0,186.0,2002-02-09,39.8
1630227,Daishen,Nix,18,63.016666666666666,28,9,25,6,18,4,8,3,7,9,9,5,0,1,6,7,14.337,10.220883333333333,37.56666666666667,943.75,1051.3366666666666,1.3666666666666667,6.9546166666666664,4.453116666666667,7455.116666666667,5972.443333333333,1483.1416666666667,4.931916666666667,0.42857142857142855,0.3333333333333333,0.36,0.5,0.4908835904628331,0.48,0.4443268976461254,0.14281935995768316,0.07934408886537953,0.0,0.72,0.32,0.22751124041258927,0.1621933350965353,0.5961385876752182,14.976196773340387,16.68346998148638,0.021687384289870406,0.11036154456492991,0.07066569690558054,118.30388786035441,94.7756149166887,23.53570483998942,0.07826368685532928,41.3,46.9,45.7,36.7,69.3,Guard,Guard,76.0,238.0,2002-02-13,74.0
1630228,Jonathan,Kuminga,121,3093.6,1907,714,1430,99,316,380,534,615,1114,267,193,93,57,148,424,572,772.5367,416.0914333333333,3938.1665,39235.425,27889.68,139.54083333333332,404.41095,272.4331833333333,350985.2216666667,343828.9083333333,7166.506666666666,342.2661166666667,0.552064631956912,0.31329113924050633,0.4993006993006993,0.7116104868913857,0.572686430905247,0.5339160839160839,0.6164339281096457,0.08630721489526766,0.030062063615205588,0.018425135764158263,0.22097902097902097,0.3734265734265734,0.24972094000517198,0.1345007219205241,1.2730044284975433,12.682772498060514,9.015283165244377,0.04510629471597276,0.13072502909231964,0.08806348051892078,113.45526948107923,111.14200553831566,2.3165589173347123,0.11063683626411516,74.7,35.8,53.9,59.8,55.7,Forward,Forward,79.0,225.0,2002-10-06,46.5
1630230,Naji,Marshall,135,3176.233333333333,1380,532,1079,118,368,198,246,414,711,336,177,119,23,129,439,568,575.8417,484.0611166666667,4658.227333333333,63834.51,33870.46666666667,130.64803333333333,421.34178333333335,279.56028333333336,359405.92,354400.25333333336,5018.4400000000005,318.3905,0.5822784810126582,0.32065217391304346,0.49304911955514363,0.8048780487804879,0.5811798793841177,0.5477293790546802,0.43447689611384555,0.10578567905380588,0.03746576133155625,0.0072412816018974265,0.3410565338276182,0.22798887859128822,0.18129703947023204,0.15240099383966335,1.466588516796625,20.097550557788576,10.663721179174495,0.04113300870003254,0.13265454364183993,0.08801629288360428,113.15475983082688,111.57878409436756,1.5799972714011359,0.10024153347256184,67.9,47.4,63.6,58.8,49.5,Forward,Forward,78.0,220.0,1998-01-24,30.0
1630231,KJ,Martin,103,1658.0,498,208,382,23,86,59,88,185,296,99,56,39,34,71,185,256,197.25781666666666,150.80146666666667,707.2726666666666,27499.496666666666,17109.445,67.81015000000001,187.90843333333333,126.52005,182772.48166666666,189634.95833333334,-6861.5216666666665,94.03588333333333,0.625,0.26744186046511625,0.5445026178010471,0.6704545454545454,0.591842555618939,0.574607329842932,0.30036188178528345,0.05971049457177322,0.023522316043425813,0.020506634499396863,0.225130890052356,0.23036649214659685,0.11897335142742259,0.09095383996783273,0.4265818254925613,16.585944913550463,10.319327503015682,0.04089876357056695,0.11333439887414556,0.076308835946924,110.23671994370727,114.37572878970649,-4.1384328508242865,0.05671645556895858,65.0,32.3,36.5,49.5,38.6,Forward,Forward,78.0,215.0,2001-01-06,23.4
1630235,Trent,Forrest,38,413.7833333333333,83,34,90,2,10,13,17,32,80,92,20,11,3,11,40,51,50.78136666666666,128.02935,739.4583333333333,17763.21,3289.205,9.809616666666667,43.4101,25.596666666666668,42917.02333333333,47227.255,-4307.78,32.684266666666666,0.4,0.2,0.37777777777777777,0.7647058823529411,0.42572835453426344,0.3888888888888889,0.20058806944052848,0.22233858299432072,0.026583961010190522,0.007250171184597414,0.1111111111111111,0.18888888888888888,0.1227245337737141,0.3094115680509123,1.7870665001812542,42.92877109598421,7.949099770411246,0.023707133362871072,0.10491021871349741,0.061860071696137275,103.71858863334273,114.13522777621138,-10.410714141861684,0.07898884279212148,17.6,18.8,89.6,31.0,30.4,Guard,Guard,76.0,210.0,1998-06-12,66.2
1630240,Saben,Lee,24,184.98333333333332,71,20,55,2,16,29,39,18,39,30,8,7,3,9,22,31,33.969883333333335,44.61933333333334,118.8,5528.429999999999,1128.9933333333333,10.17375,19.138583333333333,15.629266666666666,19812.059999999998,18860.46833333333,953.1149999999999,21.093449999999997,0.46153846153846156,0.125,0.36363636363636365,0.7435897435897436,0.49196230598669627,0.38181818181818183,0.38381836201459596,0.16217677268222364,0.03784124695918552,0.016217677268222364,0.2909090909090909,0.7090909090909091,0.18363753491305526,0.24120731597441214,0.6422200198216056,29.886097846652852,6.103216505991531,0.05499819803585909,0.1034611226236598,0.08449013424632851,107.10186503288584,101.95766285250923,5.152437156500586,0.11402892152446166,45.0,20.8,76.3,55.9,73.7,Guard,Guard,74.0,183.0,1999-06-23,17.7
1630241,Sam,Merrill,132,2470.266666666667,994,330,817,280,722,54,57,50,95,216,54,72,18,60,217,277,378.53178333333335,293.21166666666664,2031.6136666666666,44984.198333333334,11759.698333333334,57.10333333333333,208.81141666666667,132.1397,283504.73333333334,269074.71166666667,14440.849999999999,188.8813,0.5263157894736842,0.3878116343490305,0.4039167686658507,0.9473684210526315,0.5902052061561847,0.5752753977968176,0.40238570734603546,0.0874399525017542,0.029146650833918063,0.007286662708479516,0.8837209302325582,0.06976744186046512,0.153235190532736,0.11869636206617368,0.8224268634965185,18.210260025908134,4.760497517137151,0.023116262751659736,0.08452990905165433,0.05349207912775948,114.7668537809683,108.92537040535434,5.845866842985911,0.07646190694661845,43.6,86.0,58.8,21.1,51.0,Guard,Guard,76.0,205.0,1996-05-15,60.6
1630243,Trevelin,Queen,45,595.0166666666667,192,70,185,25,94,27,33,45,91,56,29,38,15,29,45,74,98.67541666666666,88.5342,604.6,12035.69,5577.6016666666665,27.116033333333334,49.50268333333333,37.69385,61451.503333333334,65922.95,-4470.016666666666,40.408,0.4945054945054945,0.26595744680851063,0.3783783783783784,0.8181818181818182,0.48115477145148355,0.44594594594594594,0.32268003697375425,0.09411501078401166,0.06386375731772219,0.02520937788857455,0.5081081081081081,0.1783783783783784,0.16583639113750315,0.1487928069241758,1.0161059914288115,20.227483823982524,9.373857875129548,0.045571888742612254,0.08319545670989607,0.06334923391501639,103.27694462339991,110.79177053864038,-7.512422621215092,0.0679107027814347,31.0,40.4,62.1,36.9,74.8,Guard,Guard,77.0,190.0,1997-02-25,55.5
1630245,Ayo,Dosunmu,122,3606.383333333333,1490,581,1168,181,484,147,184,400,684,450,172,111,54,80,297,377,599.14165,650.4204166666667,8037.730833333333,84426.725,33309.1,76.0007,285.4309166666667,180.51546666666667,400727.7083333333,418953.96166666667,-18219.338333333333,300.25123333333335,0.5847953216374269,0.3739669421487603,0.4974315068493151,0.7989130434782609,0.5964962849090443,0.5749143835616438,0.4131563015578858,0.12477874879265008,0.03077875803552035,0.01497344985511801,0.4143835616438356,0.15753424657534246,0.1661336565256975,0.18035254617969065,2.2287511033676397,23.410358022580336,9.2361507142428,0.021073938340812354,0.07914602810756853,0.05005443126308444,111.11622678306522,116.17011364109011,-5.051969424585111,0.0832554960417408,62.5,65.4,76.0,17.1,36.5,Guard,Guard,76.0,201.0,2000-01-17,57.2
1630249,Vít,Krejčí,79,1693.95,547,196,396,118,274,37,51,78,122,197,70,49,32,33,175,208,203.56893333333332,260.72988333333336,2379.0944999999997,48126.77,16234.23,32.7335,179.93495,104.57933333333334,190531.475,192672.54166666666,-2120.796666666667,121.61261666666667,0.639344262295082,0.4306569343065693,0.494949494949495,0.7254901960784313,0.6536182009368129,0.6439393939393939,0.3229138994657457,0.11629623070338557,0.028926473626730422,0.018890758286844358,0.6919191919191919,0.12878787878787878,0.1201741098222104,0.1539182876314728,1.4044655981581509,28.41097434989226,9.583653590719914,0.019323769886950618,0.10622211399391952,0.061736965868728906,112.47762625815402,113.74157541052962,-1.2519830376732886,0.07179232956502062,61.5,84.9,69.9,28.7,46.3,Guard,Guard,80.0,195.0,2000-06-19,75.0
1630256,Jae'Sean,Tate,117,1619.5333333333333,453,178,377,39,123,58,86,139,254,111,59,68,22,111,203,314,191.5901,149.8788,515.475,28935.083333333332,15411.521666666666,97.38588333333334,195.53975,144.36488333333332,179160.47666666665,170314.55333333334,8841.268333333333,112.86363333333334,0.547244094488189,0.3170731707317073,0.47214854111405835,0.6744186046511628,0.5459936361006653,0.5238726790450928,0.27971020458568313,0.06853826205079652,0.04198740377886634,0.013584160046103817,0.32625994694960214,0.22811671087533156,0.11829957189313794,0.09254443666899931,0.3182861318075166,17.866309224879593,9.516026221545301,0.060132064792327015,0.12073832997159675,0.08913980364714115,110.62475404437492,105.1627341209402,5.459145638661343,0.06968898448112626,47.9,34.6,38.8,62.9,72.0,Forward,Forward,76.0,230.0,1995-10-28,33.5
1630259,Jordan,Ford,6,21.816666666666663,12,4,7,2,3,2,2,2,4,2,1,0,0,0,2,2,4.193433333333333,2.109483333333333,8.166666666666666,416.25,204.16666666666666,0.0,2.2282499999999996,1.3511166666666665,2968.6449999999995,2253.063333333333,715.5816666666665,2.1858166666666663,0.5,0.6666666666666666,0.5714285714285714,1.0,0.7614213197969544,0.7142857142857143,0.5500381970970207,0.09167303284950346,0.0,0.0,0.42857142857142855,0.2857142857142857,0.1922123758594347,0.09669136745607333,0.3743315508021391,19.079449961802908,9.358288770053477,0.0,0.10213521772345302,0.06193048128342246,136.07234530175708,103.2725744843392,32.79977081741787,0.10019022154316272,64.7,86.8,42.6,22.3,38.9,Guard,Guard,73.0,175.0,1998-05-26,9.0
1630264,Anthony,Gill,101,864.0666666666666,318,118,248,20,72,62,86,98,176,50,33,22,13,55,105,160,132.1933,69.30433333333333,325.1166666666667,9841.22,7325.8533333333335,48.84256666666666,100.48746666666666,76.43531666666667,93428.12666666666,96371.22333333334,-2947.5316666666668,57.768483333333336,0.5568181818181818,0.2777777777777778,0.47580645161290325,0.7209302325581395,0.5562552476910159,0.5161290322580645,0.36802715839827177,0.0578659054085333,0.02546099837975465,0.015045135406218657,0.2903225806451613,0.3467741935483871,0.1529896998688373,0.08020715994136256,0.3762634056014197,11.38942211249132,8.4783427204691,0.05652638685286629,0.11629596481752952,0.08845997608209244,108.126062803796,111.53216187022608,-3.4112317722397965,0.06685651184322199,63.7,30.9,30.0,60.8,46.1,Forward,Forward,79.0,230.0,1992-10-17,52.4
1630283,Kylor,Kelley,11,125.96666666666667,34,14,22,0,0,6,10,14,22,5,4,1,3,12,27,39,12.09605,7.2688500000000005,61.141666666666666,1699.1116666666667,1693.2416666666668,9.677533333333333,24.715933333333336,17.044766666666668,12738.225,16455.153333333332,-3717.2233333333334,9.076966666666667,0.6363636363636364,,0.6363636363636364,0.6,0.6439393939393939,0.6363636363636364,0.26991267531092883,0.039693040486901296,0.00793860809738026,0.023815824292140776,0.0,0.45454545454545453,0.09602580047631648,0.0577045514686425,0.48537973008732466,13.488581635353269,13.441982005821647,0.07682614448266736,0.19621010849431067,0.13531172267795713,101.12377613125166,130.63101349563374,-29.509579253770838,0.07205848107965071,76.8,34.8,20.5,85.2,23.1,Center,Big,84.0,215.0,1997-08-26,42.6
1630284,Kevon,Harris,2,6.050000000000001,4,2,3,0,0,0,0,2,3,1,1,0,0,0,2,2,1.81875,2.8333333333333335,0.0,70.83333333333334,321.6666666666667,0.0,1.7794833333333333,1.2773333333333334,853.3583333333333,795.1366666666668,58.22166666666667,0.5545500000000001,0.6666666666666666,,0.6666666666666666,,0.6666666666666666,0.6666666666666666,0.6611570247933883,0.16528925619834708,0.0,0.0,0.0,0.0,0.30061983471074377,0.4683195592286501,0.0,11.707988980716253,53.16804407713499,0.0,0.294129476584022,0.21112947658402204,141.05096418732782,131.4275482093664,9.623415977961432,0.0916611570247934,71.3,43.5,45.6,70.4,2.8,Guard,Guard,77.0,216.0,1997-06-24,83.0
1630285,Zavier,Simpson,7,161.38333333333333,42,17,54,5,17,3,4,12,37,25,10,7,3,4,16,20,26.236733333333333,37.33688333333333,326.64166666666665,4483.110000000001,1798.4216666666669,3.202866666666667,16.326266666666665,8.944266666666667,15828.18,17130.573333333334,-1301.5,8.486433333333334,0.32432432432432434,0.29411764705882354,0.3148148148148148,0.75,0.37661406025824967,0.3611111111111111,0.26024992254466595,0.15491066818134877,0.04337498709077765,0.018589280181761852,0.3148148148148148,0.07407407407407407,0.1625739956625013,0.23135526179902924,2.024011153568109,27.779262625219463,11.14378808220593,0.019846328617164104,0.10116451512960858,0.05542249302901994,98.07815759578644,106.14834245585047,-8.064649385521017,0.052585562325725504,8.6,27.0,77.8,23.8,76.3,Guard,Guard,72.0,190.0,1997-02-11,17.2
1630288,Jeff,Dowtin Jr.,53,762.8166666666666,337,132,266,37,89,36,49,95,177,105,20,31,13,15,65,80,126.95725,153.15731666666667,505.189,19058.043333333335,3550.0116666666668,14.878133333333334,70.50686666666667,40.89958333333333,82320.23666666666,87425.09833333333,-5096.865,86.32325,0.536723163841808,0.4157303370786517,0.49624060150375937,0.7346938775510204,0.5859646682431493,0.5657894736842105,0.4417837400860845,0.13764775284581268,0.04063886036400184,0.017042102733291094,0.33458646616541354,0.18421052631578946,0.16643219209508622,0.20077867115296383,0.6622679105945073,24.983779414013856,4.653820271362713,0.01950420590355918,0.09242963577967621,0.053616530839651295,107.91614848478228,114.60826978959558,-6.681638226747362,0.11316382267473618,55.9,65.1,72.5,20.9,51.0,Guard,Guard,75.0,177.0,1997-05-10,22.3
1630296,Braxton,Key,23,70.83333333333333,25,7,21,2,6,9,14,5,15,9,2,4,1,4,16,20,11.361016666666666,12.420733333333333,0.0,1377.905,163.22666666666666,3.6363333333333334,15.760516666666668,10.258416666666667,6767.731666666667,7522.503333333333,-755.6983333333333,7.89255,0.3333333333333333,0.3333333333333333,0.3333333333333333,0.6428571428571429,0.46023564064801176,0.38095238095238093,0.35294117647058826,0.12705882352941178,0.05647058823529412,0.01411764705882353,0.2857142857142857,0.6666666666666666,0.16039082352941178,0.1753515294117647,0.0,19.452776470588237,2.3043764705882355,0.051336470588235296,0.22250141176470592,0.14482470588235297,95.54444705882354,106.20004705882353,-10.668682352941175,0.11142423529411766,36.8,30.1,57.9,83.4,75.5,Forward,Forward,80.0,225.0,1997-02-14,59.3
1630311,Pat,Spencer,45,275.26666666666665,102,43,105,5,24,11,15,38,81,53,19,14,3,17,33,50,53.137033333333335,71.84546666666667,232.58666666666667,7703.026666666667,2667.64,15.83165,32.58156666666667,23.664983333333332,29001.454999999998,29801.905,-803.4066666666664,27.096566666666668,0.4691358024691358,0.20833333333333334,0.4095238095238095,0.7333333333333333,0.456989247311828,0.43333333333333335,0.37054976992007754,0.19254056672317754,0.05085977234197143,0.010898522644708163,0.22857142857142856,0.14285714285714285,0.1930383870186486,0.2610031484620974,0.8449503511746186,27.983870186485834,9.69111164930976,0.05751386534269799,0.1183636473722451,0.08597111891499153,105.35767134899491,108.26557883264714,-2.9186485831920552,0.09843751513683702,26.3,19.7,74.2,60.9,68.6,Guard,Guard,74.0,205.0,1996-07-04,43.0
1630314,Brandon,Williams,50,599.9833333333333,329,118,242,27,75,66,83,91,167,93,46,25,6,16,55,71,133.56958333333333,145.53131666666667,915.8986666666667,12460.733333333334,6634.365,15.3631,56.23043333333333,33.97558333333333,63729.433333333334,65787.04833333334,-2056.703333333333,58.93201666666667,0.5449101796407185,0.36,0.48760330578512395,0.7951807228915663,0.5906218583943703,0.5433884297520661,0.5483485652379233,0.15500430567515763,0.041667824106225174,0.010000277785494041,0.30991735537190085,0.34297520661157027,0.22262215617100473,0.2425589321925609,1.5265401816717132,20.76846579071641,11.057582155059862,0.025605877941053918,0.09371999222200617,0.05662754520958915,106.21867274090947,109.6481263368427,-3.4279341092808124,0.09822275618767189,72.5,56.5,72.6,26.5,61.4,Guard,Guard,73.0,190.0,1999-11-22,20.7
1630322,Lindy,Waters III,90,1058.6166666666666,393,141,353,101,271,10,13,40,82,76,27,32,18,27,123,150,160.18193333333332,110.58213333333333,322.56266666666664,17459.993333333332,5560.831666666667,22.092733333333335,126.27275,70.97715,116196.07333333333,117137.375,-939.5949999999998,71.17811666666667,0.4878048780487805,0.3726937269372694,0.39943342776203966,0.7692307692307693,0.5477809991079393,0.5424929178470255,0.3712391958058473,0.07179180376906971,0.030228127902766192,0.01700332194530598,0.7677053824362606,0.036827195467422094,0.15131249901601146,0.10445908969252327,0.30470204827054176,16.493215989420154,5.252922839554766,0.020869436528803315,0.11928090117606312,0.06704707401168192,109.762180203725,110.65136105294647,-0.8875686823999873,0.06723691295243794,28.5,69.0,46.2,36.5,56.6,Forward,Forward,77.0,210.0,1997-07-28,13.2
1630346,Matt,Ryan,47,458.21666666666664,180,59,144,47,110,15,16,12,34,21,22,8,1,6,42,48,70.05591666666668,29.0417,81.51700000000001,4536.781666666667,5452.201666666667,5.5885,39.35535,22.279466666666664,47666.04666666667,48985.28833333333,-1317.971666666667,20.46495,0.35294117647058826,0.42727272727272725,0.4097222222222222,0.9375,0.5958686440677966,0.5729166666666666,0.3928272651220311,0.04582984759757029,0.01745898956097916,0.002182373695122395,0.7638888888888888,0.1111111111111111,0.15288818972101992,0.06337984214163606,0.1779005565052923,9.900952969846871,11.898741497835815,0.012196195395191503,0.08588808060233515,0.04862212199468956,104.02512639580985,106.9042047066526,-2.8763066962499555,0.04466216855199506,29.1,91.1,15.1,13.7,40.3,Forward,Forward,78.0,215.0,1997-04-17,23.4
1630526,Jeremiah,Robinson-Earl,105,1573.3,533,203,442,69,203,58,71,134,239,109,67,49,11,133,258,391,221.69718333333333,149.73431666666667,924.0515,25866.713333333333,16003.275,122.15473333333334,251.1557,186.70823333333334,168591.11666666667,183596.975,-15004.936666666666,144.52508333333333,0.5606694560669456,0.3399014778325123,0.4592760180995475,0.8169014084507042,0.5631392105485589,0.5373303167420814,0.3387783639483887,0.06928112883747538,0.0311447276425348,0.006991673552405772,0.4592760180995475,0.16063348416289594,0.1409122121231382,0.09517213288417128,0.5873333121464438,16.441055954575308,10.171788597216043,0.07764236530434968,0.15963624229326892,0.11867300154664294,107.1576410517172,116.69546494629124,-9.537238077077903,0.09186110934553698,50.5,56.0,40.3,79.9,27.6,Forward,Forward,81.0,240.0,2000-11-03,83.7
1630527,Brandon,Boston,74,1337.95,615,231,542,63,192,90,118,168,350,105,76,64,17,47,139,186,278.63855,161.62923333333333,1549.2303333333334,18024.138333333332,12041.271666666667,41.571416666666664,136.55928333333333,88.47246666666666,143222.69333333333,154742.85333333333,-11525.945,107.87753333333333,0.48,0.328125,0.4261992619926199,0.7627118644067796,0.5177464978448276,0.4843173431734317,0.45965843267685635,0.07847826899360963,0.0478343734818192,0.012706005456108225,0.35424354243542433,0.2177121771217712,0.20825781979894614,0.12080364238823074,1.1579134745942175,13.471458823822513,8.999791970302827,0.031070979234400883,0.10206605877150365,0.06612539083423645,107.04637193716755,115.65667874982871,-8.614630591576665,0.08062897218381354,41.7,39.1,52.1,36.9,46.1,Guard,Guard,78.0,188.0,2001-11-28,60.6
1630528,Josh,Christopher,14,69.35,28,11,31,2,11,4,6,9,20,8,6,5,3,0,9,9,16.419133333333335,8.391,106.225,1250.7216666666668,852.73,0.0,7.23,4.07095,7305.413333333334,7531.638333333333,-227.62000000000003,3.45435,0.45,0.18181818181818182,0.3548387096774194,0.6666666666666666,0.4161712247324614,0.3870967741935484,0.4037490987743331,0.11535688536409518,0.07209805335255949,0.04325883201153569,0.3548387096774194,0.1935483870967742,0.23675751021389094,0.12099495313626533,1.5317231434751262,18.034919490507093,12.29603460706561,0.0,0.10425378514780102,0.058701514059120406,105.34121605383324,108.60329247776977,-3.2821917808219188,0.04981038211968277,30.3,19.5,54.2,20.5,86.6,Guard,Guard,76.0,215.0,2001-12-08,69.7
1630529,Herbert,Jones,96,2969.616666666667,1042,368,760,136,345,170,198,232,415,264,128,142,71,96,254,350,420.53075,343.04181666666665,4417.184333333334,62691.96,30613.991666666665,98.38351666666667,251.15911666666668,176.16676666666666,342834.265,330542.30666666664,12290.923333333332,216.18748333333335,0.5590361445783133,0.39420289855072466,0.4842105263157895,0.8585858585858586,0.6150250259703466,0.5736842105263158,0.350887039292389,0.08890036312206401,0.04781761955807989,0.023908809779039943,0.45394736842105265,0.26052631578947366,0.14161112264770426,0.11551720480196657,1.4874594364031273,21.111128821340575,10.309071877964046,0.033130039230652664,0.08457627527683147,0.059323066389040106,115.44731306509819,111.30807231011858,4.138892225146904,0.07279979458628218,63.8,77.4,58.7,29.8,69.6,Forward,Forward,79.0,206.0,1998-10-06,27.1
1630530,Trey,Murphy III,110,3544.55,1966,656,1460,327,883,327,381,329,577,312,137,107,67,89,459,548,733.9949666666666,462.6933833333333,4461.684666666667,52501.693333333336,22474.593333333334,85.1504,451.15563333333336,267.40375,396547.86166666663,403383.6516666667,-6817.558333333334,391.22943333333336,0.5701906412478336,0.37032842582106457,0.44931506849315067,0.8582677165354331,0.60394190361505,0.5613013698630137,0.5546543284761112,0.08802245701146831,0.030187188782779196,0.018902258396693513,0.6047945205479452,0.26095890410958905,0.2070770525642653,0.13053656552547807,1.2587450216999807,14.811948860457134,6.3406055305563,0.024022908408683753,0.1272814978864266,0.07544081759320646,111.87537534148669,113.8039106985842,-1.9233917798686249,0.11037492300386038,74.4,77.2,60.1,44.3,47.3,Forward,Forward,80.0,206.0,2000-06-18,39.8
1630531,Jaden,Springer,92,872.1333333333333,272,94,238,22,96,62,80,72,142,77,50,60,19,50,86,136,134.26663333333335,116.09395,807.8573333333334,15706.866666666667,10604.793333333333,43.951100000000004,90.34245,66.7222,96132.67,97485.00166666666,-1355.2183333333337,48.0252,0.5070422535211268,0.22916666666666666,0.3949579831932773,0.775,0.4978038067349927,0.4411764705882353,0.3118789175966978,0.08828925240788871,0.06879682005809509,0.021785659685063446,0.40336134453781514,0.33613445378151263,0.1539519568873261,0.13311490979972482,0.926300259899098,18.00970799571931,12.159600978443663,0.05039493196758906,0.10358788793762422,0.07650458645467054,110.22703332823727,111.77763530041278,-1.553911863629415,0.05506635071090047,45.4,30.7,51.0,50.9,70.2,Guard,Guard,76.0,202.0,2002-09-25,57.6
1630532,Franz,Wagner,132,4360.783333333334,2870,1065,2257,198,686,542,630,867,1571,553,275,151,49,128,595,723,1203.4328333333333,919.8383333333334,8035.553833333333,71373.83166666667,35743.28666666667,128.78504999999998,619.0535666666667,371.0115666666667,489586.98,467425.54333333333,22156.268333333333,615.94705,0.5518777848504137,0.2886297376093295,0.4718653079308817,0.8603174603174604,0.5662536500670824,0.5157288435976961,0.6581386371714562,0.12681207886962204,0.034626806345954664,0.011236513317561446,0.30394328754984495,0.27913159060700043,0.2759671236436878,0.21093419760211277,1.8426858706577944,16.36720428669161,8.196528911090132,0.029532549580159523,0.14195925808436557,0.08507911040447626,112.27042083417733,107.18843556394684,5.080800085611529,0.14124688224974868,70.0,41.9,72.7,54.5,62.4,Forward,Forward,82.0,220.0,2001-08-27,71.6
1630533,Ziaire,Williams,114,2579.0833333333335,1052,364,898,161,491,163,198,203,407,159,133,98,37,96,371,467,477.8362,256.20093333333335,1931.602,30977.003333333334,27116.055,88.71685,385.78455,226.83501666666666,270814.1383333333,295866.2733333333,-25045.455,198.6558,0.4987714987714988,0.32790224032586557,0.4053452115812918,0.8232323232323232,0.5339451031346435,0.49498886414253895,0.40789686258037416,0.061649810979353126,0.03799799670425538,0.014346182429157646,0.5467706013363028,0.22048997772828507,0.18527365666095835,0.09933798184109341,0.7489490452033991,12.010857862935797,10.51383437267763,0.03439859769297877,0.1495820414229862,0.08795179811948689,105.00402791689552,114.71760896959513,-9.710990985169149,0.0770257391191961,43.4,53.2,38.3,58.5,46.0,Forward,Forward,81.0,185.0,2001-09-12,44.9
1630534,Ochai,Agbaji,142,3380.3166666666666,1122,444,967,163,464,71,104,281,503,181,118,105,74,135,323,458,465.7595333333333,255.46321666666665,2132.618,47107.58666666667,31141.538333333334,130.32093333333333,309.76635,221.28208333333333,365817.22833333333,387573.70666666667,-21767.236666666668,219.51556666666667,0.558648111332008,0.35129310344827586,0.4591520165460186,0.6826923076923077,0.5539318298511,0.5434332988624612,0.3319215655338011,0.05354527928842959,0.031062178592735395,0.02189144015107066,0.47983453981385726,0.10754912099276112,0.1377857695778009,0.07557375295213958,0.630892963676973,13.935850191550102,9.21260976535729,0.03855287719592346,0.09163826367352171,0.06546193897021482,108.21981027418536,114.6560351840804,-6.439407550574651,0.06493934986367156,44.6,51.7,33.2,37.1,46.6,Guard,Guard,77.0,215.0,2000-04-20,81.7
1630535,Greg,Brown III,6,39.75,15,5,11,1,3,4,9,4,8,4,4,0,4,3,6,9,6.9589,4.279933333333333,11.883333333333333,693.6116666666667,651.4183333333333,2.6213333333333333,4.909116666666667,3.7018000000000004,4082.9733333333334,4414.961666666666,-331.9883333333333,1.1329500000000001,0.5,0.3333333333333333,0.45454545454545453,0.4444444444444444,0.5013368983957219,0.5,0.37735849056603776,0.10062893081761007,0.0,0.10062893081761007,0.2727272727272727,0.8181818181818182,0.17506666666666668,0.10767127882599581,0.29895178197064987,17.449350104821804,16.387882599580713,0.06594549266247379,0.12349979035639413,0.09312704402515724,102.71631027253669,111.06821802935009,-8.351907756813416,0.028501886792452833,52.2,29.5,35.3,65.9,54.6,Forward,Forward,79.0,206.0,2001-09-01,27.1
1630537,Chris,Duarte,76,794.0333333333333,266,92,236,50,142,32,41,42,94,53,27,28,8,31,95,126,116.11951666666667,74.16055,615.2666666666667,11295.843333333332,6264.928333333333,27.985699999999998,92.20333333333333,59.72266666666667,87219.47833333333,89243.62666666666,-2018.178333333334,43.731516666666664,0.44680851063829785,0.352112676056338,0.3898305084745763,0.7804878048780488,0.5235396000629822,0.4957627118644068,0.3349985307081987,0.06674782754712229,0.03526300323244196,0.010075143780697704,0.6016949152542372,0.17372881355932204,0.14624010327022377,0.09339727551320263,0.7748625162671592,14.225905713446119,7.890006716762521,0.03524499391293397,0.11612023004911633,0.0752143067041686,109.84359808572269,112.3927962721968,-2.541679610427775,0.05507516477058058,26.9,58.8,45.2,47.1,47.9,Guard,Guard,77.0,190.0,1997-06-13,55.5
1630538,Bones,Hyland,61,779.0,405,144,369,76,217,41,49,68,152,125,69,44,8,10,70,80,194.13181666666668,200.57231666666667,1443.9425,17053.565,8804.95,9.866983333333334,71.46873333333333,39.43711666666667,81704.03,86485.66,-4785.008333333333,66.14166666666667,0.4473684210526316,0.35023041474654376,0.3902439024390244,0.8367346938775511,0.5184862761163458,0.4932249322493225,0.5198973042362003,0.16046213093709885,0.05648267008985879,0.010269576379974325,0.5880758807588076,0.13279132791327913,0.24920643988018829,0.2574740907145914,1.8535847240051349,21.891611039794608,11.30288831835687,0.012666217372700043,0.09174420196833548,0.05062531022678648,104.88322207958922,111.0213863928113,-6.1425010697475395,0.0849058622165169,32.5,60.6,75.6,15.8,61.4,Guard,Guard,74.0,169.0,2000-09-14,12.7
1630539,Kai,Jones,40,468.3666666666667,198,87,109,1,5,23,32,86,104,25,18,15,23,40,85,125,60.087583333333335,37.10261666666667,144.28333333333333,6451.07,5133.533333333333,40.26755,79.88026666666667,62.2786,50126.443333333336,51234.71,-1104.5466666666666,60.20343333333334,0.8269230769230769,0.2,0.7981651376146789,0.71875,0.8043548911277218,0.8027522935779816,0.4227457120489645,0.053376983844566225,0.032026190306739734,0.049106825137000924,0.045871559633027525,0.29357798165137616,0.1282917585936944,0.07921703081631201,0.30805636609493986,13.773546366806633,10.960501031955019,0.0859744146324105,0.17055070813465234,0.13296975304248806,107.02393423955591,109.39017151804141,-2.3582947832894456,0.12853910753683012,86.0,33.4,26.6,84.0,73.5,Center-Forward,Big,83.0,221.0,2001-01-19,34.0
1630540,Miles,McBride,132,2921.2166666666667,1173,427,1001,224,578,95,114,203,423,301,71,117,24,78,183,261,476.85628333333335,427.1777,3690.816333333333,59004.45166666667,14085.781666666666,71.16235,184.81636666666668,127.17756666666666,333211.255,322093.5466666667,11102.23,229.07296666666667,0.4799054373522459,0.3875432525951557,0.42657342657342656,0.8333333333333334,0.5579550211195251,0.5384615384615384,0.40154501834281375,0.10303925875634011,0.04005180489864383,0.008215754851003863,0.5774225774225774,0.11388611388611389,0.16323893012614607,0.1462328025423197,1.2634517581144842,20.198587917134983,4.821888710754081,0.024360517592555614,0.0632669150411073,0.04353582126168891,114.06591602813896,110.26006743765441,3.800549999144192,0.0784169723802297,33.0,73.0,69.8,14.1,56.9,Guard,Guard,74.0,195.0,2000-09-08,31.9
1630541,Moses,Moody,140,2805.0666666666666,1257,440,988,198,537,179,226,242,451,153,98,101,55,117,268,385,483.6990666666667,221.01865,1741.1823333333334,31344.321666666667,20187.251666666667,108.53338333333333,273.00016666666664,185.40366666666665,318046.5416666667,307334.1383333333,10714.896666666666,220.97911666666667,0.5365853658536586,0.3687150837988827,0.44534412955465585,0.7920353982300885,0.5779629220922533,0.5455465587044535,0.4481176917957981,0.05454415818994201,0.03600627436068067,0.019607377127103337,0.5435222672064778,0.22874493927125505,0.17243763665747697,0.07879265495769561,0.6207276119402986,11.174180649301265,7.1967101197832495,0.038691908689038886,0.09732394951991634,0.06609599296511075,113.38288157144216,109.56393371518205,3.8198367240231956,0.07877856141268182,58.8,67.8,35.1,39.3,67.0,Guard,Guard,77.0,211.0,2002-05-31,79.6
1630542,Marcus,Bagley,10,253.16666666666669,67,27,69,5,32,8,10,22,37,10,7,9,12,23,47,70,32.19116666666667,13.569483333333332,267.7,2416.2266666666665,1966.68,19.112166666666667,44.555550000000004,31.1581,25567.17,29742.743333333332,-4173.591666666667,19.5956,0.5945945945945946,0.15625,0.391304347826087,0.8,0.45640326975476836,0.427536231884058,0.2646477946017116,0.03949967083607636,0.03554970375246873,0.047399605003291635,0.463768115942029,0.14492753623188406,0.12715404871626068,0.05359901250822909,1.0574061882817642,9.544015799868333,7.768321263989466,0.07549242922975641,0.17599295589203423,0.1230734693877551,100.98947992100064,117.48285714285713,-16.48554970375247,0.0774019749835418,44.7,31.3,32.9,81.6,51.3,Forward,Forward,78.0,217.0,2001-10-23,25.8
1630543,Isaiah,Jackson,63,854.7833333333333,418,169,256,0,4,80,116,169,252,55,44,37,69,105,161,266,140.40875,73.5525,509.0035,11374.596666666666,8826.27,100.58866666666667,163.37613333333334,131.28334999999998,97916.685,95496.61333333333,2412.8216666666667,101.19068333333334,0.6706349206349206,0.0,0.66015625,0.6896551724137931,0.6806930693069306,0.66015625,0.48901281026380955,0.06434379082418547,0.043285822918088405,0.0807222103067054,0.015625,0.453125,0.16426238617973365,0.08604812135628911,0.5954766315050598,13.306993975081404,10.325739466141519,0.11767738413243123,0.19113163179753156,0.15358669838360597,114.55146723341198,111.72025659523855,2.822728956655683,0.11838167566829802,91.5,26.9,34.0,91.7,75.6,Forward,Forward,80.0,205.0,2002-01-10,38.6
1630544,Tre,Mann,54,1306.15,565,215,477,71,186,64,80,144,291,204,90,58,7,32,155,187,260.18146666666667,321.9621,3078.6981666666666,33290.986666666664,14650.83,31.47505,159.24545,95.22175,140192.94333333333,149290.01166666666,-9090.353333333333,136.48908333333333,0.4948453608247423,0.3817204301075269,0.45073375262054505,0.8,0.5515423662631784,0.5251572327044025,0.43256900049764574,0.15618420548941545,0.04440531332542204,0.005359261953068177,0.389937106918239,0.16771488469601678,0.1991972336000204,0.24649703326570455,2.3570785642282024,25.487874031823804,11.21680511426712,0.02409757684798836,0.12191972591203154,0.07290261455422424,107.33295818499661,114.2977542140387,-6.959654965611401,0.10449725018821217,41.4,60.4,78.8,42.1,41.8,Guard,Guard,76.0,178.0,2001-02-03,32.8
1630545,Terrence,Shannon Jr.,32,338.8333333333333,138,55,114,11,31,17,21,44,83,32,15,7,5,10,37,47,56.359249999999996,46.6218,274.1911666666667,5983.178333333333,3027.083333333333,9.575133333333333,32.846016666666664,20.742833333333333,36755.03333333333,36172.06333333333,578.94,28.43593333333333,0.5301204819277109,0.3548387096774194,0.4824561403508772,0.8095238095238095,0.5598831548198637,0.5307017543859649,0.4072798819478603,0.09444171175602559,0.020659124446630598,0.014756517461878997,0.2719298245614035,0.18421052631578946,0.16633325135268076,0.13759508116084604,0.8092213477619282,17.65817511067388,8.933841613379242,0.028259124446630597,0.09693856369896704,0.06121839645843581,108.47525823905559,106.75473684210526,1.7086276438760455,0.08392306935563207,49.3,50.4,55.8,31.2,53.4,Guard-Forward,Wing,78.0,215.0,2000-07-30,50.4
1630547,James,Bouknight,14,80.9,50,18,41,13,30,1,2,5,11,6,2,1,1,1,8,9,19.2776,8.468150000000001,0.0,932.7916666666667,273.16666666666663,1.2125,9.391916666666667,5.751283333333333,8717.12,9308.148333333333,-588.1383333333334,12.263366666666666,0.45454545454545453,0.43333333333333335,0.43902439024390244,0.5,0.5969436485195797,0.5975609756097561,0.6180469715698392,0.07416563658838071,0.012360939431396786,0.012360939431396786,0.7317073170731707,0.04878048780487805,0.23828924598269466,0.10467428924598271,0.0,11.530181293778327,3.3765966213432215,0.014987639060568601,0.11609291306139266,0.07109126493613514,107.75179233621755,115.05745776679026,-7.269942315615988,0.15158673259167696,38.4,78.2,37.3,34.5,24.2,Guard,Guard,76.0,190.0,2000-09-18,43.5
1630548,Johnny,Juzang,84,1641.6833333333334,715,255,585,150,391,55,67,105,194,91,49,43,10,49,171,220,275.9164333333333,140.29476666666667,698.1536666666667,18672.866666666665,10795.358333333334,45.490766666666666,169.8346,105.35998333333333,178869.11333333334,196216.85333333333,-17361.25,110.7547,0.5412371134020618,0.3836317135549872,0.4358974358974359,0.8208955223880597,0.5817927353209217,0.5641025641025641,0.4355285733139765,0.055430909330869735,0.02619262748601537,0.006091308717677993,0.6683760683760683,0.11452991452991453,0.1680692175713952,0.08545787352412666,0.42526695160455225,11.374219551070546,6.57578603262911,0.027709830357052212,0.10345149795433548,0.06417801849727414,108.95469893706662,119.52174292646775,-10.575273347478705,0.06746410696338108,50.9,78.2,36.3,34.1,18.2,Guard,Guard,79.0,226.0,2001-03-17,97.5
1630549,Day'Ron,Sharpe,111,1828.05,812,333,611,15,60,131,197,318,551,176,133,65,86,310,409,719,338.4864333333333,276.4681,1754.2225,31615.53,23396.85,276.8744,403.95681666666667,339.16566666666665,203261.72666666665,196873.605,6405.8516666666665,249.9435,0.5771324863883848,0.25,0.5450081833060556,0.6649746192893401,0.58192867790391,0.5572831423895254,0.44418916331610186,0.09627745411777577,0.03555701430486037,0.0470446650802768,0.09819967266775777,0.32242225859247137,0.18516256849283844,0.1512366182544241,0.959614069637045,17.29467465331911,12.79880200213342,0.15145887694537896,0.220976897057885,0.1855341301751411,111.19046342641977,107.69596291129893,3.5041993745612356,0.13672684007549027,73.7,27.5,53.4,96.8,79.7,Center,Big,82.0,265.0,2001-11-06,56.7
1630550,JT,Thor,83,1029.95,270,105,242,34,102,26,42,71,140,35,24,19,36,63,131,194,119.25165,49.24733333333334,142.25833333333333,10753.796666666667,7562.55,54.924883333333334,130.57296666666667,92.0865,108224.69666666667,115275.195,-7050.501666666667,69.35258333333333,0.5071428571428571,0.3333333333333333,0.43388429752066116,0.6190476190476191,0.5182739557739557,0.5041322314049587,0.262148647992621,0.03398223214719161,0.01844749745133259,0.0349531530656828,0.4214876033057851,0.17355371900826447,0.11578392154958977,0.047815266113241744,0.1381215916630257,10.441086136867485,7.342637992135541,0.05332771817402139,0.1267760247261194,0.08940870916063887,105.0776218910303,111.92309820865091,-6.845479554023658,0.06733587390973671,32.7,38.5,20.4,62.4,50.4,Forward,Forward,81.0,203.0,2002-08-26,49.0
1630551,Justin,Champagnie,77,1575.4166666666667,633,242,489,87,238,62,88,155,251,79,64,75,48,131,273,404,240.73666666666668,119.19675000000001,839.7165,18499.095,14775.8,123.67173333333334,247.88365,185.0927,168947.72,184233.46833333332,-15286.006666666666,156.4962,0.6175298804780877,0.36554621848739494,0.4948875255623722,0.7045454545454546,0.5997498673538998,0.5838445807770961,0.40179846601428193,0.05014546416291986,0.047606453319227714,0.03046813012430574,0.4867075664621677,0.17995910020449898,0.152808251785242,0.07566046019571541,0.5330123247818037,11.742350700872786,9.378979106056597,0.07850096799788416,0.15734481883099707,0.11748809309706426,107.24002327426606,116.94269346733667,-9.70283417085427,0.09933638719915365,67.2,62.1,29.2,79.5,54.4,Guard-Forward,Wing,78.0,206.0,2001-06-29,39.4
1630552,Jalen,Johnson,92,3173.0666666666666,1576,630,1244,115,341,201,273,515,903,384,207,123,83,136,711,847,622.4894166666667,556.5418833333333,6228.949666666666,61280.41333333333,34062.83833333333,123.62638333333334,684.8424833333333,397.64735,357851.415,358896.6333333333,-1032.4649999999997,395.1264,0.5703211517165006,0.33724340175953077,0.5064308681672026,0.7362637362637363,0.5776617892854001,0.552652733118971,0.49668039331036223,0.12101857298932683,0.038763761660643756,0.026157660307588874,0.2741157556270096,0.21945337620578778,0.19617911694260023,0.1753955847130011,1.963069270526935,19.31267753592739,10.734989810068074,0.038961167955290366,0.21582984389444493,0.12531956992184218,112.77778017060257,113.10718337675434,-0.325383960837045,0.12452508614169258,67.3,44.3,68.7,76.1,60.6,Forward,Forward,80.0,219.0,2001-12-18,50.7
1630553,Keon,Johnson,84,1986.6833333333334,870,311,800,130,411,118,151,181,389,178,121,85,31,66,238,304,420.5918,301.47836666666666,2494.5035,31040.316666666666,19966.704999999998,60.569916666666664,247.47265,150.25978333333333,207835.38833333334,228469.02333333332,-20643.078333333335,134.97501666666668,0.4652956298200514,0.31630170316301703,0.38875,0.7814569536423841,0.5020543834541341,0.47,0.43791578929706965,0.08959656378721655,0.04278487596580566,0.015603895940470298,0.51375,0.18875,0.21170550582629338,0.15174958263772953,1.255612033456095,15.624189394384274,10.050270551421548,0.030487957315794328,0.1245657251197557,0.07563348461841762,104.61425071937316,115.00022147465205,-10.390724071106787,0.067939874665481,35.4,45.3,58.1,47.3,49.2,Guard,Guard,77.0,185.0,2002-03-10,49.6
1630554,Jason,Preston,7,71.13333333333334,12,6,19,0,3,0,0,6,16,16,2,2,1,6,11,17,8.569983333333333,21.172883333333335,24.533333333333335,2799.73,328.18666666666667,5.736066666666667,9.616900000000001,7.6438,8571.325,7559.698333333334,1011.6266666666666,6.383883333333333,0.375,0.0,0.3157894736842105,,0.3157894736842105,0.3157894736842105,0.16869728209934393,0.2249297094657919,0.02811621368322399,0.014058106841611994,0.15789473684210525,0.0,0.1204777413308341,0.2976506560449859,0.344892221180881,39.35890346766635,4.613683223992502,0.08063823805060918,0.1351954076850984,0.10745735707591376,120.49660262417994,106.27504686035613,14.221555763823803,0.08974531396438612,5.6,7.5,77.4,74.2,60.0,Guard,Guard,75.0,181.0,1999-08-10,24.7
1630556,Kessler,Edwards,94,883.2333333333333,261,101,217,42,106,17,22,59,111,57,20,29,24,31,126,157,104.31368333333333,72.88476666666666,417.48333333333335,17474.435,5805.428333333333,31.379199999999997,140.54821666666666,80.01425,94103.76833333333,103416.85,-9323.713333333333,60.55381666666666,0.5315315315315315,0.39622641509433965,0.46543778801843316,0.7727272727272727,0.5757014293276866,0.5622119815668203,0.2955051515265879,0.06453560780465713,0.032833905725176436,0.027172887496697738,0.48847926267281105,0.10138248847926268,0.11810433256595086,0.08252039853568328,0.4726761520172095,19.784619013473225,6.572927123825338,0.03552764463901573,0.15912920330603464,0.0905924255576103,106.54462958070724,117.0889345963694,-10.556342227421972,0.06855925199079141,38.1,70.6,45.4,61.6,44.7,Forward,Forward,79.0,203.0,2000-08-09,24.7
1630557,Corey,Kispert,141,3669.0,1775,641,1359,304,810,189,245,337,549,259,162,67,30,66,340,406,665.9166833333334,383.2361,3781.0233333333335,48570.801666666666,30856.276666666665,63.297533333333334,325.3702,194.36975,398885.93833333335,434542.3516666667,-35667.293333333335,290.4469833333333,0.6138433515482696,0.37530864197530867,0.47167034584253126,0.7714285714285715,0.6050586310335424,0.5835172921265637,0.4837830471518125,0.07059144180975743,0.01826110656854729,0.008176614881439084,0.5960264900662252,0.18027961736571008,0.1814981420913964,0.1044524666121559,1.0305323884800581,13.238157990369764,8.409996365948942,0.017251985100390662,0.08868089397656037,0.052976219678386484,108.71788997910421,118.43618197510675,-9.721257381666213,0.07916243753974743,71.2,74.0,48.8,18.2,15.0,Forward,Forward,78.0,224.0,1999-03-03,33.5
1630558,Davion,Mitchell,146,3128.4333333333334,967,369,799,141,369,88,126,228,430,497,171,89,19,54,208,262,436.27093333333335,673.13195,6762.400666666666,101300.73666666666,34286.068333333336,55.59145,211.40983333333332,132.49068333333332,346115.05833333335,348097.1566666667,-1968.0316666666668,205.47706666666667,0.5302325581395348,0.3821138211382114,0.4618272841051314,0.6984126984126984,0.5658677028229016,0.5500625782227785,0.3091004016920077,0.15886545981481678,0.028448744312914876,0.0060733274375885694,0.4618272841051314,0.15769712140175218,0.13945348577030037,0.2151658284764472,2.1615933427807317,32.38066018134742,10.95950102820368,0.017769740977912268,0.06757690217680841,0.04235048959543115,110.63526738623166,111.26884276474912,-0.6290789852215699,0.06568050035694117,41.1,60.4,78.2,10.0,41.2,Guard,Guard,72.0,202.0,1998-09-05,31.4
1630559,Austin,Reaves,155,5179.1,2775,934,1977,354,951,553,638,580,1026,871,351,147,47,118,563,681,1104.8571333333334,1239.98535,13789.728166666666,128491.00666666667,52853.933333333334,122.1073,542.8739833333333,341.9513166666667,599803.0183333333,592695.5533333333,7097.291666666667,576.8302666666667,0.5653021442495126,0.3722397476340694,0.47243297926150735,0.8667711598746082,0.6145580497138705,0.5619625695498229,0.5358073796605587,0.16817593790426907,0.028383309841478247,0.009074935799656311,0.48103186646433993,0.3227111785533637,0.21332994793175133,0.23942100944179487,2.6625722937704746,24.80952417730236,10.205235143815205,0.023576934216369638,0.10482013927773808,0.066025239262935,115.8122102939378,114.43987436684623,1.3703716218390583,0.11137654547443893,76.9,73.9,80.5,33.7,33.1,Guard,Guard,77.0,197.0,1998-05-29,64.4
1630560,Cam,Thomas,91,2856.0333333333333,2081,725,1644,212,591,419,485,513,1053,286,186,60,18,43,254,297,870.0525333333334,489.19711666666666,4811.576166666667,34473.71166666667,23243.428333333333,41.36363333333333,255.3642,146.99166666666667,321404.91333333333,336363.105,-14964.21,312.4812,0.48717948717948717,0.3587140439932318,0.44099756690997566,0.8639175257731959,0.560191665769355,0.5054744525547445,0.7286329524632066,0.10013888726788903,0.021008158168088608,0.006302447450426582,0.3594890510948905,0.29501216545012166,0.30463668724688087,0.1712855067051038,1.6847058857856467,12.070486455573583,8.138360313254982,0.014482895857891481,0.08941219173445689,0.051467069712071524,112.5354209217913,117.77282186248993,-5.239508175674887,0.10941090790256883,57.3,57.5,63.7,16.7,15.4,Guard,Guard,75.0,210.0,2001-10-13,55.8
1630561,David,Duke Jr.,10,85.06666666666666,42,16,32,6,12,4,5,10,20,9,5,3,0,3,12,15,16.523,11.963000000000001,83.93333333333334,1292.6533333333334,899.9666666666667,2.9189333333333334,11.859533333333333,7.507633333333334,10193.311666666666,8756.583333333334,1436.4066666666668,9.046816666666667,0.5,0.5,0.5,0.8,0.6140350877192982,0.59375,0.493730407523511,0.10579937304075236,0.03526645768025079,0.0,0.375,0.15625,0.1942358934169279,0.14063087774294672,0.9866771159874609,15.195768025078372,10.579545454545455,0.03431347962382445,0.13941457680250785,0.08825587774294671,119.8273315047022,102.93789184952979,16.885658307210033,0.10634972570532916,50.1,75.6,52.2,57.3,57.6,Guard,Guard,76.0,204.0,1999-10-13,58.5
1630562,Matt,Hurt,8,113.23333333333333,32,12,34,5,20,3,3,7,14,4,2,3,3,9,7,16,15.3467,7.393516666666667,18.083333333333332,1019.1066666666667,523.175,7.494316666666667,6.938383333333333,7.162516666666667,11202.496666666668,11900.533333333333,-701.0716666666667,6.64175,0.5,0.25,0.35294117647058826,1.0,0.45300113250283125,0.4264705882352941,0.2826022961436562,0.03532528701795702,0.026493965263467766,0.026493965263467766,0.5882352941176471,0.08823529411764706,0.13553164556962025,0.06529452458051221,0.15969973506034735,9.000058875478363,4.620326758904915,0.06618472181336474,0.06127509567265234,0.0632544892552252,98.93285251692672,105.09743891669119,-6.191389461289373,0.05865543126287901,23.4,45.0,25.5,38.7,68.2,Forward,Forward,81.0,233.0,2000-04-20,79.5
1630563,Joshua,Primo,2,10.266666666666666,2,1,3,0,1,0,0,1,2,0,4,0,1,1,0,1,2.6741,0.0,0.0,0.0,563.1666666666667,1.0566666666666666,0.0,0.43851666666666667,949.9233333333334,1068.0283333333332,-118.105,-0.8754833333333334,0.5,0.0,0.3333333333333333,,0.3333333333333333,0.3333333333333333,0.19480519480519481,0.0,0.0,0.09740259740259741,0.3333333333333333,0.0,0.26046428571428576,0.0,0.0,0.0,54.85389610389612,0.10292207792207793,0.0,0.04271266233766234,92.52500000000002,104.02873376623376,-11.503733766233768,-0.08527435064935067,17.2,12.8,2.2,30.7,66.7,Guard,Guard,76.0,189.0,2002-12-24,40.6
1630564,RaiQuan,Gray,3,39.03333333333333,23,10,17,3,7,0,0,7,10,6,1,1,1,2,5,7,7.669866666666667,8.695816666666667,0.0,946.5666666666666,390.0,2.50675,3.8054499999999996,3.48175,5030.096666666666,4425.536666666667,606.8183333333333,5.67725,0.7,0.42857142857142855,0.5882352941176471,,0.6764705882352942,0.6764705882352942,0.5892399658411615,0.1537147736976943,0.025619128949615714,0.025619128949615714,0.4117647058823529,0.0,0.19649530315969257,0.22277924850555084,0.0,24.250213492741246,9.991460290350128,0.06422075149444918,0.0974923142613151,0.0891994022203245,128.8666951323655,113.37839453458584,15.546157130657557,0.1454461998292058,71.6,81.0,56.9,58.2,47.5,Forward,Forward,79.0,269.0,1999-07-07,64.1
1630567,Scottie,Barnes,125,4228.4,2443,921,2005,177,576,424,553,744,1429,741,349,168,151,250,746,996,1062.1997333333334,1129.6860666666666,11392.765,94099.24666666667,43480.12333333334,229.2995,724.01525,474.22205,465219.81333333335,477726.215,-12511.173333333334,580.6610666666667,0.5206438068579426,0.3072916666666667,0.45935162094763093,0.7667269439421338,0.5432945488186735,0.5034912718204488,0.5777599091855076,0.17524359095639014,0.03973134045974837,0.0357109071989405,0.28728179551122196,0.27581047381546137,0.2512060669126226,0.2671663198057579,2.69434419638634,22.25410241856652,10.28287847255069,0.05422843155803614,0.1712267642607133,0.11215165310755842,110.02265947718602,112.98037437328541,-2.958843376533283,0.13732406268722608,59.0,35.4,80.9,75.4,65.3,Forward-Guard,Wing,80.0,237.0,2001-08-01,93.5
1630568,Luka,Garza,63,341.1666666666667,237,88,180,19,68,42,60,69,112,15,18,10,4,50,35,85,87.16473333333333,21.11005,52.9,2104.165,3028.1349999999998,41.512766666666664,32.886383333333335,39.87788333333334,37019.04833333333,36853.791666666664,163.1016666666669,30.288233333333334,0.6160714285714286,0.27941176470588236,0.4888888888888889,0.7,0.5741279069767442,0.5416666666666666,0.6946751343429408,0.04396678065461651,0.029311187103077674,0.01172447484123107,0.37777777777777777,0.3333333333333333,0.25549018075232044,0.06187606253053249,0.15505617977528088,6.167557401074743,8.87582315583781,0.12167884709330727,0.09639389350268686,0.11688680996580361,108.5072252076209,108.02283829995113,0.478070346849048,0.08877840742550074,83.6,37.0,18.1,71.8,57.7,Center,Big,82.0,243.0,1998-12-27,37.6
1630570,Trendon,Watford,106,1769.2333333333333,882,328,661,56,156,170,219,272,505,196,146,50,31,89,265,354,380.52325,319.15813333333335,1835.8306666666667,30742.751666666667,22220.355,82.51033333333334,257.71665,171.65045,189538.94666666666,196514.18833333332,-6966.335,193.64616666666666,0.5386138613861386,0.358974358974359,0.4962178517397882,0.776255707762557,0.5822858350058097,0.5385779122541604,0.4985210166362078,0.11078244814137951,0.02826082860749477,0.01752171373664676,0.23600605143721634,0.3313161875945537,0.2150780469883377,0.18039346609642595,1.0376419164609907,17.37631271548882,12.559312885053789,0.046636207773611923,0.14566572149895435,0.09701967895698702,107.13055372383518,111.07307590858564,-3.937487989147842,0.10945202253330068,68.4,51.9,58.6,66.2,53.3,Guard-Forward,Wing,80.0,245.0,2000-11-09,95.4
1630572,Sandro,Mamukelashvili,107,1132.2,575,214,436,79,225,68,92,135,211,97,45,29,29,107,227,334,213.31396666666666,140.67759999999998,585.4245,16619.81166666667,9036.188333333334,98.73403333333333,211.20186666666666,156.17325,123889.52333333333,123107.46166666667,789.4016666666664,148.11906666666667,0.6398104265402843,0.3511111111111111,0.4908256880733945,0.7391304347826086,0.6033831430490262,0.5814220183486238,0.5078608019784491,0.08567390920332096,0.025613849143260908,0.025613849143260908,0.5160550458715596,0.21100917431192662,0.18840661249484777,0.12425154566331036,0.517068097509274,14.679218924807161,7.981088441382559,0.0872054701760584,0.18654112936465878,0.13793786433492314,109.42370900312076,108.73296384619914,0.6972281104634044,0.13082411823588294,76.3,62.6,47.6,86.1,61.9,Forward-Center,Big,81.0,240.0,1999-05-23,22.6
1630573,Sam,Hauser,150,3281.7833333333333,1317,463,1032,363,864,28,30,100,168,146,55,81,38,89,411,500,468.39458333333334,198.31995,913.0295,38324.255,14348.165,84.16971666666667,388.02015,237.75916666666666,396225.155,357094.54,39148.07666666667,281.62625,0.5952380952380952,0.4201388888888889,0.4486434108527132,0.9333333333333333,0.6300229621125143,0.624515503875969,0.40130620038901615,0.04448800702869883,0.024681702529620583,0.01157907032253805,0.8372093023255814,0.029069767441860465,0.142725626818752,0.06043054335295343,0.2782113891329409,11.677874834312645,4.372063461431031,0.025647554429248327,0.1182345421950464,0.07244816080687837,120.73470877114578,108.81112606458886,11.928903492511694,0.085815004037439,58.4,94.0,27.8,41.9,49.9,Forward,Forward,79.0,217.0,1997-12-08,36.5
1630574,Ariel,Hukporti,25,217.36666666666667,48,21,31,0,0,6,13,21,31,11,21,1,15,14,37,51,24.147116666666665,16.60171666666667,98.83333333333334,2797.0,5827.308333333333,14.085683333333334,32.26826666666667,23.817999999999998,21271.836666666666,23855.596666666668,-2581.9516666666664,13.791366666666667,0.6774193548387096,,0.6774193548387096,0.46153846153846156,0.6535947712418301,0.6774193548387096,0.22082502683637478,0.05060573531666922,0.004600521392424475,0.06900782088636712,0.0,0.41935483870967744,0.11108932679036956,0.07637655267596995,0.45468486428461896,12.867658334611255,26.808656647753413,0.06480148750191689,0.14845085109645761,0.10957521852476612,97.86153964115933,109.74818279405,-11.878323876706025,0.06344747738076982,77.2,33.0,22.2,74.3,58.7,Center,Big,84.0,246.0,2002-04-12,65.1
1630577,Julian,Champagnie,156,3399.983333333333,1319,440,1067,279,757,160,186,161,310,214,131,109,77,109,415,524,524.01945,287.05881666666664,2866.573,48798.496666666666,30597.178333333333,102.63016666666667,406.0891833333333,251.18813333333333,377637.9216666667,388519.055,-10898.52,254.62470000000002,0.5193548387096775,0.36856010568031705,0.41237113402061853,0.8602150537634409,0.574057309982243,0.5431115276476102,0.3879430781523439,0.06294148500727945,0.032058980681277854,0.02264716983906784,0.7094657919400188,0.17432052483598875,0.15412412315746646,0.0844294775954784,0.8431138387933275,14.352569375340076,8.999214211834373,0.030185491105348558,0.11943858058127736,0.07387922489816127,111.07052142412464,114.27087044544336,-3.205462771876333,0.07488998475482724,46.8,75.6,41.5,45.0,49.4,Forward,Forward,79.0,217.0,2001-06-29,36.5
1630578,Alperen,Sengun,139,4440.783333333333,2782,1094,2125,54,201,540,780,1040,1924,684,356,160,107,445,930,1375,1174.06315,1075.7162166666667,9724.049166666668,86678.59833333333,45185.64166666667,408.29613333333333,894.7979666666666,648.6812333333334,508797.23833333334,489701.445,19118.24,668.6283333333333,0.5405405405405406,0.26865671641791045,0.5148235294117647,0.6923076923076923,0.5635685924965562,0.5275294117647059,0.6264660514098489,0.1540268796421052,0.036029679448445665,0.024094848131148035,0.09458823529411765,0.36705882352941177,0.26438199341707735,0.242235690399967,2.1897148400995325,19.5187632061911,10.175151155764564,0.09194236752524894,0.20149552443825602,0.1460736056326399,114.57375875877756,110.27366305494152,4.305150367615324,0.15056540325092796,71.1,27.2,76.2,89.0,67.3,Center,Big,83.0,243.0,2002-07-25,49.8
1630579,Jericho,Sims,98,1216.0333333333333,190,83,126,0,0,24,37,83,126,58,49,18,38,127,217,344,80.74676666666667,83.34635,396.137,27638.908333333333,20152.513333333332,124.15421666666667,217.34401666666668,170.21993333333333,134231.58166666667,133212.78,1018.9566666666665,69.49158333333334,0.6587301587301587,,0.6587301587301587,0.6486486486486487,0.6676974978914816,0.6587301587301587,0.15624571694854855,0.04769606096324114,0.014802225816178285,0.031249143389709712,0.0,0.29365079365079366,0.06640177078479209,0.06853952742523506,0.325761629341301,22.72874235903621,16.57233628464132,0.10209770839615143,0.17873195636084538,0.1399796606452674,110.38478797182096,109.5469806200488,0.8379348153833501,0.05714611715687619,71.1,37.0,28.4,87.3,55.2,Center,Big,82.0,250.0,1998-10-20,47.4
1630581,Josh,Giddey,150,4128.166666666667,2008,773,1645,187,521,275,348,586,1124,889,370,135,89,238,842,1080,900.2525166666667,1190.1343666666667,11102.130166666666,119234.10166666667,50421.75666666667,233.8616,788.1165166666667,524.8438333333334,480589.93833333335,467413.17,13165.036666666665,522.43025,0.5213523131672598,0.35892514395393477,0.46990881458966566,0.7902298850574713,0.5583609547749873,0.5267477203647416,0.4864144697000282,0.21534983245185513,0.032702168032621416,0.021559207073357824,0.31671732522796353,0.2115501519756839,0.21807562275424924,0.28829610400096894,2.689360935039767,28.883063910533327,12.214079696394686,0.056650232145019984,0.19091199079494528,0.1271372683596431,116.41728087528766,113.22536315555733,3.1890758609552257,0.12655260608018087,53.2,51.5,82.3,80.7,52.8,Guard,Guard,79.0,214.0,2002-10-10,92.2
1630583,Santi,Aldama,126,3277.7166666666667,1465,560,1216,226,630,119,181,334,586,326,140,95,83,166,602,768,582.4967,462.74881666666664,5603.512166666666,60575.916666666664,26351.596666666668,152.46621666666667,586.1790833333333,359.9696,364862.2183333333,372857.7683333333,-7973.898333333333,364.26396666666665,0.5699658703071673,0.35873015873015873,0.4605263157894737,0.6574585635359116,0.5653576610786947,0.553453947368421,0.4469574856480375,0.0994594814479592,0.028983591219497312,0.02532250601282397,0.5180921052631579,0.14884868421052633,0.17771417094217012,0.14118023725866075,1.7095779582331194,18.48113269908422,8.039620060712997,0.04651598419631552,0.17883763087108404,0.10982328145101011,111.31597250118222,113.75533831986698,-2.432760102306992,0.1111334516406238,57.8,55.9,66.4,73.2,49.9,Forward-Center,Big,84.0,215.0,2001-01-10,42.6
1630585,Marcus,Garrett,4,79.38333333333333,28,11,27,3,8,3,4,8,19,13,6,3,2,1,5,6,15.33545,20.029783333333334,124.92483333333334,2144.056666666667,883.8516666666667,0.9064,4.912000000000001,2.9360500000000003,7599.131666666667,9447.913333333334,-1848.7816666666668,4.485833333333334,0.42105263157894735,0.375,0.4074074074074074,0.75,0.48678720445062584,0.46296296296296297,0.3527188746588285,0.16376233466302753,0.037791307999160195,0.025194205332773466,0.2962962962962963,0.14814814814814814,0.1931822380852404,0.25231723703548187,1.5736909510812516,27.008901952550918,11.133970186857024,0.011418013856812934,0.06187696829729164,0.036985723283644766,95.72704178039052,119.0163342431241,-23.289292462733574,0.05650850304429982,22.6,46.6,76.5,5.7,45.6,Guard,Guard,77.0,205.0,1998-11-09,72.6
1630586,Usman,Garuba,6,17.78333333333333,3,1,6,0,1,1,2,1,5,1,2,1,3,3,4,7,3.2095833333333337,1.1166666666666667,0.0,111.66666666666667,233.99999999999997,1.36435,2.7083333333333335,2.8920333333333335,1382.0183333333334,2083.1433333333334,-700.8466666666666,2.351366666666667,0.2,0.0,0.16666666666666666,0.5,0.2180232558139535,0.16666666666666666,0.16869728209934398,0.05623242736644799,0.05623242736644799,0.16869728209934398,0.16666666666666666,0.3333333333333333,0.1804826616682287,0.06279287722586692,0.0,6.279287722586693,13.158388003748827,0.07672071227741331,0.15229615745079664,0.16262605435801314,77.71424554826618,117.14020618556702,-39.41030927835052,0.13222305529522027,23.1,7.1,9.7,84.9,62.8,Forward,Forward,80.0,229.0,2002-03-09,62.7
1630587,Isaiah,Livers,23,469.4,114,40,116,22,77,12,18,18,39,25,16,13,5,15,33,48,57.162733333333335,34.36258333333333,126.66683333333333,6536.906666666667,4054.378333333333,15.25975,34.04156666666667,23.61885,50038.52,58951.49166666667,-8907.528333333334,9.771216666666666,0.46153846153846156,0.2857142857142857,0.3448275862068966,0.6666666666666666,0.45997417688831505,0.4396551724137931,0.24286322965487858,0.053259480187473375,0.027694929697486152,0.010651896037494675,0.6637931034482759,0.15517241379310345,0.12177829853713962,0.07320533304928277,0.2698483880130663,13.926090044027838,8.637363300667518,0.03250905411163187,0.07252144581735549,0.050317106945036216,106.6010225820196,125.5890320977134,-18.976413151540974,0.020816396818633717,19.5,38.6,28.1,22.0,23.0,Forward,Forward,78.0,232.0,1998-07-28,44.2
1630590,Scotty,Pippen Jr.,100,2209.766666666667,1050,385,797,117,291,163,226,268,506,445,194,139,40,87,239,326,436.7593,629.38425,5082.154166666666,63383.72833333333,27770.873333333333,79.75375,222.17433333333332,151.48916666666668,242318.85,244211.035,-1897.7466666666664,233.15435,0.5296442687747036,0.4020618556701031,0.48306148055207027,0.7212389380530974,0.5856499040649681,0.5564617314930991,0.47516329024180526,0.20137872776914603,0.06290256889867708,0.018101458675878295,0.36511919698870765,0.2835633626097867,0.1976495105063883,0.28481932481559136,2.299860090808984,28.68344847872324,12.567332900909596,0.036091480246783214,0.10054198784185357,0.06855437225649767,109.65811624153379,110.51439895614921,-0.8587995715988112,0.10551084579065662,63.2,63.9,80.6,40.3,71.3,Guard,Guard,74.0,170.0,2000-11-10,13.0
1630591,Jalen,Suggs,110,3027.0666666666666,1510,533,1195,229,627,215,266,304,568,334,234,157,80,71,299,370,655.97655,518.7902666666666,4374.162833333334,53975.706666666665,37187.40666666667,70.8515,319.9413,190.29601666666667,332308.24,329443.39666666667,2886.1766666666667,282.65485,0.5352112676056338,0.3652312599681021,0.44602510460251044,0.8082706766917294,0.575439773177647,0.5418410041841004,0.4988327533806105,0.11033784081398934,0.05186539223891116,0.026428225344668106,0.5246861924686193,0.22259414225941423,0.2167037010527243,0.17138382592608906,1.4450170131700657,17.83102673655464,12.284964542130997,0.023405992600096903,0.10569350966832577,0.0628648251332423,109.77896313262565,108.83255406774435,0.9534565916398714,0.09337582588204203,59.9,66.7,61.3,31.8,79.0,Guard,Guard,77.0,205.0,2001-06-03,72.6
1630592,Jalen,Wilson,122,2695.9166666666665,963,322,799,146,436,173,211,176,363,190,98,51,9,122,279,401,418.5307666666667,289.8631833333333,2351.036,42549.27333333333,22634.708333333332,119.2372,292.31006666666667,200.0891,291854.61833333335,306250.3466666667,-14407.075,181.44385,0.48484848484848486,0.3348623853211009,0.4030037546933667,0.8199052132701422,0.5398950484391819,0.49436795994993743,0.3572068869586721,0.07047695589008068,0.018917498686284815,0.003338382121109085,0.5456821026282853,0.2640801001251564,0.15524618095267537,0.10751934097864053,0.8720729498315354,15.78285926246484,8.395922846279868,0.04422881518345646,0.10842696670891164,0.07421931934097864,108.25802664523509,113.59785354393992,-5.344035733053075,0.06730321164724429,41.3,56.0,50.8,48.3,23.0,Forward,Forward,78.0,220.0,2000-11-04,30.0
1630595,Cade,Cunningham,132,4526.2,3235,1208,2624,268,753,551,644,940,1871,1102,521,127,75,89,604,693,1410.8654666666666,1746.5662666666667,11374.699,110581.84166666666,52361.573333333334,89.58663333333332,602.0088333333333,343.2390833333333,510108.4766666667,519366.7966666667,-9259.483333333334,633.6815666666666,0.5024051309460181,0.3559096945551129,0.4603658536585366,0.8555900621118012,0.5563466512574982,0.5114329268292683,0.714727586054527,0.2434713446157925,0.028058857319605852,0.016570191330475898,0.28696646341463417,0.24542682926829268,0.31171080965637105,0.3858791628002887,2.5130791834209716,24.43149698790744,11.568550513307706,0.01979290206648697,0.13300535401293212,0.07583383043907325,112.70126743552355,114.74676255284051,-2.0457521393958142,0.14000299736349844,57.5,52.9,82.6,43.5,39.0,Guard,Guard,78.0,220.0,2001-09-25,92.5
1630596,Evan,Mobley,121,3698.9166666666665,2101,825,1458,107,289,344,476,718,1169,386,235,106,185,275,852,1127,797.67055,570.99915,6455.326,60473.86,39522.36833333333,277.1630666666667,798.1232333333334,548.7073833333334,431843.86833333335,404465.205,27373.913333333334,543.56935,0.6142001710863987,0.370242214532872,0.565843621399177,0.7226890756302521,0.6300076764381327,0.6025377229080933,0.568004145357875,0.1043548786806948,0.02865703922319598,0.050014643927276003,0.19821673525377229,0.32647462277091904,0.2156497758352671,0.15436929281095815,1.7451936828350645,16.349073377340215,10.684849618131436,0.07493087615743349,0.2157721585148805,0.14834272647396762,116.7487421992926,109.34693626512268,7.400521774393404,0.14695366210827496,85.3,55.5,61.5,87.8,70.3,Center,Big,83.0,215.0,2001-06-18,31.8
1630598,Aaron,Wiggins,154,2971.9,1456,567,1105,192,465,130,160,375,640,220,125,116,37,141,340,481,548.5450833333333,304.4598833333333,2849.9828333333335,42557.44666666666,24308.72,143.5314,320.21778333333333,234.48801666666668,352747.075,321613.79333333333,31123.931666666664,305.47411666666665,0.5859375,0.4129032258064516,0.5131221719457013,0.8125,0.6193636208950144,0.6,0.48992227194723914,0.07402671691510482,0.039032268918873445,0.012449947844813082,0.42081447963800905,0.14479638009049775,0.18457723454131475,0.10244620725237502,0.958976692800341,14.319945713740927,8.179521518220668,0.04829617416467579,0.10774850544545016,0.07890171831712597,118.69412665298294,108.21824197763496,10.472738539879089,0.10278748163352287,66.5,75.8,49.5,52.1,65.8,Guard,Guard,77.0,190.0,1999-01-02,55.5
1630600,Isaiah,Mobley,11,89.28333333333333,29,12,31,4,13,1,3,8,18,11,2,3,1,4,10,14,14.164616666666667,18.857416666666666,27.5,2028.5333333333333,293.4166666666667,2.9285,11.906566666666667,7.166666666666667,8220.7,10104.48,-1883.78,10.931166666666668,0.4444444444444444,0.3076923076923077,0.3870967741935484,0.3333333333333333,0.44863861386138615,0.45161290322580644,0.3248086615643084,0.12320328542094457,0.03360089602389397,0.011200298674631324,0.41935483870967744,0.0967741935483871,0.15864793727832743,0.21120869889863728,0.3080082135523614,22.720179204778795,3.2863543027814077,0.032800074668657836,0.13335710285607616,0.08026880716819115,92.07429531454173,113.17319395183871,-21.098898637296994,0.12243233152884078,17.3,28.3,67.1,52.6,44.5,Forward,Forward,80.0,238.0,1999-09-24,71.4
1630604,E.J.,Liddell,20,75.95,25,9,21,3,15,4,4,6,6,4,4,3,3,3,11,14,10.534,3.9816000000000003,34.4,881.0933333333331,968.5733333333333,3.770233333333333,11.803116666666666,7.123166666666667,8608.758333333333,9017.5,-409.9533333333333,5.7350666666666665,1.0,0.2,0.42857142857142855,1.0,0.5492091388400703,0.5,0.3291639236339697,0.052666227781435156,0.03949967083607636,0.03949967083607636,0.7142857142857143,0.19047619047619047,0.13869651086240947,0.052423963133640554,0.4529295589203423,11.600965547509324,12.752775949089312,0.049640991880623216,0.15540640772438005,0.09378757954794821,113.34770682466534,118.72942725477287,-5.397673908272986,0.07551108185209567,63.8,52.6,17.0,67.4,51.6,Forward,Forward,78.0,240.0,2000-12-18,48.7
1630606,Javonte,Smart,1,0.6666666666666666,0,0,0,0,0,0,0,0,0,0,0,0,0,0,0,0,0.0,0.0,0.0,0.0,0.0,0.0,0.0,0.0,0.0,100.0,-100.0,0.0,,,,,,,0.0,0.0,0.0,0.0,,,0.0,0.0,0.0,0.0,0.0,0.0,0.0,0.0,0.0,150.0,-150.0,0.0,1.2,50.0,16.9,1.4,2.6,Guard,Guard,76.0,205.0,1999-06-03,60.6
1630608,Malcolm,Cazalon,1,2.5833333333333335,0,0,0,0,0,0,0,0,0,0,0,0,0,0,0,0,0.0,0.0,0.0,0.0,0.0,0.0,0.0,0.0,473.52500000000003,258.33333333333337,215.19166666666666,0.0,,,,,,,0.0,0.0,0.0,0.0,,,0.0,0.0,0.0,0.0,0.0,0.0,0.0,0.0,183.3,100.00000000000001,83.3,0.0,1.2,50.0,16.9,1.4,39.8,Guard,Guard,78.0,185.0,2001-08-27,58.0
1630610,DeJon,Jarreau,9,149.55,43,17,50,4,13,5,11,13,37,26,9,6,2,8,36,44,25.624399999999998,37.086416666666665,294.9083333333333,4315.395,1474.8466666666666,5.922133333333333,36.06668333333334,19.711949999999998,15471.286666666667,16224.955,-748.8383333333334,11.50525,0.35135135135135137,0.3076923076923077,0.34,0.45454545454545453,0.39204959883296864,0.38,0.2875292544299565,0.17385489802741558,0.04012036108324975,0.013373453694416582,0.26,0.22,0.17134336342360412,0.247986737991753,1.9719714699654516,28.855867602808427,9.861896801515657,0.039599687952747126,0.24116805973475985,0.13180842527582745,103.45226791485567,108.4918421932464,-5.007277387718712,0.07693246405884319,21.3,21.2,81.6,78.4,66.9,Guard,Guard,77.0,185.0,1998-01-23,49.6
1630611,Gui,Santos,79,953.6,309,110,234,44,130,45,59,66,104,94,49,29,12,89,132,221,124.62506666666667,118.12848333333334,844.765,21870.126666666667,11363.45,78.26293333333334,130.8075,103.00415,111730.59,102937.9,8802.688333333334,74.35175,0.6346153846153846,0.3384615384615385,0.4700854700854701,0.7627118644067796,0.5943222034159101,0.5641025641025641,0.32403523489932884,0.09857382550335571,0.030411073825503353,0.012583892617449664,0.5555555555555556,0.25213675213675213,0.1306890380313199,0.12387634577740492,0.8858693372483221,22.934277125279642,11.916369546979865,0.08207102908277406,0.13717229446308726,0.10801609689597315,117.16714555369127,107.94662332214764,9.231007060961968,0.07796953649328858,68.7,60.8,53.8,74.8,59.6,Forward,Forward,79.0,185.0,2002-06-22,20.6
1630618,D.J.,Carton,8,68.91666666666667,14,4,15,1,7,5,6,3,8,6,5,3,0,2,6,8,8.850983333333334,10.97965,59.6,1182.5783333333334,1039.7483333333334,1.9819499999999999,4.593083333333333,3.5260666666666665,6571.275,7609.111666666667,-1037.8366666666668,2.047533333333333,0.375,0.14285714285714285,0.26666666666666666,0.8333333333333334,0.3968253968253968,0.3,0.2031438935912938,0.08706166868198306,0.04353083434099153,0.0,0.4666666666666667,0.4,0.12843022974607013,0.15931777509068923,0.8648125755743651,17.159540507859735,15.087037484885128,0.028758645707376053,0.06664691656590084,0.05116420798065296,95.35102781136638,110.41032648125756,-15.059298669891174,0.02971027811366384,28.9,32.1,52.4,20.0,52.2,Guard,Guard,75.0,200.0,2000-08-05,44.7
1630622,Jalen,Crutcher,1,2.65,0,0,1,0,0,0,0,0,1,0,0,0,0,0,0,0,0.44255,0.0,0.0,0.0,0.0,0.0,0.0,0.0,318.0,265.0,53.0,-0.212,0.0,,0.0,,0.0,0.0,0.0,0.0,0.0,0.0,0.0,0.0,0.167,0.0,0.0,0.0,0.0,0.0,0.0,0.0,120.0,100.0,20.0,-0.08,1.5,1.6,16.9,1.4,39.9,Guard,Guard,73.0,175.0,1999-07-18,9.0
1630623,Tyson,Etienne,7,151.08333333333331,55,17,52,13,44,8,10,4,8,12,8,3,1,3,6,9,26.422216666666664,19.61413333333333,94.28783333333334,2422.96,1624.5899999999997,2.707583333333333,6.887683333333333,4.6593333333333335,14905.506666666666,18148.945,-3246.6566666666668,3.7596166666666666,0.5,0.29545454545454547,0.3269230769230769,0.8,0.4875886524822695,0.4519230769230769,0.3640375068946498,0.07942636514065086,0.019856591285162716,0.006618863761720905,0.8461538461538461,0.19230769230769232,0.1748850523993381,0.12982327633756205,0.6240783232211805,16.037242140099284,10.752939878654164,0.017921125206839493,0.04558863761720905,0.030839492553778273,98.65751792608937,120.12539437396582,-21.48917815774959,0.024884390512961943,37.1,49.9,45.6,7.5,12.9,Guard,Guard,72.0,200.0,1999-09-17,28.8
1630625,Dalano,Banton,121,2166.766666666667,1116,400,1007,131,421,185,245,269,586,287,163,76,54,71,242,313,524.2877666666667,458.89908333333335,3610.979,40764.485,22743.743333333332,64.97001666666667,240.06476666666666,148.1852,233291.08666666667,245197.29166666666,-11890.531666666666,206.01895,0.4590443686006826,0.31116389548693585,0.3972194637537239,0.7551020408163265,0.5005382131324004,0.46226415094339623,0.5150531513930126,0.13245542513422456,0.035075304216728456,0.02492192668030706,0.41807348560079444,0.24329692154915591,0.24196780148608524,0.21178980200913802,1.6665287755949723,18.813509376490313,10.496627847945478,0.029984777625648044,0.1107940095072535,0.06839001276864144,107.66783994584864,113.16275787271356,-5.48768441456548,0.09508128086396012,41.9,37.6,69.8,39.8,57.1,Forward,Forward,80.0,203.0,1999-11-07,37.5
1630631,Jose,Alvarado,112,2394.3,976,346,866,189,516,95,126,157,350,376,126,133,29,52,212,264,436.31176666666664,543.9909333333334,4424.280833333333,63202.526666666665,19773.163333333334,50.23303333333333,204.71503333333334,128.37461666666667,268695.195,268546.56833333336,141.37499999999915,201.85231666666667,0.44857142857142857,0.36627906976744184,0.3995381062355658,0.753968253968254,0.5296058343462406,0.5086605080831409,0.4076347993150399,0.1570396358016957,0.05554859457879129,0.012112099569811635,0.5958429561200924,0.14549653579676675,0.18222936418438232,0.22720249481407231,1.8478389647635354,26.397079174149713,8.258431831154548,0.020980258669896557,0.08550099541967729,0.05361676342424369,112.2228605437915,112.16078533739855,0.05904648540283137,0.08430535716771777,29.8,60.4,81.8,20.6,59.6,Guard,Guard,72.0,179.0,1998-04-12,6.7
1630639,A.J.,Lawson,68,797.35,372,134,311,46,151,58,86,88,160,51,29,23,9,34,102,136,147.39381666666668,68.7577,509.5108333333334,8684.345,5301.693333333334,28.750333333333334,94.93561666666666,60.38418333333333,86586.2,86902.35833333334,-321.79833333333346,60.7468,0.55,0.304635761589404,0.43086816720257237,0.6744186046511628,0.5331957344341245,0.5048231511254019,0.4665454317426475,0.0639618737066533,0.028845550887314227,0.011287389477644698,0.4855305466237942,0.2765273311897106,0.18485460170146947,0.08623277105411675,0.6390052465458498,10.891509374804038,6.649141949373968,0.03605735666060492,0.11906392006856042,0.07573108839698167,108.5924625321377,108.98897389268619,-0.40358479128780766,0.07618586568006522,61.9,38.7,39.4,48.8,54.3,Guard,Guard,78.0,179.0,2000-07-15,53.4
1630641,Ibou,Badji,22,225.81666666666666,34,14,22,0,0,6,12,14,22,13,15,3,20,20,31,51,17.961583333333333,20.840716666666665,139.74283333333335,5349.298333333333,4624.008333333333,16.99265,30.844416666666667,23.752516666666665,21532.908333333333,25340.823333333334,-3808.0466666666666,9.253583333333333,0.6363636363636364,,0.6363636363636364,0.5,0.6231671554252199,0.6363636363636364,0.15056461731493098,0.05756882426747362,0.01328511329249391,0.08856742194995941,0.0,0.5454545454545454,0.07954055649863459,0.0922904273378109,0.6188331242158094,23.688678131227398,20.476824857923095,0.0752497601298989,0.13659052328585136,0.1051849582995055,95.35570890840653,112.21856963613551,-16.863443796590154,0.04097830098162226,73.9,31.2,40.9,72.8,52.5,Center,Big,84.0,240.0,2002-10-13,55.8
1630643,Jay,Huff,84,797.4,462,166,320,84,209,46,58,82,111,40,35,18,59,32,108,140,152.49121666666667,56.859116666666665,317.044,7096.456666666667,5975.091666666667,28.008566666666667,98.60305,65.27771666666666,87893.91833333333,87452.03166666666,434.3350000000003,80.78976666666667,0.7387387387387387,0.4019138755980861,0.51875,0.7931034482758621,0.6685575364667747,0.65,0.5793829947328819,0.05016302984700276,0.022573363431151242,0.07399046902432907,0.653125,0.18125,0.19123553632639412,0.0713056391606053,0.3975971908703286,8.899494189449044,7.493217540339438,0.035124864141794165,0.12365569350388764,0.08186320123735473,110.22563121812559,109.67147186690076,0.544688989214949,0.10131648691580972,81.4,85.4,27.0,52.3,64.2,Center,Big,85.0,240.0,1997-08-25,63.8
1630644,Mac,McClung,2,10.233333333333333,0,0,2,0,1,0,0,0,1,3,0,0,0,0,1,1,0.8239,4.071633333333333,0.0,666.4883333333332,0.0,0.0,0.9766666666666666,0.6983166666666666,1220.0916666666665,1314.7599999999998,-95.20333333333338,-0.13320000000000004,0.0,0.0,0.0,,0.0,0.0,0.0,0.2931596091205212,0.0,0.0,0.5,0.0,0.0805114006514658,0.3978794788273615,0.0,65.12915309446254,0.0,0.0,0.09543973941368078,0.06823941368078176,119.22719869706839,128.47817589576545,-9.303257328990233,-0.013016286644951145,1.5,21.6,75.4,24.9,3.0,Guard,Guard,74.0,185.0,1999-01-06,20.0
1630647,Eugene,Omoruyi,43,393.31666666666666,207,81,167,13,46,32,49,68,121,35,21,27,5,35,50,85,82.46603333333333,53.99105,142.98083333333332,5879.88,3113.8383333333336,29.929199999999998,50.78345,39.4733,39529.07,44810.291666666664,-5285.27,40.62715,0.5619834710743802,0.2826086956521739,0.48502994011976047,0.6530612244897959,0.5488969028425965,0.5239520958083832,0.5262934870121615,0.08898682147548626,0.06864697656680367,0.012712403067926608,0.2754491017964072,0.2934131736526946,0.2096682910292809,0.13727119793211578,0.3635259968642739,14.94948091020806,7.916873596338829,0.07609441078011779,0.1291159371159795,0.10036010000423748,100.50189414805712,113.92929785160388,-13.437696512564093,0.1032937412602229,69.1,27.6,47.8,70.3,55.0,Forward,Forward,78.0,235.0,1997-02-14,46.0
1630649,Stanley,Umude,46,392.93333333333334,142,42,110,27,68,31,36,15,42,15,17,11,13,12,56,68,56.98735,20.777516666666667,160.334,3956.13,3558.83,10.274733333333334,50.60183333333333,31.211233333333336,39648.38166666667,43284.59333333334,-3633.1600000000003,19.869149999999998,0.35714285714285715,0.39705882352941174,0.38181818181818183,0.8611111111111112,0.5642085187539733,0.5045454545454545,0.36138445877163217,0.038174414658975225,0.027994570749915168,0.0330844927044452,0.6181818181818182,0.32727272727272727,0.14503058194774346,0.05287796912114014,0.408043773328809,10.068196470987445,9.057083474720054,0.026148795385137428,0.12877969121140143,0.07943137088564643,100.90358415337631,110.15760095011878,-9.246250424160163,0.05056621140142517,39.4,78.9,21.2,47.5,63.6,Guard,Guard,78.0,210.0,1999-04-12,86.5
1630658,Colin,Castleton,42,491.06666666666666,147,55,114,2,16,35,44,53,98,31,26,10,10,59,75,134,63.39828333333333,45.107616666666665,279.155,7532.246666666666,6086.21,49.11311666666667,71.28658333333334,59.6455,50650.62666666666,53867.75833333333,-3209.8450000000003,35.73256666666666,0.5408163265306123,0.125,0.4824561403508772,0.7954545454545454,0.5511397720455908,0.49122807017543857,0.2993483573174043,0.06312788487645941,0.020363833831115938,0.020363833831115938,0.14035087719298245,0.38596491228070173,0.1291032106978007,0.09185640103176758,0.568466603312517,15.33854194949769,12.393856910127614,0.10001313467282108,0.14516681373879992,0.12146110507738257,103.14409448818897,109.69540795547108,-6.536475020363834,0.07276520499592723,56.7,25.9,34.5,80.8,52.2,Center,Big,82.0,250.0,2000-05-25,47.4
1630678,Terry,Taylor,34,193.98333333333335,46,20,40,2,9,4,5,18,31,12,7,5,2,18,20,38,20.2916,13.059683333333334,8.633333333333333,3233.2016666666664,1376.2366666666667,19.603283333333334,18.547016666666668,19.125616666666666,21141.993333333336,20221.59833333333,923.5233333333335,12.386183333333333,0.5806451612903226,0.2222222222222222,0.5,0.8,0.5450236966824644,0.525,0.23713377437924218,0.061860984620671876,0.025775410258613282,0.010310164103445313,0.225,0.125,0.10460486296073544,0.06732373915284819,0.044505541713205594,16.66741988143311,7.094612939255949,0.10105653406650056,0.0956113927313343,0.09859412320646102,108.98871037030673,104.24399862531143,4.760838560013748,0.06385179139101296,44.3,29.6,30.8,65.6,55.6,Forward,Forward,76.0,230.0,1999-09-23,33.5
1630688,Ish,Wainright,11,62.4,23,7,24,7,20,2,2,0,4,1,2,4,1,3,11,14,10.10275,1.3208333333333333,10.566666666666666,132.08333333333334,306.30500000000006,2.6416666666666666,9.6464,6.22065,4863.09,5258.346666666666,-395.8066666666667,6.757816666666667,0.0,0.35,0.2916666666666667,1.0,0.46221864951768493,0.4375,0.3685897435897436,0.016025641025641028,0.06410256410256411,0.016025641025641028,0.8333333333333334,0.08333333333333333,0.16190304487179488,0.021167200854700856,0.16933760683760685,2.1167200854700856,4.9087339743589755,0.04233440170940171,0.1545897435897436,0.09968990384615385,77.93413461538462,84.26837606837607,-6.343055555555556,0.10829834401709403,14.5,65.3,19.3,66.5,83.2,Forward,Forward,77.0,250.0,1994-09-12,46.1
1630692,Jordan,Goodwin,86,1598.3333333333333,529,204,526,68,209,53,70,136,317,197,82,78,29,126,239,365,262.8473833333333,284.88421666666665,2689.8181666666665,37076.24166666667,15148.108333333334,113.17863333333334,233.32236666666668,172.8741,172269.63999999998,176951.27333333335,-4680.31,141.45663333333334,0.42902208201892744,0.3253588516746411,0.38783269961977185,0.7571428571428571,0.47503591954022995,0.4524714828897338,0.3309697601668405,0.12325338894681961,0.04880083420229406,0.018143899895724715,0.3973384030418251,0.13307984790874525,0.16445091762252345,0.17823830031282586,1.6828893639207507,23.196814389989576,9.477440041710116,0.07081040667361836,0.1459785401459854,0.10815897810218979,107.78079666319081,110.7098686131387,-2.928244004171012,0.08850258602711158,19.8,37.7,72.7,74.6,68.5,Guard,Guard,75.0,215.0,1998-10-23,59.3
1630695,Micah,Potter,54,891.2333333333333,215,76,175,40,119,23,28,36,56,37,36,18,20,53,154,207,92.41406666666667,46.3485,323.85,10551.728333333333,12642.001666666667,49.5837,139.55725,95.53608333333334,96309.62833333334,103363.25666666667,-7049.01,63.51208333333334,0.6428571428571429,0.33613445378151263,0.4342857142857143,0.8214285714285714,0.5738842622250694,0.5485714285714286,0.24123873284212888,0.041515502861203576,0.020196731121666603,0.022440812357407337,0.68,0.16,0.10369233646257994,0.0520048995773647,0.36337285409731834,11.839467778733589,14.184839361184874,0.055634925384298914,0.15658890301828926,0.1071953659722482,108.06331488199874,115.97777237535999,-7.909275535774396,0.07126313722556757,55.7,65.1,15.2,72.9,32.3,Center,Big,81.0,248.0,1998-04-06,32.9
1630696,Dru,Smith,23,399.1166666666667,126,46,94,23,47,11,14,23,47,37,22,30,9,18,32,50,51.59758333333333,59.95073333333333,664.5156666666667,8898.494999999999,4934.785,17.273216666666666,30.83305,23.374883333333333,41652.01,41831.93666666667,-184.51499999999987,35.96256666666667,0.48936170212765956,0.48936170212765956,0.48936170212765956,0.7857142857142857,0.6289936102236422,0.6117021276595744,0.3156971645717626,0.09270472292980331,0.0751659915647054,0.022549797469411617,0.5,0.14893617021276595,0.1292794504530839,0.15020854386770785,1.6649659665093748,22.295473336952433,12.364266922787822,0.04327861527539984,0.07725322587380465,0.058566542781976864,104.3604877437675,104.81129995406523,-0.46230843111872016,0.0901053994237274,37.9,82.2,63.0,31.1,84.8,Guard,Guard,74.0,203.0,1997-12-30,40.5
1630699,MarJon,Beauchamp,83,763.9833333333333,290,108,231,40,104,34,48,68,127,42,42,17,8,33,110,143,120.2335,56.05375,280.1445,9777.84,8280.25,33.28208333333333,109.8789,72.8661,84073.53166666666,84242.05833333333,-166.12500000000017,59.95525,0.5354330708661418,0.38461538461538464,0.4675324675324675,0.7083333333333334,0.5751229573219102,0.5541125541125541,0.37958943257924477,0.05497502127009751,0.022251794323610897,0.010471432622875717,0.45021645021645024,0.2077922077922078,0.15737712428281594,0.07337038329806497,0.36668928205240076,12.798499094657387,10.838259996945832,0.04356388664674186,0.14382368725321232,0.09537655708021554,110.04629027683849,110.26687973123323,-0.2174458430594038,0.07847717009533367,52.6,62.6,24.3,64.2,43.3,Forward,Forward,79.0,199.0,2000-10-12,22.8
1630700,Dyson,Daniels,137,3929.75,1427,594,1234,122,370,117,193,472,864,497,214,314,80,186,499,685,621.90485,669.0720833333334,7262.049666666667,96193.885,39547.943333333336,174.5707,499.17168333333336,336.3584,448434.6666666667,445546.25,2887.350000000001,362.5604333333333,0.5462962962962963,0.32972972972972975,0.4813614262560778,0.6062176165803109,0.5409729172353137,0.5307941653160454,0.363127425408741,0.12647114956422165,0.0799033017367517,0.020357529104904893,0.29983792544570503,0.15640194489465153,0.1582555760544564,0.17025818012172106,1.8479673431303942,24.478372670017176,10.063730093093286,0.04442285132642025,0.12702377589753377,0.08559282397099052,114.11277222893739,113.3777593994529,0.7347413957630895,0.09226043217337829,45.9,33.8,72.2,58.3,64.2,Guard,Guard,79.0,199.0,2003-03-17,77.0
1630702,Jaden,Hardy,130,1896.6333333333334,1026,375,893,157,421,119,162,218,472,190,144,50,9,29,191,220,456.122,290.6631,1753.6435000000001,26781.221666666668,20821.911666666667,29.1227,189.1866,107.38528333333333,205567.59666666668,214710.77,-9128.976666666667,133.98593333333332,0.461864406779661,0.37292161520190026,0.41993281075027994,0.7345679012345679,0.5320031526112747,0.5078387458006719,0.5409585405718905,0.10017750751331306,0.026362501977187647,0.004745250355893777,0.47144456886898095,0.18141097424412095,0.24049034253677568,0.1532521309689098,0.9246086047206453,14.120400182780013,10.97835374962653,0.015354944726620853,0.09974864233114816,0.056618894883917116,108.38552347141426,113.20626197296964,-4.813253308493998,0.07064408864830664,39.4,56.0,51.9,22.0,31.2,Guard,Guard,75.0,198.0,2002-07-05,42.4
1630703,Scoot,Henderson,128,3524.5166666666664,1705,594,1482,192,565,325,410,402,917,671,389,116,26,105,287,392,845.9601166666666,1013.7511,7716.936166666666,86785.25333333333,50781.041666666664,97.2171,290.0316,189.06953333333334,386715.83166666667,411369.58166666667,-24650.035,261.61465,0.43838604143947657,0.3398230088495575,0.4008097165991903,0.7926829268292683,0.512812800769971,0.46558704453441296,0.48375427363562856,0.19038071414047317,0.032912314218025165,0.007376898014384951,0.38124156545209176,0.2766531713900135,0.2400215963418152,0.2876284029488677,2.1895019648084135,24.623306268944678,14.407944824585877,0.027583101229010126,0.08228975131341887,0.05364410250105216,109.72166349050225,116.71659423750775,-6.993876701769983,0.07422709969688515,42.1,45.5,77.7,23.2,29.6,Guard,Guard,75.0,207.0,2004-02-03,53.3
1630762,Phillip,Wheeler,5,44.4,8,3,21,0,10,2,2,3,11,2,1,1,2,2,6,8,9.95415,2.5829333333333335,0.0,281.49333333333334,153.33333333333334,1.6328,4.884316666666667,3.353066666666667,4877.401666666667,4257.391666666667,621.2866666666666,-1.0264499999999996,0.2727272727272727,0.0,0.14285714285714285,1.0,0.18281535648994515,0.14285714285714285,0.1801801801801802,0.04504504504504505,0.022522522522522525,0.04504504504504505,0.47619047619047616,0.09523809523809523,0.22419256756756759,0.05817417417417418,0.0,6.33993993993994,3.4534534534534536,0.036774774774774775,0.11000713213213215,0.07551951951951953,109.85138888888889,95.88719969969972,13.992942942942943,-0.023118243243243235,6.5,31.8,20.9,46.6,71.8,Forward,Forward,80.0,185.0,2002-04-23,33.3
1630811,Keaton,Wallace,31,501.18333333333334,168,65,162,27,82,11,11,38,80,81,33,28,9,7,43,50,82.11805,113.58840000000001,1238.0425,13882.088333333333,6397.505,6.436866666666667,39.613166666666665,23.350983333333332,53196.565,54381.971666666665,-1177.2766666666673,38.65591666666666,0.475,0.32926829268292684,0.4012345679012346,1.0,0.5034763845600575,0.4845679012345679,0.335206677529846,0.16161750523760435,0.05586777958830767,0.017957500581956037,0.5061728395061729,0.06790123456790123,0.16384832562934387,0.2266404176781617,2.4702387682484788,27.698623258288716,12.764799973396295,0.012843337434737787,0.07903927371886535,0.04659169964417545,106.1419274383958,108.50714309467592,-2.3489940474211046,0.07712929400419008,22.2,53.6,76.5,10.7,75.8,Guard,Guard,75.0,185.0,1999-02-26,27.3
1630846,Olivier,Sarr,15,98.2,34,11,19,2,6,10,15,9,13,2,3,0,7,10,26,36,12.265716666666666,2.0586,0.0,1017.6283333333331,1213.4,9.9914,24.245233333333335,17.70845,10632.311666666666,10463.43,168.16166666666652,9.537666666666667,0.6923076923076923,0.3333333333333333,0.5789473684210527,0.6666666666666666,0.6640625,0.631578947368421,0.34623217922606925,0.020366598778004074,0.0,0.07128309572301425,0.3157894736842105,0.7894736842105263,0.12490546503733875,0.020963340122199595,0.0,10.362813985064491,12.356415478615071,0.10174541751527495,0.24689646978954516,0.1803304480651731,108.27201289884589,106.55224032586558,1.7124405974202292,0.09712491513917175,84.8,48.3,8.4,95.4,63.9,Center,Big,82.0,240.0,1999-02-20,32.8
1630929,Henri,Drell,4,29.916666666666668,11,4,10,2,6,1,2,2,4,4,2,2,1,1,3,4,4.7679,4.568183333333334,24.71666666666667,450.6666666666667,306.5,1.4416666666666667,3.2725666666666666,2.0046833333333334,3600.028333333333,3405.0433333333335,194.98499999999999,1.0838333333333334,0.5,0.3333333333333333,0.4,0.5,0.5055147058823529,0.5,0.36768802228412256,0.13370473537604458,0.06685236768802229,0.033426183844011144,0.6,0.2,0.15937270194986072,0.15269693593314765,0.8261838440111421,15.064066852367688,10.245125348189415,0.04818941504178273,0.10938941504178272,0.06700891364902507,120.33520891364901,113.81760445682451,6.517604456824512,0.03622841225626741,38.8,44.7,52.8,45.8,67.7,Forward,Forward,81.0,220.0,2000-04-25,65.0
1631093,Jaden,Ivey,107,3115.5666666666666,1713,607,1386,187,523,312,419,420,863,415,279,85,52,126,262,388,771.67245,629.9098166666666,5399.572,55922.956666666665,38579.635,122.98636666666667,267.64861666666667,192.85229999999999,343418.2683333333,363822.18,-20384.015,256.47423333333336,0.48667439165701043,0.3575525812619503,0.4379509379509379,0.7446300715990454,0.5454163376550599,0.5054112554112554,0.5498197224688928,0.1332020927172157,0.027282356339670688,0.016690382701916185,0.37734487734487737,0.3023088023088023,0.24768285598125542,0.2021814597665486,1.7330946751259804,17.949529780564262,12.382862935581542,0.039474798592016434,0.08590688157317557,0.06189959022970674,110.22658317908994,116.7756042239507,-6.542634833684616,0.08232025206757466,53.6,49.4,65.9,34.7,33.1,Guard,Guard,75.0,195.0,2002-02-13,39.2
1631094,Paolo,Banchero,126,4380.25,2995,1052,2318,206,623,685,944,846,1695,650,383,107,75,133,766,899,1341.7646333333332,1133.19375,9164.0075,76806.86166666666,44463.32,130.30105,812.9249166666667,455.61560000000003,486025.745,486804.3983333333,-781.939999999999,626.1310833333333,0.49911504424778763,0.3306581059390048,0.453839516824849,0.725635593220339,0.5478605086779641,0.498274374460742,0.6837509274584784,0.14839335654357627,0.02442782946178871,0.017122310370412647,0.26876617773943057,0.4072476272648835,0.3063214732796834,0.25870526796415727,2.092119742023857,17.53481232045355,10.150863535186348,0.029747400262542092,0.1855887030801134,0.10401588950402375,110.95844871868044,111.13621330593763,-0.178514924947206,0.14294414321861384,62.0,36.9,75.0,65.3,48.5,Forward,Forward,82.0,250.0,2002-11-12,93.9
1631095,Jabari,Smith Jr.,133,4139.5,1742,626,1399,236,657,254,311,390,742,181,150,77,102,244,771,1015,696.21185,257.86195,3328.142,38660.125,33104.888333333336,220.99496666666667,733.7038833333334,472.8143,465681.37166666664,459049.73666666663,6619.708333333334,400.05205,0.5256064690026954,0.3592085235920852,0.4474624731951394,0.8167202572347267,0.5671163662881551,0.5318084345961401,0.42082377098683416,0.043725087570962676,0.0186012803478681,0.024640657084188913,0.46962115796997855,0.22230164403145103,0.16818742601763498,0.06229301848049281,0.8039961347988888,9.339322381930184,7.997315698353264,0.053386874421226395,0.1772445665740629,0.11422014736079236,112.49700970326528,110.89497201755445,1.599156500382494,0.09664260176349801,53.3,61.7,30.9,76.0,49.7,Forward,Forward,83.0,220.0,2003-05-13,74.3
1631096,Chet,Holmgren,114,3289.4,1836,672,1294,173,465,319,409,499,829,263,187,76,261,177,728,905,694.3713,349.25533333333334,4232.163166666666,44815.988333333335,31895.608333333334,178.67018333333334,664.2963166666667,434.31245,392200.7816666667,356651.07166666666,35553.07666666667,432.4357,0.6019300361881785,0.3720430107526882,0.5193199381761978,0.7799511002444988,0.6228120166083204,0.5861669242658424,0.5581565027056606,0.07995379096491761,0.023104517541192922,0.07934577734541254,0.35935085007727974,0.3160741885625966,0.2110936036967228,0.10617599967572607,1.2866064226505338,13.62436563912365,9.696482134533147,0.05431695243306783,0.20195060396019537,0.13203394236030888,119.2317084169352,108.42435449220729,10.808377414320747,0.13146339758010578,83.1,63.7,49.3,81.3,68.0,Center-Forward,Big,85.0,208.0,2002-05-01,49.4
1631097,Bennedict,Mathurin,131,3687.75,2012,687,1516,178,502,460,556,509,1014,255,232,82,38,147,470,617,826.0310333333333,352.2182833333333,3709.6328333333336,40767.0,38891.745,147.36995,459.57508333333334,304.14305,422013.745,422736.785,-732.9350000000002,330.5697,0.5019723865877712,0.3545816733067729,0.45316622691292874,0.8273381294964028,0.5713831334060341,0.5118733509234829,0.5455901294827469,0.06914785438275371,0.02223578062504237,0.010304386143312317,0.3311345646437995,0.36675461741424803,0.22399322983752512,0.09551034732108557,1.00593392538359,11.054708155379297,10.546198901769372,0.03996202291370076,0.12462208211872641,0.08247387973696699,114.43664700698258,114.63271235848417,-0.1987485594197004,0.08963994305470815,63.2,55.4,39.7,54.9,27.5,Guard-Forward,Wing,77.0,210.0,2002-06-19,29.5
1631098,Johnny,Davis,84,855.1666666666666,232,94,232,21,69,23,39,73,163,43,20,33,16,28,82,110,108.06791666666666,57.7588,109.9775,11587.72,4627.536666666667,25.525916666666667,80.7598,51.24636666666667,90080.825,96692.955,-6607.673333333333,34.02983333333333,0.44785276073619634,0.30434782608695654,0.4051724137931034,0.5897435897435898,0.46556429603467653,0.4504310344827586,0.2712921457805496,0.050282595985188076,0.038588969011888526,0.018709803157279284,0.2974137931034483,0.16810344827586207,0.12637059052816216,0.06754098616254142,0.12860358604560515,13.550247515104267,5.411268758526603,0.029849054765152993,0.09443749756382772,0.05992558955369324,105.33715649970766,113.06913467160398,-7.726766712141883,0.039793217696355486,20.8,24.3,29.5,30.8,56.6,Guard,Guard,76.0,195.0,2002-02-27,49.6
1631099,Keegan,Murray,153,5198.716666666666,2114,807,1795,337,960,163,196,470,835,238,124,140,128,252,675,927,849.0067666666666,319.80345,4010.479333333333,54284.886666666665,28596.38,247.32465,676.9229333333333,459.16811666666666,600990.4933333333,589657.7016666667,11322.103333333334,408.39820000000003,0.562874251497006,0.35104166666666664,0.44958217270194983,0.8316326530612245,0.5618634517658566,0.5434540389972145,0.40663881791339535,0.045780529169057754,0.026929723040622206,0.024621461065711732,0.5348189415041783,0.10919220055710306,0.1633108363281964,0.06151584525668194,0.7714364121914704,10.441978308749276,5.500661381174201,0.04757417375442016,0.13020962224651597,0.08832335864941028,115.60362525366837,113.42370424752264,2.1778650500283727,0.07855750297349026,51.1,63.0,33.8,60.6,48.2,Forward,Forward,80.0,225.0,2000-08-19,59.3
1631100,AJ,Griffin,20,170.75,48,18,62,10,39,2,2,8,23,5,8,1,2,2,16,18,28.730266666666665,6.6151333333333335,27.833333333333332,1525.97,1803.6216666666667,1.8315000000000001,16.904433333333333,9.571583333333333,18017.431666666667,20409.098333333335,-2392.6316666666667,2.1850500000000004,0.34782608695652173,0.2564102564102564,0.2903225806451613,1.0,0.38167938931297707,0.3709677419354839,0.28111273792093705,0.029282576866764276,0.005856515373352855,0.01171303074670571,0.6290322580645161,0.03225806451612903,0.16825924841386042,0.03874163006344558,0.16300634455832114,8.936866764275257,10.562938018545632,0.010726207906295755,0.09900107369448512,0.05605612493899463,105.5193655441679,119.52619814543681,-14.012484138604197,0.012796778916544658,8.9,46.0,12.5,19.3,15.6,Forward,Forward,78.0,220.0,2003-08-25,30.0
1631101,Shaedon,Sharpe,104,3311.383333333333,1845,675,1538,207,652,288,361,468,886,292,222,90,28,110,374,484,793.68395,455.17723333333333,4782.672666666666,43222.403333333335,33182.105,98.54046666666667,378.58186666666666,233.85875,363125.18666666665,380970.1483333333,-17865.78166666667,314.2415,0.5282167042889391,0.3174846625766871,0.4388816644993498,0.7977839335180056,0.5436576224039981,0.5061768530559168,0.5571689575857018,0.08818066971004063,0.027178973540765945,0.008455680657127183,0.42392717815344605,0.23472041612483746,0.2396835008531178,0.13745833312361905,1.4443125984608647,13.052672850722006,10.02061726468797,0.02975809706920069,0.11432740596830127,0.07062267531696219,109.65966489332253,115.04863979303715,-5.395262302260385,0.09489734904345112,57.1,44.6,53.9,41.4,29.4,Guard,Guard,77.0,210.0,2003-05-30,78.2
1631102,TyTy,Washington Jr.,27,174.28333333333333,49,20,65,6,27,3,6,14,38,21,5,6,0,5,13,18,31.60465,28.02661666666667,85.21666666666667,3887.7316666666666,609.1899999999999,4.239833333333333,14.51625,8.21275,17519.971666666668,17953.433333333334,-431.1433333333333,10.419133333333333,0.3684210526315789,0.2222222222222222,0.3076923076923077,0.5,0.3622117090479006,0.35384615384615387,0.2811513818494788,0.12049344936406235,0.03442669981830353,0.0,0.4153846153846154,0.09230769230769231,0.18134063306875778,0.16081065315099935,0.4889547671416276,22.306961843741036,3.4954002103853874,0.02432724490771732,0.0832910968729081,0.047122979822128715,100.5258008989194,103.01291001243187,-2.473807019221574,0.05978272927225781,10.9,20.8,64.6,18.5,56.5,Guard,Guard,75.0,195.0,2001-11-15,39.2
1631103,Malaki,Branham,122,2020.8833333333332,925,358,818,127,352,82,96,231,466,194,125,38,10,35,164,199,404.8329,286.3143166666667,2047.3325,32745.63333333333,20714.321666666667,33.04545,156.95071666666666,96.4524,214241.02166666667,234004.02166666667,-19765.76,132.92433333333332,0.4957081545064378,0.36079545454545453,0.43765281173594134,0.8541666666666666,0.5376406584209058,0.5152811735941321,0.4577206337162792,0.09599762480103585,0.01880365846618228,0.004948331175311127,0.43031784841075793,0.11735941320293398,0.2003247259861612,0.14167780590995688,1.0130879235977668,16.203623827864053,10.25013236785894,0.01635198304371851,0.07766441242690902,0.04772784178535789,106.01355265436732,115.7929395561347,-9.780752641171764,0.06577536225907812,37.3,57.9,54.4,12.8,16.6,Forward,Forward,76.0,180.0,2003-05-12,1.0
1631104,Blake,Wesley,119,1559.05,485,183,401,29,113,90,139,154,288,280,109,66,15,35,120,155,239.00966666666667,370.03679999999997,2660.8055,48377.24,20595.22,32.10146666666667,115.05336666666666,74.31548333333333,167486.32333333333,173872.76,-6390.080000000001,95.90855,0.5347222222222222,0.25663716814159293,0.456359102244389,0.6474820143884892,0.5247100571230743,0.4925187032418953,0.31108687983066613,0.17959654918059076,0.04233347230685353,0.009621243706103075,0.2817955112219451,0.34663341645885287,0.15330468340763073,0.2373476155351015,1.7066838780026299,31.029947724575862,13.21010872005388,0.020590402274889622,0.07379709866050907,0.04766715841912276,107.42844894861187,111.52481318751805,-4.098701132099677,0.06151730220326481,52.3,23.7,75.2,14.6,55.4,Guard,Guard,76.0,190.0,2003-03-16,43.5
1631105,Jalen,Duren,139,3811.05,1759,727,1110,0,4,305,423,727,1106,356,265,87,136,469,1047,1516,648.7031499999999,503.62693333333334,5455.401,69917.365,52317.02166666667,455.97558333333336,1036.0700166666666,747.14625,429776.7233333333,440004.2866666667,-10227.913333333332,534.1823333333333,0.6573236889692586,0.0,0.6549549549549549,0.7210401891252955,0.6785637132364288,0.6549549549549549,0.46155259049343356,0.09341257658650502,0.022828354390522297,0.03568570341506934,0.0036036036036036037,0.3810810810810811,0.17021638393618554,0.13214912775569287,1.431469280119652,18.345958462890806,13.727718520267818,0.11964565758343064,0.27185946567656327,0.19604734915574448,112.77121090862973,115.45487114224863,-2.683752071826224,0.14016670821252233,88.1,27.4,54.0,97.9,41.0,Center,Big,82.0,250.0,2003-11-18,47.4
1631106,Tari,Eason,79,1900.3,901,360,748,81,234,100,137,279,514,110,85,128,69,174,341,515,351.98108333333334,158.88433333333333,1348.251,20841.273333333334,15673.488333333333,152.45888333333335,325.1713,235.31113333333334,216788.78833333333,204681.0,12108.911666666667,233.50803333333334,0.5428015564202334,0.34615384615384615,0.48128342245989303,0.7299270072992701,0.5573563616568517,0.535427807486631,0.4741356627900858,0.05788559701099826,0.06735778561279798,0.03631005630689891,0.31283422459893045,0.18315508021390375,0.18522395586661755,0.08361013173358593,0.7094937641425039,10.9673595397218,8.247902085635602,0.08022884983072849,0.171115771194022,0.1238284130575874,114.08134943605396,107.70983528916487,6.372105281622201,0.12287956287603713,55.4,44.4,36.9,82.3,87.2,Forward,Forward,80.0,215.0,2001-05-10,46.8
1631107,Nikola,Jović,92,2051.95,846,299,658,143,373,105,134,156,285,221,102,63,27,51,321,372,359.38965,328.67151666666666,3129.5468333333333,42875.708333333336,19366.69,50.0769,319.57375,185.85071666666667,230552.39166666666,224948.18666666668,5602.908333333334,198.19896666666668,0.5473684210526316,0.38337801608579086,0.45440729483282677,0.7835820895522388,0.5899910734211113,0.5630699088145896,0.41229074782523945,0.1077024293964278,0.030702502497624212,0.013158215356124664,0.5668693009118541,0.20364741641337386,0.17514542264675068,0.1601752073231154,1.52515745185474,20.8951038443107,9.438188065011332,0.024404542021004415,0.15574148980238312,0.09057273162926323,112.35770445998523,109.6265438566567,2.730528684097241,0.09659054395412495,58.8,73.7,68.3,55.9,56.6,Forward,Forward,82.0,205.0,2003-06-09,56.8
1631108,Max,Christie,145,3071.5,1033,355,831,157,432,166,198,198,399,206,123,84,48,53,347,400,443.4145833333333,278.44865,2587.3563333333336,49991.17333333333,31142.015,53.28655,332.7982666666667,198.38808333333333,343037.57333333336,347352.39166666666,-4320.031666666667,210.29886666666667,0.49624060150375937,0.36342592592592593,0.42719614921780985,0.8383838383838383,0.5625626279789134,0.5216606498194946,0.3363177600520918,0.06706820771609963,0.027348201204623147,0.015627543545498942,0.51985559566787,0.23826714801444043,0.1443641814531445,0.09065559173042487,0.8423754951435238,16.27581746160942,10.139024906397525,0.017348705844050138,0.10835040425416463,0.06458996689999458,111.68405447935321,113.08884638341743,-1.4064892289326605,0.06846780617505019,42.4,65.8,42.8,29.6,43.4,Guard,Guard,77.0,190.0,2003-02-10,55.5
1631109,Mark,Williams,63,1679.4833333333333,913,368,598,0,4,177,227,368,594,131,88,48,74,208,423,631,326.9647166666667,215.37466666666666,1930.7685000000001,23303.916666666668,16598.166666666668,189.66111666666666,406.2506666666667,294.86723333333333,183375.41,198879.66666666666,-15507.74,248.66551666666666,0.6195286195286195,0.0,0.6153846153846154,0.7797356828193832,0.6541239181521179,0.6153846153846154,0.5436195655409898,0.07800017862636327,0.028580218122636922,0.04406116960573192,0.006688963210702341,0.3795986622073579,0.19468172751540652,0.12823864482132402,1.1496205182149273,13.875646280105986,9.882900495191974,0.11292825174408795,0.24189026387083332,0.17557020512260715,109.18560866933284,118.41717194772201,-9.233637328940448,0.14806072303982376,88.1,30.3,51.5,95.7,43.4,Center,Big,85.0,240.0,2001-12-16,63.8
1631110,Jeremy,Sochan,128,3557.1,1478,591,1245,98,318,198,269,493,927,377,224,107,67,264,564,828,660.4516333333333,546.8550166666666,5392.798,68981.41166666667,40002.323333333334,247.03040000000001,547.1076,397.30916666666667,390259.3466666667,408615.925,-18340.546666666665,319.5609,0.5318230852211435,0.3081761006289308,0.4746987951807229,0.7360594795539034,0.542043187419317,0.5140562248995983,0.41550701414073266,0.10598521267324507,0.030080683703016503,0.01883556830001968,0.25542168674698795,0.21606425702811244,0.18567137087327693,0.15373619427811044,1.5160658963762614,19.392598371332454,11.245768556783148,0.06944713390121167,0.15380720249641563,0.11169468574587914,109.71278475912027,114.87333080318237,-5.156039095517884,0.08983747996963819,51.4,32.8,62.5,76.0,43.4,Forward,Forward,80.0,230.0,2003-05-20,65.1
1631111,Wendell,Moore Jr.,61,574.05,168,68,144,14,47,18,22,54,97,48,31,25,6,30,77,107,74.42168333333333,67.32268333333333,363.22183333333334,11260.588333333333,7506.495,26.45265,78.22865,51.44533333333334,57778.293333333335,64023.528333333335,-6247.1,45.03375,0.5567010309278351,0.2978723404255319,0.4722222222222222,0.8181818181818182,0.5465903175429464,0.5208333333333334,0.29265743402142674,0.08361640972040764,0.043550213396045645,0.010452051215050955,0.3263888888888889,0.1527777777777778,0.12964320761838402,0.11727668902244288,0.6327355340707836,19.616040995267543,13.076378364253985,0.04608074209563627,0.13627497604738265,0.08961820979589469,100.65028017303952,111.52953285137765,-10.88250152425747,0.07844917690096681,44.6,39.1,45.3,62.5,56.9,Guard,Guard,77.0,215.0,2001-09-18,81.7
1631112,Kendall,Brown,15,62.5,21,8,15,0,2,5,8,8,13,5,2,0,0,3,2,5,8.17575,9.019733333333333,13.433333333333334,644.3933333333333,279.1166666666667,2.0393499999999998,1.5703,2.3239833333333335,5272.59,6403.0233333333335,-1131.4466666666667,1.9307666666666665,0.6153846153846154,0.0,0.5333333333333333,0.625,0.5669546436285098,0.5333333333333333,0.336,0.08,0.0,0.0,0.13333333333333333,0.5333333333333333,0.130812,0.14431573333333333,0.21493333333333334,10.310293333333332,4.465866666666667,0.032629599999999995,0.0251248,0.03718373333333334,84.36144,102.44837333333334,-18.103146666666667,0.030892266666666664,73.8,18.5,45.3,15.7,39.4,Guard,Guard,79.0,205.0,2003-05-11,84.6
1631114,Jalen,Williams,140,4460.316666666667,2845,1101,2161,227,581,416,520,874,1580,676,273,191,91,96,555,651,1120.43125,971.8904166666667,10492.829166666666,89222.99,36504.06,92.0011,521.2908666666667,314.2712,522704.14,481019.0466666667,41689.028333333335,579.6047,0.5531645569620253,0.39070567986230637,0.5094863489125405,0.8,0.5952380952380952,0.5620083294770939,0.6378470885848913,0.15155874582895834,0.04282207167652521,0.020402138861590546,0.2688570106432207,0.24062933826931976,0.25119993348753267,0.21789717845145526,2.3524852495525357,20.003734413475875,8.184185726723438,0.020626584809000856,0.11687306207705732,0.07045939189668896,117.18991700888203,107.8441470897059,9.34665214353241,0.1299469843322036,70.6,63.7,79.3,37.4,75.7,Guard-Forward,Wing,77.0,211.0,2001-04-14,32.3
1631115,Orlando,Robinson,80,1073.5166666666667,402,152,333,25,67,73,95,127,266,111,67,24,24,117,187,304,179.5817,168.04406666666668,1321.733,20330.255,13542.198333333334,105.95973333333333,183.34961666666666,144.29058333333333,115112.89166666666,117678.05333333333,-2558.3149999999996,97.06721666666667,0.4774436090225564,0.373134328358209,0.45645645645645644,0.7684210526315789,0.5362860192102454,0.493993993993994,0.3744701991895794,0.10339848783592864,0.02235642980236295,0.02235642980236295,0.2012012012012012,0.2852852852852853,0.16728356957662513,0.15653605750570557,1.2312179596652746,18.937996615484934,12.614800267035134,0.09870338917265685,0.1707934514291037,0.1344092623930695,107.22972007886851,109.61921410939125,-2.3831162379096735,0.09041985064662868,42.3,48.3,59.0,85.5,55.3,Center,Big,82.0,235.0,2000-07-10,27.3
1631116,Patrick,Baldwin Jr.,62,600.2666666666667,221,78,190,44,120,21,32,34,70,32,24,21,17,22,126,148,91.09105,44.65405,459.4916666666667,6900.903333333334,5049.745,17.17495,121.74366666666667,68.52953333333333,65863.14666666667,65835.91666666667,31.306666666666047,46.1333,0.4857142857142857,0.36666666666666664,0.4105263157894737,0.65625,0.5414543316346531,0.5263157894736842,0.36816970235450913,0.05330964015992892,0.03498445135495336,0.02832074633496224,0.631578947368421,0.16842105263157894,0.1517509717903154,0.07439035428698357,0.7654792314526877,11.496396046201689,8.412502776543759,0.0286122001332741,0.20281597067969792,0.11416514882274545,109.72314526876944,109.67778209684586,0.05215459795646276,0.07685467569968903,34.8,58.8,33.9,68.4,69.7,Forward,Forward,84.0,220.0,2002-11-18,75.8
1631117,Walker,Kessler,122,3233.4333333333334,1159,507,769,10,53,135,245,497,716,157,152,66,292,431,757,1188,419.53766666666667,232.36913333333334,2338.193333333333,43549.39166666667,42866.25833333333,410.16423333333336,709.8402333333333,561.15615,356555.56833333336,379570.75,-23003.788333333334,390.38485000000003,0.6941340782122905,0.18867924528301888,0.659297789336801,0.5510204081632653,0.660926094890511,0.6657997399219766,0.35844252239621455,0.04855519932373226,0.020411739843097635,0.09030648536643196,0.06892067620286085,0.31859557867360205,0.12974990464212446,0.07186451965403132,0.7231302124676555,13.468467470078245,13.257195653742667,0.1268509942991454,0.21953142686308671,0.17354808098718597,110.27150758223974,117.38938486438563,-7.1143536797830995,0.12073384843767719,80.7,28.8,27.3,95.2,40.1,Center,Big,86.0,245.0,2001-07-26,74.9
1631119,Jaylin,Williams,116,1681.0666666666666,554,192,449,114,297,56,71,78,152,230,69,50,56,84,412,496,229.91368333333332,297.7905333333333,1709.7518333333333,47116.159999999996,13561.664999999999,82.62045,392.0049333333333,241.06803333333332,197655.30166666667,178191.565,19466.471666666668,186.60746666666665,0.5131578947368421,0.3838383838383838,0.42761692650334077,0.7887323943661971,0.5767949358654006,0.5545657015590201,0.3295526649746193,0.13681789340101524,0.02974302030456853,0.033312182741116754,0.6614699331848553,0.15812917594654788,0.13676654703362945,0.17714379758883247,1.017063669892132,28.02753807106599,8.067297549175127,0.049147634438451784,0.2331882138324873,0.1434018282043147,117.57731301554568,105.99910671795686,11.579833240799493,0.11100539340101523,41.0,75.4,72.8,83.1,73.7,Forward,Forward,81.0,240.0,2002-06-29,83.7
1631120,JD,Davison,24,131.91666666666666,49,17,46,7,25,8,11,10,21,23,15,6,2,4,19,23,27.332016666666668,36.91621666666667,224.712,3080.866666666667,2204.745,3.1539,20.46405,10.487933333333332,13047.006666666666,13123.3,-73.95333333333326,18.306766666666668,0.47619047619047616,0.28,0.3695652173913043,0.7272727272727273,0.48190401258851295,0.44565217391304346,0.37144662034112447,0.17435249526216046,0.04548325963360708,0.015161086544535693,0.5434782608695652,0.2391304347826087,0.20719153506001267,0.27984497789008217,1.7034390397978523,23.354643082754265,16.713164876816172,0.023908275426405563,0.15512861655085283,0.07950423246999368,98.90339861023374,99.48174352495262,-0.5606064434617809,0.13877523689197727,36.0,37.3,74.0,50.4,77.1,Guard,Guard,73.0,195.0,2002-10-03,26.8
1631121,Bryce,McGowens,72,913.6,315,105,244,34,106,71,91,71,138,53,34,22,10,19,86,105,137.71938333333333,78.79393333333334,253.687,13632.038333333332,8542.79,16.446266666666666,89.55231666666667,52.05446666666667,94118.545,106093.75666666667,-11981.943333333335,55.42991666666667,0.5144927536231884,0.32075471698113206,0.430327868852459,0.7802197802197802,0.5544993662864385,0.5,0.34478984238178634,0.058012259194395795,0.024080560420315235,0.010945709281961471,0.4344262295081967,0.3729508196721312,0.15074363324576764,0.08624554874489201,0.277678415061296,14.921232851722124,9.350689579684765,0.018001605370694687,0.09802136237594863,0.05697730589608874,103.01942316112084,116.12714171044951,-13.115086835960305,0.06067197533566842,53.9,46.1,33.5,23.4,25.3,Guard,Guard,78.0,190.0,2002-11-08,63.8
1631123,Jamaree,Bouyea,14,156.6,38,16,40,2,14,4,6,14,26,21,17,5,2,4,20,24,25.3129,28.98995,204.96166666666664,4123.541666666666,3151.7566666666667,4.185666666666666,20.291266666666665,11.722366666666666,16317.981666666667,16891.21,-579.2066666666667,5.834249999999999,0.5384615384615384,0.14285714285714285,0.4,0.6666666666666666,0.4455909943714822,0.425,0.24265644955300128,0.13409961685823754,0.031928480204342274,0.01277139208173691,0.35,0.15,0.1616404853128991,0.18512100893997446,1.3088229033631331,26.33168369518944,20.126160068114093,0.026728395061728392,0.1295738612175394,0.07485547041294167,104.20167092379737,107.86213282247765,-3.6986377181779484,0.037255747126436776,33.7,18.7,65.6,45.6,61.4,Guard,Guard,74.0,180.0,1999-06-27,16.5
1631124,Julian,Strawther,115,1928.9,815,292,708,135,407,96,121,157,301,130,80,56,23,22,181,203,345.46371666666664,188.6598,1471.9108333333334,24711.626666666667,15247.395,20.134533333333334,169.99581666666666,97.53716666666666,212583.19333333333,221600.95333333334,-9021.576666666666,101.55545000000001,0.521594684385382,0.3316953316953317,0.4124293785310734,0.7933884297520661,0.5353108086805738,0.507768361581921,0.4225206076001866,0.06739592513868008,0.02903209082896988,0.011923894447612628,0.5748587570621468,0.1709039548022599,0.17909882143536038,0.09780693659598734,0.7630830179549657,12.811253391397514,7.904709938306807,0.010438350009504552,0.08813096410734961,0.05056621217619714,110.20954602796066,114.88462508856516,-4.677057735842535,0.05264941158173052,45.0,53.2,44.3,14.1,35.9,Guard,Guard,78.0,205.0,2002-04-18,81.0
1631127,Harrison,Ingram,5,34.75,4,2,4,0,1,0,0,2,3,3,1,3,0,2,7,9,2.0426166666666665,2.6959,4.133333333333334,1211.6666666666667,206.66666666666669,3.0688666666666666,6.4541666666666675,4.84785,4576.261666666667,3171.971666666667,1404.29,2.93595,0.6666666666666666,0.0,0.5,,0.5,0.5,0.11510791366906475,0.08633093525179857,0.08633093525179857,0.0,0.25,0.0,0.05878033573141486,0.07757985611510791,0.11894484412470026,34.86810551558753,5.947242206235012,0.0883127098321343,0.18573141486810554,0.1395064748201439,131.69098321342926,91.27976019184652,40.411223021582735,0.08448776978417266,42.0,13.3,44.9,86.4,70.1,Forward,Forward,77.0,230.0,2002-11-27,35.5
1631128,Christian,Braun,161,4331.033333333334,1818,698,1304,152,388,270,348,546,916,337,136,127,72,177,539,716,666.2762666666666,437.4719666666667,5222.489,74389.77833333334,30903.701666666668,185.95435,500.9343666666667,350.4544666666667,510859.5516666667,487672.32333333336,23187.0,394.04138333333333,0.5960698689956332,0.3917525773195876,0.5352760736196319,0.7758620689655172,0.6238333150323927,0.593558282208589,0.41976125789842295,0.07781053020449315,0.029323256189823826,0.01662420823360091,0.29754601226993865,0.2668711656441718,0.15383771386351214,0.10100868153096643,1.2058297865790302,17.17598840923259,7.135410717996475,0.04293533106033202,0.1156616280949119,0.08091705597586411,117.95327173653708,112.59953128968452,5.353687726562559,0.0909809167942985,74.9,65.9,56.4,53.2,48.8,Guard,Guard,78.0,220.0,2001-04-17,92.5
1631131,Oscar,Tshiebwe,22,297.1,133,52,90,0,0,29,39,52,90,11,10,15,2,54,84,138,45.30701666666667,16.173233333333332,96.4625,2587.6016666666665,2624.245,46.21665,83.2616,64.2001,33619.07,33603.111666666664,15.958333333333144,43.37481666666667,0.5777777777777777,,0.5777777777777777,0.7435897435897436,0.6205673758865249,0.5777777777777777,0.4476607202961965,0.037024570851565124,0.05048805116122517,0.006731740154830023,0.0,0.43333333333333335,0.15249753169527655,0.054437002131717704,0.3246802423426456,8.709531022102546,8.832867721305957,0.1555592393133625,0.2802477280376977,0.2160891955570515,113.15742174352069,113.1037080668686,0.053713676652080586,0.14599399753169526,80.6,39.6,19.8,99.3,49.4,Forward-Center,Big,80.0,255.0,1999-11-27,37.7
1631132,Christian,Koloko,37,341.53333333333336,90,40,66,0,4,10,14,40,62,16,12,8,16,35,57,92,35.03803333333333,22.94193333333333,72.85,3915.923333333333,3933.2266666666665,30.972166666666666,55.86475,43.79381666666667,35863.735,36294.915,-423.91166666666663,32.64111666666667,0.6451612903225806,0.0,0.6060606060606061,0.7142857142857143,0.6236141906873615,0.6060606060606061,0.2635174702322857,0.046847550263517466,0.023423775131758733,0.046847550263517466,0.06060606060606061,0.21212121212121213,0.10259037673238336,0.067173335935975,0.21330275229357795,11.465713449150886,11.51637712277962,0.09068563341791919,0.16357041772398984,0.12822706422018348,105.00800800312317,106.27049092328713,-1.241201444466133,0.09557227210618778,65.0,26.4,17.8,83.3,69.0,Center,Big,83.0,225.0,2000-06-20,34.8
1631133,Jabari,Walker,132,2449.75,951,352,738,69,211,178,242,283,527,108,100,75,28,210,509,719,386.37803333333335,159.5268,850.1968333333333,24072.99,23721.408333333333,190.15798333333333,531.8940166666666,351.17378333333335,263627.465,279101.11,-15452.283333333333,245.87358333333333,0.5370018975332068,0.32701421800947866,0.47696476964769646,0.7355371900826446,0.5630683971201212,0.5237127371273713,0.38820287784467805,0.04408613123788142,0.030615368915195427,0.011429737728339627,0.2859078590785908,0.32791327913279134,0.15772141374970236,0.06511962445147465,0.3470545293737456,9.826712929890807,9.683195564173214,0.07762342415892778,0.21712175392046806,0.14335086573459876,107.61402796203696,113.93044596387386,-6.307698064428343,0.10036680613668061,60.1,39.2,21.4,87.7,40.1,Forward,Forward,79.0,237.0,2002-07-30,58.5
1631157,Ryan,Rollins,69,897.3666666666667,393,146,298,52,124,49,62,94,174,118,61,52,20,23,98,121,162.8838,157.29313333333334,1077.856,20972.368333333332,10636.471666666666,24.377266666666667,88.86073333333333,58.77936666666667,102951.73333333334,95838.72333333333,7102.253333333334,77.27048333333333,0.5402298850574713,0.41935483870967744,0.4899328859060403,0.7903225806451613,0.6040949335956715,0.5771812080536913,0.4379480702797073,0.13149585825192228,0.05794732736525389,0.022287433602020727,0.4161073825503356,0.2080536912751678,0.18151309386724118,0.175283013261023,1.2011322016269825,23.371013335314437,11.852982801530404,0.027165335611604325,0.09902388469967682,0.06550206158760818,114.72649604398053,106.79995913970505,7.914549979569853,0.0861080383343858,60.3,73.9,65.3,34.0,81.5,Guard,Guard,75.0,180.0,2002-07-03,23.7
1631159,Leonard,Miller,30,84.0,49,19,35,2,10,9,10,17,25,8,3,4,2,8,23,31,15.78095,6.5305333333333335,0.0,944.7916666666666,349.635,5.018166666666667,23.822033333333334,14.144449999999999,8049.606666666667,8625.061666666666,-574.305,13.196583333333333,0.68,0.2,0.5428571428571428,0.9,0.6218274111675127,0.5714285714285714,0.5833333333333334,0.09523809523809523,0.047619047619047616,0.023809523809523808,0.2857142857142857,0.2857142857142857,0.1878684523809524,0.07774444444444445,0.0,11.24751984126984,4.1623214285714285,0.059740079365079364,0.28359563492063494,0.1683863095238095,95.8286507936508,102.67930555555556,-6.836964285714285,0.15710218253968253,87.0,43.5,28.7,89.7,83.2,Forward,Forward,82.0,220.0,2003-11-26,71.6
1631165,Keon,Ellis,137,2926.7166666666667,976,334,696,209,489,99,121,125,207,205,108,172,92,92,244,336,363.33885,271.98126666666667,2058.3733333333334,53424.735,28952.00833333333,91.06281666666666,247.05915,166.50528333333332,338895.2366666667,327356.85833333334,11530.845000000001,206.12131666666667,0.6038647342995169,0.4274028629856851,0.47988505747126436,0.8181818181818182,0.6513266777000694,0.6300287356321839,0.33347949636395735,0.07004436142890497,0.058768927637910515,0.031434542690045156,0.7025862068965517,0.17385057471264367,0.12414554990518384,0.09293050802093358,0.7033046132469264,18.254153402846192,9.892316759964237,0.031114326065044447,0.0844151238874051,0.05689149388108403,115.79366070055751,111.85122976258948,3.9398569500521066,0.07042749269659403,63.5,90.2,44.4,27.4,73.2,Guard,Guard,76.0,175.0,2000-01-08,31.8
1631166,Drew,Timme,9,253.88333333333333,109,45,102,9,35,10,16,36,67,20,15,4,1,17,48,65,52.30616666666666,34.37211666666666,377.36699999999996,3411.975,2757.46,13.964500000000001,48.148266666666665,31.168633333333332,26163.27,29341.928333333333,-3176.035,21.058033333333334,0.5373134328358209,0.2571428571428571,0.4411764705882353,0.625,0.4998165810711665,0.4852941176470588,0.4293310575723758,0.07877634083896803,0.015755268167793605,0.003938817041948401,0.3431372549019608,0.1568627450980392,0.20602442066566007,0.13538547889450533,1.4863795706689422,13.439145276701897,10.86113044049104,0.055003610582288455,0.1896472132869428,0.12276754414757435,103.05233374909736,115.572487362962,-12.50982078382459,0.08294374056325084,45.7,24.2,52.9,79.5,15.1,Forward,Forward,81.0,235.0,2000-09-09,81.0
1631167,Izaiah,Brockington,1,3.3833333333333333,4,2,5,0,1,0,0,2,4,0,0,0,0,1,1,2,1.3025833333333334,0.0,0.0,0.0,0.0,0.42291666666666666,0.5650166666666667,0.4838166666666666,507.5,338.3333333333333,169.16666666666666,0.43306666666666666,0.5,0.0,0.4,,0.4,0.4,1.1822660098522169,0.0,0.0,0.0,0.2,0.0,0.385,0.0,0.0,0.0,0.0,0.125,0.167,0.143,150.0,100.0,50.0,0.128,36.4,9.2,16.9,88.5,39.9,Guard,Guard,76.0,196.0,1999-07-12,52.1
1631169,Josh,Minott,78,367.73333333333335,169,61,126,18,53,29,33,43,73,26,13,20,17,16,48,64,59.75633333333333,35.51873333333334,76.23333333333333,4449.558333333333,2610.7383333333332,11.872416666666666,43.22865,28.933866666666667,38824.72,38767.753333333334,56.87166666666661,31.249850000000002,0.589041095890411,0.33962264150943394,0.48412698412698413,0.8787878787878788,0.6013378878451465,0.5555555555555556,0.45957215373459026,0.07070340826686004,0.054387237128353874,0.046229151559100796,0.42063492063492064,0.2619047619047619,0.16249909354604786,0.09658828861493837,0.20730601885424219,12.099959209572154,7.099542240754169,0.03228539702683103,0.11755434191443075,0.0786816533720087,105.57846265409717,105.42354967367658,0.1546546410442348,0.08497965010877448,74.3,61.6,36.3,48.3,89.2,Forward,Forward,80.0,205.0,2002-11-25,38.6
1631170,Jaime,Jaquez Jr.,141,3481.6,1459,554,1159,102,321,249,317,452,838,361,208,138,34,166,409,575,647.3986833333333,537.9559333333333,4757.911833333334,65263.265,39770.00166666666,164.34965,400.13143333333335,282.35408333333334,386852.9866666667,389404.7916666667,-2534.8349999999996,317.04898333333335,0.5393794749403341,0.3177570093457944,0.47799827437446074,0.7854889589905363,0.5618107325488263,0.5220017256255393,0.41906020220588236,0.10368795955882353,0.03963694852941176,0.009765625,0.27696289905090593,0.27351164797238997,0.18594861079197306,0.15451399739583332,1.3665877278645835,18.745193301930147,11.422909486060048,0.04720520737591912,0.11492745672487746,0.0810989439721201,111.11356464460785,111.84650495940565,-0.7280661190257351,0.09106416111366422,59.4,40.0,60.7,54.6,53.0,Guard,Guard,78.0,225.0,2001-02-18,93.6
1631172,Ousmane,Dieng,70,769.8166666666666,275,103,241,44,141,25,32,59,100,68,37,25,12,28,104,132,122.22343333333333,103.22228333333334,549.6163333333333,13175.17,8338.815,24.521250000000002,97.72406666666667,61.8361,82593.66666666667,79987.035,2605.8250000000003,59.819633333333336,0.59,0.3120567375886525,0.42738589211618255,0.78125,0.5390465736239611,0.5186721991701245,0.357227911407478,0.08833271991166729,0.03247526467340709,0.015588127043235403,0.5850622406639004,0.13278008298755187,0.15876953387170106,0.1340868388577367,0.7139574357531013,17.114685314685318,10.832208967503087,0.031853363354911346,0.12694459719846718,0.08032574855485074,107.29004741388644,103.90400528264307,3.3849942627032417,0.07770633700664661,51.4,49.8,49.2,50.9,67.8,Forward,Forward,81.0,185.0,2003-05-21,44.9
1631173,Terquavion,Smith,16,84.5,52,18,46,13,35,3,5,5,11,12,7,8,0,0,4,4,20.501166666666666,15.256266666666667,96.36666666666666,1276.1233333333332,786.215,0.0,4.0465,2.046483333333333,9599.83,9963.791666666668,-364.89166666666665,4.63145,0.45454545454545453,0.37142857142857144,0.391304347826087,0.6,0.5394190871369294,0.532608695652174,0.6153846153846154,0.14201183431952663,0.09467455621301775,0.0,0.7608695652173914,0.10869565217391304,0.24261735700197237,0.18054753451676528,1.1404339250493096,15.102051282051281,9.30431952662722,0.0,0.04788757396449704,0.024218737672583826,113.60745562130177,117.9146942800789,-4.318244575936883,0.05481005917159763,35.0,61.4,62.2,2.6,35.3,Guard,Guard,76.0,160.0,2002-12-31,29.5
1631197,Jared,Rhoden,31,471.2,201,75,153,24,70,27,33,51,83,30,16,13,15,17,58,75,74.22731666666667,42.98465,313.9703333333333,6513.215,3197.503333333333,13.756883333333334,57.71385,35.48845,52528.566666666666,51600.765,927.2683333333329,44.40923333333333,0.6144578313253012,0.34285714285714286,0.49019607843137253,0.8181818181818182,0.5999283667621776,0.5686274509803921,0.4265704584040747,0.0636672325976231,0.027589134125636672,0.03183361629881155,0.45751633986928103,0.21568627450980393,0.1575282611771364,0.09122379032258066,0.6663207413695529,13.82261247877759,6.785872948500282,0.029195423033389928,0.12248270373514432,0.0753150466893039,111.47828239954725,109.50926358234295,1.9678869552914535,0.09424709960384833,71.3,61.6,44.2,45.9,64.8,Guard,Guard,77.0,210.0,1999-08-27,78.2
1631199,Ron,Harper Jr.,2,20.65,4,1,8,0,6,2,2,1,2,3,0,0,0,4,3,7,3.485,3.6464499999999997,0.0,674.4,0.0,3.094,3.4000000000000004,3.213,2415.2,2673.385,-258.185,1.0427499999999998,0.5,0.0,0.125,1.0,0.2252252252252252,0.125,0.19370460048426152,0.14527845036319614,0.0,0.0,0.75,0.25,0.16876513317191283,0.17658353510895883,0.0,32.65859564164649,0.0,0.14983050847457627,0.1646489104116223,0.15559322033898307,116.95883777239709,129.46174334140437,-12.502905569007265,0.05049636803874091,31.9,40.5,64.2,90.6,2.9,Guard-Forward,Wing,77.0,233.0,2000-04-12,53.6
1631200,Kris,Murray,131,2388.7,663,262,645,76,303,63,113,186,342,148,98,88,38,161,245,406,321.71178333333336,203.0691,1596.8471666666667,37229.93,24256.001666666667,145.18276666666668,243.07336666666666,190.29631666666666,254160.47166666668,263629.82166666666,-9487.958333333334,138.69763333333333,0.543859649122807,0.2508250825082508,0.4062015503875969,0.5575221238938053,0.4771706586826347,0.46511627906976744,0.2775568300749362,0.0619583874073764,0.036840122242223806,0.015908234604596644,0.4697674418604651,0.17519379844961241,0.13468069800867977,0.08501239167748148,0.6685005093425992,15.585854230334492,10.154478028495276,0.06077898717573019,0.10175968797532829,0.07966522236641967,106.40116869705979,110.36539610108707,-3.9720175548764325,0.0580640655307629,39.2,27.8,37.8,54.4,61.7,Forward,Forward,80.0,218.0,2000-08-19,50.2
1631204,Marcus,Sasser,128,2161.95,961,356,808,148,392,101,117,208,416,369,144,81,16,29,165,194,417.27245,556.88635,3659.3263333333334,57018.13333333333,22996.023333333334,27.524166666666666,161.3999,91.40091666666666,234681.45833333334,243919.64833333335,-9240.201666666666,193.1115,0.5,0.37755102040816324,0.4405940594059406,0.8632478632478633,0.5590589658863498,0.5321782178217822,0.44450611716274663,0.17067924790120031,0.03746617636855617,0.007400726196258009,0.48514851485148514,0.1448019801980198,0.193007446980735,0.25758521242396915,1.6926045159847978,26.373474563858245,10.636704518297526,0.012731176330010717,0.07465477925021394,0.042277072396062196,108.55082602897077,112.82390820015883,-4.274012658325431,0.08932283355304241,42.4,68.6,78.4,8.4,45.4,Guard,Guard,73.0,195.0,2000-09-21,26.8
1631205,Buddy,Boeheim,10,84.0,34,9,29,8,25,8,10,1,4,3,0,0,1,3,7,10,13.203783333333334,4.466666666666667,0.0,558.3333333333333,0.0,2.8609833333333334,5.9753333333333325,4.495566666666667,9602.696666666667,8807.516666666666,791.7349999999999,-0.053933333333334,0.25,0.32,0.3103448275862069,0.8,0.5089820359281437,0.4482758620689655,0.40476190476190477,0.03571428571428571,0.0,0.011904761904761904,0.8620689655172413,0.3448275862068966,0.15718789682539683,0.05317460317460317,0.0,6.646825396825396,0.0,0.0340593253968254,0.07113492063492062,0.0535186507936508,114.31781746031746,104.85138888888889,9.425416666666665,-0.0006420634920635,37.5,55.0,20.7,24.0,47.6,Forward,Forward,77.0,205.0,1999-11-11,9.0
1631207,Dalen,Terry,132,1667.9166666666667,506,189,425,54,178,74,112,135,247,178,85,71,33,67,170,237,226.92185,243.35871666666668,1324.8678333333332,39739.91166666667,19219.18833333333,65.15671666666667,159.83908333333335,111.85905,180093.95166666666,186323.46166666667,-6227.133333333333,100.18445,0.5465587044534413,0.30337078651685395,0.4447058823529412,0.6607142857142857,0.5334401619296618,0.508235294117647,0.3033724706470147,0.10671996002997751,0.04256807394454159,0.019785161129153135,0.4188235294117647,0.2635294117647059,0.13605107169622782,0.14590580064951286,0.7943249562827878,23.82607744191856,11.52287084686485,0.03906473145141144,0.09583157631776168,0.06706513115163627,107.97538945790656,111.71029427929052,-3.733479890082438,0.06006562078441169,50.7,34.1,57.1,40.1,64.4,Forward,Forward,78.0,210.0,2002-07-12,19.5
1631209,Isaiah,Wong,21,269.7833333333333,122,42,108,13,34,25,34,29,74,28,18,11,0,14,18,32,59.76421666666667,49.07505,254.61666666666667,3939.233333333333,2863.0783333333334,13.433716666666667,18.06205,16.06655,27031.961666666666,27699.43833333333,-668.0250000000001,20.619533333333333,0.3918918918918919,0.38235294117647056,0.3888888888888889,0.7352941176470589,0.49609629147690304,0.44907407407407407,0.4522147402236363,0.10378698955952309,0.04077346018409835,0.0,0.3148148148148148,0.3148148148148148,0.22152671897201462,0.1819054179279669,0.9437820473219252,14.601470315685427,10.612510038920123,0.049794464693890164,0.06695020695619942,0.059553530610984125,100.19878297399148,102.67290418236857,-2.4761537035893006,0.07642997467103231,40.1,48.8,57.0,33.4,61.7,Guard,Guard,75.0,185.0,2001-01-28,27.3
1631210,Jacob,Toppin,26,113.3,36,14,31,6,14,2,2,8,17,9,4,2,1,6,16,22,15.55125,12.37355,53.1,1811.065,802.05,5.18555,18.853283333333334,11.884283333333332,10483.676666666666,12279.906666666666,-1796.23,7.133100000000001,0.47058823529411764,0.42857142857142855,0.45161290322580644,1.0,0.5646173149309912,0.5483870967741935,0.3177405119152692,0.0794351279788173,0.017652250661959402,0.008826125330979701,0.45161290322580644,0.06451612903225806,0.13725728155339806,0.10921050308914387,0.4686672550750221,15.984686672550751,7.078993821712268,0.045768314210061785,0.16640144160047074,0.1048921741688732,92.5302441894675,108.38399529273315,-15.853751103265667,0.0629576345984113,24.6,77.1,47.6,70.4,43.4,Forward,Forward,81.0,200.0,2000-05-08,47.8
1631212,Peyton,Watson,148,3143.633333333333,1083,412,875,93,288,166,243,319,587,180,114,90,181,103,388,491,466.3862833333333,244.45456666666666,2002.5268333333333,42801.03333333333,27744.988333333335,102.38141666666667,344.69253333333336,232.99326666666667,351111.1433333333,352138.7733333333,-1024.686666666667,221.30158333333333,0.5434412265758092,0.3229166666666667,0.47085714285714286,0.6831275720164609,0.5514705882352942,0.524,0.34450582659131157,0.05725858613706009,0.028629293068530046,0.057576689393377095,0.3291428571428571,0.2777142857142857,0.14835899542991654,0.07776179367822796,0.6370103065455047,13.615148077065816,8.825771135310523,0.032567862028014295,0.10964781728148959,0.07411591682660192,111.68959802351843,112.01649047280748,-0.32595616537127964,0.07039675428644138,55.2,36.7,35.2,43.8,62.4,Guard,Guard,80.0,200.0,2002-09-11,80.6
1631213,Tyrese,Martin,60,1315.3333333333333,523,189,465,99,282,46,58,90,183,122,74,34,9,58,161,219,236.0143,192.42293333333333,1404.0476666666666,23872.84833333333,14289.481666666667,50.88935,172.91361666666666,108.63545,135976.15,149426.86833333335,-13439.556666666667,110.99215000000001,0.4918032786885246,0.35106382978723405,0.4064516129032258,0.7931034482758621,0.5331077224170269,0.5129032258064516,0.3976178408514952,0.0927521540800811,0.025848960973137356,0.006842372022301065,0.6064516129032258,0.12473118279569892,0.17943307146477447,0.14629214394323367,1.0674462747085656,18.149656614292955,10.863772174353777,0.03868931829700963,0.13145992143943233,0.08259157374556514,103.37771160669033,113.60380258489612,-10.217605169792195,0.08438328687278257,33.3,59.8,56.9,55.3,31.2,Forward,Forward,78.0,215.0,1999-03-07,23.4
1631214,Alondes,Williams,8,19.316666666666666,10,4,10,1,5,1,1,3,5,1,2,0,1,0,1,1,5.0578666666666665,1.2376500000000001,0.0,123.76499999999999,377.715,0.0,0.7875,0.4472999999999999,1517.92,1985.3533333333335,-467.4333333333333,0.5408166666666667,0.6,0.2,0.4,1.0,0.47892720306513414,0.45,0.5176876617773943,0.05176876617773943,0.0,0.05176876617773943,0.5,0.1,0.261839516824849,0.06407161345987922,0.0,6.40716134598792,19.553839516824848,0.0,0.0407679033649698,0.023156169111302843,78.58084555651425,102.77929249352891,-24.198446937014666,0.027997411561691117,55.4,40.6,8.4,2.4,65.4,Guard,Guard,76.0,210.0,1999-06-19,66.2
1631216,Caleb,Houstan,117,1603.35,492,160,396,136,353,36,43,24,43,64,29,37,10,47,112,159,190.0651,104.15226666666666,413.27383333333336,19334.033333333333,8755.141666666666,43.09726666666667,113.8484,77.20973333333333,171573.06166666668,176438.76333333334,-4852.491666666666,82.25508333333333,0.5581395348837209,0.38526912181303113,0.40404040404040403,0.8372093023255814,0.5928853754940712,0.5757575757575758,0.30685751707362713,0.039916424985187264,0.02307668319456139,0.00623694140393551,0.8914141414141414,0.10858585858585859,0.11854248916331432,0.06495915842870656,0.25775646822798104,12.058523300173595,5.460530555815429,0.02687951268697831,0.07100657997318116,0.04815525826134864,107.0091132108814,110.04382282928452,-3.026470618808536,0.05130201349258324,46.9,83.6,28.4,18.1,39.6,Guard,Guard,80.0,205.0,2003-01-09,86.1
1631217,Moussa,Diabaté,82,1304.9,432,177,299,0,6,78,130,177,293,60,63,51,41,202,260,462,172.16696666666667,89.1768,925.7975,17393.991666666665,19151.64,183.75765,264.94195,223.23581666666666,140724.95166666666,144927.175,-4205.426666666667,156.00508333333332,0.6040955631399317,0.0,0.5919732441471572,0.6,0.6064008983717013,0.5919732441471572,0.3310598513296038,0.045980534906889414,0.039083454670856,0.03142003218637443,0.020066889632107024,0.43478260869565216,0.13193882034383222,0.0683399494214116,0.7094777377576825,13.329750683321835,14.67671085906966,0.14082125067054946,0.20303620967123917,0.17107503767849386,107.84347587299153,111.06381715073951,-3.2227961274171713,0.11955328633100874,75.6,21.5,25.2,94.6,69.6,Forward,Forward,82.0,210.0,2002-01-21,61.1
1631218,Trayce,Jackson-Davis,129,2097.266666666667,947,407,634,0,4,133,234,407,630,186,94,52,114,257,395,652,335.22428333333335,279.67493333333334,2154.902666666667,38069.845,19048.18833333333,232.03215,378.1304333333333,306.39025,233557.99,235665.40333333332,-2114.4483333333337,265.06311666666664,0.6460317460317461,0.0,0.6419558359621451,0.5683760683760684,0.6425043421623968,0.6419558359621451,0.45154009981245424,0.08868686226517053,0.024794176547251977,0.054356463968975484,0.006309148264984227,0.36908517350157727,0.15983865507485934,0.1333521090943768,1.0274814838361042,18.152124193394577,9.082387393114846,0.11063550176420102,0.18029678311452998,0.14609026828570518,111.36303919387137,112.36787723703867,-1.0081924091674879,0.126385032899965,86.2,23.0,57.8,89.2,56.2,Forward,Forward,81.0,245.0,2000-02-22,85.8
1631220,Dereon,Seabron,6,55.083333333333336,14,4,13,1,2,5,6,3,11,5,0,2,1,1,6,7,6.6242833333333335,5.574316666666666,0.0,1183.5616666666667,0.0,1.06785,4.4744,3.3201666666666667,6585.548333333334,5124.016666666666,1461.9966666666667,5.148383333333333,0.2727272727272727,0.5,0.3076923076923077,0.8333333333333334,0.4475703324808184,0.34615384615384615,0.25416036308623297,0.0907715582450832,0.036308623298033284,0.018154311649016642,0.15384615384615385,0.46153846153846156,0.12025930408472012,0.10119788199697427,0.0,21.486747352496216,0.0,0.01938608169440242,0.08122965204236006,0.06027534039334342,119.55609682299547,93.02299546142208,26.541543116490164,0.09346535552193645,29.9,57.1,47.5,22.3,76.1,Guard,Guard,77.0,180.0,2000-05-26,46.1
1631221,Collin,Gillespie,57,686.6,281,100,227,54,128,27,34,46,99,105,31,34,5,23,76,99,115.80688333333333,144.77251666666666,1031.567,18331.678333333333,5426.131666666666,21.217633333333332,79.05573333333334,48.962516666666666,79139.065,79550.55333333333,-415.14833333333337,64.0646,0.46464646464646464,0.421875,0.44052863436123346,0.7941176470588235,0.5806744916515126,0.5594713656387665,0.4092630352461404,0.1529274686862802,0.04951937081270026,0.007282260413632391,0.5638766519823789,0.14977973568281938,0.16866717642489562,0.21085423342072043,1.502427905621905,26.69921108845519,7.902900767064763,0.03090246625886008,0.1151408874648024,0.07131155937469656,115.26225604427614,115.86156908437711,-0.6046436547237596,0.09330702009903874,36.7,78.7,79.1,42.6,40.4,Guard,Guard,73.0,195.0,1999-06-25,26.8
1631222,Jake,LaRavia,101,2154.8333333333335,837,278,640,113,298,168,224,165,342,216,131,91,35,141,246,387,349.9501666666667,297.46596666666665,3469.0428333333334,42675.090000000004,25912.941666666666,130.75608333333332,236.3739,181.80991666666668,240108.54666666666,240761.175,-662.308333333333,171.124,0.4824561403508772,0.37919463087248323,0.434375,0.75,0.5666431975736569,0.52265625,0.3884291128470879,0.100239771057313,0.04223064428803465,0.01624255549539794,0.465625,0.35,0.16240242864877408,0.13804592775930077,1.6098891638951194,19.80435764560291,12.025496944852655,0.060680369711501266,0.10969474824038981,0.08437307603062882,111.42789697579084,111.73076417356329,-0.3073594245494623,0.07941403047412793,50.5,62.7,59.7,58.5,61.1,Forward,Forward,79.0,235.0,2001-11-03,56.7
1631223,David,Roddy,98,1586.7666666666667,578,222,534,67,225,67,94,155,309,115,79,41,20,66,229,295,273.75736666666666,175.99561666666665,1441.5523333333333,23128.781666666666,16249.996666666666,59.93718333333333,229.2244,142.26526666666666,166920.18833333332,181106.65666666668,-14187.31,114.08536666666667,0.5016181229773463,0.29777777777777775,0.4157303370786517,0.7127659574468085,0.5022942157953282,0.47846441947565543,0.364262756548957,0.07247442388084785,0.02583870764447619,0.0126042476314518,0.42134831460674155,0.1760299625468165,0.17252528202004075,0.11091461672583659,0.9084841291515241,14.576044577022456,10.240949099846649,0.037773155053252946,0.144460055038548,0.08965733252105959,105.19516942209525,114.13565741654938,-8.941018423208622,0.07189801062958218,37.5,33.5,46.5,60.5,35.2,Forward,Forward,77.0,255.0,2001-03-27,46.9
1631230,Dominick,Barlow,68,794.55,292,116,226,10,36,50,75,106,190,55,14,21,30,80,118,198,110.64908333333334,72.96353333333333,237.05,11836.988333333333,3795.5733333333333,72.89716666666666,120.31638333333333,97.03128333333333,89134.73166666667,91674.57833333334,-2533.913333333333,67.81821666666667,0.5578947368421052,0.2777777777777778,0.5132743362831859,0.6666666666666666,0.5637065637065637,0.5353982300884956,0.3675036184003524,0.0692215719589705,0.02643005474797055,0.037757221068529356,0.1592920353982301,0.33185840707964603,0.13926006334822646,0.0918300086002559,0.2983449751431628,14.897726176242317,4.777010047616051,0.09174648123675876,0.15142707612275294,0.1221210538459925,112.18265894741259,115.37924401652928,-3.1891175298386925,0.08535424663855852,63.8,27.6,41.2,80.9,45.4,Forward,Forward,81.0,224.0,2003-05-26,68.5
1631232,Keion,Brooks Jr.,14,331.7833333333333,142,53,109,14,43,22,30,39,66,13,12,10,10,12,46,58,56.22071666666667,22.61055,186.08333333333334,2792.81,2734.3816666666667,10.8227,44.50156666666667,28.113533333333333,33501.16166666667,40193.02333333333,-6692.163333333334,27.552133333333334,0.5909090909090909,0.32558139534883723,0.48623853211009177,0.7333333333333333,0.5810147299509002,0.5504587155963303,0.4279901542171096,0.03918219721705933,0.030140151705430253,0.030140151705430253,0.3944954128440367,0.27522935779816515,0.16945009293213445,0.0681485407143216,0.5608579896518813,8.417571708444266,8.241467825388055,0.032619781986235996,0.13412839704626514,0.08473461596423369,100.9730094941478,121.14238207665646,-20.170281810418448,0.08304254784749084,72.1,46.2,27.0,54.8,39.7,Forward,Forward,79.0,210.0,2000-08-07,30.2
1631241,Javon,Freeman-Liberty,22,403.05,153,55,124,10,42,33,36,45,82,40,25,10,4,16,54,70,68.94505,59.51865000000001,349.22833333333335,7707.990000000001,4394.278333333334,15.244033333333332,57.976683333333334,35.70616666666667,41507.34,48709.20333333333,-7208.416666666667,32.17798333333333,0.5487804878048781,0.23809523809523808,0.4435483870967742,0.9166666666666666,0.5470537757437071,0.4838709677419355,0.3796055080014886,0.09924327006574866,0.024810817516437166,0.009924327006574866,0.3387096774193548,0.2903225806451613,0.1710583054211636,0.1476706363974693,0.8664640449902824,19.124153330852252,10.9025637844767,0.037821692924781866,0.14384489103915973,0.08858991853781582,102.9831038332713,120.85151552743662,-17.884671049911095,0.07983620725302898,59.0,38.4,56.1,59.6,19.9,Guard,Guard,75.0,190.0,1999-10-20,33.1
1631243,Mouhamed,Gueye,39,605.5666666666666,221,80,194,24,90,37,48,56,104,31,16,33,37,54,107,161,93.35111666666667,40.94371666666667,176.3,7099.833333333333,3765.6183333333333,48.86076666666666,106.72925,77.0719,67028.51,63833.448333333334,3195.635,51.49743333333333,0.5384615384615384,0.26666666666666666,0.41237113402061853,0.7708333333333334,0.5136667906284864,0.4742268041237113,0.36494743215720815,0.05119172125282105,0.05449441294655145,0.061099796334012225,0.4639175257731959,0.24742268041237114,0.15415497880772833,0.06761223647272528,0.29113227280233395,11.724280288435075,6.218338195629439,0.08068602410964937,0.17624690372653715,0.12727236197500966,110.6872516100622,105.41109979633403,5.2770985853470584,0.08504007265921727,50.5,36.8,28.8,83.2,90.9,Forward,Forward,83.0,210.0,2002-11-09,63.8
1631245,Quenton,Jackson,31,391.5833333333333,164,58,123,15,40,33,42,43,83,55,16,22,5,14,34,48,64.51006666666666,72.1625,432.23333333333335,9250.008333333333,2829.9283333333333,15.385066666666667,32.32985,23.1078,43222.558333333334,42745.71166666667,474.83666666666664,36.11723333333333,0.5180722891566265,0.375,0.4715447154471545,0.7857142857142857,0.5795872208085949,0.532520325203252,0.4188125133007023,0.14045541604596723,0.05618216641838689,0.01276867418599702,0.3252032520325203,0.34146341463414637,0.16474160459672268,0.184283890189402,1.1038093211321558,23.622068525218133,7.226886571610981,0.039289380719301985,0.08256186422643116,0.0590111938710364,110.37895296871676,109.16121302404768,1.2126069376463078,0.09223383698659289,60.6,59.3,74.2,31.7,69.6,Guard,Guard,76.0,173.0,1998-09-15,30.9
1631246,Vince,Williams Jr.,79,1935.0833333333333,700,236,546,105,304,123,154,131,242,230,125,59,41,81,307,388,305.6211166666667,334.1604,3084.251166666667,45058.71,23406.285,72.83155,315.2251,187.22591666666668,214483.94333333333,218304.54666666666,-3828.1683333333335,171.82466666666667,0.5413223140495868,0.34539473684210525,0.43223443223443225,0.7987012987012987,0.5702554744525548,0.5283882783882784,0.36174152706601786,0.11885793032169158,0.03048964299556436,0.02118771801386676,0.5567765567765568,0.28205128205128205,0.157936927780888,0.17268527625855906,1.5938596098359246,23.285152232892642,12.095750398346325,0.037637423022264326,0.16290001291934025,0.09675341285905001,110.83964170363033,112.81402868093537,-1.9782963696653892,0.08879445329658499,58.0,61.6,67.1,64.5,52.2,Guard,Guard,76.0,205.0,2000-08-30,60.6
1631247,Luke,Travers,12,87.85,12,5,20,0,9,2,2,5,11,8,8,1,1,8,12,20,11.50135,11.358333333333334,109.03666666666666,1840.6333333333334,1653.3916666666667,6.373583333333334,10.850533333333333,8.994416666666666,9851.781666666666,9695.146666666667,155.94666666666654,0.9729166666666667,0.45454545454545453,0.0,0.25,1.0,0.2873563218390805,0.25,0.13659647125782584,0.0910643141718839,0.011383039271485488,0.011383039271485488,0.45,0.1,0.13092031872509963,0.129292354391956,1.241168658698539,20.952001517738573,18.82062227281351,0.07255074938341873,0.12351204704989566,0.10238379814077025,112.1432176057674,110.3602352494783,1.7751470309239221,0.011074748624549421,12.0,30.5,53.8,69.3,39.3,Forward,Forward,78.0,207.0,2001-09-03,16.9
1631248,Baylor,Scheierman,31,383.9,113,39,110,26,82,9,12,13,28,33,12,17,2,19,46,65,55.0069,46.63881666666667,322.7416666666667,7545.48,2361.043333333333,17.578166666666668,44.76903333333333,31.246966666666665,42379.52166666667,41003.583333333336,1374.265,27.527583333333332,0.4642857142857143,0.3170731707317073,0.35454545454545455,0.75,0.4901110340041638,0.4727272727272727,0.2943474863245637,0.08595988538681949,0.044282365199270646,0.005209690023443605,0.7454545454545455,0.10909090909090909,0.14328444907528004,0.12148688894677435,0.8406920204914475,19.654805939046625,6.15015194929235,0.04578839975688114,0.11661639315794044,0.08139350525310411,110.39208561257273,106.80797950855259,3.5797473300338636,0.07170508813058957,19.6,49.0,60.5,54.9,62.7,Guard,Guard,78.0,205.0,2000-09-26,81.0
1631250,Pete,Nance,21,165.51666666666668,41,15,38,10,25,1,4,5,13,10,5,3,2,5,19,24,19.986916666666666,13.050966666666667,54.04166666666667,2592.08,976.4333333333334,4.546683333333333,21.20135,13.177183333333334,16466.676666666666,18693.958333333336,-2229.5,7.70585,0.38461538461538464,0.4,0.39473684210526316,0.25,0.5155935613682093,0.5263157894736842,0.2477091934346994,0.06041687644748766,0.0181250629342463,0.012083375289497532,0.6578947368421053,0.10526315789473684,0.12075470748162319,0.07884986406202799,0.32650286980163123,15.660537710200382,5.899305205920854,0.027469640519585135,0.12809193434699426,0.07961242573758937,99.48651696707279,112.94305709394825,-13.469942603967374,0.046556338737287276,14.2,62.8,37.7,48.4,33.0,Forward,Forward,81.0,225.0,2000-02-19,70.8
1631254,Kenneth,Lofton Jr.,21,198.3,96,36,78,7,24,17,26,29,54,33,14,6,5,12,26,38,41.119,48.22046666666667,331.8485,4582.913333333333,2207.2616666666668,11.979516666666665,22.294283333333333,16.985500000000002,21672.975,21961.416666666668,-290.04,15.44375,0.5370370370370371,0.2916666666666667,0.46153846153846156,0.6538461538461539,0.5366726296958855,0.5064102564102564,0.4841149773071104,0.1664145234493192,0.0302571860816944,0.025214321734745335,0.3076923076923077,0.3333333333333333,0.20735753908219867,0.24316927214657924,1.6734669692385273,23.11101025382417,11.130921163220709,0.06041107749201546,0.11242704656244747,0.08565557236510338,109.29387291981844,110.74844511682636,-1.4626323751891075,0.07788073625819465,62.8,28.3,74.6,59.6,61.5,Forward,Forward,78.0,275.0,2002-08-14,53.6
1631255,Karlo,Matković,42,790.6,325,135,235,21,66,34,44,114,169,46,43,22,41,64,145,209,122.75978333333333,72.46855,608.2323333333334,10051.873333333333,11695.24,61.39533333333333,145.33706666666666,103.05665,86884.39833333333,90509.745,-3615.9633333333336,74.66835,0.6745562130177515,0.3181818181818182,0.574468085106383,0.7727272727272727,0.6388583110551973,0.6191489361702127,0.41108019225904374,0.058183657981280036,0.02782696686061219,0.051859347331140906,0.28085106382978725,0.18723404255319148,0.15527420102875453,0.09166272451302807,0.7693300446917953,12.714233915169912,14.792866177586642,0.07765663209376844,0.18383135171599627,0.13035245383253224,109.89678514208617,114.48234884897545,-4.573695083902521,0.0944451682266633,73.9,47.6,32.9,84.0,51.8,Forward-Center,Big,82.0,231.0,2001-03-30,26.2
1631257,Jermaine,Samuels Jr.,14,60.13333333333333,20,9,14,0,2,2,2,9,12,3,0,1,2,3,10,13,5.55935,2.6074833333333336,0.0,862.415,0.0,3.121166666666667,9.42345,6.543566666666667,6367.8966666666665,7003.916666666667,-635.8683333333335,5.9450666666666665,0.75,0.0,0.6428571428571429,1.0,0.6720430107526881,0.6428571428571429,0.3325942350332594,0.04988913525498891,0.01662971175166297,0.03325942350332594,0.14285714285714285,0.14285714285714285,0.09245038802660754,0.04336169623059868,0.0,14.341712860310421,0.0,0.051904101995565416,0.15670925720620843,0.10881762749445677,105.89628603104212,116.47311529933482,-10.574307095343682,0.09886474501108647,67.1,39.3,25.8,72.5,34.0,Forward,Forward,78.0,230.0,1998-11-13,41.7
1631260,AJ,Green,129,2273.4166666666665,793,265,620,224,532,39,46,41,88,138,52,46,11,27,211,238,298.31575,193.29315,1443.2416666666668,34658.84333333333,13947.088333333333,26.893666666666665,199.47445,115.94436666666667,259698.67333333334,246804.26333333334,12901.853333333333,133.26685,0.4659090909090909,0.42105263157894735,0.4274193548387097,0.8478260869565217,0.6192990128701736,0.6080645161290322,0.34881419302811484,0.060701587185220486,0.020233862395073497,0.004838532311865401,0.8580645161290322,0.07419354838709677,0.131219126864851,0.0850231956306587,0.6348337670906493,15.24526666911037,6.134857959752209,0.01182962501374583,0.0877421428833254,0.05100005131776695,114.23276566108281,108.56094571313369,5.675094021480151,0.05861963271141088,31.2,91.5,43.9,14.7,40.7,Guard,Guard,76.0,190.0,1999-09-27,43.5
1631262,Jules,Bernard,19,149.28333333333333,74,29,64,11,29,5,9,18,35,16,8,3,1,10,16,26,28.8722,20.554016666666666,69.15833333333333,2546.0166666666664,1194.0716666666667,9.456833333333334,16.430416666666666,12.075483333333333,16647.535,15775.741666666667,868.0766666666666,13.108733333333333,0.5142857142857142,0.3793103448275862,0.453125,0.5555555555555556,0.544437904649794,0.5390625,0.49570168583230995,0.1071787428826616,0.02009601429049905,0.00669867143016635,0.453125,0.140625,0.1934053812660489,0.137684604220163,0.46326895165792115,17.054929105727364,7.998693759071118,0.06334821926984482,0.11006196271072903,0.08088969521044992,111.51636708719437,105.67650999218489,5.814960366194038,0.08781109746566931,45.3,53.9,51.7,57.3,45.8,Guard,Guard,78.0,210.0,2000-01-21,86.5
1631288,Jamal,Cain,63,760.8833333333333,293,102,237,37,111,52,73,65,126,32,30,33,14,42,80,122,123.21209999999999,44.942566666666664,312.1333333333333,7311.7266666666665,5583.133333333333,39.61305,82.2643,59.00306666666667,80901.66166666667,87951.01,-7043.428333333333,53.21208333333333,0.5158730158730159,0.3333333333333333,0.43037974683544306,0.7123287671232876,0.5443668252080857,0.5084388185654009,0.3850787461941165,0.042056381836900095,0.043370643769303226,0.018399667053643792,0.46835443037974683,0.3080168776371308,0.16193297264144743,0.059066304514489736,0.41022495783409635,9.609524018136815,7.337699603530984,0.05206192364138173,0.10811683788579064,0.07754548441504393,106.3259741966574,115.59066435940683,-9.256909732109609,0.06993461546886294,52.7,45.9,25.4,52.7,49.9,Forward,Forward,79.0,191.0,1999-03-20,22.1
1631298,Jack,White,4,63.65,6,2,16,2,10,0,0,0,6,1,2,4,1,4,8,12,6.97335,1.83125,14.65,293.0,764.75,3.14865,9.020716666666667,5.330499999999999,5662.981666666667,7071.091666666667,-1410.9916666666668,0.7568833333333332,0.0,0.2,0.125,,0.1875,0.1875,0.09426551453260015,0.015710919088766692,0.06284367635506677,0.015710919088766692,0.625,0.0,0.10955773762765122,0.02877062058130401,0.23016496465043207,4.603299293008641,12.014925373134329,0.049468185388845246,0.1417237496726892,0.08374705420267084,88.97064676616915,111.09334904425243,-22.167975909924067,0.01189133280963603,1.9,32.5,9.6,61.6,66.9,Forward,Forward,78.0,225.0,1997-08-05,35.8
1631301,Jaylen,Sims,6,111.8,42,12,28,6,15,12,15,6,13,12,8,3,1,3,3,6,18.0458,20.343383333333335,175.96416666666664,2344.755,1679.485,2.7182166666666667,2.818433333333333,2.79285,11193.716666666667,13444.043333333333,-2250.326666666667,6.82695,0.46153846153846156,0.4,0.42857142857142855,0.8,0.6069364161849711,0.5357142857142857,0.3756708407871199,0.10733452593917711,0.026833631484794278,0.008944543828264758,0.5357142857142857,0.5357142857142857,0.1614114490161002,0.18196228384019084,1.5739192009540846,20.972763864042935,15.022227191413238,0.02431320810971974,0.025209600477042335,0.024980769230769233,100.1226893261777,120.25083482409065,-20.128145497912943,0.0610639534883721,53.3,79.0,64.8,10.8,21.3,Guard,Guard,78.0,210.0,1998-12-11,86.5
1631303,Justin,Minaya,53,481.65,79,30,95,14,59,5,11,16,36,28,14,15,11,35,31,66,45.8342,40.966516666666664,128.85,8744.355,4671.036666666667,26.968233333333334,33.130383333333334,30.939733333333333,47689.47833333333,51800.88166666667,-4097.653333333333,8.607783333333332,0.4444444444444444,0.23728813559322035,0.3157894736842105,0.45454545454545453,0.39563301282051283,0.3894736842105263,0.1640195162462369,0.05813349942904599,0.03114294612270321,0.022838160489982353,0.6210526315789474,0.11578947368421053,0.09516080141181357,0.08505453475898819,0.2675179071940206,18.154998442852694,9.697989549811412,0.05599134918163259,0.0687851828783003,0.0642369632167203,99.01272362365481,107.54880445690164,-8.507533132634347,0.017871448839060174,13.0,30.4,35.2,38.0,69.0,Forward,Forward,77.0,205.0,1999-03-26,9.0
1631306,Cole,Swider,28,256.3,101,37,101,25,77,2,3,12,24,8,12,5,3,6,28,34,45.783633333333334,14.549366666666666,73.77033333333333,1250.3766666666666,1927.8683333333333,5.0154,27.8024,16.13543333333333,28099.126666666667,26635.67,1467.4816666666666,10.015033333333333,0.5,0.3246753246753247,0.36633663366336633,0.6666666666666666,0.4935496481626271,0.4900990099009901,0.3940694498634413,0.031213421771361684,0.01950838860710105,0.011705033164260631,0.7623762376237624,0.0297029702970297,0.1786329821823384,0.056766939784107164,0.2878280660684094,4.878566783716997,7.521920925998179,0.01956847444401092,0.10847600468201325,0.06295526076212771,109.63373650669787,103.92380023410065,5.725640525425932,0.03907543243594745,29.6,47.4,20.9,30.3,52.0,Forward,Forward,80.0,220.0,1999-05-08,53.4
1631311,Lester,Quinones,50,577.8333333333334,250,87,219,45,132,31,42,42,87,60,31,9,4,25,66,91,105.92016666666667,86.53471666666667,438.64166666666665,10781.401666666667,4890.081666666667,21.003983333333334,59.3009,41.605216666666664,62778.745,63223.315,-445.28500000000054,39.96875,0.4827586206896552,0.3409090909090909,0.3972602739726027,0.7380952380952381,0.526360114535961,0.5,0.43265070666282085,0.103836169599077,0.01557542543986155,0.0069224113066051335,0.6027397260273972,0.1917808219178082,0.1833057398327084,0.14975722526680127,0.7591145082203633,18.65832419959619,8.462789154888952,0.03634955292760311,0.10262630516296509,0.07200210556677242,108.64507355062013,109.41444764926449,-0.7706114796654177,0.06917003172771849,39.3,53.5,59.0,42.6,38.3,Guard,Guard,76.0,208.0,2000-11-16,64.2
1631321,Sidy,Cissoko,34,255.38333333333333,77,29,63,4,25,15,24,25,38,25,14,9,4,16,27,43,35.4203,38.17045,253.7265,4763.405,2938.6016666666665,15.340066666666667,23.26161666666667,18.97035,25490.548333333332,24007.41,1485.5,14.348616666666667,0.6578947368421053,0.16,0.4603174603174603,0.625,0.5233822729744426,0.49206349206349204,0.30150753768844224,0.09789205769105266,0.03524114076877896,0.015662729230568426,0.3968253968253968,0.38095238095238093,0.13869464204137572,0.14946335573973765,0.9935123670299549,18.651980682633948,11.506630555374274,0.060066827644717095,0.09108510082881943,0.07428186386477843,99.81288912092933,94.0053905893102,5.81674606800235,0.056184624420805324,68.5,24.0,56.3,48.9,72.7,Guard,Guard,78.0,220.0,2004-04-02,92.5
1631323,Simone,Fontecchio,141,2880.616666666667,1138,402,921,210,561,124,150,192,360,166,122,75,35,116,345,461,448.7647666666667,234.74278333333334,1887.5128333333334,36876.50166666666,27443.596666666665,109.18013333333333,333.9290833333333,220.4665,323151.38666666666,324150.8616666667,-1000.9816666666668,211.5605,0.5333333333333333,0.37433155080213903,0.4364820846905538,0.8266666666666667,0.5764944275582573,0.5504885993485342,0.39505429971591727,0.05762654987068741,0.026036091809045515,0.012150176177554574,0.6091205211726385,0.16286644951140064,0.1557877422079763,0.08149046211170062,0.6552460989255773,12.80159977319671,9.526986698449983,0.03790165300253996,0.11592277695169437,0.07653448046425244,112.181322286316,112.52828792446063,-0.3474886743000631,0.07344278134890098,49.3,73.6,34.2,49.1,41.2,Forward,Forward,79.0,209.0,1995-12-09,28.1
1631338,Mouhamadou,Gueye,11,119.95,26,11,38,0,3,4,9,11,35,5,12,3,18,12,11,23,22.481783333333333,9.079316666666667,11.351666666666667,821.615,1833.8883333333333,10.490566666666666,9.842866666666666,10.190433333333333,9568.125,13292.015,-3722.9183333333335,0.1217166666666668,0.3142857142857143,0.0,0.2894736842105263,0.4444444444444444,0.3098188751191611,0.2894736842105263,0.21675698207586494,0.041684035014589414,0.025010421008753645,0.15006252605252188,0.07894736842105263,0.23684210526315788,0.18742628873141587,0.07569251076837571,0.09463665416145615,6.8496456857023755,15.288773099902738,0.08745782965124357,0.08205807975545365,0.08495567597610115,79.76761150479366,110.81296373488954,-31.037251632624706,0.0010147283590384894,18.9,5.8,13.7,56.4,63.7,Forward,Forward,81.0,210.0,1998-07-06,54.4
1631342,Daeqwon,Plowden,6,71.55,43,16,25,9,17,2,2,7,8,2,4,0,0,4,7,11,12.97495,2.8483,20.971,369.34000000000003,831.1550000000001,3.6881000000000004,6.0619000000000005,5.3685833333333335,7503.0,5993.038333333334,1510.1033333333335,8.599766666666667,0.875,0.5294117647058824,0.64,1.0,0.8307573415765069,0.82,0.6009783368273934,0.027952480782669462,0.0,0.0,0.68,0.08,0.18134102026554857,0.039808525506638714,0.29309573724668064,5.16198462613557,11.61642208245982,0.05154577218728163,0.08472257162823202,0.07503261122757979,104.86373165618448,83.76014442115073,21.105567202422552,0.12019240624272072,75.8,96.4,11.3,46.2,41.9,Guard-Forward,Wing,76.0,216.0,1998-08-29,33.4
1631367,Jacob,Gilyard,41,698.3666666666667,173,60,150,51,126,2,2,9,24,137,30,33,5,9,37,46,78.43996666666666,201.86685,1245.4725,30444.646666666667,6202.745,8.116633333333333,40.3683,23.007683333333333,74144.16833333333,82412.66666666667,-8266.095,53.78998333333333,0.375,0.40476190476190477,0.4,1.0,0.5733032873806999,0.57,0.24772087251205194,0.19617202042861917,0.047253114409813377,0.007159562789365663,0.84,0.013333333333333334,0.11231917330914991,0.289055677533292,1.7834077132356452,43.594071882010404,8.881788458784783,0.011622309197651663,0.057803875709989974,0.03294499069256837,106.16796572955946,118.00773232781252,-11.83632523507231,0.0770225526227865,16.2,87.3,86.7,5.3,36.0,Guard,Guard,68.0,160.0,1998-07-14,0.9
1631376,Dmytro,Skapintsev,2,2.1333333333333333,0,0,1,0,0,0,0,0,1,0,0,0,0,0,0,0,0.525,0.0,0.0,0.0,0.0,0.0,0.0,0.0,162.5,105.0,57.5,-0.34965,0.0,,0.0,,0.0,0.0,0.0,0.0,0.0,0.0,0.0,0.0,0.24609375,0.0,0.0,0.0,0.0,0.0,0.0,0.0,76.171875,49.21875,26.953125,-0.16389843750000002,1.5,1.6,16.9,1.4,42.3,Center,Big,85.0,215.0,1998-05-12,50.6
1631386,Taze,Moore,6,60.18333333333333,24,10,29,2,11,2,4,8,18,6,5,4,0,8,8,16,12.939066666666665,11.257216666666668,77.13333333333333,843.0,817.98,5.2549,7.25265,6.104,4949.955,6490.58,-1540.6249999999998,5.050416666666667,0.4444444444444444,0.18181818181818182,0.3448275862068966,0.5,0.39011703511053314,0.3793103448275862,0.3987815009692606,0.09969537524231516,0.06646358349487677,0.0,0.3793103448275862,0.13793103448275862,0.2149941844364442,0.18704873996122962,1.2816394350595401,14.007200221545279,13.591470506784825,0.08731487122680699,0.1205092772085295,0.10142342841318196,82.24793685959568,107.84680144004432,-25.598864580448627,0.08391719745222931,24.2,18.2,57.0,70.7,62.8,Guard,Guard,77.0,195.0,1998-06-29,61.5
1631466,Nate,Williams,42,276.0,128,54,112,8,31,12,21,46,81,16,18,12,5,17,19,36,53.34165,23.569399999999998,48.47916666666667,2471.3483333333334,2782.9583333333335,14.968433333333333,15.7248,15.582566666666667,30806.363333333335,30813.646666666667,-3.8866666666665424,9.852716666666666,0.5679012345679012,0.25806451612903225,0.48214285714285715,0.5714285714285714,0.5278785879247774,0.5178571428571429,0.463768115942029,0.057971014492753624,0.043478260869565216,0.018115942028985508,0.2767857142857143,0.1875,0.19326684782608697,0.08539637681159419,0.175649154589372,8.954160628019324,10.083182367149758,0.05423345410628019,0.056973913043478264,0.05645857487922705,111.61725845410629,111.64364734299517,-0.014082125603864284,0.03569824879227053,58.3,22.8,24.4,31.8,63.6,Guard,Guard,77.0,205.0,1999-02-12,72.6
1641705,Victor,Wembanyama,117,3633.5166666666664,2638,959,2043,270,797,450,556,689,1246,442,409,140,430,243,1018,1261,1117.9175166666666,732.8362,5191.778,50876.26833333333,48353.075,236.24958333333333,966.2276666666667,605.0943333333333,399651.67833333334,402712.515,-3067.948333333334,599.40345,0.5529695024077047,0.33877038895859474,0.46940773372491434,0.8093525179856115,0.5765767341015196,0.5354870288790994,0.7260184119149952,0.12164523808431685,0.03853016590905964,0.11834265243496889,0.3901125795398923,0.272148800783162,0.3076681956415043,0.2016878597868915,1.4288576264500417,14.001936140836932,13.30751429973717,0.06501954029842531,0.2659208021613588,0.16653132181403693,109.99032480012478,110.83271440431906,-0.844346844883974,0.16496510267830525,71.5,53.8,58.8,90.1,76.1,Forward-Center,Big,88.0,235.0,2004-01-04,64.4
1641706,Brandon,Miller,101,3306.5666666666666,1847,674,1574,288,786,211,252,386,788,273,208,95,62,85,361,446,811.5150666666667,448.00221666666664,4427.211166666667,41930.81166666667,31143.646666666667,80.23371666666667,380.7488,225.51803333333334,358468.2183333333,389047.75333333336,-30555.91833333333,290.8106666666667,0.48984771573604063,0.366412213740458,0.42820838627700125,0.8373015873015873,0.5481102511751579,0.5196950444726811,0.5585854410919685,0.08256298073530449,0.028730707581882516,0.018750567053439117,0.4993646759847522,0.16010165184243966,0.24542528503886207,0.1354886387693176,1.3389148361341574,12.681072512273557,9.41872637277337,0.024264962650080144,0.11514928878897548,0.06820308073832879,108.41100587719387,117.65912880429853,-9.240980574009294,0.08794943395465589,43.6,63.6,53.8,37.5,35.7,Forward,Forward,79.0,200.0,2002-11-22,23.5
1641707,Taylor,Hendricks,43,930.95,306,112,258,56,152,26,33,56,106,34,29,33,34,51,149,200,123.90918333333333,46.83945,392.5486666666667,9281.683333333332,8387.386666666667,47.464083333333335,145.86495,96.70936666666667,101803.185,109490.12333333334,-7681.081666666667,63.894016666666666,0.5283018867924528,0.3684210526315789,0.43410852713178294,0.7878787878787878,0.5614266842800528,0.5426356589147286,0.32869649282990493,0.036521832536656106,0.035447660991460336,0.036521832536656106,0.5891472868217055,0.12790697674418605,0.13309971892511233,0.0503136043826199,0.4216646078378717,9.970120128184469,9.009492095887714,0.050984567735467355,0.15668397873140338,0.1038824498272374,109.3540845373006,117.61117496464185,-8.250799362658217,0.06863313461159747,38.8,66.3,20.9,70.7,49.4,Forward,Forward,81.0,215.0,2003-11-22,58.4
1641708,Amen,Thompson,131,3613.983333333333,1562,627,1143,33,149,275,402,594,994,428,228,175,127,340,633,973,623.4243666666666,593.31505,6222.561833333333,77195.865,41219.08833333333,305.68598333333335,614.6002666666667,453.4923166666667,408748.11833333335,392750.0316666667,16001.133333333333,453.75195,0.5975855130784709,0.2214765100671141,0.5485564304461942,0.6840796019900498,0.5917204594357063,0.562992125984252,0.4322100729112383,0.11842888041357874,0.04842302353358944,0.03514127993580491,0.13035870516185477,0.35170603674540685,0.1725033873057891,0.16417204930847312,1.7218014748269455,21.360326786233106,11.40544505370344,0.08458422608479103,0.17006173243743056,0.12548268069858284,113.10182716208801,108.67510872121713,4.427561462652014,0.12555452201864056,78.1,28.8,66.6,82.9,81.9,Guard-Forward,Wing,79.0,200.0,2003-01-30,46.0
1641709,Ausar,Thompson,122,2910.633333333333,1150,478,940,32,162,162,261,446,778,254,164,166,99,240,465,705,499.34945,355.46188333333333,3417.4008333333336,49024.67833333334,32012.233333333334,222.47778333333332,470.0214833333333,344.61486666666667,321289.87166666664,324017.7633333333,-2729.2833333333333,267.99345,0.5732647814910026,0.19753086419753085,0.5085106382978724,0.6206896551724138,0.5451063668423648,0.5255319148936171,0.3951030130899346,0.08726623071725513,0.05703226101993839,0.03401321590948133,0.1723404255319149,0.2776595744680851,0.1715604106780884,0.12212527055967201,1.1741090140748291,16.843302717621597,10.998373778902645,0.07643621090484316,0.1614842645930439,0.11839858450050963,110.38486640937252,111.32208225014028,-0.9376939726749047,0.09207393007249282,64.2,20.0,52.2,79.7,75.5,Guard-Forward,Wing,79.0,205.0,2003-01-30,52.2
1641710,Anthony,Black,147,3051.2,1052,377,867,99,289,199,277,278,578,331,195,121,69,85,284,369,504.35966666666667,514.3695333333334,4348.067333333333,68225.31833333333,39755.655,80.24733333333333,298.2171333333333,184.03726666666668,326888.56166666665,329135.75833333336,-2238.3616666666658,210.13436666666666,0.4809688581314879,0.34256055363321797,0.4348327566320646,0.7184115523465704,0.5319148936170213,0.49192618223760093,0.34478238070267436,0.10848190875721028,0.03965652857891977,0.022614053487152598,0.3333333333333333,0.31949250288350634,0.16529878954728194,0.16857942230379308,1.4250351774165357,22.360159390840764,13.02951461719979,0.026300253452193674,0.09773765513022199,0.060316356406222696,107.13442634591854,107.87092236934105,-0.733600441356406,0.0688694174969411,42.6,41.1,64.1,30.0,75.0,Guard,Guard,79.0,200.0,2004-01-20,79.0
1641711,Gradey,Dick,114,2855.0833333333335,1287,454,1092,202,567,177,206,252,525,166,133,82,12,71,254,325,543.5261833333333,233.35229999999999,2311.6738333333333,31838.668333333335,25407.371666666666,68.17308333333334,255.00965,158.42141666666666,308815.0366666667,335365.78833333333,-26563.46,181.31241666666668,0.48,0.3562610229276896,0.4157509157509158,0.8592233009708737,0.5441216261922478,0.5082417582417582,0.4507749335979685,0.058141910627243804,0.028720702839963804,0.0042030296838971425,0.5192307692307693,0.18864468864468864,0.19037139021044333,0.08173222030880592,0.8096694784156913,11.151572341729663,8.8989947754006,0.023877791074399465,0.08931776071918507,0.05548749306791979,108.16323049531537,117.46269694404717,-9.303917573917865,0.06350512244242724,40.6,62.7,36.5,23.5,21.9,Guard-Forward,Wing,79.0,200.0,2003-11-20,46.0
1641712,Rayan,Rupert,91,1092.7666666666667,310,112,303,44,137,42,55,68,166,87,61,28,7,50,112,162,155.49941666666666,120.60594999999999,1218.4506666666666,18741.739999999998,13988.855,46.68053333333334,114.69581666666667,77.61155,112795.77,122728.27,-9929.725,56.544333333333334,0.40963855421686746,0.32116788321167883,0.3696369636963696,0.7636363636363637,0.4737163814180929,0.44224422442244227,0.2836836165085563,0.07961443431046579,0.02562303632980508,0.00640575908245127,0.4521452145214521,0.18151815181518152,0.14229882866119634,0.11036752280145197,1.1150144892169722,17.150724460848608,12.801319281334838,0.042717750053381326,0.10495910990452369,0.07102298447366012,103.2203611627978,112.30967574657598,-9.086775157856206,0.051744196687307446,20.5,40.0,48.0,45.2,35.1,Guard-Forward,Wing,79.0,205.0,2004-05-31,52.2
1641713,GG,Jackson,77,1691.8166666666666,908,315,762,134,381,144,193,181,381,88,96,40,29,80,208,288,393.98535,140.74283333333332,1115.2066666666667,14797.15,15656.563333333334,71.47745,201.73913333333334,135.02495,180568.27666666667,192024.86666666667,-11473.698333333334,144.42378333333335,0.47506561679790027,0.35170603674540685,0.41338582677165353,0.7461139896373057,0.5360600765125396,0.5013123359580053,0.5367011792057848,0.052015092257829354,0.0236432237535588,0.017141337221330127,0.5,0.2532808398950131,0.2328770946418544,0.08319035750524584,0.6591770187865116,8.746308209124313,9.25429075254411,0.042248933592095285,0.11924408673122582,0.07981062762907722,106.73040420061277,113.50217222118236,-6.781880424395867,0.08536609561713741,47.1,53.5,32.3,53.7,40.0,Forward,Forward,81.0,210.0,2004-12-17,54.4
1641715,Cam,Whitmore,98,1706.95,1056,391,870,144,403,130,184,247,467,82,92,61,30,80,251,331,414.9078333333333,123.68178333333334,1003.9676666666667,12103.14,14000.901666666667,72.11881666666666,245.77585,154.94965,191671.815,191656.82,2.918333333332896,183.76115000000001,0.5289079229122056,0.3573200992555831,0.4494252873563218,0.7065217391304348,0.5552284007739547,0.532183908045977,0.6186472948826854,0.04803889979202671,0.03573625472333695,0.017575207240985383,0.4632183908045977,0.21149425287356322,0.24306970522471855,0.07245776580059951,0.58816466016384,7.090506458888661,8.202291611744144,0.04225010496304324,0.1439853832859779,0.09077574035560503,112.2890623626937,112.28027768827441,0.0017096771043867108,0.1076546764697267,57.4,52.8,28.3,62.5,56.4,Forward,Forward,78.0,230.0,2004-07-08,41.7
1641716,Jarace,Walker,108,1527.0166666666667,581,215,470,97,240,54,78,118,230,150,95,69,36,37,255,292,248.2008,203.92986666666667,1551.9143333333334,29547.431666666667,17932.793333333335,38.30853333333334,261.13893333333334,148.87741666666668,167320.305,172178.745,-4848.918333333333,137.76548333333332,0.5130434782608696,0.4041666666666667,0.4574468085106383,0.6923076923076923,0.5760231598984772,0.5606382978723404,0.3804804575370275,0.0982307549579245,0.04518614728064527,0.02357538118990188,0.5106382978723404,0.16595744680851063,0.16253967976773884,0.1335478984075703,1.0163047772890494,19.34977679789568,11.743678850918458,0.025087174337760997,0.17101249713493633,0.09749560690234772,109.57333253293459,112.75498739371977,-3.1754193907510286,0.09021871623317798,44.9,69.5,54.4,60.0,63.5,Forward,Forward,79.0,235.0,2003-09-04,56.7
1641717,Cason,Wallace,150,3568.2333333333336,1129,449,931,172,442,59,74,277,489,293,104,196,72,123,293,416,448.3177166666667,381.26551666666666,3141.559,75390.06666666667,27174.306666666667,120.4533,275.89498333333336,200.91946666666666,412666.44,387970.5983333333,24699.983333333334,261.33323333333334,0.5664621676891616,0.3891402714932127,0.4822771213748657,0.7972972972972973,0.5858483125077837,0.5746509129967776,0.31640307528468803,0.08211346417928572,0.05492914327351537,0.020178052631087278,0.4747583243823845,0.079484425349087,0.12564136781040103,0.10684993974609283,0.8804242061898044,21.12812129251637,7.615619307407027,0.03375712537483535,0.07731977075490205,0.05630782740291647,115.6500714639364,108.72904378450586,6.92218838454137,0.0732388296729474,46.9,71.5,57.8,26.4,76.5,Guard,Guard,75.0,195.0,2003-11-07,39.2
1641718,Keyonte,George,142,4131.033333333334,2099,678,1734,321,947,422,508,357,787,709,371,82,16,41,423,464,955.51055,1071.0869500000001,9417.465,96703.7,50272.62666666666,38.08845,416.45145,224.74968333333334,453906.27,498311.0183333333,-44385.863333333335,357.50175,0.4536213468869123,0.33896515311510034,0.39100346020761245,0.8307086614173228,0.5361375618129062,0.4835640138408305,0.508105316668146,0.1716277606087258,0.019849755105663634,0.0038731229474465627,0.5461361014994233,0.29296424452133796,0.2313006148582679,0.25927821529722184,2.2796874873921777,23.40908247331176,12.16950399819254,0.00922007810797944,0.10081047921827468,0.0544051972468551,109.8771743954297,120.62624000451862,-10.74449411366002,0.08654051447983152,46.4,57.1,77.6,18.5,10.5,Guard,Guard,76.0,185.0,2003-11-08,37.6
1641720,Jalen,Hood-Schifino,36,423.6666666666667,140,47,143,16,61,30,41,31,82,45,27,8,9,5,35,40,78.61628333333334,64.06076666666667,409.5583333333334,8284.983333333334,4250.981666666667,3.9922166666666667,33.99316666666667,18.710216666666668,43339.00166666666,51204.64,-7862.0233333333335,10.991433333333333,0.3780487804878049,0.26229508196721313,0.32867132867132864,0.7317073170731707,0.4346746150024839,0.38461538461538464,0.3304484657749803,0.10621557828481511,0.01888276947285602,0.02124311565696302,0.42657342657342656,0.2867132867132867,0.18556164437450828,0.1512055861526357,0.9666994492525571,19.555428796223445,10.033788355625491,0.009423013375295042,0.08023564122738001,0.0441625885129819,102.29504720692367,120.86067663257278,-18.55709677419355,0.02594358772619984,29.8,29.2,60.0,8.9,25.4,Guard,Guard,77.0,210.0,2003-06-19,78.2
1641721,Maxwell,Lewis,62,430.51666666666665,127,49,129,20,59,9,13,29,70,25,24,11,8,20,39,59,67.44255,41.943216666666665,192.618,5058.163333333333,4731.335,18.534766666666666,41.564,28.921583333333334,41312.065,47114.04833333333,-5804.883333333333,9.737516666666664,0.4142857142857143,0.3389830508474576,0.3798449612403101,0.6923076923076923,0.4713479809976247,0.4573643410852713,0.2949943865897565,0.05806976113971585,0.025550694901474973,0.018582323564709072,0.4573643410852713,0.10077519379844961,0.15665491076613372,0.09742530293058728,0.4474112500483915,11.749053462893421,10.989899732879099,0.043052378924548024,0.09654446208044598,0.06717877743796215,95.95926986953661,109.43606132166776,-13.483527544423367,0.02261821067709341,14.8,41.5,32.0,41.6,56.3,Forward,Forward,79.0,215.0,2002-07-27,34.1
1641722,Jordan,Hawkins,123,2481.05,1128,381,1012,219,630,147,178,162,382,136,98,49,30,54,252,306,485.80691666666667,201.76746666666668,1723.3211666666666,25413.721666666668,17380.44,50.339283333333334,243.31686666666667,145.54228333333333,273062.44333333336,288701.7966666667,-15631.435000000001,166.67363333333333,0.42408376963350786,0.3476190476190476,0.37648221343873517,0.8258426966292135,0.5172793308386529,0.48468379446640314,0.4546462183349791,0.05481550150138046,0.0197497027468209,0.012091654742951572,0.6225296442687747,0.17588932806324112,0.19580698360237264,0.08132341817644412,0.6945934852851279,10.243131604226704,7.005275992019507,0.0202895078024761,0.09807011816233718,0.05866156801891672,110.05922626844817,116.36274829877135,-6.300330505229641,0.06717866763399905,32.6,60.3,37.3,25.3,22.9,Guard,Guard,77.0,190.0,2002-04-29,55.5
1641723,Kobe,Bufkin,27,319.6333333333333,134,52,139,13,59,17,26,39,80,44,18,10,7,11,43,54,68.88965,68.33586666666667,253.63333333333333,6614.698333333334,2542.755,9.418616666666667,43.34588333333333,25.132433333333335,30820.62,33428.025,-2603.68,22.9922,0.4875,0.22033898305084745,0.37410071942446044,0.6538461538461539,0.44536027652220156,0.420863309352518,0.41923036813014913,0.13765773281885493,0.03128584836792158,0.021900093857545103,0.4244604316546763,0.18705035971223022,0.21552711440191888,0.213794556262384,0.7935134007717176,20.694644905621026,7.955224736677444,0.02946694128689123,0.1356112733340286,0.07862894983835646,96.42492439253311,104.58241213890918,-8.145833767859004,0.07193304828449265,35.9,24.1,69.7,50.2,71.5,Guard,Guard,76.0,195.0,2003-09-21,49.6
1641724,Jett,Howard,78,767.6333333333333,296,108,292,62,211,18,27,46,81,50,39,15,13,21,56,77,140.4296,80.14726666666667,326.8835,10249.281666666666,6990.38,17.031616666666668,57.39425,36.93258333333333,78552.485,82391.91166666667,-3838.2416666666663,34.16173333333333,0.5679012345679012,0.2938388625592417,0.3698630136986301,0.6666666666666666,0.48703435566671055,0.476027397260274,0.385600764253767,0.06513526423205523,0.01954057926961657,0.01693516870033436,0.7226027397260274,0.09246575342465753,0.18293838204003646,0.10440826783620652,0.4258328629119806,13.351793390941856,9.106404967649485,0.022187177037648186,0.07476779278301272,0.04811227148378132,102.3307373311911,107.33237873984976,-5.000097702896348,0.04450267054583351,44.6,41.7,38.7,16.1,54.2,Guard,Guard,80.0,215.0,2003-09-14,95.2
1641725,Trey,Alexander,24,117.23333333333333,32,13,41,3,17,3,4,10,24,11,5,2,1,1,11,12,18.8848,17.213033333333332,23.541666666666668,1789.8116666666665,777.9516666666667,0.7581,9.629433333333333,5.461600000000001,10852.565,12393.675,-1538.6266666666666,-7.076833333333332,0.4166666666666667,0.17647058823529413,0.3170731707317073,0.75,0.3741814780168382,0.35365853658536583,0.27295990901336364,0.09382996872334376,0.017059994313335228,0.008529997156667614,0.4146341463414634,0.0975609756097561,0.16108729030423655,0.14682712539095819,0.20081034972988343,15.267088427637189,6.635925504691499,0.0064665908444697185,0.08213903895365368,0.046587432470855845,92.57234859255047,105.71801251066249,-13.124481091839636,-0.06036536821154392,12.5,24.8,49.3,9.9,46.1,Guard,Guard,77.0,185.0,2003-05-02,49.6
1641726,Dereck,Lively II,91,2127.0333333333333,797,355,487,0,2,87,154,355,485,145,91,56,133,239,409,648,271.0996,203.07466666666667,2051.737,36811.86666666667,23725.643333333333,237.01975000000002,386.26113333333336,313.78616666666665,251347.185,238792.43666666668,12570.7,242.62565,0.7319587628865979,0.0,0.728952772073922,0.564935064935065,0.7183286466219626,0.728952772073922,0.3747002867844102,0.0681700647223833,0.02632774913416182,0.06252840419363433,0.004106776180698152,0.3162217659137577,0.127454326056636,0.09547319427684882,0.9646003040228174,17.306671263575247,11.154335459403551,0.11143208067574557,0.18159618247637557,0.14752291924589803,118.16795771888859,112.26548870884331,5.909968500728715,0.11406762940558839,83.0,24.2,45.0,89.6,59.3,Center,Big,85.0,230.0,2004-02-12,56.1
1641727,Dariq,Whitehead,22,270.06666666666666,117,40,101,33,77,4,7,7,24,15,15,6,2,4,29,33,47.944633333333336,22.9747,146.85666666666668,3300.7966666666666,2010.8683333333333,3.7813333333333334,30.740299999999998,16.39985,27100.576666666668,30476.888333333332,-3372.54,19.9152,0.2916666666666667,0.42857142857142855,0.39603960396039606,0.5714285714285714,0.5620676402767102,0.5594059405940595,0.4332263638607751,0.055541841520612194,0.02221673660824488,0.00740557886941496,0.7623762376237624,0.06930693069306931,0.17752888175759074,0.08507047642557393,0.5437793137496915,12.222155023451,7.445822019254505,0.014001481115773883,0.11382485805973833,0.06072519131078746,100.34772895581338,112.84950012342631,-12.487805480128364,0.07374179215008639,24.8,73.7,37.6,27.1,31.1,Guard-Forward,Wing,78.0,220.0,2004-08-01,58.2
1641729,Brice,Sensabaugh,103,2016.2833333333333,1013,360,817,191,487,102,114,169,330,165,154,59,14,58,254,312,415.72195,245.74546666666666,1896.3138333333334,28634.9,26319.593333333334,52.3218,253.60593333333333,149.44475,221715.67666666667,243723.09666666668,-21997.92,162.04863333333333,0.5121212121212121,0.3921971252566735,0.44063647490820074,0.8947368421052632,0.5840905945846211,0.5575275397796817,0.5024095489225224,0.08183373699132893,0.029261760499929738,0.006943468593203667,0.5960832313341493,0.13953488372093023,0.20618230738074178,0.12188042355158418,0.9404996817576895,14.20182348710912,13.05351926399233,0.025949626788563118,0.12577891665357877,0.0741189234317267,109.96255982542137,120.87740479595296,-10.910133331129057,0.0803699711515412,49.2,81.5,44.7,44.1,22.0,Forward,Forward,78.0,235.0,2003-10-30,46.0
1641730,Noah,Clowney,69,1412.1666666666667,553,183,465,99,294,88,110,84,171,58,61,32,37,69,193,262,241.71401666666668,94.38573333333333,691.184,13979.075,12727.781666666666,61.5428,197.57661666666667,125.97828333333334,146479.86833333335,161430.36000000002,-14955.788333333334,94.18641666666667,0.49122807017543857,0.336734693877551,0.3935483870967742,0.8,0.5385664199454616,0.5,0.39159683701168413,0.04107163932491443,0.02266021479995279,0.026200873362445413,0.632258064516129,0.23655913978494625,0.1711653605570636,0.06683753098076242,0.4894493095715803,9.899026318895315,9.012945827923993,0.043580408355954205,0.13991026790983122,0.08920921751445769,103.72704000944177,114.31395727605334,-10.59066800424879,0.06669638852826626,42.4,57.8,25.3,61.9,41.1,Forward-Center,Big,82.0,210.0,2004-07-14,18.6
1641731,Bilal,Coulibaly,122,3662.733333333333,1259,451,1056,127,409,230,316,324,647,309,212,135,89,147,403,550,581.1324166666667,445.26568333333336,4336.682666666667,65676.00666666667,45091.986666666664,136.87675000000002,392.93756666666667,261.72858333333335,388031.18833333335,433709.17666666664,-45686.235,235.14426666666665,0.500772797527048,0.3105134474327628,0.4270833333333333,0.7278481012658228,0.5267606105234971,0.4872159090909091,0.3437323674487177,0.08436322600607925,0.03685772009974336,0.024298793250941923,0.3873106060606061,0.29924242424242425,0.15866085892138843,0.12156650315793308,1.184001747328953,17.930873118436143,12.311020913343405,0.037370110664167025,0.10727987295462406,0.07145717678964708,105.9403328115615,118.41134398718626,-12.473262681785917,0.0641991226952549,46.5,36.4,51.8,43.7,45.0,Guard,Guard,79.0,195.0,2004-07-26,73.5
1641732,Colby,Jones,69,706.4166666666666,221,87,200,18,71,29,46,69,129,64,33,33,18,38,89,127,106.74428333333334,91.76183333333333,1029.125,13159.353333333333,7442.196666666667,32.90886666666667,89.76953333333333,59.950383333333335,74054.42166666666,79184.02666666667,-5135.001666666667,46.2073,0.5348837209302325,0.2535211267605634,0.435,0.6304347826086957,0.5017253904831093,0.48,0.31284652589359446,0.0905980889465613,0.046714639613070666,0.02548071251622036,0.355,0.23,0.15110668868703553,0.12989760528488853,1.4568243482364045,18.628316621446267,10.535137430694823,0.04658563170933114,0.12707731508788486,0.08486547127521529,104.83107939129408,112.09252329833669,-7.269083402146987,0.0654108293028194,44.1,24.6,58.1,58.8,67.5,Guard,Guard,78.0,207.0,2002-05-28,84.0
1641733,Nick,Smith Jr.,111,2097.4666666666667,893,335,857,167,452,56,61,168,405,204,121,27,13,31,169,200,428.9354833333333,325.72198333333336,2531.3095,34838.15833333333,19855.116666666665,28.41251666666667,165.55831666666668,95.7011,214867.57,243228.33833333335,-28372.66833333333,127.631,0.4148148148148148,0.3694690265486726,0.3908984830805134,0.9180327868852459,0.5051819333816076,0.48833138856476077,0.42575170046405186,0.09726018689212383,0.012872671794545801,0.006197953086262793,0.5274212368728122,0.07117852975495916,0.20450169251795816,0.15529304398957475,1.206841348293179,16.609636227830396,9.466237047867267,0.013546111181743056,0.07893251382620305,0.04562699446951878,102.44147066302206,115.96291001843494,-13.52711286631492,0.06085007310406204,23.0,64.7,61.0,10.6,14.8,Guard,Guard,74.0,185.0,2004-04-18,20.0
1641734,Emoni,Bates,25,207.60000000000002,78,28,87,21,63,1,4,7,24,18,10,2,3,1,20,21,40.849783333333335,27.864150000000002,79.49166666666667,2655.1833333333334,1547.3183333333334,0.8727333333333332,21.8126,10.030116666666668,19137.425000000003,24668.085000000003,-5534.75,9.140683333333335,0.2916666666666667,0.3333333333333333,0.3218390804597701,0.25,0.4393871113114015,0.4425287356321839,0.37572254335260113,0.08670520231213871,0.009633911368015413,0.01445086705202312,0.7241379310344828,0.04597701149425287,0.19677159601798327,0.13422037572254336,0.38290783558124597,12.789900449582529,7.453363840719332,0.004203917790622992,0.1050703275529865,0.04831462748876044,92.1841281310212,118.82507225433525,-26.660645472061653,0.04403026653821452,14.5,44.4,45.9,16.2,19.1,Forward,Forward,80.0,202.0,2004-01-28,37.1
1641735,Amari,Bailey,10,64.63333333333333,23,8,24,1,8,6,7,7,16,7,4,3,0,6,3,9,13.374033333333333,9.531716666666666,108.16666666666666,1004.77,752.97,6.403833333333333,2.4947999999999997,3.8539,7253.471666666666,6887.875,365.5966666666667,2.848483333333333,0.4375,0.125,0.3333333333333333,0.8571428571428571,0.42466765140324964,0.3541666666666667,0.35585353274883963,0.10830324909747294,0.04641567818463126,0.0,0.3333333333333333,0.2916666666666667,0.20692160907684376,0.14747369778236205,1.6735430634347603,15.545693656523984,11.6498710675606,0.09907942238267149,0.03859927797833935,0.05962712738525013,112.22493553378031,106.56846312532234,5.656472408457969,0.04407142857142857,33.3,26.9,57.0,39.7,60.7,Guard,Guard,75.0,185.0,2004-02-17,27.3
1641736,Reece,Beekman,36,469.3,93,35,107,7,40,16,21,28,67,63,21,33,2,13,26,39,57.09146666666667,93.81230000000001,764.1666666666667,14591.460000000001,4810.741666666667,11.964383333333334,28.405633333333334,19.120116666666668,46640.46333333333,51608.14166666667,-4967.13,75.46456666666667,0.417910447761194,0.175,0.32710280373831774,0.7619047619047619,0.4000344115622849,0.3598130841121495,0.19816748348604304,0.13424248881312592,0.07031749414020882,0.004261666311527807,0.37383177570093457,0.19626168224299065,0.12165239008452305,0.19989835925847008,1.6283116698629165,31.091966759002773,10.250887847148235,0.02549410469493572,0.060527665317139004,0.04074177853540734,99.3830456708573,109.96833937069394,-10.584125292989558,0.16080240073868882,18.7,24.0,75.2,13.8,60.3,Guard,Guard,75.0,190.0,2001-10-08,33.1
1641737,Adem,Bona,58,904.5333333333333,337,135,192,0,1,67,100,135,191,27,61,26,69,92,153,245,121.4509,38.708416666666665,100.62783333333334,7838.566666666667,18511.005,85.12531666666666,148.88478333333333,117.62961666666666,97256.87666666666,103536.86333333333,-6270.8533333333335,82.78436666666667,0.7068062827225131,0.0,0.703125,0.67,0.7139830508474576,0.703125,0.3725678066037736,0.029849646226415096,0.028744103773584908,0.07628242924528301,0.005208333333333333,0.5208333333333334,0.13426912588443396,0.04279379790683962,0.11124834168632076,8.665868219339623,20.46470187205189,0.09410965138561321,0.16459844855542452,0.1300445349351415,107.5216059846698,114.46439784787735,-6.932694575471698,0.09152163178066039,86.8,25.9,7.3,83.9,54.7,Forward,Forward,82.0,235.0,2003-03-28,87.6
1641738,Kobe,Brown,84,666.2,166,70,162,20,74,6,9,50,88,49,21,19,10,39,88,127,76.24205,64.84876666666666,117.45633333333333,12809.415,4339.371666666666,33.54363333333333,87.93213333333334,61.714800000000004,70682.27,77428.75333333333,-6753.638333333333,42.0907,0.5681818181818182,0.2702702702702703,0.43209876543209874,0.6666666666666666,0.5001205109664979,0.49382716049382713,0.2491744220954668,0.07355148604022815,0.028519963974782344,0.015010507355148603,0.4567901234567901,0.05555555555555555,0.11444318522966077,0.09734128890223155,0.1763079155408786,19.227581807265086,6.513617031922344,0.050350695486840784,0.13199059341539077,0.09263704593215251,106.09767337135995,116.22448714099868,-10.137553787651354,0.06318027619333533,36.5,31.2,45.3,63.8,33.9,Forward,Forward,79.0,250.0,2000-01-01,63.0
1641739,Toumani,Camara,148,4287.433333333333,1409,525,1154,193,532,166,225,332,622,262,193,182,83,312,481,793,596.1999833333333,371.7255,4531.1735,65352.56333333333,50888.16166666667,280.1501833333333,495.03006666666664,382.6369,470682.35333333333,482802.62166666664,-12101.005000000001,308.84233333333333,0.5337620578778135,0.36278195488721804,0.45493934142114384,0.7377777777777778,0.5622505985634477,0.5385615251299827,0.3286348475778049,0.061108821905879976,0.042449639644542576,0.01935890159613755,0.4610051993067591,0.1949740034662045,0.1390575519152873,0.08670117319608468,1.056849902428026,15.242817381028276,11.869143543534204,0.06534216664204691,0.11546070298469169,0.08924614571266415,109.78184772552343,112.6087764241232,-2.8224357230044395,0.0720343173460423,46.2,56.2,40.8,62.4,60.7,Forward,Forward,79.0,230.0,2000-05-08,52.4
1641740,Jaylen,Clark,40,522.0,163,56,120,22,51,29,37,34,69,26,8,36,2,26,27,53,59.89685,30.820483333333335,82.7,8583.601666666667,2751.67,22.881516666666666,28.428216666666668,27.231683333333333,60487.568333333336,57147.78166666667,3343.876666666666,29.951233333333334,0.4927536231884058,0.43137254901960786,0.4666666666666667,0.7837837837837838,0.5980334605224538,0.5583333333333333,0.31226053639846746,0.04980842911877394,0.06896551724137931,0.0038314176245210726,0.425,0.30833333333333335,0.11474492337164752,0.05904307151979566,0.15842911877394636,16.443681353767563,5.271398467432951,0.04383432311621967,0.05446018518518519,0.05216797573435504,115.87656768837805,109.47850893997446,6.4058939974457205,0.05737784163473819,48.7,74.6,31.0,26.1,61.7,Guard,Guard,77.0,205.0,2001-10-13,72.6
1641741,Ricky,Council IV,105,1538.6333333333334,705,231,575,67,245,176,224,164,330,113,57,40,14,65,195,260,304.2481333333333,165.11956666666666,999.5345,20624.981666666667,10137.836666666666,60.4752,198.76241666666667,127.95013333333333,170005.025,177033.655,-7024.983333333334,136.1681,0.49696969696969695,0.27346938775510204,0.4017391304347826,0.7857142857142857,0.523338678068769,0.46,0.45819883446348486,0.07344179899911175,0.02599709699083602,0.009098983946792608,0.4260869565217391,0.38956521739130434,0.19773920578868692,0.1073157347429537,0.6496248835546696,13.404741220563702,6.588858077514677,0.039304490998505165,0.1291811456054074,0.0831583006564267,110.49092809636257,115.05902749193005,-4.56572932689183,0.08849938256894647,54.3,37.2,47.7,55.7,28.8,Guard,Guard,78.0,207.0,2001-08-03,84.0
1641744,Zach,Edey,66,1415.8,610,251,433,18,52,90,127,233,381,65,88,36,85,232,316,548,221.00406666666666,84.5268,779.11,13231.906666666668,19268.068333333333,211.22765,290.6614166666667,253.25921666666667,165627.57333333333,158225.46,7399.741666666668,155.39868333333334,0.6115485564304461,0.34615384615384615,0.5796766743648961,0.7086614173228346,0.6238749795450826,0.6004618937644342,0.4308518152281396,0.04591043932758864,0.025427320242972173,0.06003672835146207,0.12009237875288684,0.29330254041570436,0.15609836605923624,0.059702500353157224,0.5502966520695014,9.34588689551255,13.609315110420493,0.1491931416866789,0.20529835899609175,0.1788806446296558,116.98514856147291,111.7569289447662,5.226544474266611,0.10976033573480247,78.6,47.5,17.5,95.8,59.7,Center,Big,87.0,305.0,2002-05-14,98.8
1641745,Adam,Flagler,39,216.98333333333335,68,26,103,15,78,1,2,11,25,16,4,8,3,7,20,27,44.58135,18.506666666666668,154.9,2105.1566666666668,678.41,7.133033333333334,17.00315,12.408283333333333,21518.248333333333,20967.66,554.7083333333334,-0.7978499999999988,0.44,0.19230769230769232,0.2524271844660194,0.5,0.32730073161340006,0.32524271844660196,0.3133881250480067,0.07373838236423688,0.03686919118211844,0.013825946693294415,0.7572815533980582,0.019417475728155338,0.205459789538367,0.08529072893463399,0.7138797142637683,9.701927951455565,3.1265534987326213,0.03287364620938628,0.07836154850602965,0.057185421307320065,99.17005146324601,96.6325831477072,2.556455948997619,-0.0036770105230816445,13.0,31.3,41.1,27.0,71.8,Guard,Guard,73.0,180.0,1999-12-01,11.3
1641748,Andre,Jackson Jr.,124,1552.5,355,144,297,47,122,20,35,97,175,133,86,50,20,108,187,295,169.20193333333333,169.19341666666668,1263.8266666666666,38500.465,23110.64,104.63543333333334,194.13936666666666,149.14495,173177.96,178948.45166666666,-5767.405,73.65916666666666,0.5542857142857143,0.38524590163934425,0.48484848484848486,0.5714285714285714,0.5681818181818182,0.563973063973064,0.2286634460547504,0.0856682769726248,0.0322061191626409,0.01288244766505636,0.4107744107744108,0.11784511784511785,0.1089867525496511,0.10898126677402041,0.8140590445517981,24.799011272141705,14.886080515297905,0.06739802469135803,0.12504951154052604,0.09606760064412238,111.54780032206119,115.26470316693505,-3.714914653784219,0.04744551798174986,41.3,56.4,49.4,67.1,38.4,Guard,Guard,78.0,209.0,2001-11-13,85.0
1641749,Keyontae,Johnson,9,66.2,11,5,16,1,3,0,0,4,13,4,4,1,0,4,6,10,8.259549999999999,6.12695,22.516666666666666,986.5033333333333,993.17,3.4641333333333333,5.637433333333334,5.02015,6615.461666666667,6931.29,-316.30333333333346,1.4669499999999998,0.3076923076923077,0.3333333333333333,0.3125,,0.34375,0.34375,0.1661631419939577,0.060422960725075525,0.015105740181268881,0.0,0.1875,0.0,0.12476661631419937,0.09255211480362537,0.3401309164149043,14.901863041289023,15.002567975830814,0.05232829808660624,0.08515760322255791,0.07583308157099698,99.93144511581067,104.70226586102719,-4.77799597180262,0.022159365558912382,4.2,28.3,29.6,47.2,40.0,Forward,Forward,76.0,230.0,2000-05-24,33.5
1641752,Bobi,Klintman,8,42.38333333333333,15,6,10,2,5,1,2,4,5,7,1,2,1,1,6,7,4.758283333333334,9.1876,0.0,1095.0,276.6666666666667,0.8708333333333333,7.698383333333334,4.157500000000001,5210.708333333334,4969.88,238.10833333333332,2.2379833333333337,0.8,0.4,0.6,0.5,0.6893382352941176,0.7,0.3539127015336217,0.16515926071569012,0.047188360204482895,0.023594180102241447,0.5,0.2,0.11226779394416045,0.2167738891073535,0.0,25.835627211954385,6.527723161620134,0.020546598505701928,0.18163704286276053,0.09809280377506883,122.94239087691705,117.26024380652773,5.617970900511207,0.05280338183248133,73.9,72.2,63.6,58.6,51.0,Forward,Forward,81.0,225.0,2003-03-06,70.8
1641753,Chris,Livingston,42,196.36666666666667,56,20,49,1,13,15,20,19,36,10,11,7,0,13,43,56,27.833366666666667,11.947666666666667,55.81666666666666,2117.435,2706.9483333333333,10.103483333333333,38.6102,26.61445,18979.365,21727.933333333334,-2748.8283333333334,21.24095,0.5277777777777778,0.07692307692307693,0.40816326530612246,0.75,0.4844290657439447,0.41836734693877553,0.28518078424715665,0.05092514004413512,0.03564759803089458,0.0,0.2653061224489796,0.40816326530612246,0.14174180953997623,0.060843659820064504,0.2842471566796808,10.783067390935324,13.785172296723815,0.05145213036835851,0.19662298421320656,0.13553445934476321,96.65268205737566,110.64980478696316,-13.998446783228653,0.10816983534204719,49.2,19.1,14.6,80.7,46.5,Forward,Forward,78.0,220.0,2003-10-15,30.0
1641754,Seth,Lundy,9,51.983333333333334,14,4,17,3,13,3,4,1,4,0,1,0,0,1,6,7,8.966133333333334,0.0,0.0,0.0,64.16666666666666,1.0724,4.202033333333333,2.8889666666666667,5324.765,5840.423333333333,-517.5733333333333,0.4771500000000001,0.25,0.23076923076923078,0.23529411764705882,0.75,0.3731343283582089,0.3235294117647059,0.2693170888105162,0.0,0.0,0.0,0.7647058823529411,0.23529411764705882,0.17248092337287593,0.0,0.0,0.0,1.2343699903815324,0.02062968900288554,0.08083424174414874,0.05557486373837769,102.43215774286631,112.35184353959602,-9.956524527092014,0.009178903494709845,20.0,39.1,16.5,20.1,21.8,Guard-Forward,Wing,76.0,220.0,2000-04-02,37.2
1641755,Kevin,McCullar Jr.,4,29.166666666666668,6,2,7,0,1,2,2,2,6,2,0,1,1,0,8,8,3.3187333333333333,2.8595,0.0,614.9,0.0,0.0,7.481999999999999,4.085,2698.996666666667,2783.885,-84.88833333333332,2.00795,0.3333333333333333,0.0,0.2857142857142857,1.0,0.3807106598984772,0.2857142857142857,0.2057142857142857,0.06857142857142857,0.03428571428571429,0.03428571428571429,0.14285714285714285,0.2857142857142857,0.11378514285714285,0.09804,0.0,21.082285714285714,0.0,0.0,0.25652571428571425,0.14005714285714285,92.53702857142858,95.44748571428572,-2.910457142857142,0.068844,23.1,21.4,46.8,64.3,81.4,Guard,Guard,78.0,210.0,2001-03-15,86.5
1641757,Jordan,Miller,45,448.5333333333333,165,63,143,9,40,30,37,54,103,34,27,17,5,26,37,63,76.87126666666667,47.11161666666667,435.4003333333333,6174.761666666667,5777.486666666667,22.31635,37.06406666666667,29.371366666666667,46371.793333333335,49659.528333333335,-3281.6616666666664,32.18438333333334,0.5242718446601942,0.225,0.4405594405594406,0.8108108108108109,0.5179558011049724,0.47202797202797203,0.36786563614744355,0.07580261593341261,0.03790130796670631,0.011147443519619502,0.27972027972027974,0.25874125874125875,0.17138362068965518,0.1050348171819263,0.9707201248513675,13.76656138525565,12.880841260404281,0.04975405023781213,0.0826339179548157,0.06548313020214032,103.3853894173603,110.71535746135554,-7.316427615933413,0.07175471908442332,48.1,29.1,41.5,39.5,56.8,Guard,Guard,77.0,194.0,2000-01-23,59.0
1641763,Julian,Phillips,119,1445.45,455,160,364,62,191,73,95,98,173,52,37,45,27,79,126,205,181.18915,64.34945,115.25,14194.656666666666,10445.443333333333,72.57868333333333,116.1747,94.91611666666667,163740.46333333335,161301.49833333332,2428.3450000000003,64.62591666666667,0.5664739884393064,0.32460732984293195,0.43956043956043955,0.7684210526315789,0.5606209955643174,0.5247252747252747,0.31478086409076755,0.03597495589608772,0.031132173371614374,0.018679304022968624,0.5247252747252747,0.260989010989011,0.1253513784634543,0.04451862741706735,0.07973295513507904,9.820233606604631,7.226430062149042,0.05021182561370738,0.08037268670656197,0.06566544444060096,113.27992205426223,111.59258247143333,1.679992389913176,0.04470989426591488,57.4,51.6,19.4,39.1,55.6,Forward,Forward,78.0,201.0,2003-11-05,13.5
1641764,Brandin,Podziemski,138,3684.65,1429,551,1226,205,543,122,174,346,683,493,163,130,27,183,569,752,596.4596833333334,697.6543333333333,7151.617833333334,93619.45,30596.916666666668,171.92991666666666,555.7617833333334,357.3199833333333,423124.41333333333,400268.0783333333,22879.155,381.0102166666667,0.5065885797950219,0.3775322283609576,0.44942903752039154,0.7011494252873564,0.548535192236826,0.5330342577487766,0.38782516656941635,0.13379832548545995,0.035281505706105054,0.007327697338960281,0.4429037520391517,0.14192495921696574,0.1618768901614355,0.18934073340299168,1.9409218876510208,25.40796276444167,8.303886845878623,0.04666112566096282,0.1508316348454625,0.09697528485292586,114.83435694932581,108.6312345360708,6.2093156744874,0.10340472410314865,39.2,56.6,78.8,66.8,57.0,Guard,Guard,76.0,205.0,2003-02-25,60.6
1641765,Olivier-Maxence,Prosper,92,920.3,322,110,278,25,96,77,117,85,182,62,22,33,10,69,136,205,142.91861666666665,87.9027,366.13266666666664,13397.078333333333,4013.485,59.83251666666666,128.51358333333334,95.15513333333334,93303.08333333333,102378.70833333333,-9071.8,85.57665,0.46703296703296704,0.2604166666666667,0.39568345323741005,0.6581196581196581,0.488648779895593,0.44064748201438847,0.3498859067695317,0.0673693360860589,0.03585787243290232,0.010866021949364339,0.34532374100719426,0.420863309352518,0.15529568256727877,0.09551526676083885,0.39784055923792966,14.55729472273534,4.3610616103444535,0.06501414393857076,0.1396431417291463,0.10339577673946902,101.383335144337,111.24492918975696,-9.85743779202434,0.09298777572530698,42.3,24.4,44.0,71.4,53.2,Forward,Forward,79.0,230.0,2002-07-03,52.4
1641766,Adama,Sanogo,13,87.26666666666668,44,18,34,0,0,8,12,18,34,1,6,1,0,24,18,42,16.731233333333332,1.25125,0.0,175.0,1343.6033333333335,20.73841666666667,20.302266666666668,20.29275,9875.568333333335,8776.156666666666,1099.4116666666666,18.78485,0.5294117647058824,,0.5294117647058824,0.6666666666666666,0.560081466395112,0.5294117647058824,0.5042016806722688,0.011459129106187928,0.011459129106187928,0.0,0.0,0.35294117647058826,0.19172536287242165,0.014338235294117645,0.0,2.0053475935828873,15.396524064171123,0.23764419404125287,0.23264629488158897,0.2325372421695951,113.16541252864782,100.56711229946522,12.59830022918258,0.21525802139037428,64.5,22.3,4.1,98.5,41.1,Forward,Forward,81.0,245.0,2002-02-12,85.8
1641767,Ben,Sheppard,120,2043.8666666666666,584,210,516,117,355,47,53,93,161,138,37,71,16,59,207,266,233.98673333333332,164.80296666666666,896.7249999999999,37547.61666666667,11245.881666666666,54.0874,204.97066666666666,130.12536666666668,233265.45166666666,232584.06666666668,677.8,104.388,0.577639751552795,0.3295774647887324,0.4069767441860465,0.8867924528301887,0.5414225320774307,0.5203488372093024,0.2857329245221476,0.06751908147954858,0.03473807815252137,0.007828299301976645,0.687984496124031,0.10271317829457365,0.11448238632657055,0.08063293430752169,0.43873948072281294,18.370873833909585,5.502257975079914,0.02646327222910823,0.10028573292452216,0.06366626981538262,114.12948577858961,113.79610542109728,0.33162632917998563,0.051073781720921134,44.2,61.2,42.9,32.7,40.4,Guard,Guard,78.0,190.0,2001-07-16,63.8
1641771,Jalen,Slawson,12,36.983333333333334,8,4,6,0,2,0,0,4,4,2,2,1,1,1,6,7,3.453316666666667,3.0,24.0,399.59999999999997,327.0666666666666,0.7628833333333332,5.147333333333333,3.31255,3847.0833333333335,4313.451666666667,-466.3683333333333,0.35991666666666666,1.0,0.0,0.6666666666666666,,0.6666666666666666,0.6666666666666666,0.21631365479945922,0.054078413699864804,0.027039206849932402,0.027039206849932402,0.3333333333333333,0.0,0.09337494366831907,0.08111762054979721,0.6489409643983777,10.804867057232986,8.843623253717888,0.02062776025236593,0.13917981072555205,0.08956872465074357,104.02208201892745,116.63231185218567,-12.610229833258222,0.00973186119873817,56.6,34.1,33.3,51.3,39.5,Forward,Forward,79.0,215.0,1999-10-22,34.1
1641772,Nae'Qwan,Tomlin,5,63.4,36,13,32,2,10,8,11,11,22,2,2,0,1,9,12,21,14.485933333333334,3.22575,93.5,345.95,322.64166666666665,7.156633333333334,9.469933333333334,8.166383333333332,6122.975,5851.246666666667,271.72833333333335,6.041033333333333,0.5,0.2,0.40625,0.7272727272727273,0.4885993485342019,0.4375,0.5678233438485805,0.031545741324921134,0.0,0.015772870662460567,0.3125,0.34375,0.22848475289169295,0.050879337539432176,1.474763406940063,5.4566246056782335,5.088985278654048,0.11288065194532072,0.14936803364879075,0.12880730809674026,96.57689274447951,92.29095688748686,4.28593585699264,0.09528443743427971,56.0,22.5,36.5,83.7,54.8,Forward,Forward,80.0,210.0,2000-12-19,42.9
1641774,Tristan,Vukcevic,45,665.9166666666666,415,149,309,48,138,69,89,101,171,52,52,16,30,32,134,166,165.4437,86.05803333333333,731.2486666666667,7747.26,7245.721666666666,28.3363,120.14096666666667,77.21303333333333,69388.83666666667,73824.55,-4441.75,68.04961666666667,0.5906432748538012,0.34782608695652173,0.48220064724919093,0.7752808988764045,0.5959903492647058,0.5598705501618123,0.6232011012388938,0.07808784882993368,0.02402703040921036,0.04505068201726943,0.44660194174757284,0.28802588996763756,0.2484450506820173,0.12923243649105243,1.0981083719184084,11.633978225503693,10.880823426354649,0.042552321361531725,0.18041441621824555,0.11594999374296083,104.2004805406082,110.86154423726694,-6.670128895006883,0.10218938806156927,80.2,59.2,46.7,73.4,59.5,Forward,Forward,84.0,220.0,2003-03-11,75.8
1641775,Jordan,Walsh,61,486.48333333333335,97,36,98,17,64,8,14,19,34,24,20,17,12,28,61,89,52.68245,34.4561,104.15216666666666,6713.675,5848.318333333334,27.543583333333334,57.88681666666667,45.71585,55105.583333333336,51268.195,3837.086666666667,23.64675,0.5588235294117647,0.265625,0.3673469387755102,0.5714285714285714,0.4656298003072197,0.45408163265306123,0.19939018123265614,0.04933365308849224,0.034944670937682006,0.02466682654424612,0.6530612244897959,0.14285714285714285,0.10829240467299325,0.07082688684093323,0.2140919524478399,13.80042139162013,12.021621158655659,0.056617732707526805,0.11899033882627016,0.09397207852273116,113.27332214190277,105.38530610846551,7.887395936825517,0.04860752338209599,37.5,35.6,20.8,63.8,75.1,Guard,Guard,78.0,205.0,2004-03-03,81.0
1641778,Leaky,Black,26,284.1,69,25,52,9,20,10,15,16,32,24,6,8,11,9,39,48,27.3618,32.29873333333333,113.75,8465.13,1764.5016666666668,8.499533333333334,37.44916666666667,23.6193,29860.076666666668,31038.653333333335,-1181.7883333333334,22.267899999999997,0.5,0.45,0.4807692307692308,0.6666666666666666,0.5887372013651877,0.5673076923076923,0.24287222808870115,0.08447729672650474,0.028159098908834914,0.03871876099964801,0.38461538461538464,0.28846153846153844,0.0963104540654699,0.11368790332042707,0.4003871876099965,29.79630411826821,6.21084711955884,0.029917399976534084,0.1318168485275138,0.08313727560718057,105.10410653525753,109.25256365129648,-4.159761820955063,0.07838049982400562,46.0,66.5,57.4,51.8,67.9,Forward,Forward,78.0,209.0,1999-06-14,17.4
1641779,Jalen,Bridges,8,30.366666666666667,9,2,7,2,7,3,4,0,0,0,4,0,0,0,4,4,5.771733333333334,0.0,0.0,0.0,1219.8616666666667,0.0,4.340466666666667,1.8642333333333334,2880.3366666666666,2613.358333333333,266.1433333333333,1.768866666666667,,0.2857142857142857,0.2857142857142857,0.75,0.5136986301369864,0.42857142857142855,0.29637760702524696,0.0,0.0,0.0,1.0,0.5714285714285714,0.19006805708013172,0.0,0.0,0.0,40.17107574094402,0.0,0.1429352360043908,0.06139077936333699,94.85192096597146,86.06009879253567,8.764324917672885,0.05825027442371022,54.8,47.7,2.3,29.9,41.7,Forward,Forward,80.0,225.0,2001-05-14,59.3
1641783,Tristan,da Silva,74,1628.6333333333334,533,199,483,80,239,55,63,119,244,113,56,33,18,73,172,245,242.99251666666666,172.96173333333334,1514.425,26883.43666666667,14017.395,66.382,189.58453333333333,122.7846,173061.96833333332,179635.495,-6591.483333333334,116.15671666666667,0.48770491803278687,0.33472803347280333,0.41200828157349895,0.873015873015873,0.521812343358396,0.494824016563147,0.32726826173274115,0.06938332753433349,0.020262387687017745,0.011052211465646042,0.494824016563147,0.13043478260869565,0.14920025993164002,0.10620053623692667,0.9298747416033892,16.506745942405697,8.606845207638306,0.04075932786180642,0.11640713072310116,0.07539118688470905,106.2620817044966,110.29830430422234,-4.047248204015637,0.07132158865306289,27.6,54.7,51.4,49.7,42.3,Forward,Forward,80.0,217.0,2001-05-15,49.3
1641787,Tosan,Evbuomwan,45,1031.55,368,130,291,36,109,72,98,94,182,71,48,30,15,50,130,180,161.60115,109.18186666666666,957.9618333333333,16350.541666666666,9921.238333333333,45.42786666666667,138.89066666666668,88.64211666666667,106855.32833333334,115872.13333333333,-9021.741666666667,81.26098333333333,0.5164835164835165,0.3302752293577982,0.44673539518900346,0.7346938775510204,0.5507003471806536,0.5085910652920962,0.35674470457079155,0.06882846202316902,0.029082448742184092,0.014541224371092046,0.3745704467353952,0.33676975945017185,0.15665857205176675,0.10584253469697705,0.9286625304961789,15.850459664259287,9.61779684293862,0.044038453460003554,0.13464268980337035,0.08593099381190118,103.58715363611395,112.32817927713958,-8.745811319535328,0.07877561275103807,53.1,41.8,48.3,60.0,47.5,Forward,Forward,80.0,217.0,2001-02-16,49.3
1641788,Alex,Fudge,6,40.21666666666667,15,6,15,1,5,2,2,5,10,0,2,3,0,4,1,5,6.8558,0.0,0.0,0.0,802.4999999999999,3.0414166666666667,1.1411666666666667,2.5092999999999996,3310.195,5157.11,-1844.855,1.7668000000000004,0.5,0.2,0.4,1.0,0.4722921914357682,0.43333333333333335,0.37297969332780767,0.0,0.07459593866556154,0.0,0.3333333333333333,0.13333333333333333,0.17047161210111894,0.0,0.0,0.0,19.95441359303771,0.07562577704102776,0.028375466224616657,0.062394529631164514,82.30903439701616,128.233153750518,-45.87289680895151,0.04393203481143805,32.1,32.2,2.4,38.6,31.4,Forward,Forward,80.0,200.0,2003-05-06,36.2
1641789,Jazian,Gortman,16,56.61666666666667,24,9,23,4,11,2,4,5,12,6,5,2,1,1,4,5,11.002,8.939616666666666,24.083333333333332,864.7166666666667,532.5666666666666,1.0466666666666666,4.341666666666667,2.13355,5851.7266666666665,5558.358333333334,291.5083333333334,1.1107666666666667,0.4166666666666667,0.36363636363636365,0.391304347826087,0.5,0.4846526655896607,0.4782608695652174,0.42390344421548426,0.10597586105387106,0.03532528701795702,0.01766264350897851,0.4782608695652174,0.17391304347826086,0.1943244038857816,0.15789726229025608,0.4253753311745658,15.273182219605534,9.406535178098322,0.018486900206064173,0.07668531056814837,0.0376841330585811,103.35696202531645,98.17530173682661,5.148807771563145,0.019619075654989698,29.2,46.1,49.8,10.6,74.0,Guard,Guard,74.0,184.0,2003-04-14,18.0
1641790,PJ,Hall,19,66.18333333333334,33,14,24,2,8,3,4,12,16,4,2,0,4,6,16,22,11.204383333333334,5.882333333333333,2.4333333333333336,746.5283333333334,263.19166666666666,5.664583333333334,14.753066666666667,10.11555,6122.05,5969.043333333333,153.55500000000006,25.409066666666668,0.75,0.25,0.5833333333333334,0.75,0.640527950310559,0.625,0.4986149584487534,0.06043817678166708,0.0,0.06043817678166708,0.3333333333333333,0.16666666666666666,0.1692931251573911,0.08887937547217326,0.03676655754218081,11.279702845630824,3.976706119365399,0.08558927222362125,0.22291211281793,0.15284134978594813,92.50138504155125,90.18952404935783,2.3201460589272234,0.3839194157642911,77.5,41.2,34.2,90.2,68.5,Center,Big,80.0,245.0,2002-02-21,24.7
1641793,D'Moi,Hodge,7,41.25,14,5,15,3,12,1,2,2,3,5,1,1,1,0,0,0,7.166666666666666,6.949216666666667,10.483333333333333,785.905,175.07166666666666,0.0,0.0,0.0,3619.4716666666664,5400.594999999999,-1780.2516666666666,-0.17714999999999992,0.6666666666666666,0.25,0.3333333333333333,0.5,0.44080604534005036,0.43333333333333335,0.3393939393939394,0.12121212121212122,0.024242424242424242,0.024242424242424242,0.8,0.13333333333333333,0.17373737373737372,0.16846585858585858,0.2541414141414141,19.052242424242422,4.244161616161616,0.0,0.0,0.0,87.74476767676767,130.92351515151515,-43.15761616161616,-0.004294545454545453,52.1,35.5,59.4,1.4,29.6,Guard,Guard,75.0,188.0,1998-12-20,29.8
1641794,Dillon,Jones,54,551.5,135,51,133,16,63,17,28,35,70,58,28,16,4,30,91,121,72.65441666666666,84.30428333333333,472.8378333333333,13719.501666666667,6885.748333333333,24.580000000000002,86.43516666666667,57.15873333333333,60075.21833333333,56938.153333333335,3140.495,30.892566666666667,0.5,0.25396825396825395,0.38345864661654133,0.6071428571428571,0.4644921552436004,0.44360902255639095,0.24478694469628287,0.10516772438803264,0.02901178603807797,0.007252946509519492,0.47368421052631576,0.21052631578947367,0.1317396494409187,0.15286361438501056,0.8573668782109398,24.876702931399215,12.485491084919914,0.04456935630099728,0.1567274100936839,0.10364230885463886,108.93058627984284,103.24234511937142,5.694460562103354,0.056015533393774554,31.6,28.4,58.9,68.7,56.9,Forward,Forward,77.0,235.0,2001-10-29,39.8
1641796,Pelle,Larsson,55,781.9666666666667,251,89,203,32,95,41,61,57,108,65,24,32,7,28,64,92,110.0838,90.74855,867.0999999999999,16341.526666666667,5524.26,28.203016666666667,63.164049999999996,45.30713333333333,87117.80833333333,84935.02833333334,2175.515,45.6326,0.5277777777777778,0.3368421052631579,0.43842364532019706,0.6721311475409836,0.5460320222763662,0.5172413793103449,0.320985549256149,0.08312374781533739,0.04092246046293533,0.008951788226267104,0.46798029556650245,0.30049261083743845,0.1407781235346775,0.11605168592011593,1.1088707958566006,20.89798371627094,7.064572232405474,0.036066776077411655,0.08077588558762094,0.057939980391321026,111.40859584807536,108.61719809028517,2.782107080438211,0.05835619591627946,50.4,46.0,62.5,28.9,62.6,Guard,Guard,77.0,215.0,2001-02-23,81.7
1641798,Jaylen,Martin,16,238.63333333333333,78,31,74,7,23,9,10,24,51,17,12,9,0,11,33,44,36.73035,28.116866666666667,136.6455,4041.4083333333333,2770.2933333333335,9.262183333333333,33.7296,20.091066666666666,22393.324999999997,28716.596666666665,-6328.255,19.027866666666668,0.47058823529411764,0.30434782608695654,0.4189189189189189,0.9,0.4974489795918367,0.46621621621621623,0.3268612934767426,0.07123899986031569,0.03771476463193184,0.0,0.3108108108108108,0.13513513513513514,0.15391961167760862,0.11782455650230479,0.5726169856125157,16.935640452577175,11.608995669786284,0.03881345159938539,0.14134488056991198,0.0841922056153094,93.8398868557061,120.33774270149462,-26.518738650649535,0.07973683475345719,24.1,38.2,42.8,58.0,24.6,Guard,Guard,78.0,216.0,2004-01-28,91.4
1641801,Emanuel,Miller,6,24.733333333333334,10,4,8,0,1,2,2,4,7,2,0,1,0,4,4,8,3.2983333333333333,2.0264333333333333,0.0,372.5,0.0,3.5728666666666666,3.341266666666667,3.5347166666666667,2995.6916666666666,3138.416666666667,-142.72499999999997,2.3080833333333333,0.5714285714285714,0.0,0.5,1.0,0.563063063063063,0.5,0.40431266846361186,0.08086253369272237,0.04043126684636118,0.0,0.125,0.25,0.13335579514824797,0.08193126684636118,0.0,15.060646900269541,0.0,0.144455525606469,0.13509164420485176,0.14291307277628032,121.11960916442048,126.89016172506739,-5.770552560646899,0.09331873315363881,64.1,30.1,35.4,84.9,25.3,Forward,Forward,77.0,215.0,2000-06-19,17.2
1641803,Tristen,Newton,8,16.133333333333333,3,1,8,0,3,1,1,1,5,2,2,1,0,2,2,4,2.896583333333333,2.6900833333333334,0.0,348.33333333333337,209.33666666666664,0.8644999999999999,1.15225,1.1287500000000001,1283.1916666666666,1522.6133333333332,-238.94666666666672,-0.19266666666666654,0.2,0.0,0.125,1.0,0.17772511848341233,0.125,0.18595041322314051,0.12396694214876033,0.06198347107438017,0.0,0.375,0.125,0.17954028925619833,0.16674070247933884,0.0,21.590909090909093,12.975413223140494,0.05358471074380165,0.07142045454545455,0.06996384297520662,79.53667355371901,94.37685950413223,-14.810743801652896,-0.01194214876033057,7.9,26.6,46.2,40.9,68.4,Guard,Guard,77.0,190.0,2001-04-26,55.5
1641806,Markquis,Nowell,1,3.5166666666666666,2,0,1,0,0,2,2,0,1,2,0,1,0,2,0,2,0.7807,3.5166666666666666,0.0,175.83333333333334,0.0,1.7583333333333333,0.0,1.0057666666666665,452.2433333333333,219.79166666666666,232.45166666666665,1.25545,0.0,,0.0,1.0,0.5319148936170213,0.0,0.5687203791469194,0.5687203791469194,0.2843601895734597,0.0,0.0,2.0,0.222,1.0,0.0,50.0,0.0,0.5,0.0,0.286,128.6,62.5,66.1,0.357,47.9,36.2,75.7,75.3,71.1,Guard,Guard,67.0,160.0,1999-12-25,0.7
1641809,Drew,Peterson,28,208.83333333333334,65,21,47,16,38,7,9,5,9,14,9,7,2,9,32,41,25.486116666666668,17.940866666666665,70.81666666666666,3410.6466666666665,2553.84,8.7161,30.47266666666667,20.827716666666667,24807.076666666668,21911.566666666666,2895.145,19.971016666666667,0.5555555555555556,0.42105263157894735,0.44680851063829785,0.7777777777777778,0.6377551020408163,0.6170212765957447,0.3112529928172386,0.0670391061452514,0.0335195530726257,0.009577015163607342,0.8085106382978723,0.19148936170212766,0.12204046288906624,0.08590997605746208,0.3391061452513966,16.33190742218675,12.229082202713487,0.04173711093375898,0.14591859537110935,0.09973367916999201,118.78887470071828,104.92370311252992,13.86342378292099,0.09563136472466081,56.1,88.5,31.0,65.4,61.7,Forward,Forward,80.0,205.0,1999-11-09,38.6
1641810,Antonio,Reeves,44,659.5333333333333,305,113,248,51,129,28,35,62,119,39,30,21,4,18,45,63,120.07493333333333,56.922650000000004,522.7488333333333,8046.34,5747.9783333333335,16.635516666666668,44.312400000000004,29.865483333333334,70942.56166666666,77660.50333333333,-6720.110000000001,51.55531666666667,0.5210084033613446,0.3953488372093023,0.45564516129032256,0.8,0.5789673500379651,0.5584677419354839,0.46244819569392503,0.05913272010512484,0.03184069544122107,0.006064894369756393,0.5201612903225806,0.14112903225806453,0.18206044678055192,0.08630746487415346,0.7926041140200142,12.200050540786416,8.715220357828768,0.02522316284241383,0.06718750631759832,0.04528275042959669,107.5647857070656,117.75068735469523,-10.189189325785911,0.07816938744566866,48.6,74.3,39.7,15.5,25.7,Guard,Guard,77.0,205.0,2000-11-20,72.6
1641815,Isaiah,Stevens,3,5.55,0,0,2,0,1,0,0,0,1,0,0,1,0,0,2,2,0.8041666666666667,0.0,0.0,0.0,0.0,0.0,0.8333333333333333,0.5549999999999999,339.16666666666663,153.0,186.16666666666666,2.069,0.0,0.0,0.0,,0.0,0.0,0.0,0.0,0.1801801801801802,0.0,0.5,0.0,0.1448948948948949,0.0,0.0,0.0,0.0,0.0,0.15015015015015015,0.09999999999999999,61.11111111111111,27.56756756756757,33.54354354354354,0.3727927927927928,1.5,21.6,16.9,49.7,71.3,Guard,Guard,71.0,185.0,2000-11-01,9.6
1641816,Hunter,Tyson,69,447.93333333333334,154,53,140,27,88,21,28,26,52,22,16,11,6,26,61,87,68.22636666666666,30.803,65.65,4495.97,3503.0133333333333,20.2271,56.71711666666667,40.04295,44460.693333333336,48088.46666666667,-3629.243333333333,24.614183333333333,0.5,0.3068181818181818,0.37857142857142856,0.75,0.5055147058823529,0.475,0.34380116088703677,0.04911445155529096,0.02455722577764548,0.013394850424170263,0.6285714285714286,0.2,0.15231366274743263,0.06876692960261944,0.14656198839112963,10.037140943592798,7.820389938979015,0.04515649650245572,0.12661954904003572,0.0893948876320881,99.25738949248401,107.35630302128293,-8.10219526715285,0.0549505506771841,37.2,45.8,23.6,60.0,54.7,Forward,Forward,80.0,215.0,2000-06-13,46.8
1641817,Anton,Watson,9,22.166666666666668,8,4,9,0,1,0,0,4,8,2,2,1,0,1,2,3,4.1797,3.658333333333333,4.416666666666667,233.33333333333334,290.0,0.5,1.8624999999999998,1.4838166666666668,2260.8233333333333,2687.076666666667,-426.25333333333333,1.1299166666666665,0.5,0.0,0.4444444444444444,,0.4444444444444444,0.4444444444444444,0.3609022556390977,0.09022556390977443,0.045112781954887216,0.0,0.1111111111111111,0.0,0.18855789473684212,0.1650375939849624,0.19924812030075187,10.526315789473685,13.082706766917292,0.022556390977443608,0.08402255639097743,0.06693909774436091,101.99203007518796,121.2215037593985,-19.229473684210525,0.0509736842105263,25.1,8.4,36.9,29.2,27.9,Forward,Forward,80.0,225.0,2000-10-06,59.3
1641824,Matas,Buzelis,80,1511.3,688,252,555,96,266,88,108,156,289,79,74,29,75,55,223,278,274.11238333333336,113.6975,902.0983333333334,13849.475,15128.781666666666,52.487233333333336,200.70738333333333,127.91093333333333,166792.315,169702.99333333335,-2916.165,115.00503333333333,0.5397923875432526,0.3609022556390977,0.4540540540540541,0.8148148148148148,0.570935404633871,0.5405405405405406,0.4552372129954344,0.05227287765499901,0.019188777873354067,0.049626149672467416,0.47927927927927927,0.1945945945945946,0.1813752288316902,0.07523158869847152,0.596902225457112,9.163948256467942,10.010442444694412,0.03472985729724961,0.13280446194225723,0.08463636163126668,110.36347184543109,112.28941529367654,-1.9295738767948125,0.07609675996382805,56.6,63.1,26.5,55.3,52.0,Forward,Forward,80.0,196.0,2004-10-13,35.2
1641842,Ronald,Holland II,81,1266.35,522,197,416,36,151,92,122,161,265,82,72,49,17,40,178,218,223.94475,129.24368333333334,510.78516666666667,16911.433333333334,13888.635,38.88975,176.22908333333334,105.53343333333333,139290.59666666668,140776.465,-1495.7133333333334,100.97341666666667,0.6075471698113207,0.23841059602649006,0.4735576923076923,0.7540983606557377,0.5556974961676034,0.5168269230769231,0.4122083152367039,0.06475303036285388,0.03869388399731512,0.013424408733762388,0.3629807692307692,0.2932692307692308,0.1768426975164844,0.10206000184256592,0.403352285439781,13.354470196496495,10.967453705531646,0.030710111738460933,0.13916301443782,0.08333670259670181,109.99375896605733,111.16710625024677,-1.1811215961885209,0.07973578921046051,71.1,33.1,34.2,53.7,58.1,Forward,Forward,80.0,206.0,2005-07-07,39.8
1641847,Andrew,Funk,5,13.399999999999999,0,0,4,0,3,0,0,0,1,0,0,1,1,0,0,0,1.4072333333333333,0.0,0.0,0.0,0.0,0.0,0.0,0.0,1492.905,1228.7083333333333,264.1966666666667,-0.5298166666666666,0.0,0.0,0.0,,0.0,0.0,0.0,0.0,0.0746268656716418,0.0746268656716418,0.75,0.0,0.10501741293532339,0.0,0.0,0.0,0.0,0.0,0.0,0.0,111.41082089552239,91.69465174129354,19.71616915422886,-0.03953855721393035,1.5,30.0,16.9,1.4,97.3,Guard,Guard,77.0,200.0,1999-09-21,67.1
1641851,Timmy,Allen,5,125.45,13,6,23,0,7,1,2,6,16,5,2,4,0,4,13,17,10.632716666666667,8.109966666666667,27.216666666666665,2179.9766666666665,827.2716666666665,3.5266666666666664,14.507433333333333,8.0468,11599.164999999999,14344.451666666666,-2743.6583333333333,-0.36055000000000015,0.375,0.0,0.2608695652173913,0.5,0.27219430485762147,0.2608695652173913,0.10362694300518134,0.03985651654045436,0.03188521323236349,0.0,0.30434782608695654,0.08695652173913043,0.08475660953899296,0.06464700411850671,0.21695230503520657,17.37725521456091,6.594433373189848,0.02811212966653381,0.11564315132190779,0.06414348345954562,92.46046233559186,114.34397502324963,-21.87053274877109,-0.0028740534077321654,7.5,10.2,33.2,36.9,30.3,Forward,Forward,78.0,210.0,2000-01-09,19.5
1641854,Craig,Porter Jr.,102,1162.65,473,188,368,33,82,64,88,155,286,189,83,38,30,40,136,176,209.5821,268.70213333333334,1750.9636666666668,31954.638333333332,13590.301666666666,42.4806,130.99065,88.91645,128916.91,131867.76833333334,-2941.7550000000006,118.25855,0.541958041958042,0.4024390243902439,0.5108695652173914,0.7272727272727273,0.5814811172305271,0.5557065217391305,0.4068292263363867,0.1625596697200361,0.03268395475852578,0.02580312217778351,0.22282608695652173,0.2391304347826087,0.18026241775254803,0.23111179919436917,1.5060109806619935,27.48431456872948,11.689073811264494,0.03653773706618501,0.1126655915365759,0.07647740076549261,110.88195931707736,113.42000458722171,-2.530215456070185,0.10171466047391733,59.3,58.7,74.0,47.7,54.8,Guard,Guard,73.0,180.0,2000-02-26,11.3
1641857,Liam,Robbins,13,56.96666666666667,9,2,8,0,2,5,10,2,6,2,6,2,2,7,5,12,7.221716666666667,2.4054166666666665,15.483333333333334,432.2483333333333,1295.5816666666667,7.3990833333333335,4.587866666666667,5.584933333333333,4556.173333333333,4905.368333333333,-349.19500000000005,-1.7712666666666668,0.3333333333333333,0.0,0.25,0.5,0.3629032258064516,0.25,0.15798712697483908,0.03510825043885313,0.03510825043885313,0.03510825043885313,0.25,1.25,0.12677091866588647,0.042224985371562315,0.27179637214745467,7.5877413692217655,22.742802808660034,0.12988443534230543,0.08053598595669982,0.09803861907548272,79.97963721474547,86.10944997074311,-6.12981275599766,-0.03109303686366296,29.0,9.0,8.5,63.7,83.4,Center,Big,84.0,250.0,1999-07-12,70.4
1641871,Duop,Reath,114,1683.5333333333333,811,300,665,122,351,89,115,178,314,93,68,45,52,137,205,342,321.07728333333336,138.99153333333334,1346.0738333333334,17587.205,12877.945,126.701,225.65535,169.70305,184841.92833333334,195806.8,-10975.918333333333,141.76406666666665,0.5668789808917197,0.3475783475783476,0.45112781954887216,0.7739130434782608,0.5666573504751258,0.5428571428571428,0.4817249435710609,0.05524096146992437,0.026729497485447274,0.03088741931651685,0.5278195488721804,0.17293233082706766,0.19071632083316836,0.08255941868292876,0.7995528254068824,10.446603373856572,7.649355522116184,0.07525897913119232,0.13403675800894943,0.1008017166277274,109.79404130202353,116.3070526274106,-6.519572922029066,0.08420627252207658,60.7,59.4,38.6,71.3,40.8,Center,Big,81.0,245.0,1996-06-26,30.0
1641877,Nathan,Mensah,25,306.65,33,12,28,0,0,9,12,12,28,9,14,6,14,29,36,65,20.826466666666665,13.0616,80.92033333333333,4719.916666666667,5539.346666666666,28.152866666666664,38.2092,32.2731,29132.50833333333,35066.276666666665,-5933.055,1.9176000000000004,0.42857142857142855,,0.42857142857142855,0.75,0.4957932692307692,0.42857142857142855,0.10761454426871027,0.029349421164193708,0.01956628077612914,0.04565465514430132,0.0,0.42857142857142855,0.06791608239578238,0.042594488830914726,0.26388499374966035,15.391869123321921,18.064068699385835,0.09180781564215447,0.1246019892385456,0.10524408935268222,95.00247296048698,114.35276917223763,-19.34796999836948,0.006253383336050874,32.0,18.5,15.5,72.8,44.0,Center,Big,81.0,230.0,1998-04-09,14.9
1641878,Damion,Baugh,15,370.48333333333335,109,42,130,12,56,13,15,30,74,56,31,15,2,14,36,50,68.84885,90.37768333333334,690.095,9459.078333333333,4986.8,11.7738,35.61966666666667,23.710966666666668,36903.42166666667,45033.22,-8130.848333333333,18.3048,0.40540540540540543,0.21428571428571427,0.3230769230769231,0.8666666666666667,0.3989751098096633,0.36923076923076925,0.29421026586890997,0.15115389806109136,0.04048765126636376,0.005398353502181834,0.4307692307692308,0.11538461538461539,0.18583521525934588,0.2439453416707904,1.8626883800440865,25.531724324081154,13.460254622340186,0.03177956723199424,0.09614377614827477,0.06400008997255836,99.6088577983715,121.55262045076252,-21.946596787979665,0.049407890593369024,14.4,34.1,74.9,34.6,29.1,Guard,Guard,76.0,194.0,2000-08-03,47.0
1641879,Yuri,Collins,2,16.3,2,1,3,0,0,0,0,1,3,4,0,2,0,2,1,3,1.0882666666666667,5.339583333333334,0.0,1166.25,0.0,1.3416666666666668,1.5458333333333334,1.2574,1554.8933333333334,1814.5300000000002,-260.6483333333333,0.82565,0.3333333333333333,,0.3333333333333333,,0.3333333333333333,0.3333333333333333,0.12269938650306748,0.24539877300613497,0.12269938650306748,0.0,0.0,0.0,0.06676482617586912,0.32758179959100203,0.0,71.54907975460122,0.0,0.08231083844580778,0.09483640081799591,0.07714110429447853,95.39222903885481,111.32085889570553,-15.990695296523516,0.05065337423312883,4.3,3.2,74.8,54.9,54.2,Guard,Guard,72.0,190.0,2001-03-07,17.2
1641890,Tyler,Smith,23,121.58333333333333,67,24,50,13,30,6,8,11,20,4,8,3,4,6,19,25,25.073416666666667,7.207133333333333,32.53333333333333,546.2066666666667,1632.9066666666668,6.528016666666667,16.74703333333333,11.405850000000001,12628.498333333333,12002.336666666666,623.7333333333333,12.371116666666667,0.55,0.43333333333333335,0.48,0.75,0.6259342301943198,0.61,0.5510623714873201,0.03289924605894448,0.024674434544208364,0.03289924605894448,0.6,0.16,0.20622412611377658,0.05927731322823852,0.26758053461274844,4.492446881425635,13.430349554489377,0.05369170664838931,0.13774119259766962,0.093810966415353,103.86701850582591,98.71695681973955,5.130089102124743,0.10175010281014395,63.1,82.8,11.5,66.2,70.4,Forward,Forward,81.0,224.0,2004-11-02,68.5
1641926,Dexter,Dennis,4,29.866666666666667,22,10,19,1,8,1,3,9,11,4,3,0,1,1,8,9,8.4673,7.6442,0.0,459.68499999999995,332.0,0.5633333333333334,8.0209,3.619383333333333,2746.56,2977.6449999999995,-231.08499999999992,4.37275,0.8181818181818182,0.125,0.5263157894736842,0.3333333333333333,0.5413385826771654,0.5526315789473685,0.7366071428571428,0.13392857142857142,0.0,0.033482142857142856,0.42105263157894735,0.15789473684210525,0.2835033482142857,0.2559441964285714,0.0,15.391238839285712,11.116071428571429,0.018861607142857142,0.2685569196428571,0.12118470982142855,91.96071428571429,99.69793526785712,-7.737220982142855,0.14640904017857143,72.9,24.0,49.5,67.0,63.1,Guard,Guard,77.0,210.0,1999-02-09,78.2
1641931,Onuralp,Bitim,23,268.01666666666665,80,32,84,12,44,4,5,20,40,13,10,3,2,6,26,32,40.25371666666667,22.276633333333333,76.65,3482.94,2525.7033333333334,5.046749999999999,24.209566666666667,15.099233333333332,28545.06166666667,30840.246666666666,-2299.6466666666665,8.554483333333334,0.5,0.2727272727272727,0.38095238095238093,0.8,0.46403712296983757,0.4523809523809524,0.2984888999440333,0.04850444624090542,0.011193333747901251,0.0074622224986008335,0.5238095238095238,0.05952380952380952,0.1501910950811517,0.08311659722654065,0.285989677258877,12.995236614638394,9.423680119395561,0.018829985697406876,0.0903285865306884,0.05633691934581183,106.5048006964741,115.06839126919968,-8.580237547416205,0.03191772899695293,23.3,39.8,30.0,21.5,19.0,Forward,Forward,78.0,215.0,1999-03-31,23.4
1641936,Miles,Norris,3,34.91666666666667,7,2,9,2,7,1,2,0,2,0,0,2,1,2,7,9,4.3580000000000005,0.0,0.0,0.0,0.0,1.5853000000000002,5.593566666666667,3.715983333333334,3055.09,3872.9233333333336,-817.8333333333335,3.1775666666666664,0.0,0.2857142857142857,0.2222222222222222,0.5,0.35425101214574894,0.3333333333333333,0.20047732696897372,0.0,0.05727923627684964,0.02863961813842482,0.7777777777777778,0.2222222222222222,0.12481145584725536,0.0,0.0,0.0,0.0,0.04540238663484487,0.16019761336515512,0.10642434367541766,87.49661097852028,110.91904534606205,-23.42243436754177,0.09100429594272075,16.3,37.2,16.9,70.0,75.0,Forward,Forward,79.0,220.0,2000-04-15,40.7
1641970,Maozinha,Pereira,7,121.63333333333333,48,18,35,5,13,7,10,13,22,2,5,6,4,11,26,37,17.29393333333333,3.162,40.584666666666664,575.1383333333333,1427.5016666666666,8.947716666666667,26.044883333333335,17.197166666666668,12154.506666666666,11743.355,414.1450000000002,14.386783333333334,0.5909090909090909,0.38461538461538464,0.5142857142857142,0.7,0.6091370558375635,0.5857142857142857,0.3946286653877775,0.01644286105782406,0.04932858317347219,0.03288572211564812,0.37142857142857144,0.2857142857142857,0.14218087147163605,0.02599616333241984,0.3336640175390518,4.72845985201425,11.736105782406138,0.07356303096738832,0.2141261989586188,0.1413853110441217,99.92743217319814,96.54717730885174,3.4048643463962747,0.11827993970950947,73.3,62.4,11.3,86.3,88.4,Forward,Forward,80.0,177.0,2000-08-28,32.4
1641989,Elijah,Harkless,10,138.0,32,11,35,7,25,3,6,4,10,8,3,10,1,9,12,21,16.809383333333333,11.408866666666666,107.19999999999999,1772.5583333333334,617.3783333333333,7.582683333333334,12.511583333333332,9.871716666666666,15692.393333333333,14321.733333333334,1371.2600000000002,5.646766666666667,0.4,0.28,0.3142857142857143,0.5,0.4250797024442083,0.4142857142857143,0.2318840579710145,0.057971014492753624,0.07246376811594203,0.007246376811594203,0.7142857142857143,0.17142857142857143,0.12180712560386472,0.08267294685990338,0.7768115942028985,12.844625603864735,4.473756038647343,0.054946980676328507,0.09066364734299516,0.07153417874396135,113.71299516908212,103.78067632850242,9.936666666666667,0.04091859903381643,16.4,36.4,43.6,46.2,71.8,Guard,Guard,75.0,195.0,2000-02-03,39.2
1641998,Trey,Jemison III,63,966.0166666666667,266,116,210,0,0,34,58,116,210,43,58,21,43,108,131,239,123.39595,63.219966666666664,547.4891666666666,12276.978333333333,16947.636666666665,102.69498333333333,128.0738,118.43905,102817.79,107548.09999999999,-4723.741666666667,62.44845,0.5523809523809524,,0.5523809523809524,0.5862068965517241,0.5647078804347826,0.5523809523809524,0.27535756801987543,0.04451268956712272,0.021738755369990165,0.04451268956712272,0.0,0.2761904761904762,0.12773687479512086,0.06544397094598092,0.5667491934231638,12.70886803195252,17.543834647435343,0.10630767240040716,0.13257928607166888,0.12260559686685875,106.43479926157244,111.33151601939234,-4.8899173582236335,0.06464531322786012,54.3,21.3,21.0,79.5,55.7,Center,Big,82.0,270.0,1999-11-28,58.8
1642013,Malik,Williams,7,106.51666666666667,19,9,34,1,5,0,2,8,29,2,3,3,4,15,23,38,15.475966666666666,2.8231333333333333,55.233333333333334,545.5633333333333,1181.5933333333332,13.303583333333332,21.66728333333333,17.46215,9982.835000000001,12624.936666666666,-2642.1016666666665,3.2064999999999997,0.27586206896551724,0.2,0.2647058823529412,0.0,0.2723623853211009,0.27941176470588236,0.17837584102644344,0.018776404318572994,0.02816460647785949,0.03755280863714599,0.14705882352941177,0.058823529411764705,0.14529150367704585,0.026504146455953684,0.5185416992645908,5.121858864027538,11.093037083398528,0.12489672977624784,0.20341683617587228,0.16393819433578471,93.72087310280082,118.52545767485526,-24.80458457205445,0.03010327022375215,5.3,10.6,15.1,93.7,41.8,Center,Big,83.0,250.0,1998-08-26,59.6
1642024,Alex,Reese,15,216.05,76,26,54,15,41,9,12,11,13,4,6,10,10,9,38,47,26.564966666666667,4.64485,0.0,1473.13,1838.9883333333332,9.35835,34.00256666666667,21.898483333333335,25381.351666666666,24207.15166666667,1179.5116666666663,17.989233333333335,0.8461538461538461,0.36585365853658536,0.48148148148148145,0.75,0.641025641025641,0.6203703703703703,0.35177042351307564,0.018514232816477665,0.046285582041194165,0.046285582041194165,0.7592592592592593,0.2222222222222222,0.12295749440715883,0.02149895857440407,0.0,6.818467947234437,8.511864537529892,0.04331566766952094,0.1573828589061174,0.10135840469027231,117.47906348839003,112.04421044511302,5.459438401604565,0.08326421353081849,74.9,75.5,13.2,67.8,73.2,Forward-Center,Big,81.0,245.0,1999-05-21,30.0
1642050,Jackson,Rowe,6,51.733333333333334,22,8,17,3,10,3,6,5,7,4,1,4,0,3,8,11,7.50075,5.531000000000001,0.0,798.3283333333334,167.33333333333334,2.0944000000000003,8.27825,4.90875,5986.203333333334,5352.05,633.9833333333336,4.994266666666666,0.7142857142857143,0.3,0.47058823529411764,0.5,0.560081466395112,0.5588235294117647,0.4252577319587629,0.07731958762886598,0.07731958762886598,0.0,0.5882352941176471,0.35294117647058826,0.14498872422680412,0.10691365979381444,0.0,15.4316043814433,3.234536082474227,0.04048453608247423,0.16001771907216494,0.09488563144329898,115.71269329896909,103.45457474226804,12.25483247422681,0.09653865979381443,80.3,42.9,42.5,65.1,67.2,Forward,Forward,79.0,210.0,1997-01-04,30.2
1642258,Zaccharie,Risacher,75,1843.3833333333332,942,357,779,122,344,106,149,235,435,92,92,52,37,86,182,268,376.21908333333334,131.7993,1122.761,15907.675,16974.0,80.0428,185.73016666666666,130.74451666666667,207284.10166666665,212389.57666666666,-5096.011666666666,131.13891666666666,0.5402298850574713,0.3546511627906977,0.4582798459563543,0.7114093959731543,0.5576868428530833,0.5365853658536586,0.5110168801931232,0.049908230337332625,0.028208999755883656,0.020071788287840293,0.441591784338896,0.19127086007702182,0.20409161595978412,0.07149858502933916,0.6090762456714556,8.62960769599378,9.20806849723787,0.04342167933962009,0.10075504281077367,0.07092638536025245,112.44763794833774,115.21725992965833,-2.764488305018851,0.07114033977378552,56.9,51.7,26.4,44.4,40.5,Forward,Forward,80.0,200.0,2005-04-08,36.2
1642259,Alex,Sarr,67,1814.2166666666667,869,326,828,105,341,112,165,221,487,161,114,44,101,124,311,435,416.6021,250.1669,2319.3955,24554.153333333335,16818.388333333332,108.20038333333333,288.31968333333333,195.08805,186596.04,211476.075,-24871.43,153.09986666666666,0.4537987679671458,0.30791788856304986,0.39371980676328505,0.6787878787878788,0.4824561403508772,0.4571256038647343,0.4789946074063186,0.0887435348589382,0.02425289151424398,0.055671410066787316,0.41183574879227053,0.19927536231884058,0.22963194399786868,0.1378925155944255,1.27845562363922,13.534300386760126,9.270330629380908,0.05964027633597604,0.15892240912055708,0.10753293891762285,102.85212534335297,116.566052382571,-13.709183945320754,0.08438896493436102,35.8,32.3,55.3,74.1,42.5,Center,Big,84.0,205.0,2005-04-26,41.0
1642261,Dalton,Knecht,78,1493.85,706,257,557,128,340,64,84,129,217,66,37,24,8,37,179,216,271.67988333333335,96.40823333333333,527.4825,14266.615,7733.326666666667,37.05505,173.90076666666667,107.5948,168066.115,171808.56666666668,-3753.115,130.5294,0.5944700460829493,0.3764705882352941,0.4614003590664273,0.7619047619047619,0.5943161155633375,0.5763016157989228,0.4726043444790307,0.044181142685008536,0.01606587006727583,0.005355290022425277,0.6104129263913824,0.15080789946140036,0.18186557106358295,0.064536756256206,0.3531027211567426,9.55023262041035,5.176775892269416,0.024805067443183722,0.11641113007776328,0.0720251698631054,112.5053485959099,115.01058785464852,-2.5123774140643302,0.08737784918164475,65.7,72.7,27.8,40.6,18.0,Forward,Forward,78.0,215.0,2001-04-19,23.4
1642262,Cody,Williams,50,1059.6166666666666,230,83,257,35,135,29,40,48,122,59,44,23,16,27,86,113,130.2854,81.30675,657.2885,16248.411666666667,13130.735,24.642216666666666,77.03993333333334,51.227333333333334,109555.38333333333,125802.83499999999,-16240.759999999998,20.097383333333333,0.39344262295081966,0.25925925925925924,0.3229571984435798,0.725,0.41879096868171883,0.39105058365758755,0.21705962848199822,0.055680513393208245,0.02170596284819982,0.015099800242225963,0.5252918287937743,0.1556420233463035,0.12295521965490668,0.07673223020903785,0.6203078157195213,15.334235651257531,12.39196722085031,0.023255784324519874,0.07270547525048368,0.04834515626720355,103.39152523711405,118.72485490035704,-15.327014486370857,0.01896665460779842,14.5,33.7,29.7,16.6,23.9,Forward,Forward,80.0,190.0,2004-11-20,34.3
1642263,Reed,Sheppard,52,654.35,229,84,239,48,142,13,16,36,97,75,37,35,17,16,62,78,111.52013333333333,98.02921666666667,612.1245,13291.105,6994.6849999999995,12.565216666666666,60.68006666666667,36.39966666666667,71123.77833333334,72776.36333333333,-1655.325,34.971333333333334,0.3711340206185567,0.3380281690140845,0.3514644351464435,0.8125,0.46537148431149405,0.45188284518828453,0.34996561473217697,0.11461755941010163,0.05348819439138076,0.025979980132956368,0.5941422594142259,0.06694560669456066,0.17042887343674384,0.14981159420289855,0.93546954993505,20.31192022617865,10.689516313899288,0.019202592903899543,0.09273334861567459,0.055627212755660835,108.69378518122309,111.21932197345966,-2.529724153740353,0.053444385013117345,15.3,53.4,59.0,21.9,72.2,Guard,Guard,74.0,185.0,2004-06-24,20.0
1642264,Stephon,Castle,81,2162.05,1190,423,988,95,333,249,344,328,655,332,177,74,22,89,208,297,546.9587166666666,505.96393333333333,4247.5885,42094.301666666666,23421.918333333335,84.60585,200.616,141.97308333333334,242187.755,252212.82166666666,-10017.25,187.91703333333334,0.500763358778626,0.2852852852852853,0.42813765182186236,0.7238372093023255,0.5222230023873051,0.47621457489878544,0.5504035521842695,0.15355796581947687,0.03422677551397978,0.010175527855507504,0.33704453441295545,0.3481781376518219,0.25298152987519557,0.23402045897797613,1.964611595476515,19.469624507604664,10.833199201375237,0.03913223560972225,0.09278971346638606,0.06566595746321006,112.01764760296939,116.65448147205969,-4.633218473208298,0.08691613669125751,58.2,30.1,73.7,38.4,33.4,Guard,Guard,78.0,215.0,2004-11-01,90.0
1642265,Rob,Dillingham,49,515.9666666666667,219,93,211,25,74,8,15,68,137,98,53,20,1,12,38,50,111.84326666666666,144.18193333333335,765.7183333333334,12983.695,7375.933333333333,10.842733333333333,34.370333333333335,22.419050000000002,58522.69666666667,57499.165,1018.7433333333337,40.56823333333333,0.49635036496350365,0.33783783783783783,0.44075829383886256,0.5333333333333333,0.5032169117647058,0.5,0.4244460236449383,0.18993475030686735,0.03876219394017701,0.0019381096970088505,0.35071090047393366,0.07109004739336493,0.2167645196718134,0.279440403126817,1.4840461270107888,25.163825182505327,14.295367917824148,0.02101440661541443,0.06661347632275987,0.04345057820272628,113.42340590477421,111.43968925641191,1.9744363330964538,0.07862568641385102,31.7,35.1,74.2,12.5,47.5,Guard,Guard,74.0,175.0,2005-01-04,14.2
1642266,Ja'Kobe,Walter,52,1103.25,449,159,393,65,186,66,83,94,207,81,50,43,10,59,101,160,195.93145,125.58403333333334,1092.9423333333334,15339.356666666667,10047.348333333333,54.005183333333335,101.38591666666667,76.30823333333333,120270.625,123112.39333333334,-2845.773333333334,74.10511666666667,0.45410628019323673,0.34946236559139787,0.40458015267175573,0.7951807228915663,0.5226764760663066,0.4872773536895674,0.40697937910718335,0.07341944255608429,0.03897575345569907,0.009064128710627692,0.4732824427480916,0.21119592875318066,0.1775947881259914,0.11383098421330917,0.9906569982627087,13.903790316489161,9.107045849384395,0.048950993277437876,0.09189749981116399,0.06916676486139436,109.01484251076366,111.59065790467558,-2.579445577460534,0.0671698315582748,35.1,53.2,49.5,43.4,52.4,Guard,Guard,76.0,180.0,2004-09-04,34.1
1642267,Bub,Carrington,82,2457.8,807,300,748,138,407,69,85,162,341,364,141,54,21,33,308,341,380.20161666666667,536.7659333333334,5672.812333333333,69423.725,26169.77666666667,30.16365,288.95096666666666,157.49551666666667,253060.90666666668,290429.45166666666,-37379.32,172.60548333333332,0.4750733137829912,0.33906633906633904,0.40106951871657753,0.8117647058823529,0.5137509549274255,0.49331550802139035,0.3283424200504516,0.14809992676377245,0.021970868256164046,0.008544226544063796,0.5441176470588235,0.11363636363636363,0.15469184501044292,0.21839284454932595,2.3080854151409116,28.24628733013264,10.647642878454986,0.012272621856945234,0.11756488187267745,0.06407987495592264,102.96236742886592,118.16643000515364,-15.208446578240702,0.07022763582607751,24.3,54.5,78.5,29.4,18.2,Guard,Guard,76.0,190.0,2005-07-21,43.5
1642268,Isaiah,Collier,71,1839.1166666666668,615,234,555,42,169,105,154,192,386,446,208,66,16,32,203,235,342.33276666666666,636.27615,4739.0395,65260.89666666667,30356.976666666666,30.7168,191.76755,111.89165,199290.51333333334,218486.92666666667,-19199.908333333333,138.65428333333332,0.49740932642487046,0.2485207100591716,0.42162162162162165,0.6818181818181818,0.49376967049906867,0.4594594594594595,0.3343996665065656,0.24250772562915165,0.035886793478753384,0.008699828722122032,0.3045045045045045,0.2774774774774775,0.1861397772481354,0.3459683453107017,2.5768019973356773,35.484913953256545,16.506281095090937,0.01670193118072988,0.10427155246631081,0.06083988690222661,108.36208324648608,118.7999275014273,-10.439744623777719,0.07539178228678622,40.6,22.4,82.5,26.2,31.1,Guard,Guard,76.0,210.0,2004-10-08,66.2
1642269,Devin,Carter,36,395.96666666666664,138,47,127,18,61,26,44,29,66,41,18,21,4,19,57,76,67.36278333333334,58.95421666666667,308.175,7447.6050000000005,3317.94,17.254666666666665,58.9444,36.55133333333333,45114.95166666667,43520.3,1590.1316666666667,28.857116666666666,0.4393939393939394,0.29508196721311475,0.3700787401574803,0.5909090909090909,0.4714402842306641,0.4409448818897638,0.34851418469568146,0.10354406936610827,0.05303476723629936,0.010101860425961782,0.48031496062992124,0.3464566929133858,0.17012235878440948,0.14888681707214413,0.7782852091926931,18.808666554423777,8.37934169542891,0.04357605859079047,0.1488620254230154,0.09230911692903443,113.93623621516964,109.90899907399614,4.015822038892163,0.07287764121559054,36.6,32.0,59.4,64.2,64.1,Guard,Guard,74.0,195.0,2002-03-18,31.9
1642270,Donovan,Clingan,67,1323.6666666666667,436,180,334,14,49,62,104,166,285,77,72,34,110,217,310,527,178.49078333333333,109.11438333333334,1077.5006666666666,17766.491666666665,18191.86333333333,187.64206666666666,289.87855,235.89421666666667,145996.27,145191.995,794.9499999999997,145.19918333333334,0.5824561403508772,0.2857142857142857,0.5389221556886228,0.5961538461538461,0.5740467663787655,0.5598802395209581,0.3293880634600856,0.05817174515235457,0.02568622513220851,0.08310249307479224,0.1467065868263473,0.31137724550898205,0.13484571896247796,0.08243342986653236,0.8140271971795516,13.422179551750187,13.743538151599092,0.141759304960967,0.2189966381264165,0.17821270460841096,110.29685469654997,109.68924326366154,0.6005666079073279,0.10969467388567111,66.2,28.6,32.4,96.1,67.5,Center,Big,86.0,280.0,2004-02-23,95.5
1642271,Kyle,Filipowski,72,1521.55,690,260,518,77,220,93,143,183,298,140,102,48,22,112,328,440,279.13015,210.7671,1574.9351666666666,25135.575,18344.18833333333,100.9182,325.5158166666667,209.8022,164149.76,181426.76166666666,-17263.716666666667,160.27766666666668,0.6140939597315436,0.35,0.5019305019305019,0.6503496503496503,0.5938855608345384,0.5762548262548263,0.453484933127403,0.0920114357070093,0.03154677795668891,0.014458939896815747,0.4247104247104247,0.27606177606177607,0.18345118464723476,0.1385213105057343,1.0350860416461285,16.519716736222932,12.056250753069786,0.06632591764976505,0.21393698312028306,0.13788715454635075,107.88325063257864,119.23812011873856,-11.346138258135893,0.10533841586978192,76.5,53.0,52.1,84.8,32.8,Center,Big,83.0,250.0,2003-11-07,59.6
1642272,Jared,McCain,23,591.8,352,126,274,51,133,49,56,75,141,60,37,15,0,13,43,56,144.72095,106.22035,757.8963333333334,9174.806666666667,5961.11,13.050083333333333,49.00221666666667,29.006683333333335,64867.92833333333,65889.41,-1010.2216666666664,63.185316666666665,0.5319148936170213,0.38345864661654133,0.45985401459854014,0.875,0.5893383337798018,0.5529197080291971,0.5947955390334573,0.10138560324433932,0.02534640081108483,0.0,0.4854014598540146,0.20437956204379562,0.24454368029739776,0.17948690435958095,1.2806629491945478,15.503221809169768,10.072845555931059,0.02205150951898164,0.0828019882843303,0.049014334797792054,109.61123408809283,111.33729300439339,-1.7070322180916973,0.10676802410724344,61.3,74.8,61.9,18.2,33.7,Guard,Guard,75.0,195.0,2004-02-20,39.2
1642273,Kyshawn,George,68,1802.1833333333334,590,203,546,114,354,70,93,89,192,169,97,68,50,49,236,285,280.32683333333335,249.99136666666666,2015.8455000000001,34892.555,20500.543333333335,44.49535,218.73166666666668,132.19251666666668,190015.245,208220.61166666666,-18218.341666666667,104.03663333333333,0.4635416666666667,0.3220338983050847,0.3717948717948718,0.7526881720430108,0.5026238669665372,0.47619047619047616,0.32738067714161523,0.09377514311344573,0.03773201024683023,0.02774412518149282,0.6483516483516484,0.17032967032967034,0.15554845511462947,0.13871583542184943,1.1185573979709797,19.361268276442463,11.375392810572361,0.024689691207886732,0.1213703748231312,0.07335131460913152,105.43613487344054,115.53797430894008,-10.10903903598413,0.05772810757322137,26.6,49.1,56.9,42.5,51.9,Forward,Forward,80.0,200.0,2003-12-12,36.2
1642274,Yves,Missi,73,1955.8166666666666,665,269,492,0,1,127,204,269,491,99,82,37,98,255,346,601,275.22726666666665,141.3884,1411.2108333333333,26760.43833333333,21439.326666666668,237.43008333333333,349.67536666666666,290.9850166666667,211028.305,236042.82166666666,-25024.18666666667,178.93715,0.5478615071283096,0.0,0.5467479674796748,0.6225490196078431,0.5715415291529153,0.5467479674796748,0.3400114189298588,0.050618241314369955,0.01891792857203726,0.05010694594755814,0.0020325203252032522,0.4146341463414634,0.1407224262669473,0.07229123384093601,0.7215455606779777,13.682488133686695,10.96182839223172,0.12139690155007712,0.1787873948648902,0.14877929083332625,107.89779461265115,120.6876010873548,-12.794750700900734,0.09148973574551125,63.6,16.8,30.0,90.3,34.1,Center,Big,83.0,235.0,2004-05-14,39.5
1642275,Tidjane,Salaün,60,1244.4,353,114,345,58,205,67,94,56,140,74,58,29,14,70,210,280,188.05588333333333,112.62051666666666,933.1666666666666,16652.208333333332,14046.775,63.03933333333333,207.08791666666667,133.12148333333334,124168.84666666666,138481.83666666667,-14319.488333333333,81.37385,0.4,0.28292682926829266,0.33043478260869563,0.7127659574468085,0.45682782896780205,0.4144927536231884,0.2836708453873352,0.05946640951462552,0.023304403728704595,0.011250401800064288,0.5942028985507246,0.27246376811594203,0.15112173202614376,0.0905018616736312,0.7498928533161898,13.381716757741346,11.28799019607843,0.05065841637201328,0.16641587645987355,0.10697644112289725,99.78210114646951,111.2840217507768,-11.507142665809491,0.0653920363227258,26.7,37.9,36.0,72.6,41.2,Forward,Forward,82.0,207.0,2005-08-10,58.5
1642276,Kel'el,Ware,64,1422.4833333333333,595,257,464,35,111,46,67,222,353,60,57,39,71,116,357,473,240.1474,85.0141,748.6533333333333,13797.376666666667,14040.285,119.9414,342.2964166666667,236.3093,160864.075,157815.575,3053.515,167.41695,0.6288951841359773,0.3153153153153153,0.5538793103448276,0.6865671641791045,0.6028613115019859,0.5915948275862069,0.41828258093240694,0.042179756060410786,0.02741684143926701,0.04991271133815276,0.23922413793103448,0.14439655172413793,0.1688226458423649,0.059764566661589476,0.5263002495635567,9.699499701226728,9.87026327197741,0.08431831655906924,0.2406329892558788,0.16612447714677384,113.08679070639376,110.94370760055772,2.146608630446754,0.11769343518963316,66.2,39.2,22.3,92.1,63.7,Center,Big,84.0,230.0,2004-04-20,48.1
1642277,Johnny,Furphy,50,379.48333333333335,103,35,92,15,50,18,22,20,42,19,12,18,11,23,48,71,44.31276666666667,23.1959,84.91033333333333,4402.128333333333,2956.983333333333,20.777466666666665,49.99818333333334,34.72356666666667,40327.85166666667,40132.645,195.40999999999974,24.929433333333336,0.47619047619047616,0.3,0.3804347826086957,0.8181818181818182,0.5064909520062942,0.46195652173913043,0.27142166981422106,0.050068075014273794,0.047432913171417276,0.02898678027142167,0.5434782608695652,0.2391304347826087,0.1167713118714041,0.061124950590715446,0.22375247046422767,11.600320611357546,7.792129649962668,0.05475198735122315,0.1317533049321446,0.0915022179278844,106.27041591637753,105.75601475690631,0.514936975712591,0.06569309148403532,31.4,46.2,23.8,64.5,83.3,Guard,Guard,80.0,200.0,2004-12-08,80.6
1642278,Tyler,Kolek,41,296.1666666666667,81,27,82,14,47,13,17,13,35,70,18,12,4,8,19,27,44.95435,87.32433333333333,331.44483333333335,10986.308333333332,2826.4266666666667,7.561816666666667,16.163466666666668,12.283316666666666,31061.846666666665,30976.84833333333,85.81499999999977,12.278766666666666,0.37142857142857144,0.2978723404255319,0.32926829268292684,0.7647058823529411,0.4526151095216808,0.4146341463414634,0.27349465391108607,0.23635340461451884,0.04051772650534609,0.013505908835115363,0.573170731707317,0.2073170731707317,0.15178733821046705,0.2948486212718064,1.1191159257175014,37.09501969611705,9.543365222284748,0.025532301631963985,0.0545755768148565,0.04147433877321328,104.879617332583,104.59262239729881,0.2897523916713554,0.04145897580191333,20.5,41.2,81.1,13.6,71.9,Guard,Guard,74.0,195.0,2001-03-27,31.9
1642279,Ulrich,Chomche,7,32.18333333333334,5,2,5,0,0,1,2,2,5,2,2,0,1,4,4,8,3.4295166666666663,3.0539333333333336,4.866666666666667,233.7266666666667,577.0600000000001,2.7211666666666665,6.565283333333333,4.495633333333334,3159.5516666666667,4530.4383333333335,-1370.8866666666665,0.0677833333333332,0.4,,0.4,0.5,0.4251700680272109,0.4,0.1553599171413775,0.062143966856551006,0.0,0.031071983428275503,0.0,0.4,0.10656188503366129,0.09489176592439151,0.15121698601760744,7.262351113412739,17.930398757120663,0.08455204557224234,0.20399637493526668,0.13968824443293631,98.17353702744691,140.76970481615743,-42.5961677887105,0.0021061626100466035,29.0,5.7,20.6,87.3,24.5,Center,Big,83.0,235.0,2005-12-30,39.5
1642280,Trentyn,Flowers,6,26.516666666666666,11,4,11,0,2,3,3,4,9,0,1,0,0,1,3,4,5.260116666666667,0.0,0.0,0.0,143.5,1.1049499999999999,2.2673,1.79375,2345.8650000000002,2540.4066666666668,-194.54166666666674,1.4892666666666665,0.4444444444444444,0.0,0.36363636363636365,1.0,0.4464285714285714,0.36363636363636365,0.41483343808925205,0.0,0.0,0.0,0.18181818181818182,0.2727272727272727,0.19837020741671907,0.0,0.0,0.0,5.41169076052797,0.04167001885606537,0.08550471401634192,0.06764613450659962,88.46756756756758,95.8041483343809,-7.336580766813328,0.05616341923318667,36.7,22.9,15.6,38.8,40.6,Forward,Forward,81.0,185.0,2005-03-08,44.9
1642281,Jaylon,Tyson,47,452.95,167,64,149,20,58,19,24,44,91,44,26,13,3,37,59,96,74.15271666666666,59.151066666666665,568.7833333333333,8581.699999999999,4880.206666666667,35.6059,54.77603333333333,44.924416666666666,49725.776666666665,49223.441666666666,502.76166666666643,30.09831666666667,0.4835164835164835,0.3448275862068966,0.42953020134228187,0.7916666666666666,0.5233141138129856,0.4966442953020134,0.36869411634838284,0.09714096478640026,0.0287007395959819,0.006623247599072746,0.38926174496644295,0.1610738255033557,0.16371060087574052,0.1305907200941973,1.2557309489641977,18.946241306987524,10.774272362659604,0.07860889722927475,0.12093174375390955,0.09918184494241454,109.78204363984251,108.67301394561578,1.1099716672186035,0.06644953453287707,32.5,47.5,56.8,69.2,50.0,Guard-Forward,Wing,78.0,215.0,2002-12-02,50.4
1642285,Cam,Spencer,25,252.23333333333335,106,34,82,19,52,19,19,15,30,34,6,9,1,12,18,30,37.6684,47.29546666666667,297.2166666666667,5947.638333333333,1100.5766666666668,10.46135,18.163816666666666,14.293800000000001,29520.49,27550.115,1974.3283333333331,23.710216666666668,0.5,0.36538461538461536,0.4146341463414634,1.0,0.5865427180168216,0.5304878048780488,0.4202458041495969,0.13479582397251222,0.035681247522135584,0.003964583058015065,0.6341463414634146,0.23170731707317074,0.14933950046253466,0.18750680586758292,1.1783401612263777,23.579906171534294,4.363327606713361,0.0414748909739659,0.07201195982555833,0.056668957314655745,117.03643451830315,109.22471917536673,7.827388661292453,0.0940011232985331,51.6,76.8,77.7,29.1,53.1,Guard,Guard,75.0,205.0,2000-04-06,50.2
1642345,Oso,Ighodaro,61,1045.55,255,113,187,0,2,29,50,113,185,71,39,28,29,66,156,222,107.61991666666667,104.09605,698.8955,21950.456666666665,12836.981666666667,65.71428333333333,151.64081666666667,109.52658333333333,114854.08666666667,115158.82166666667,-307.8683333333331,78.05631666666666,0.6108108108108108,0.0,0.6042780748663101,0.58,0.6100478468899522,0.6042780748663101,0.24389077519009136,0.06790684328822151,0.02678016355028454,0.027736597962794703,0.0106951871657754,0.26737967914438504,0.10293139177147595,0.09956104442637848,0.668447706948496,20.994172126313103,12.277731018762056,0.06285140197344301,0.14503449540114455,0.10475499338466199,109.85040090542458,110.14185994612087,-0.2944558685221492,0.07465574737379051,65.6,21.5,44.5,72.1,60.5,Forward,Forward,83.0,235.0,2002-07-14,90.3
1642346,Ryan,Dunn,74,1410.4166666666667,511,205,477,82,264,19,39,123,213,57,40,44,40,92,175,267,228.30913333333334,81.34441666666666,469.775,13804.103333333333,10862.798333333334,87.59009999999999,167.10636666666667,128.39278333333334,156113.28,162800.155,-6700.248333333333,81.23458333333333,0.5774647887323944,0.3106060606060606,0.429769392033543,0.48717948717948717,0.5170390157034158,0.5157232704402516,0.36230428360413586,0.040413589364844904,0.03119645494830133,0.028360413589364843,0.5534591194968553,0.08176100628930817,0.1618735361890694,0.05767403249630723,0.3330753323485967,9.78725199409158,7.701836336779912,0.06210228655834563,0.11848014180206795,0.09103181093057607,110.68592968980796,115.42699320531757,-4.750545347119645,0.05759615952732644,46.0,39.0,23.3,63.8,47.3,Forward,Forward,79.0,216.0,2003-01-07,35.8
1642347,Jamal,Shead,75,1466.85,533,204,504,72,223,53,69,132,281,316,117,58,10,30,85,115,262.8856333333333,449.1762166666667,3841.9798333333333,47244.47,17818.148333333334,28.40975,81.55291666666666,54.40303333333333,154917.28666666665,166768.63166666665,-11824.928333333333,104.52143333333333,0.4697508896797153,0.32286995515695066,0.40476190476190477,0.7681159420289855,0.49872744965940563,0.47619047619047616,0.36336367045028467,0.21542761700242016,0.03954051198145687,0.006817329651975321,0.44246031746031744,0.13690476190476192,0.17921780232016452,0.3062182340843758,2.6192043040074537,32.20811262228585,12.1472190976128,0.019367863108020588,0.055597311699673906,0.03708834123007351,105.61222119962277,113.69167376805171,-8.061443455931645,0.07125570667302951,26.8,41.3,83.9,9.3,43.0,Guard,Guard,73.0,200.0,2002-07-24,32.3
1642348,Justin,Edwards,44,1154.75,445,172,378,69,190,32,46,103,188,69,49,45,16,46,102,148,189.76781666666668,102.85258333333333,1104.6853333333333,15158.811666666666,10908.36,42.894616666666664,111.99759999999999,74.8819,129164.115,142433.815,-13260.838333333335,70.29238333333333,0.5478723404255319,0.3631578947368421,0.455026455026455,0.6956521739130435,0.5587083165930092,0.5462962962962963,0.38536479757523273,0.05975319333189002,0.03896947391210219,0.013855812946525221,0.5026455026455027,0.12169312169312169,0.16433671068773906,0.08906913473334777,0.9566445839647831,13.127353684058598,9.446512232084867,0.03714623655913978,0.09698861225373456,0.06484684996752545,111.85461355271704,123.34601861874864,-11.483730966298623,0.06087238218950711,46.8,56.7,41.9,37.5,36.5,Forward,Forward,79.0,217.0,2003-12-16,36.5
1642349,Ajay,Mitchell,36,596.9666666666667,234,91,184,23,60,29,35,68,124,64,29,25,4,18,50,68,94.27371666666667,91.1705,567.5,12846.153333333334,6188.166666666667,15.703249999999999,48.964283333333334,31.78905,65683.96166666667,59867.59166666667,5812.291666666666,46.89971666666667,0.5483870967741935,0.38333333333333336,0.4945652173913043,0.8285714285714286,0.5867602808425275,0.5570652173913043,0.3919816851862192,0.10720866603383773,0.04187838516946786,0.006700541627114858,0.32608695652173914,0.19021739130434784,0.15792124071695796,0.1527229326037188,0.9506393433469205,21.519046289575073,10.366017086381149,0.026305070076497846,0.08202180467921157,0.053250963202858895,110.02952984532917,100.28632251940365,9.736375565358198,0.07856337595622313,56.5,64.9,60.7,21.9,66.8,Guard,Guard,76.0,190.0,2002-06-25,43.5
1642352,Keshad,Johnson,16,98.13333333333333,43,18,26,3,7,4,9,15,19,4,4,5,4,6,22,28,13.850200000000001,5.03425,61.93333333333334,868.2833333333333,868.2833333333333,5.6847666666666665,17.379566666666665,13.071200000000001,10335.141666666666,10220.689999999999,116.54499999999996,11.9699,0.7894736842105263,0.42857142857142855,0.6923076923076923,0.4444444444444444,0.7176234979973297,0.75,0.438179347826087,0.04076086956521739,0.05095108695652174,0.04076086956521739,0.2692307692307692,0.34615384615384615,0.1411365489130435,0.05130010190217392,0.6311141304347827,8.847995923913043,8.847995923913043,0.057929008152173916,0.1771015625,0.1331983695652174,105.31734035326087,104.15105298913043,1.1876188858695649,0.12197588315217393,88.7,64.0,23.7,80.7,89.0,Forward,Forward,78.0,225.0,2001-06-23,35.8
1642353,Cam,Christie,13,58.65,18,7,24,2,13,2,4,5,11,6,2,5,1,3,9,12,11.3115,9.517933333333334,5.816666666666666,946.155,415.9866666666667,2.629166666666667,8.950916666666668,5.596566666666667,5805.566666666667,6106.995,-300.69166666666666,3.358416666666667,0.45454545454545453,0.15384615384615385,0.2916666666666667,0.5,0.3493788819875776,0.3333333333333333,0.3069053708439898,0.10230179028132992,0.08525149190110827,0.017050298380221655,0.5416666666666666,0.16666666666666666,0.19286445012787726,0.16228360329639102,0.09917590224495595,16.13222506393862,7.092696788860472,0.044828076157999434,0.1526157999431657,0.09542313157146917,98.9866439329355,104.12608695652175,-5.126882637112816,0.057262006251776076,21.5,24.9,51.7,65.9,82.0,Guard,Guard,77.0,190.0,2005-07-24,55.5
1642354,KJ,Simpson,36,842.0833333333334,282,104,301,33,130,41,50,71,171,112,56,34,6,39,70,109,157.84053333333333,172.0663,1568.7708333333333,19136.133333333335,9856.225,34.8347,67.51996666666666,51.600183333333334,85447.30333333333,98074.94166666667,-12619.713333333333,50.39491666666667,0.4152046783625731,0.25384615384615383,0.34551495016611294,0.82,0.43653250773993807,0.4003322259136213,0.33488372093023255,0.1330034636318654,0.04037605145967343,0.007125185551707075,0.4318936877076412,0.16611295681063123,0.18744051459673428,0.20433405244928254,1.862963879267689,22.72475012370114,11.704571994062345,0.041367283523008405,0.0801820484908461,0.06127681345868382,101.47131519049974,116.46702622464126,-14.986299851558634,0.05984552201880257,21.5,34.3,71.8,32.9,35.3,Guard,Guard,74.0,189.0,2002-08-08,23.0
1642355,Bronny,James,27,181.25,62,21,67,9,32,11,14,12,35,22,13,9,3,4,14,18,36.22745,37.59261666666667,125.03049999999999,3416.375,2091.275,3.0658333333333334,12.9158,8.278766666666666,17421.961666666666,20812.301666666666,-3387.8966666666665,12.07955,0.34285714285714286,0.28125,0.31343283582089554,0.7857142857142857,0.42372881355932207,0.3805970149253731,0.34206896551724136,0.12137931034482759,0.0496551724137931,0.016551724137931035,0.47761194029850745,0.208955223880597,0.19987558620689655,0.20740754022988508,0.6898234482758621,18.84896551724138,11.538068965517242,0.016914942528735634,0.07125958620689656,0.045675954022988505,96.12116781609195,114.82649195402298,-18.691843678160918,0.06664579310344827,23.6,36.2,59.0,11.2,52.8,Guard,Guard,74.0,210.0,2004-10-06,48.6
1642358,AJ,Johnson,29,638.3833333333333,220,82,213,24,90,32,37,58,123,76,35,12,3,8,51,59,110.88448333333334,116.60881666666667,1154.7891666666667,13226.296666666667,6455.7266666666665,6.85245,45.29626666666667,25.948066666666666,66561.42,74293.425,-7734.598333333333,51.51705,0.4715447154471545,0.26666666666666666,0.38497652582159625,0.8648648648648649,0.47976273551988835,0.4413145539906103,0.344620525807378,0.11905072709709423,0.018797483225856983,0.004699370806464246,0.4225352112676056,0.17370892018779344,0.17369576795551264,0.18266268960655824,1.8089274991515025,20.7184241443229,10.112617810615356,0.010734067827585307,0.07095465107171763,0.04064652899250711,104.26559799493512,116.37745085241366,-12.115915202464558,0.08069924026838629,28.4,38.0,70.9,6.7,14.6,Guard,Guard,77.0,160.0,2004-12-01,41.5
1642359,Pacôme,Dadiet,18,111.18333333333334,30,10,31,6,19,4,6,4,12,5,4,3,2,3,15,18,16.079716666666666,8.013866666666667,0.0,1246.3216666666667,745.6666666666667,2.361133333333333,13.9412,9.275633333333333,11694.664999999999,12516.953333333333,-822.09,5.437149999999999,0.3333333333333333,0.3157894736842105,0.3225806451612903,0.6666666666666666,0.44589774078478,0.41935483870967744,0.2698246140008994,0.0449707690001499,0.02698246140008994,0.017988307600059962,0.6129032258064516,0.1935483870967742,0.1446234447609054,0.0720779493329336,0.0,11.209608754309698,6.7066406835556895,0.02123639634237745,0.12538929695697795,0.08342647279268475,105.1836156498276,112.57940338779792,-7.394003897466646,0.048902563333833,18.5,40.8,24.8,46.6,47.0,Forward,Forward,81.0,210.0,2005-07-27,54.4
1642366,Quinten,Post,42,685.8,340,123,274,73,179,21,27,50,95,56,33,16,18,35,113,148,134.79991666666666,99.18861666666668,459.925,9598.949999999999,5815.6483333333335,33.106633333333335,118.85125,74.47283333333334,76624.915,74658.84333333334,1971.415,64.99535,0.5263157894736842,0.40782122905027934,0.4489051094890511,0.7777777777777778,0.5946551000419756,0.5821167883211679,0.49577136191309423,0.08165645960921553,0.023330417031204434,0.02624671916010499,0.6532846715328468,0.09854014598540146,0.19655864197530865,0.14463198697385052,0.6706401283172937,13.996719160104986,8.48009380771848,0.04827447263536503,0.17330307669874598,0.1085926411976281,111.730701370662,108.86387187712648,2.874620880723243,0.09477303878681832,49.5,81.2,51.5,73.0,59.7,Center,Big,84.0,238.0,2000-03-21,51.9
1642367,Jonathan,Mogbo,63,1285.6666666666667,389,156,356,17,70,60,82,139,286,146,70,55,34,109,202,311,186.35331666666667,202.99948333333333,1706.046,29022.803333333333,14118.075,98.80513333333333,206.18201666666667,147.12363333333334,133640.33666666667,144298.27666666667,-10664.771666666667,107.75968333333333,0.486013986013986,0.24285714285714285,0.43820224719101125,0.7317073170731707,0.4960722301571108,0.46207865168539325,0.302566761731916,0.11355976147264712,0.04277936219859994,0.026445423904589056,0.19662921348314608,0.2303370786516854,0.1449468369198859,0.15789433497536945,1.3269738138449572,22.574127560280008,10.981131708581799,0.07685128338086596,0.1603697303603837,0.11443373087892145,103.946333938294,112.23614985740213,-8.295129634430905,0.08381619134042001,33.1,21.6,64.5,78.9,66.2,Forward,Forward,81.0,225.0,2001-10-29,70.8
1642368,N'Faly,Dante,4,50.61666666666667,24,10,13,0,0,4,5,10,13,2,2,1,5,6,15,21,6.6546166666666675,2.8325500000000003,18.55,445.54999999999995,658.23,6.43125,14.118933333333334,10.101033333333334,5827.950000000001,6251.706666666667,-426.9699999999999,6.419666666666667,0.7692307692307693,,0.7692307692307693,0.8,0.7894736842105263,0.7692307692307693,0.4741521238063879,0.03951267698386566,0.01975633849193283,0.09878169245966414,0.0,0.38461538461538464,0.13147085940072442,0.05596081659532434,0.36648007902535396,8.802436615080671,13.004214685544946,0.127057951926243,0.27893842607836683,0.1995594336516299,115.13895291405994,123.51083305893975,-8.435363845900557,0.12682910767204478,91.6,50.1,14.2,98.5,35.9,Center,Big,83.0,230.0,2001-10-19,37.2
1642377,Jaylen,Wells,79,2043.5166666666667,823,287,676,138,392,111,135,149,284,135,69,44,8,87,181,268,317.2824,165.88943333333333,1594.755,29444.51,14261.323333333334,78.2001,168.12258333333332,123.98673333333333,238700.74666666667,228987.035,9708.64,128.44088333333332,0.5246478873239436,0.3520408163265306,0.4245562130177515,0.8222222222222222,0.5595594234430242,0.5266272189349113,0.40273711167839754,0.06606258818539935,0.02153151022338942,0.003914820040616258,0.5798816568047337,0.1997041420118343,0.15526293725685297,0.081178409767476,0.7803973542341226,14.408744729265726,6.978814298880199,0.03826741483227443,0.08227120731418877,0.060673218552984645,116.80880834509139,112.05537920741206,4.750947304891078,0.06285286801347349,49.0,64.1,43.0,32.0,30.4,Forward,Forward,79.0,220.0,2003-08-26,40.7
1642382,Branden,Carlson,32,246.41666666666666,122,43,97,22,66,14,18,21,31,14,7,5,21,17,37,54,45.771233333333335,18.883916666666664,91.44999999999999,2670.865,1100.3883333333333,14.079516666666667,34.11561666666667,25.598616666666665,28403.611666666664,25852.728333333333,2549.7166666666667,31.540699999999998,0.6774193548387096,0.3333333333333333,0.44329896907216493,0.7777777777777778,0.5813953488372093,0.5567010309278351,0.4950963814677038,0.056814338856949614,0.020290835306053433,0.08522150828542442,0.6804123711340206,0.18556701030927836,0.18574731146432197,0.07663408860331417,0.37111937774771725,10.83881636794048,4.465559688873859,0.05713703077443355,0.138446871829557,0.10388346296922556,115.26660128508622,104.91469056476159,10.347176192086575,0.1279974298275279,73.8,62.5,32.8,70.2,70.5,Center,Big,84.0,220.0,1999-06-14,44.0
1642384,Isaiah,Crawford,15,45.666666666666664,13,5,11,1,5,2,4,4,6,1,1,1,2,1,7,8,5.27955,0.4708333333333333,0.0,188.33333333333334,195.91499999999996,0.8413166666666665,6.107416666666667,4.0545333333333335,5037.04,4296.105,741.2716666666666,4.29225,0.6666666666666666,0.2,0.45454545454545453,0.5,0.5094043887147336,0.5,0.28467153284671537,0.021897810218978103,0.021897810218978103,0.043795620437956206,0.45454545454545453,0.36363636363636365,0.11561058394160585,0.01031021897810219,0.0,4.124087591240876,4.290109489051094,0.018422992700729925,0.13373905109489054,0.08878540145985403,110.30014598540147,94.07529197080291,16.232226277372263,0.09399087591240876,67.0,26.0,17.3,48.5,71.6,Forward,Forward,78.0,220.0,2001-11-01,30.0
1642385,Cui,Yongxi,5,10.316666666666666,3,1,7,0,3,1,2,1,4,0,0,0,0,0,2,2,3.34675,0.0,0.0,0.0,0.0,0.0,1.6159,0.80795,869.7966666666666,706.2466666666667,163.54999999999995,-0.5637833333333333,0.25,0.0,0.14285714285714285,0.5,0.1903553299492386,0.14285714285714285,0.29079159935379645,0.0,0.0,0.0,0.42857142857142855,0.2857142857142857,0.3244022617124394,0.0,0.0,0.0,0.0,0.0,0.15663004846526654,0.07831502423263327,84.30985460420032,68.45686591276252,15.8529886914378,-0.054647819063004845,24.0,15.6,16.9,41.8,42.0,Forward,Forward,77.0,190.0,2003-05-28,4.7
1642389,Zyon,Pullin,3,2.6166666666666667,0,0,1,0,0,0,0,0,1,0,0,0,0,0,0,0,0.475,0.0,0.0,0.0,0.0,0.0,0.0,0.0,198.08333333333334,178.33333333333334,19.75,-0.13584999999999997,0.0,,0.0,,0.0,0.0,0.0,0.0,0.0,0.0,0.0,0.0,0.18152866242038215,0.0,0.0,0.0,0.0,0.0,0.0,0.0,75.70063694267516,68.15286624203821,7.547770700636943,-0.05191719745222929,1.5,1.6,16.9,1.4,42.1,Guard,Guard,76.0,206.0,2001-03-03,62.9
1642399,Jesse,Edwards,2,4.666666666666667,0,0,0,0,0,0,0,0,0,1,0,0,0,0,0,0,0.0,1.02675,0.0,308.33333333333337,0.0,0.0,0.0,0.0,343.40833333333336,730.9083333333334,-387.50000000000006,-0.16341666666666668,,,,,,,0.0,0.21428571428571427,0.0,0.0,,,0.0,0.22001785714285713,0.0,66.07142857142857,0.0,0.0,0.0,0.0,73.5875,156.62321428571428,-83.03571428571429,-0.03501785714285714,1.2,50.0,68.6,1.4,2.5,Center,Big,84.0,236.0,2000-03-18,51.4
1642402,Enrique,Freeman,22,181.2,46,16,37,1,10,13,19,15,27,9,6,3,3,11,19,30,19.741666666666667,11.1888,80.4,2550.2333333333336,1763.27,8.7098,18.665733333333332,14.110316666666666,19075.073333333334,20014.13,-935.1116666666671,10.881483333333334,0.5555555555555556,0.1,0.43243243243243246,0.6842105263157895,0.5070546737213404,0.44594594594594594,0.25386313465783666,0.049668874172185434,0.016556291390728478,0.016556291390728478,0.2702702702702703,0.5135135135135135,0.1089495952906549,0.061748344370860936,0.4437086092715232,14.07413539367182,9.7310706401766,0.0480673289183223,0.10301177336276673,0.07787150478292862,105.27082413539368,110.4532560706402,-5.1606604120677,0.06005233627667403,56.6,18.1,26.0,50.4,45.1,Forward,Forward,81.0,220.0,2000-07-29,65.0
1642403,Isaac,Jones,40,303.85,134,54,83,3,8,23,36,51,75,12,16,5,10,22,35,57,46.85498333333334,18.899633333333334,89.6,2528.1766666666667,3850.4416666666666,20.791833333333333,36.457233333333335,30.227483333333332,31840.65666666667,35179.00166666667,-3341.57,12.713850000000003,0.68,0.375,0.6506024096385542,0.6388888888888888,0.6778632132739781,0.6686746987951807,0.4410070758597992,0.03949317097251933,0.01645548790521639,0.03291097581043278,0.0963855421686747,0.43373493975903615,0.15420432230815645,0.06220053754593823,0.29488234326147766,8.320476112116724,12.672179255114912,0.06842795238878832,0.11998431243486368,0.09948159727935932,104.79070813449619,115.77752728868411,-10.997432943886785,0.04184252098074708,89.6,54.6,14.1,67.4,35.4,Forward,Forward,80.0,245.0,2000-07-11,74.2
1642419,Jamison,Battle,59,1041.7333333333333,419,149,347,105,259,16,18,44,88,53,27,17,10,37,121,158,153.33121666666668,76.38808333333333,540.0223333333333,12033.081666666667,6484.336666666667,33.03645,124.65636666666667,75.46461666666667,109710.885,118594.08833333333,-8868.455,77.64358333333334,0.5,0.40540540540540543,0.42939481268011526,0.8888888888888888,0.5902738645328525,0.5806916426512968,0.4022142582874696,0.05087674388839114,0.016318955586842442,0.009599385639319084,0.7463976945244957,0.05187319884726225,0.1471885479329323,0.07332786701651094,0.5183882631511583,11.551019134775375,6.224564827851018,0.0317129623704083,0.11966245360296941,0.07244139575067196,105.31570939459874,113.84303884551389,-8.513171956994752,0.07453306988352745,38.3,87.9,33.3,45.2,26.2,Forward,Forward,79.0,220.0,2001-05-10,40.7
1642422,Armel,Traore,9,66.66666666666667,14,6,19,0,7,2,7,6,12,1,3,4,2,2,13,15,10.137216666666667,2.0083333333333333,0.0,100.41666666666667,769.4983333333332,2.184466666666667,15.6377,7.212166666666667,5498.843333333333,7996.025,-2497.181666666667,1.8818666666666666,0.5,0.0,0.3157894736842105,0.2857142857142857,0.3170289855072464,0.3157894736842105,0.21,0.015,0.06,0.03,0.3684210526315789,0.3684210526315789,0.15205825,0.030125,0.0,1.5062499999999999,11.542474999999998,0.032767,0.23456549999999998,0.10818249999999999,82.48264999999999,119.94037499999999,-37.457725,0.028227999999999996,38.9,12.3,7.1,70.7,53.6,Forward,Forward,81.0,245.0,2003-01-23,85.8
1642434,Riley,Minix,1,6.75,0,0,1,0,1,0,0,0,0,0,0,0,0,0,2,2,0.42525,0.0,0.0,0.0,0.0,0.0,1.35,0.7965,629.775,629.775,0.0,0.26325,,0.0,0.0,,0.0,0.0,0.0,0.0,0.0,0.0,1.0,0.0,0.063,0.0,0.0,0.0,0.0,0.0,0.2,0.118,93.3,93.3,0.0,0.039,1.7,31.6,16.9,58.7,41.2,Forward,Forward,79.0,230.0,2000-09-22,52.4
1642439,Quincy,Olivari,2,10.299999999999999,3,1,5,1,5,0,0,0,0,1,1,0,0,0,0,0,2.3392999999999997,2.1,0.0,69.92999999999999,204.99999999999997,0.0,0.0,0.0,711.3,1547.78,-837.3,-0.2331,,0.2,0.2,,0.3,0.3,0.29126213592233013,0.09708737864077671,0.0,0.0,1.0,0.0,0.22711650485436893,0.2038834951456311,0.0,6.789320388349514,19.902912621359224,0.0,0.0,0.0,69.05825242718447,150.26990291262138,-81.29126213592234,-0.02263106796116505,8.9,37.5,34.5,1.4,2.5,Guard,Guard,75.0,200.0,2001-05-27,44.7
1642443,Jahmir,Young,6,29.666666666666668,11,4,5,1,2,2,2,3,3,6,1,0,0,1,2,3,2.7857166666666666,7.186883333333333,19.533333333333335,1126.0,195.33333333333334,1.3666666666666667,2.0804333333333336,1.5992333333333333,3294.0133333333333,3613.786666666667,-320.28333333333336,4.623783333333334,1.0,0.5,0.8,1.0,0.935374149659864,0.9,0.37078651685393255,0.20224719101123595,0.0,0.0,0.4,0.4,0.0939005617977528,0.24225449438202246,0.6584269662921348,37.955056179775276,6.584269662921348,0.046067415730337076,0.07012696629213484,0.053906741573033705,111.03415730337078,121.81303370786517,-10.796067415730338,0.15585786516853933,86.8,85.0,77.4,28.9,3.7,Guard,Guard,72.0,185.0,2000-10-07,11.4
1642449,Tolu,Smith,1,22.35,14,6,9,0,0,2,3,6,9,0,2,0,0,4,4,8,4.470000000000001,0.0,0.0,0.0,373.245,2.88315,4.470000000000001,3.5089500000000005,2623.8900000000003,2333.34,288.31500000000005,3.33015,0.6666666666666666,,0.6666666666666666,0.6666666666666666,0.6782945736434108,0.6666666666666666,0.6263982102908277,0.0,0.0,0.0,0.0,0.3333333333333333,0.2,0.0,0.0,0.0,16.7,0.129,0.2,0.157,117.4,104.4,12.900000000000002,0.149,90.9,38.1,2.8,93.0,38.2,Forward,Forward,83.0,220.0,2000-07-26,74.3
1642450,Daniss,Jenkins,7,22.75,7,3,10,1,7,0,2,2,3,3,1,0,0,0,2,2,5.4374,3.53535,0.0,398.125,100.45499999999998,0.0,4.246666666666667,0.9661166666666667,2310.506666666667,2463.1000000000004,-152.24333333333328,-0.96065,0.6666666666666666,0.14285714285714285,0.3,0.0,0.3216911764705882,0.35,0.3076923076923077,0.13186813186813187,0.0,0.0,0.7,0.2,0.23900659340659342,0.1554,0.0,17.5,4.415604395604395,0.0,0.18666666666666668,0.042466666666666666,101.56073260073262,108.26813186813189,-6.69201465201465,-0.042226373626373624,54.8,28.2,52.8,24.7,34.1,Guard,Guard,76.0,165.0,2001-08-17,30.1
1642461,Spencer,Jones,20,124.61666666666667,26,11,34,1,17,3,3,10,17,5,5,5,5,8,9,17,16.4434,6.595366666666667,6.4,1323.2866666666666,1166.0816666666667,6.734883333333333,7.8921166666666664,7.780683333333334,11131.566666666666,13425.963333333333,-2295.0216666666665,9.87145,0.5882352941176471,0.058823529411764705,0.3235294117647059,1.0,0.36806342015855037,0.3382352941176471,0.20863982880834558,0.04012304400160492,0.04012304400160492,0.04012304400160492,0.5,0.08823529411764706,0.13195185234719806,0.052925237394677006,0.0513574963220543,10.618857830680753,9.357349204226294,0.05404480406580179,0.06333114885649324,0.062436939949177477,89.32646783469305,107.73810351745351,-18.416651063260662,0.07921452454192857,37.6,36.0,16.9,36.0,81.7,Forward,Forward,79.0,225.0,2001-06-14,46.5
1642484,RayJ,Dennis,11,70.38333333333333,30,11,33,6,21,2,2,5,12,14,5,7,2,2,10,12,14.928516666666667,17.638333333333332,76.68333333333332,1766.0149999999999,687.3383333333334,1.6438666666666666,7.864699999999999,5.278533333333334,8033.168333333333,6177.428333333333,1858.628333333333,6.575833333333333,0.4166666666666667,0.2857142857142857,0.3333333333333333,1.0,0.4427390791027154,0.42424242424242425,0.42623727208145873,0.1989107269713474,0.0994553634856737,0.028415818138763916,0.6363636363636364,0.06060606060606061,0.21210300734075305,0.25060383613544873,1.0895098271371062,25.091380535164575,9.765640539900547,0.023355908122188018,0.11174094245796827,0.07499692161970165,114.13452521903861,87.76834004262373,26.407222353776934,0.09342884205541084,21.0,49.1,74.8,40.3,91.6,Guard,Guard,73.0,180.0,2001-03-30,11.3
1642502,Malevy,Leons,6,20.96666666666667,2,0,2,0,1,2,4,0,1,1,1,0,0,1,2,3,1.8850666666666667,0.8708333333333333,0.0,115.99499999999999,270.0,0.8708333333333333,1.7291666666666667,1.4358666666666666,1266.7283333333332,2211.375,-944.9166666666666,-1.0393833333333333,0.0,0.0,0.0,0.5,0.26595744680851063,0.0,0.09538950715421303,0.047694753577106515,0.0,0.0,0.5,2.0,0.08990779014308425,0.04153418124006359,0.0,5.53235294117647,12.87758346581876,0.04153418124006359,0.08247217806041335,0.06848330683624801,60.416295707472166,105.47098569157392,-45.067567567567565,-0.04957313195548489,26.4,19.7,6.5,38.4,37.3,Forward,Forward,81.0,210.0,1999-09-23,54.4
1642505,Alex,Ducas,21,125.35,36,12,30,10,21,2,2,2,9,5,4,5,0,9,17,26,14.31115,6.244466666666667,0.0,1865.9499999999998,1057.0833333333333,7.720583333333334,15.348633333333332,11.096483333333333,12606.421666666665,13321.236666666668,-714.5866666666666,9.279933333333334,0.2222222222222222,0.47619047619047616,0.4,1.0,0.5829015544041452,0.5666666666666667,0.28719585161547667,0.03988831272437176,0.03988831272437176,0.0,0.7,0.06666666666666667,0.11416952532907858,0.049816247839383064,0.0,14.885919425608297,8.433054115144262,0.06159220848291451,0.1224462172583433,0.08852399946815584,100.56977795505917,106.27233080707354,-5.70073128573328,0.07403217657226434,17.6,89.9,21.3,63.2,58.4,Guard,Guard,79.0,220.0,2000-12-11,96.1
1642530,Yuki,Kawamura,22,92.66666666666666,36,11,30,7,23,7,9,4,7,19,5,2,0,0,12,12,15.7187,26.003983333333334,145.06666666666666,3002.9666666666662,576.025,0.0,11.797783333333333,5.62555,10782.038333333332,9549.373333333333,1230.36,7.286083333333334,0.5714285714285714,0.30434782608695654,0.36666666666666664,0.7777777777777778,0.5300353356890459,0.48333333333333334,0.38848920863309355,0.2050359712230216,0.02158273381294964,0.0,0.7666666666666667,0.3,0.16962625899280578,0.28061852517985614,1.5654676258992808,32.40611510791367,6.216097122302159,0.0,0.12731420863309353,0.06070737410071943,116.35293165467625,103.05079136690648,13.27726618705036,0.0786267985611511,63.7,51.7,88.7,27.1,44.2,Guard,Guard,67.0,159.0,2001-05-02,0.4
